0.000000000000000e+00  1.000000000000000e+00  1.000000000000000e+00
1.000000000000000e-04  9.999999950000000e-01  9.999999950000000e-01
2.000000000000000e-04  9.999999800000002e-01  9.999999800000002e-01
3.000000000000000e-04  9.999999550000010e-01  9.999999550000010e-01
4.000000000000000e-04  9.999999200000033e-01  9.999999200000033e-01
5.000000000000000e-04  9.999998750000079e-01  9.999998750000079e-01
6.000000000000001e-04  9.999998200000162e-01  9.999998200000163e-01
7.000000000000001e-04  9.999997550000300e-01  9.999997550000301e-01
8.000000000000001e-04  9.999996800000512e-01  9.999996800000513e-01
9.000000000000002e-04  9.999995950000821e-01  9.999995950000822e-01
1.000000000000000e-03  9.999995000001250e-01  9.999995000001252e-01
1.100000000000000e-03  9.999993950001831e-01  9.999993950001832e-01
1.200000000000000e-03  9.999992800002593e-01  9.999992800002594e-01
1.300000000000000e-03  9.999991550003571e-01  9.999991550003572e-01
1.400000000000000e-03  9.999990200004802e-01  9.999990200004804e-01
1.500000000000001e-03  9.999988750006329e-01  9.999988750006330e-01
1.600000000000001e-03  9.999987200008192e-01  9.999987200008194e-01
1.700000000000001e-03  9.999985550010441e-01  9.999985550010442e-01
1.800000000000001e-03  9.999983800013122e-01  9.999983800013124e-01
1.900000000000001e-03  9.999981950016290e-01  9.999981950016291e-01
2.000000000000001e-03  9.999980000020000e-01  9.999980000020001e-01
2.100000000000000e-03  9.999977950024310e-01  9.999977950024311e-01
2.200000000000000e-03  9.999975800029282e-01  9.999975800029283e-01
2.300000000000000e-03  9.999973550034980e-01  9.999973550034981e-01
2.400000000000000e-03  9.999971200041471e-01  9.999971200041472e-01
2.500000000000000e-03  9.999968750048827e-01  9.999968750048828e-01
2.599999999999999e-03  9.999966200057120e-01  9.999966200057121e-01
2.699999999999999e-03  9.999963550066427e-01  9.999963550066429e-01
2.799999999999999e-03  9.999960800076829e-01  9.999960800076830e-01
2.899999999999999e-03  9.999957950088407e-01  9.999957950088408e-01
2.999999999999999e-03  9.999955000101247e-01  9.999955000101248e-01
3.099999999999999e-03  9.999951950115437e-01  9.999951950115439e-01
3.199999999999998e-03  9.999948800131069e-01  9.999948800131071e-01
3.299999999999998e-03  9.999945550148237e-01  9.999945550148239e-01
3.399999999999998e-03  9.999942200167039e-01  9.999942200167041e-01
3.499999999999998e-03  9.999938750187575e-01  9.999938750187577e-01
3.599999999999998e-03  9.999935200209948e-01  9.999935200209951e-01
3.699999999999998e-03  9.999931550234267e-01  9.999931550234269e-01
3.799999999999997e-03  9.999927800260638e-01  9.999927800260641e-01
3.899999999999997e-03  9.999923950289177e-01  9.999923950289179e-01
3.999999999999998e-03  9.999920000319996e-01  9.999920000319998e-01
4.099999999999998e-03  9.999915950353216e-01  9.999915950353219e-01
4.199999999999998e-03  9.999911800388958e-01  9.999911800388961e-01
4.299999999999998e-03  9.999907550427345e-01  9.999907550427349e-01
4.399999999999999e-03  9.999903200468506e-01  9.999903200468511e-01
4.499999999999999e-03  9.999898750512572e-01  9.999898750512577e-01
4.599999999999999e-03  9.999894200559676e-01  9.999894200559680e-01
4.699999999999999e-03  9.999889550609954e-01  9.999889550609958e-01
4.800000000000000e-03  9.999884800663545e-01  9.999884800663550e-01
4.900000000000000e-03  9.999879950720593e-01  9.999879950720598e-01
5.000000000000000e-03  9.999875000781242e-01  9.999875000781248e-01
5.100000000000000e-03  9.999869950845641e-01  9.999869950845647e-01
5.200000000000001e-03  9.999864800913942e-01  9.999864800913948e-01
5.300000000000001e-03  9.999859550986300e-01  9.999859550986305e-01
5.400000000000001e-03  9.999854201062871e-01  9.999854201062877e-01
5.500000000000001e-03  9.999848751143816e-01  9.999848751143822e-01
5.600000000000002e-03  9.999843201229299e-01  9.999843201229305e-01
5.700000000000002e-03  9.999837551319487e-01  9.999837551319493e-01
5.800000000000002e-03  9.999831801414548e-01  9.999831801414554e-01
5.900000000000003e-03  9.999825951514655e-01  9.999825951514661e-01
6.000000000000003e-03  9.999820001619983e-01  9.999820001619990e-01
6.100000000000003e-03  9.999813951730713e-01  9.999813951730719e-01
6.200000000000003e-03  9.999807801847024e-01  9.999807801847030e-01
6.300000000000004e-03  9.999801551969101e-01  9.999801551969107e-01
6.400000000000004e-03  9.999795202097131e-01  9.999795202097138e-01
6.500000000000004e-03  9.999788752231306e-01  9.999788752231313e-01
6.600000000000004e-03  9.999782202371817e-01  9.999782202371825e-01
6.700000000000005e-03  9.999775552518864e-01  9.999775552518871e-01
6.800000000000005e-03  9.999768802672644e-01  9.999768802672652e-01
6.900000000000005e-03  9.999761952833360e-01  9.999761952833368e-01
7.000000000000005e-03  9.999755003001218e-01  9.999755003001226e-01
7.100000000000006e-03  9.999747953176427e-01  9.999747953176434e-01
7.200000000000006e-03  9.999740803359196e-01  9.999740803359204e-01
7.300000000000006e-03  9.999733553549741e-01  9.999733553549750e-01
7.400000000000006e-03  9.999726203748280e-01  9.999726203748289e-01
7.500000000000007e-03  9.999718753955034e-01  9.999718753955043e-01
7.600000000000007e-03  9.999711204170224e-01  9.999711204170233e-01
7.700000000000007e-03  9.999703554394079e-01  9.999703554394088e-01
7.800000000000007e-03  9.999695804626828e-01  9.999695804626837e-01
7.900000000000008e-03  9.999687954868702e-01  9.999687954868711e-01
8.000000000000007e-03  9.999680005119939e-01  9.999680005119947e-01
8.100000000000007e-03  9.999671955380774e-01  9.999671955380783e-01
8.200000000000006e-03  9.999663805651452e-01  9.999663805651461e-01
8.300000000000005e-03  9.999655555932215e-01  9.999655555932224e-01
8.400000000000005e-03  9.999647206223312e-01  9.999647206223321e-01
8.500000000000004e-03  9.999638756524992e-01  9.999638756525002e-01
8.600000000000003e-03  9.999630206837510e-01  9.999630206837521e-01
8.700000000000003e-03  9.999621557161121e-01  9.999621557161132e-01
8.800000000000002e-03  9.999612807496087e-01  9.999612807496098e-01
8.900000000000002e-03  9.999603957842668e-01  9.999603957842679e-01
9.000000000000001e-03  9.999595008201130e-01  9.999595008201141e-01
9.100000000000000e-03  9.999585958571742e-01  9.999585958571754e-01
9.200000000000000e-03  9.999576808954775e-01  9.999576808954788e-01
9.300000000000000e-03  9.999567559350505e-01  9.999567559350517e-01
9.399999999999999e-03  9.999558209759208e-01  9.999558209759221e-01
9.499999999999998e-03  9.999548760181165e-01  9.999548760181177e-01
9.599999999999997e-03  9.999539210616659e-01  9.999539210616671e-01
9.699999999999997e-03  9.999529561065976e-01  9.999529561065990e-01
9.799999999999996e-03  9.999519811529407e-01  9.999519811529420e-01
9.899999999999996e-03  9.999509962007244e-01  9.999509962007257e-01
9.999999999999995e-03  9.999500012499781e-01  9.999500012499795e-01
1.009999999999999e-02  9.999489963007319e-01  9.999489963007332e-01
1.019999999999999e-02  9.999479813530157e-01  9.999479813530170e-01
1.029999999999999e-02  9.999469564068600e-01  9.999469564068614e-01
1.039999999999999e-02  9.999459214622958e-01  9.999459214622971e-01
1.049999999999999e-02  9.999448765193538e-01  9.999448765193552e-01
1.059999999999999e-02  9.999438215780656e-01  9.999438215780669e-01
1.069999999999999e-02  9.999427566384627e-01  9.999427566384640e-01
1.079999999999999e-02  9.999416817005771e-01  9.999416817005784e-01
1.089999999999999e-02  9.999405967644410e-01  9.999405967644424e-01
1.099999999999999e-02  9.999395018300871e-01  9.999395018300884e-01
1.109999999999999e-02  9.999383968975480e-01  9.999383968975494e-01
1.119999999999999e-02  9.999372819668570e-01  9.999372819668584e-01
1.129999999999999e-02  9.999361570380476e-01  9.999361570380490e-01
1.139999999999999e-02  9.999350221111535e-01  9.999350221111548e-01
1.149999999999999e-02  9.999338771862086e-01  9.999338771862100e-01
1.159999999999999e-02  9.999327222632475e-01  9.999327222632488e-01
1.169999999999999e-02  9.999315573423045e-01  9.999315573423060e-01
1.179999999999998e-02  9.999303824234149e-01  9.999303824234164e-01
1.189999999999998e-02  9.999291975066138e-01  9.999291975066152e-01
1.199999999999998e-02  9.999280025919367e-01  9.999280025919381e-01
1.209999999999998e-02  9.999267976794195e-01  9.999267976794209e-01
1.219999999999998e-02  9.999255827690984e-01  9.999255827690998e-01
1.229999999999998e-02  9.999243578610097e-01  9.999243578610112e-01
1.239999999999998e-02  9.999231229551904e-01  9.999231229551918e-01
1.249999999999998e-02  9.999218780516772e-01  9.999218780516786e-01
1.259999999999998e-02  9.999206231505077e-01  9.999206231505091e-01
1.269999999999998e-02  9.999193582517194e-01  9.999193582517208e-01
1.279999999999998e-02  9.999180833553504e-01  9.999180833553518e-01
1.289999999999998e-02  9.999167984614388e-01  9.999167984614402e-01
1.299999999999998e-02  9.999155035700232e-01  9.999155035700247e-01
1.309999999999998e-02  9.999141986811425e-01  9.999141986811440e-01
1.319999999999998e-02  9.999128837948358e-01  9.999128837948372e-01
1.329999999999998e-02  9.999115589111425e-01  9.999115589111439e-01
1.339999999999997e-02  9.999102240301023e-01  9.999102240301038e-01
1.349999999999997e-02  9.999088791517554e-01  9.999088791517569e-01
1.359999999999997e-02  9.999075242761420e-01  9.999075242761435e-01
1.369999999999997e-02  9.999061594033030e-01  9.999061594033044e-01
1.379999999999997e-02  9.999047845332790e-01  9.999047845332805e-01
1.389999999999997e-02  9.999033996661114e-01  9.999033996661129e-01
1.399999999999997e-02  9.999020048018418e-01  9.999020048018432e-01
1.409999999999997e-02  9.999005999405120e-01  9.999005999405134e-01
1.419999999999997e-02  9.998991850821640e-01  9.998991850821655e-01
1.429999999999997e-02  9.998977602268405e-01  9.998977602268420e-01
1.439999999999997e-02  9.998963253745841e-01  9.998963253745855e-01
1.449999999999997e-02  9.998948805254377e-01  9.998948805254393e-01
1.459999999999997e-02  9.998934256794450e-01  9.998934256794465e-01
1.469999999999997e-02  9.998919608366493e-01  9.998919608366509e-01
1.479999999999997e-02  9.998904859970947e-01  9.998904859970963e-01
1.489999999999997e-02  9.998890011608255e-01  9.998890011608271e-01
1.499999999999997e-02  9.998875063278861e-01  9.998875063278878e-01
1.509999999999996e-02  9.998860014983215e-01  9.998860014983232e-01
1.519999999999996e-02  9.998844866721767e-01  9.998844866721784e-01
1.529999999999996e-02  9.998829618494972e-01  9.998829618494990e-01
1.539999999999996e-02  9.998814270303288e-01  9.998814270303306e-01
1.549999999999996e-02  9.998798822147174e-01  9.998798822147191e-01
1.559999999999996e-02  9.998783274027093e-01  9.998783274027111e-01
1.569999999999996e-02  9.998767625943514e-01  9.998767625943532e-01
1.579999999999996e-02  9.998751877896905e-01  9.998751877896923e-01
1.589999999999996e-02  9.998736029887738e-01  9.998736029887756e-01
1.599999999999996e-02  9.998720081916489e-01  9.998720081916507e-01
1.609999999999996e-02  9.998704033983636e-01  9.998704033983654e-01
1.619999999999996e-02  9.998687886089661e-01  9.998687886089679e-01
1.629999999999996e-02  9.998671638235047e-01  9.998671638235065e-01
1.639999999999996e-02  9.998655290420283e-01  9.998655290420301e-01
1.649999999999996e-02  9.998638842645858e-01  9.998638842645876e-01
1.659999999999996e-02  9.998622294912267e-01  9.998622294912285e-01
1.669999999999995e-02  9.998605647220006e-01  9.998605647220024e-01
1.679999999999995e-02  9.998588899569573e-01  9.998588899569590e-01
1.689999999999995e-02  9.998572051961471e-01  9.998572051961488e-01
1.699999999999995e-02  9.998555104396205e-01  9.998555104396224e-01
1.709999999999995e-02  9.998538056874285e-01  9.998538056874304e-01
1.719999999999995e-02  9.998520909396221e-01  9.998520909396241e-01
1.729999999999995e-02  9.998503661962529e-01  9.998503661962549e-01
1.739999999999995e-02  9.998486314573725e-01  9.998486314573745e-01
1.749999999999995e-02  9.998468867230328e-01  9.998468867230349e-01
1.759999999999995e-02  9.998451319932864e-01  9.998451319932885e-01
1.769999999999995e-02  9.998433672681858e-01  9.998433672681879e-01
1.779999999999995e-02  9.998415925477839e-01  9.998415925477860e-01
1.789999999999995e-02  9.998398078321341e-01  9.998398078321362e-01
1.799999999999995e-02  9.998380131212898e-01  9.998380131212920e-01
1.809999999999995e-02  9.998362084153049e-01  9.998362084153070e-01
1.819999999999995e-02  9.998343937142334e-01  9.998343937142355e-01
1.829999999999995e-02  9.998325690181299e-01  9.998325690181320e-01
1.839999999999994e-02  9.998307343270490e-01  9.998307343270512e-01
1.849999999999994e-02  9.998288896410459e-01  9.998288896410481e-01
1.859999999999994e-02  9.998270349601758e-01  9.998270349601780e-01
1.869999999999994e-02  9.998251702844944e-01  9.998251702844966e-01
1.879999999999994e-02  9.998232956140576e-01  9.998232956140598e-01
1.889999999999994e-02  9.998214109489216e-01  9.998214109489238e-01
1.899999999999994e-02  9.998195162891430e-01  9.998195162891453e-01
1.909999999999994e-02  9.998176116347787e-01  9.998176116347810e-01
1.919999999999994e-02  9.998156969858857e-01  9.998156969858880e-01
1.929999999999994e-02  9.998137723425214e-01  9.998137723425238e-01
1.939999999999994e-02  9.998118377047437e-01  9.998118377047460e-01
1.949999999999994e-02  9.998098930726105e-01  9.998098930726128e-01
1.959999999999994e-02  9.998079384461802e-01  9.998079384461825e-01
1.969999999999994e-02  9.998059738255114e-01  9.998059738255137e-01
1.979999999999994e-02  9.998039992106630e-01  9.998039992106653e-01
1.989999999999994e-02  9.998020146016943e-01  9.998020146016966e-01
1.999999999999993e-02  9.998000199986647e-01  9.998000199986671e-01
2.009999999999993e-02  9.997980154016343e-01  9.997980154016366e-01
2.019999999999993e-02  9.997960008106629e-01  9.997960008106652e-01
2.029999999999993e-02  9.997939762258111e-01  9.997939762258135e-01
2.039999999999993e-02  9.997919416471397e-01  9.997919416471420e-01
2.049999999999993e-02  9.997898970747096e-01  9.997898970747119e-01
2.059999999999993e-02  9.997878425085821e-01  9.997878425085844e-01
2.069999999999993e-02  9.997857779488190e-01  9.997857779488213e-01
2.079999999999993e-02  9.997837033954821e-01  9.997837033954844e-01
2.089999999999993e-02  9.997816188486336e-01  9.997816188486359e-01
2.099999999999993e-02  9.997795243083362e-01  9.997795243083385e-01
2.109999999999993e-02  9.997774197746525e-01  9.997774197746548e-01
2.119999999999993e-02  9.997753052476458e-01  9.997753052476481e-01
2.129999999999993e-02  9.997731807273794e-01  9.997731807273817e-01
2.139999999999993e-02  9.997710462139171e-01  9.997710462139195e-01
2.149999999999993e-02  9.997689017073229e-01  9.997689017073254e-01
2.159999999999993e-02  9.997667472076612e-01  9.997667472076637e-01
2.169999999999992e-02  9.997645827149966e-01  9.997645827149990e-01
2.179999999999992e-02  9.997624082293939e-01  9.997624082293963e-01
2.189999999999992e-02  9.997602237509184e-01  9.997602237509209e-01
2.199999999999992e-02  9.997580292796358e-01  9.997580292796382e-01
2.209999999999992e-02  9.997558248156116e-01  9.997558248156141e-01
2.219999999999992e-02  9.997536103589122e-01  9.997536103589146e-01
2.229999999999992e-02  9.997513859096039e-01  9.997513859096063e-01
2.239999999999992e-02  9.997491514677533e-01  9.997491514677558e-01
2.249999999999992e-02  9.997469070334276e-01  9.997469070334302e-01
2.259999999999992e-02  9.997446526066941e-01  9.997446526066966e-01
2.269999999999992e-02  9.997423881876204e-01  9.997423881876230e-01
2.279999999999992e-02  9.997401137762744e-01  9.997401137762769e-01
2.289999999999992e-02  9.997378293727243e-01  9.997378293727268e-01
2.299999999999992e-02  9.997355349770387e-01  9.997355349770413e-01
2.309999999999992e-02  9.997332305892864e-01  9.997332305892890e-01
2.319999999999992e-02  9.997309162095365e-01  9.997309162095390e-01
2.329999999999992e-02  9.997285918378583e-01  9.997285918378609e-01
2.339999999999991e-02  9.997262574743218e-01  9.997262574743243e-01
2.349999999999991e-02  9.997239131189968e-01  9.997239131189993e-01
2.359999999999991e-02  9.997215587719536e-01  9.997215587719562e-01
2.369999999999991e-02  9.997191944332628e-01  9.997191944332655e-01
2.379999999999991e-02  9.997168201029956e-01  9.997168201029982e-01
2.389999999999991e-02  9.997144357812229e-01  9.997144357812255e-01
2.399999999999991e-02  9.997120414680164e-01  9.997120414680191e-01
2.409999999999991e-02  9.997096371634479e-01  9.997096371634505e-01
2.419999999999991e-02  9.997072228675894e-01  9.997072228675921e-01
2.429999999999991e-02  9.997047985805134e-01  9.997047985805161e-01
2.439999999999991e-02  9.997023643022926e-01  9.997023643022953e-01
2.449999999999991e-02  9.996999200330000e-01  9.996999200330027e-01
2.459999999999991e-02  9.996974657727089e-01  9.996974657727116e-01
2.469999999999991e-02  9.996950015214929e-01  9.996950015214956e-01
2.479999999999991e-02  9.996925272794260e-01  9.996925272794287e-01
2.489999999999991e-02  9.996900430465824e-01  9.996900430465850e-01
2.499999999999990e-02  9.996875488230366e-01  9.996875488230392e-01
2.509999999999990e-02  9.996850446088633e-01  9.996850446088660e-01
2.519999999999990e-02  9.996825304041377e-01  9.996825304041405e-01
2.529999999999990e-02  9.996800062089352e-01  9.996800062089379e-01
2.539999999999990e-02  9.996774720233315e-01  9.996774720233342e-01
2.549999999999990e-02  9.996749278474026e-01  9.996749278474054e-01
2.559999999999990e-02  9.996723736812250e-01  9.996723736812277e-01
2.569999999999990e-02  9.996698095248750e-01  9.996698095248778e-01
2.579999999999990e-02  9.996672353784297e-01  9.996672353784325e-01
2.589999999999990e-02  9.996646512419662e-01  9.996646512419690e-01
2.599999999999990e-02  9.996620571155621e-01  9.996620571155649e-01
2.609999999999990e-02  9.996594529992952e-01  9.996594529992979e-01
2.619999999999990e-02  9.996568388932435e-01  9.996568388932463e-01
2.629999999999990e-02  9.996542147974855e-01  9.996542147974883e-01
2.639999999999990e-02  9.996515807120999e-01  9.996515807121027e-01
2.649999999999990e-02  9.996489366371657e-01  9.996489366371685e-01
2.659999999999990e-02  9.996462825727622e-01  9.996462825727650e-01
2.669999999999989e-02  9.996436185189690e-01  9.996436185189718e-01
2.679999999999989e-02  9.996409444758659e-01  9.996409444758687e-01
2.689999999999989e-02  9.996382604435333e-01  9.996382604435361e-01
2.699999999999989e-02  9.996355664220516e-01  9.996355664220544e-01
2.709999999999989e-02  9.996328624115016e-01  9.996328624115044e-01
2.719999999999989e-02  9.996301484119644e-01  9.996301484119672e-01
2.729999999999989e-02  9.996274244235214e-01  9.996274244235241e-01
2.739999999999989e-02  9.996246904462542e-01  9.996246904462570e-01
2.749999999999989e-02  9.996219464802450e-01  9.996219464802478e-01
2.759999999999989e-02  9.996191925255761e-01  9.996191925255788e-01
2.769999999999989e-02  9.996164285823299e-01  9.996164285823327e-01
2.779999999999989e-02  9.996136546505894e-01  9.996136546505922e-01
2.789999999999989e-02  9.996108707304378e-01  9.996108707304405e-01
2.799999999999989e-02  9.996080768219585e-01  9.996080768219613e-01
2.809999999999989e-02  9.996052729252355e-01  9.996052729252383e-01
2.819999999999989e-02  9.996024590403527e-01  9.996024590403555e-01
2.829999999999988e-02  9.995996351673947e-01  9.995996351673975e-01
2.839999999999988e-02  9.995968013064460e-01  9.995968013064488e-01
2.849999999999988e-02  9.995939574575917e-01  9.995939574575945e-01
2.859999999999988e-02  9.995911036209171e-01  9.995911036209199e-01
2.869999999999988e-02  9.995882397965076e-01  9.995882397965105e-01
2.879999999999988e-02  9.995853659844492e-01  9.995853659844521e-01
2.889999999999988e-02  9.995824821848283e-01  9.995824821848311e-01
2.899999999999988e-02  9.995795883977311e-01  9.995795883977340e-01
2.909999999999988e-02  9.995766846232446e-01  9.995766846232474e-01
2.919999999999988e-02  9.995737708614557e-01  9.995737708614586e-01
2.929999999999988e-02  9.995708471124519e-01  9.995708471124548e-01
2.939999999999988e-02  9.995679133763209e-01  9.995679133763238e-01
2.949999999999988e-02  9.995649696531507e-01  9.995649696531536e-01
2.959999999999988e-02  9.995620159430294e-01  9.995620159430323e-01
2.969999999999988e-02  9.995590522460458e-01  9.995590522460487e-01
2.979999999999988e-02  9.995560785622887e-01  9.995560785622916e-01
2.989999999999988e-02  9.995530948918473e-01  9.995530948918502e-01
2.999999999999987e-02  9.995501012348111e-01  9.995501012348140e-01
3.009999999999987e-02  9.995470975912699e-01  9.995470975912728e-01
3.019999999999987e-02  9.995440839613137e-01  9.995440839613167e-01
3.029999999999987e-02  9.995410603450329e-01  9.995410603450359e-01
3.039999999999987e-02  9.995380267425182e-01  9.995380267425212e-01
3.049999999999987e-02  9.995349831538607e-01  9.995349831538637e-01
3.059999999999987e-02  9.995319295791515e-01  9.995319295791545e-01
3.069999999999987e-02  9.995288660184822e-01  9.995288660184852e-01
3.079999999999987e-02  9.995257924719448e-01  9.995257924719478e-01
3.089999999999987e-02  9.995227089396314e-01  9.995227089396345e-01
3.099999999999987e-02  9.995196154216344e-01  9.995196154216375e-01
3.109999999999987e-02  9.995165119180467e-01  9.995165119180498e-01
3.119999999999987e-02  9.995133984289614e-01  9.995133984289645e-01
3.129999999999987e-02  9.995102749544716e-01  9.995102749544749e-01
3.139999999999987e-02  9.995071414946713e-01  9.995071414946746e-01
3.149999999999988e-02  9.995039980496544e-01  9.995039980496576e-01
3.159999999999988e-02  9.995008446195150e-01  9.995008446195183e-01
3.169999999999988e-02  9.994976812043479e-01  9.994976812043511e-01
3.179999999999988e-02  9.994945078042479e-01  9.994945078042511e-01
3.189999999999989e-02  9.994913244193101e-01  9.994913244193133e-01
3.199999999999989e-02  9.994881310496300e-01  9.994881310496332e-01
3.209999999999989e-02  9.994849276953033e-01  9.994849276953065e-01
3.219999999999990e-02  9.994817143564262e-01  9.994817143564294e-01
3.229999999999990e-02  9.994784910330949e-01  9.994784910330983e-01
3.239999999999990e-02  9.994752577254064e-01  9.994752577254097e-01
3.249999999999990e-02  9.994720144334572e-01  9.994720144334606e-01
3.259999999999991e-02  9.994687611573450e-01  9.994687611573483e-01
3.269999999999991e-02  9.994654978971671e-01  9.994654978971704e-01
3.279999999999991e-02  9.994622246530214e-01  9.994622246530248e-01
3.289999999999992e-02  9.994589414250061e-01  9.994589414250096e-01
3.299999999999992e-02  9.994556482132197e-01  9.994556482132232e-01
3.309999999999992e-02  9.994523450177609e-01  9.994523450177644e-01
3.319999999999992e-02  9.994490318387288e-01  9.994490318387322e-01
3.329999999999993e-02  9.994457086762227e-01  9.994457086762262e-01
3.339999999999993e-02  9.994423755303423e-01  9.994423755303458e-01
3.349999999999993e-02  9.994390324011876e-01  9.994390324011910e-01
3.359999999999994e-02  9.994356792888587e-01  9.994356792888621e-01
3.369999999999994e-02  9.994323161934563e-01  9.994323161934597e-01
3.379999999999994e-02  9.994289431150812e-01  9.994289431150847e-01
3.389999999999994e-02  9.994255600538346e-01  9.994255600538381e-01
3.399999999999995e-02  9.994221670098180e-01  9.994221670098214e-01
3.409999999999995e-02  9.994187639831330e-01  9.994187639831364e-01
3.419999999999995e-02  9.994153509738817e-01  9.994153509738851e-01
3.429999999999996e-02  9.994119279821665e-01  9.994119279821699e-01
3.439999999999996e-02  9.994084950080900e-01  9.994084950080935e-01
3.449999999999996e-02  9.994050520517552e-01  9.994050520517587e-01
3.459999999999996e-02  9.994015991132653e-01  9.994015991132688e-01
3.469999999999997e-02  9.993981361927239e-01  9.993981361927273e-01
3.479999999999997e-02  9.993946632902347e-01  9.993946632902382e-01
3.489999999999997e-02  9.993911804059021e-01  9.993911804059056e-01
3.499999999999998e-02  9.993876875398304e-01  9.993876875398339e-01
3.509999999999998e-02  9.993841846921243e-01  9.993841846921278e-01
3.519999999999998e-02  9.993806718628889e-01  9.993806718628924e-01
3.529999999999998e-02  9.993771490522295e-01  9.993771490522330e-01
3.539999999999999e-02  9.993736162602518e-01  9.993736162602552e-01
3.549999999999999e-02  9.993700734870617e-01  9.993700734870652e-01
3.559999999999999e-02  9.993665207327656e-01  9.993665207327690e-01
3.570000000000000e-02  9.993629579974697e-01  9.993629579974732e-01
3.580000000000000e-02  9.993593852812811e-01  9.993593852812847e-01
3.590000000000000e-02  9.993558025843069e-01  9.993558025843104e-01
3.600000000000000e-02  9.993522099066544e-01  9.993522099066580e-01
3.610000000000001e-02  9.993486072484314e-01  9.993486072484350e-01
3.620000000000001e-02  9.993449946097461e-01  9.993449946097497e-01
3.630000000000001e-02  9.993413719907067e-01  9.993413719907103e-01
3.640000000000002e-02  9.993377393914218e-01  9.993377393914253e-01
3.650000000000002e-02  9.993340968120004e-01  9.993340968120039e-01
3.660000000000002e-02  9.993304442525516e-01  9.993304442525551e-01
3.670000000000002e-02  9.993267817131850e-01  9.993267817131886e-01
3.680000000000003e-02  9.993231091940105e-01  9.993231091940140e-01
3.690000000000003e-02  9.993194266951381e-01  9.993194266951416e-01
3.700000000000003e-02  9.993157342166783e-01  9.993157342166819e-01
3.710000000000004e-02  9.993120317587418e-01  9.993120317587454e-01
3.720000000000004e-02  9.993083193214397e-01  9.993083193214433e-01
3.730000000000004e-02  9.993045969048833e-01  9.993045969048868e-01
3.740000000000004e-02  9.993008645091841e-01  9.993008645091876e-01
3.750000000000005e-02  9.992971221344541e-01  9.992971221344576e-01
3.760000000000005e-02  9.992933697808055e-01  9.992933697808091e-01
3.770000000000005e-02  9.992896074483509e-01  9.992896074483545e-01
3.780000000000006e-02  9.992858351372030e-01  9.992858351372066e-01
3.790000000000006e-02  9.992820528474751e-01  9.992820528474786e-01
3.800000000000006e-02  9.992782605792804e-01  9.992782605792839e-01
3.810000000000006e-02  9.992744583327327e-01  9.992744583327362e-01
3.820000000000007e-02  9.992706461079459e-01  9.992706461079495e-01
3.830000000000007e-02  9.992668239050345e-01  9.992668239050381e-01
3.840000000000007e-02  9.992629917241130e-01  9.992629917241166e-01
3.850000000000008e-02  9.992591495652964e-01  9.992591495652999e-01
3.860000000000008e-02  9.992552974286998e-01  9.992552974287033e-01
3.870000000000008e-02  9.992514353144387e-01  9.992514353144423e-01
3.880000000000008e-02  9.992475632226291e-01  9.992475632226326e-01
3.890000000000009e-02  9.992436811533869e-01  9.992436811533905e-01
3.900000000000009e-02  9.992397891068285e-01  9.992397891068321e-01
3.910000000000009e-02  9.992358870830708e-01  9.992358870830743e-01
3.920000000000010e-02  9.992319750822306e-01  9.992319750822342e-01
3.930000000000010e-02  9.992280531044253e-01  9.992280531044289e-01
3.940000000000010e-02  9.992241211497724e-01  9.992241211497760e-01
3.950000000000010e-02  9.992201792183900e-01  9.992201792183936e-01
3.960000000000011e-02  9.992162273103960e-01  9.992162273103996e-01
3.970000000000011e-02  9.992122654259092e-01  9.992122654259128e-01
3.980000000000011e-02  9.992082935650483e-01  9.992082935650518e-01
3.990000000000012e-02  9.992043117279322e-01  9.992043117279358e-01
4.000000000000012e-02  9.992003199146805e-01  9.992003199146840e-01
4.010000000000012e-02  9.991963181254129e-01  9.991963181254164e-01
4.020000000000013e-02  9.991923063602492e-01  9.991923063602528e-01
4.030000000000013e-02  9.991882846193099e-01  9.991882846193134e-01
4.040000000000013e-02  9.991842529027154e-01  9.991842529027190e-01
4.050000000000013e-02  9.991802112105868e-01  9.991802112105903e-01
4.060000000000014e-02  9.991761595430451e-01  9.991761595430486e-01
4.070000000000014e-02  9.991720979002118e-01  9.991720979002153e-01
4.080000000000014e-02  9.991680262822088e-01  9.991680262822124e-01
4.090000000000015e-02  9.991639446891581e-01  9.991639446891617e-01
4.100000000000015e-02  9.991598531211822e-01  9.991598531211857e-01
4.110000000000015e-02  9.991557515784035e-01  9.991557515784071e-01
4.120000000000015e-02  9.991516400609453e-01  9.991516400609488e-01
4.130000000000016e-02  9.991475185689306e-01  9.991475185689341e-01
4.140000000000016e-02  9.991433871024831e-01  9.991433871024866e-01
4.150000000000016e-02  9.991392456617266e-01  9.991392456617302e-01
4.160000000000017e-02  9.991350942467855e-01  9.991350942467890e-01
4.170000000000017e-02  9.991309328577841e-01  9.991309328577876e-01
4.180000000000017e-02  9.991267614948471e-01  9.991267614948507e-01
4.190000000000017e-02  9.991225801580997e-01  9.991225801581033e-01
4.200000000000018e-02  9.991183888476672e-01  9.991183888476708e-01
4.210000000000018e-02  9.991141875636753e-01  9.991141875636789e-01
4.220000000000018e-02  9.991099763062500e-01  9.991099763062535e-01
4.230000000000019e-02  9.991057550755175e-01  9.991057550755210e-01
4.240000000000019e-02  9.991015238716043e-01  9.991015238716079e-01
4.250000000000019e-02  9.990972826946374e-01  9.990972826946409e-01
4.260000000000019e-02  9.990930315447438e-01  9.990930315447474e-01
4.270000000000020e-02  9.990887704220511e-01  9.990887704220547e-01
4.280000000000020e-02  9.990844993266871e-01  9.990844993266906e-01
4.290000000000020e-02  9.990802182587797e-01  9.990802182587832e-01
4.300000000000021e-02  9.990759272184573e-01  9.990759272184608e-01
4.310000000000021e-02  9.990716262058486e-01  9.990716262058521e-01
4.320000000000021e-02  9.990673152210824e-01  9.990673152210859e-01
4.330000000000021e-02  9.990629942642881e-01  9.990629942642917e-01
4.340000000000022e-02  9.990586633355953e-01  9.990586633355989e-01
4.350000000000022e-02  9.990543224351338e-01  9.990543224351374e-01
4.360000000000022e-02  9.990499715630337e-01  9.990499715630372e-01
4.370000000000023e-02  9.990456107194253e-01  9.990456107194289e-01
4.380000000000023e-02  9.990412399044396e-01  9.990412399044432e-01
4.390000000000023e-02  9.990368591182075e-01  9.990368591182110e-01
4.400000000000023e-02  9.990324683608603e-01  9.990324683608639e-01
4.410000000000024e-02  9.990280676325298e-01  9.990280676325334e-01
4.420000000000024e-02  9.990236569333478e-01  9.990236569333514e-01
4.430000000000024e-02  9.990192362634467e-01  9.990192362634502e-01
4.440000000000025e-02  9.990148056229589e-01  9.990148056229624e-01
4.450000000000025e-02  9.990103650120171e-01  9.990103650120207e-01
4.460000000000025e-02  9.990059144307547e-01  9.990059144307583e-01
4.470000000000025e-02  9.990014538793050e-01  9.990014538793085e-01
4.480000000000026e-02  9.989969833578016e-01  9.989969833578052e-01
4.490000000000026e-02  9.989925028663788e-01  9.989925028663823e-01
4.500000000000026e-02  9.989880124051707e-01  9.989880124051742e-01
4.510000000000027e-02  9.989835119743120e-01  9.989835119743156e-01
4.520000000000027e-02  9.989790015739377e-01  9.989790015739413e-01
4.530000000000027e-02  9.989744812041830e-01  9.989744812041865e-01
4.540000000000027e-02  9.989699508651833e-01  9.989699508651868e-01
4.550000000000028e-02  9.989654105570744e-01  9.989654105570780e-01
4.560000000000028e-02  9.989608602799926e-01  9.989608602799962e-01
4.570000000000028e-02  9.989563000340742e-01  9.989563000340778e-01
4.580000000000029e-02  9.989517298194559e-01  9.989517298194595e-01
4.590000000000029e-02  9.989471496362747e-01  9.989471496362783e-01
4.600000000000029e-02  9.989425594846680e-01  9.989425594846716e-01
4.610000000000029e-02  9.989379593647734e-01  9.989379593647769e-01
4.620000000000030e-02  9.989333492767287e-01  9.989333492767323e-01
4.630000000000030e-02  9.989287292206722e-01  9.989287292206758e-01
4.640000000000030e-02  9.989240991967424e-01  9.989240991967460e-01
4.650000000000031e-02  9.989194592050781e-01  9.989194592050816e-01
4.660000000000031e-02  9.989148092458182e-01  9.989148092458218e-01
4.670000000000031e-02  9.989101493191024e-01  9.989101493191059e-01
4.680000000000031e-02  9.989054794250702e-01  9.989054794250738e-01
4.690000000000032e-02  9.989007995638617e-01  9.989007995638652e-01
4.700000000000032e-02  9.988961097356172e-01  9.988961097356207e-01
4.710000000000032e-02  9.988914099404771e-01  9.988914099404806e-01
4.720000000000033e-02  9.988867001785825e-01  9.988867001785860e-01
4.730000000000033e-02  9.988819804500745e-01  9.988819804500780e-01
4.740000000000033e-02  9.988772507550946e-01  9.988772507550981e-01
4.750000000000033e-02  9.988725110937846e-01  9.988725110937882e-01
4.760000000000034e-02  9.988677614662866e-01  9.988677614662902e-01
4.770000000000034e-02  9.988630018727430e-01  9.988630018727466e-01
4.780000000000034e-02  9.988582323132964e-01  9.988582323133000e-01
4.790000000000035e-02  9.988534527880898e-01  9.988534527880933e-01
4.800000000000035e-02  9.988486632972665e-01  9.988486632972701e-01
4.810000000000035e-02  9.988438638409701e-01  9.988438638409737e-01
4.820000000000035e-02  9.988390544193444e-01  9.988390544193480e-01
4.830000000000036e-02  9.988342350325337e-01  9.988342350325372e-01
4.840000000000036e-02  9.988294056806822e-01  9.988294056806858e-01
4.850000000000036e-02  9.988245663639350e-01  9.988245663639386e-01
4.860000000000037e-02  9.988197170824370e-01  9.988197170824406e-01
4.870000000000037e-02  9.988148578363335e-01  9.988148578363371e-01
4.880000000000037e-02  9.988099886257703e-01  9.988099886257739e-01
4.890000000000037e-02  9.988051094508933e-01  9.988051094508968e-01
4.900000000000038e-02  9.988002203118487e-01  9.988002203118522e-01
4.910000000000038e-02  9.987953212087831e-01  9.987953212087867e-01
4.920000000000038e-02  9.987904121418434e-01  9.987904121418469e-01
4.930000000000039e-02  9.987854931111767e-01  9.987854931111803e-01
4.940000000000039e-02  9.987805641169305e-01  9.987805641169340e-01
4.950000000000039e-02  9.987756251592526e-01  9.987756251592561e-01
4.960000000000039e-02  9.987706762382909e-01  9.987706762382944e-01
4.970000000000040e-02  9.987657173541937e-01  9.987657173541973e-01
4.980000000000040e-02  9.987607485071099e-01  9.987607485071135e-01
4.990000000000040e-02  9.987557696971884e-01  9.987557696971919e-01
5.000000000000041e-02  9.987507809245783e-01  9.987507809245818e-01
5.010000000000041e-02  9.987457821894291e-01  9.987457821894327e-01
5.020000000000041e-02  9.987407734918907e-01  9.987407734918943e-01
5.030000000000041e-02  9.987357548321133e-01  9.987357548321169e-01
5.040000000000042e-02  9.987307262102473e-01  9.987307262102508e-01
5.050000000000042e-02  9.987256876264434e-01  9.987256876264470e-01
5.060000000000042e-02  9.987206390808527e-01  9.987206390808563e-01
5.070000000000043e-02  9.987155805736265e-01  9.987155805736300e-01
5.080000000000043e-02  9.987105121049163e-01  9.987105121049198e-01
5.090000000000043e-02  9.987054336748742e-01  9.987054336748776e-01
5.100000000000043e-02  9.987003452836523e-01  9.987003452836557e-01
5.110000000000044e-02  9.986952469314031e-01  9.986952469314065e-01
5.120000000000044e-02  9.986901386182796e-01  9.986901386182830e-01
5.130000000000044e-02  9.986850203444347e-01  9.986850203444382e-01
5.140000000000045e-02  9.986798921100221e-01  9.986798921100255e-01
5.150000000000045e-02  9.986747539151952e-01  9.986747539151987e-01
5.160000000000045e-02  9.986696057601082e-01  9.986696057601117e-01
5.170000000000045e-02  9.986644476449154e-01  9.986644476449188e-01
5.180000000000046e-02  9.986592795697712e-01  9.986592795697746e-01
5.190000000000046e-02  9.986541015348307e-01  9.986541015348341e-01
5.200000000000046e-02  9.986489135402491e-01  9.986489135402525e-01
5.210000000000047e-02  9.986437155861818e-01  9.986437155861853e-01
5.220000000000047e-02  9.986385076727847e-01  9.986385076727882e-01
5.230000000000047e-02  9.986332898002138e-01  9.986332898002173e-01
5.240000000000047e-02  9.986280619686256e-01  9.986280619686290e-01
5.250000000000048e-02  9.986228241781767e-01  9.986228241781800e-01
5.260000000000048e-02  9.986175764290242e-01  9.986175764290275e-01
5.270000000000048e-02  9.986123187213252e-01  9.986123187213285e-01
5.280000000000049e-02  9.986070510552374e-01  9.986070510552407e-01
5.290000000000049e-02  9.986017734309187e-01  9.986017734309220e-01
5.300000000000049e-02  9.985964858485273e-01  9.985964858485307e-01
5.310000000000049e-02  9.985911883082217e-01  9.985911883082250e-01
5.320000000000050e-02  9.985858808101605e-01  9.985858808101639e-01
5.330000000000050e-02  9.985805633545030e-01  9.985805633545063e-01
5.340000000000050e-02  9.985752359414084e-01  9.985752359414117e-01
5.350000000000051e-02  9.985698985710364e-01  9.985698985710397e-01
5.360000000000051e-02  9.985645512435470e-01  9.985645512435504e-01
5.370000000000051e-02  9.985591939591005e-01  9.985591939591039e-01
5.380000000000051e-02  9.985538267178575e-01  9.985538267178609e-01
5.390000000000052e-02  9.985484495199788e-01  9.985484495199821e-01
5.400000000000052e-02  9.985430623656255e-01  9.985430623656288e-01
5.410000000000052e-02  9.985376652549591e-01  9.985376652549625e-01
5.420000000000053e-02  9.985322581881414e-01  9.985322581881447e-01
5.430000000000053e-02  9.985268411653344e-01  9.985268411653377e-01
5.440000000000053e-02  9.985214141867005e-01  9.985214141867038e-01
5.450000000000053e-02  9.985159772524023e-01  9.985159772524056e-01
5.460000000000054e-02  9.985105303626027e-01  9.985105303626061e-01
5.470000000000054e-02  9.985050735174652e-01  9.985050735174684e-01
5.480000000000054e-02  9.984996067171531e-01  9.984996067171563e-01
5.490000000000055e-02  9.984941299618303e-01  9.984941299618335e-01
5.500000000000055e-02  9.984886432516609e-01  9.984886432516641e-01
5.510000000000055e-02  9.984831465868094e-01  9.984831465868126e-01
5.520000000000055e-02  9.984776399674404e-01  9.984776399674437e-01
5.530000000000056e-02  9.984721233937192e-01  9.984721233937224e-01
5.540000000000056e-02  9.984665968658109e-01  9.984665968658141e-01
5.550000000000056e-02  9.984610603838812e-01  9.984610603838844e-01
5.560000000000057e-02  9.984555139480960e-01  9.984555139480992e-01
5.570000000000057e-02  9.984499575586215e-01  9.984499575586248e-01
5.580000000000057e-02  9.984443912156243e-01  9.984443912156276e-01
5.590000000000057e-02  9.984388149192712e-01  9.984388149192744e-01
5.600000000000058e-02  9.984332286697293e-01  9.984332286697325e-01
5.610000000000058e-02  9.984276324671659e-01  9.984276324671691e-01
5.620000000000058e-02  9.984220263117489e-01  9.984220263117521e-01
5.630000000000059e-02  9.984164102036462e-01  9.984164102036495e-01
5.640000000000059e-02  9.984107841430262e-01  9.984107841430294e-01
5.650000000000059e-02  9.984051481300574e-01  9.984051481300605e-01
5.660000000000059e-02  9.983995021649088e-01  9.983995021649118e-01
5.670000000000060e-02  9.983938462477494e-01  9.983938462477524e-01
5.680000000000060e-02  9.983881803787489e-01  9.983881803787519e-01
5.690000000000060e-02  9.983825045580770e-01  9.983825045580800e-01
5.700000000000061e-02  9.983768187859038e-01  9.983768187859068e-01
5.710000000000061e-02  9.983711230623997e-01  9.983711230624027e-01
5.720000000000061e-02  9.983654173877354e-01  9.983654173877384e-01
5.730000000000061e-02  9.983597017620819e-01  9.983597017620849e-01
5.740000000000062e-02  9.983539761856104e-01  9.983539761856134e-01
5.750000000000062e-02  9.983482406584926e-01  9.983482406584955e-01
5.760000000000062e-02  9.983424951809002e-01  9.983424951809031e-01
5.770000000000063e-02  9.983367397530055e-01  9.983367397530084e-01
5.780000000000063e-02  9.983309743749810e-01  9.983309743749839e-01
5.790000000000063e-02  9.983251990469993e-01  9.983251990470022e-01
5.800000000000063e-02  9.983194137692337e-01  9.983194137692366e-01
5.810000000000064e-02  9.983136185418575e-01  9.983136185418603e-01
5.820000000000064e-02  9.983078133650443e-01  9.983078133650470e-01
5.830000000000064e-02  9.983019982389680e-01  9.983019982389708e-01
5.840000000000065e-02  9.982961731638030e-01  9.982961731638058e-01
5.850000000000065e-02  9.982903381397238e-01  9.982903381397266e-01
5.860000000000065e-02  9.982844931669052e-01  9.982844931669079e-01
5.870000000000065e-02  9.982786382455223e-01  9.982786382455251e-01
5.880000000000066e-02  9.982727733757507e-01  9.982727733757535e-01
5.890000000000066e-02  9.982668985577661e-01  9.982668985577688e-01
5.900000000000066e-02  9.982610137917445e-01  9.982610137917473e-01
5.910000000000067e-02  9.982551190778622e-01  9.982551190778650e-01
5.920000000000067e-02  9.982492144162960e-01  9.982492144162988e-01
5.930000000000067e-02  9.982432998072226e-01  9.982432998072254e-01
5.940000000000067e-02  9.982373752508193e-01  9.982373752508221e-01
5.950000000000068e-02  9.982314407472639e-01  9.982314407472666e-01
5.960000000000068e-02  9.982254962967338e-01  9.982254962967365e-01
5.970000000000068e-02  9.982195418994074e-01  9.982195418994101e-01
5.980000000000069e-02  9.982135775554631e-01  9.982135775554657e-01
5.990000000000069e-02  9.982076032650796e-01  9.982076032650821e-01
6.000000000000069e-02  9.982016190284358e-01  9.982016190284383e-01
6.010000000000070e-02  9.981956248457111e-01  9.981956248457136e-01
6.020000000000070e-02  9.981896207170852e-01  9.981896207170875e-01
6.030000000000070e-02  9.981836066427378e-01  9.981836066427401e-01
6.040000000000070e-02  9.981775826228492e-01  9.981775826228515e-01
6.050000000000071e-02  9.981715486575999e-01  9.981715486576023e-01
6.060000000000071e-02  9.981655047471708e-01  9.981655047471731e-01
6.070000000000071e-02  9.981594508917428e-01  9.981594508917452e-01
6.080000000000072e-02  9.981533870914975e-01  9.981533870914998e-01
6.090000000000072e-02  9.981473133466164e-01  9.981473133466188e-01
6.100000000000072e-02  9.981412296572817e-01  9.981412296572840e-01
6.110000000000072e-02  9.981351360236755e-01  9.981351360236778e-01
6.120000000000073e-02  9.981290324459805e-01  9.981290324459827e-01
6.130000000000073e-02  9.981229189243794e-01  9.981229189243817e-01
6.140000000000073e-02  9.981167954590556e-01  9.981167954590578e-01
6.150000000000074e-02  9.981106620501925e-01  9.981106620501947e-01
6.160000000000074e-02  9.981045186979738e-01  9.981045186979760e-01
6.170000000000074e-02  9.980983654025836e-01  9.980983654025858e-01
6.180000000000074e-02  9.980922021642062e-01  9.980922021642085e-01
6.190000000000075e-02  9.980860289830265e-01  9.980860289830287e-01
6.200000000000075e-02  9.980798458592292e-01  9.980798458592314e-01
6.210000000000075e-02  9.980736527929996e-01  9.980736527930019e-01
6.220000000000076e-02  9.980674497845234e-01  9.980674497845257e-01
6.230000000000076e-02  9.980612368339864e-01  9.980612368339886e-01
6.240000000000076e-02  9.980550139415747e-01  9.980550139415768e-01
6.250000000000076e-02  9.980487811074747e-01  9.980487811074767e-01
6.260000000000077e-02  9.980425383318733e-01  9.980425383318752e-01
6.270000000000077e-02  9.980362856149573e-01  9.980362856149592e-01
6.280000000000077e-02  9.980300229569142e-01  9.980300229569160e-01
6.290000000000077e-02  9.980237503579317e-01  9.980237503579333e-01
6.300000000000078e-02  9.980174678181976e-01  9.980174678181991e-01
6.310000000000078e-02  9.980111753379001e-01  9.980111753379016e-01
6.320000000000078e-02  9.980048729172277e-01  9.980048729172293e-01
6.330000000000079e-02  9.979985605563694e-01  9.979985605563709e-01
6.340000000000079e-02  9.979922382555142e-01  9.979922382555158e-01
6.350000000000079e-02  9.979859060148516e-01  9.979859060148530e-01
6.360000000000080e-02  9.979795638345712e-01  9.979795638345726e-01
6.370000000000080e-02  9.979732117148631e-01  9.979732117148645e-01
6.380000000000080e-02  9.979668496559175e-01  9.979668496559190e-01
6.390000000000080e-02  9.979604776579252e-01  9.979604776579265e-01
6.400000000000080e-02  9.979540957210769e-01  9.979540957210782e-01
6.410000000000081e-02  9.979477038455637e-01  9.979477038455651e-01
6.420000000000081e-02  9.979413020315775e-01  9.979413020315787e-01
6.430000000000081e-02  9.979348902793097e-01  9.979348902793109e-01
6.440000000000082e-02  9.979284685889526e-01  9.979284685889538e-01
6.450000000000082e-02  9.979220369606985e-01  9.979220369606997e-01
6.460000000000082e-02  9.979155953947401e-01  9.979155953947413e-01
6.470000000000083e-02  9.979091438912704e-01  9.979091438912716e-01
6.480000000000083e-02  9.979026824504826e-01  9.979026824504839e-01
6.490000000000083e-02  9.978962110725704e-01  9.978962110725716e-01
6.500000000000083e-02  9.978897297577276e-01  9.978897297577288e-01
6.510000000000084e-02  9.978832385061484e-01  9.978832385061496e-01
6.520000000000084e-02  9.978767373180272e-01  9.978767373180284e-01
6.530000000000084e-02  9.978702261935588e-01  9.978702261935599e-01
6.540000000000085e-02  9.978637051329382e-01  9.978637051329393e-01
6.550000000000085e-02  9.978571741363609e-01  9.978571741363619e-01
6.560000000000085e-02  9.978506332040223e-01  9.978506332040233e-01
6.570000000000085e-02  9.978440823361187e-01  9.978440823361197e-01
6.580000000000086e-02  9.978375215328460e-01  9.978375215328470e-01
6.590000000000086e-02  9.978309507944009e-01  9.978309507944019e-01
6.600000000000086e-02  9.978243701209802e-01  9.978243701209811e-01
6.610000000000087e-02  9.978177795127812e-01  9.978177795127819e-01
6.620000000000087e-02  9.978111789700010e-01  9.978111789700018e-01
6.630000000000087e-02  9.978045684928376e-01  9.978045684928384e-01
6.640000000000087e-02  9.977979480814889e-01  9.977979480814897e-01
6.650000000000088e-02  9.977913177361533e-01  9.977913177361540e-01
6.660000000000088e-02  9.977846774570294e-01  9.977846774570300e-01
6.670000000000088e-02  9.977780272443160e-01  9.977780272443166e-01
6.680000000000089e-02  9.977713670982125e-01  9.977713670982130e-01
6.690000000000089e-02  9.977646970189182e-01  9.977646970189187e-01
6.700000000000089e-02  9.977580170066331e-01  9.977580170066335e-01
6.710000000000090e-02  9.977513270615572e-01  9.977513270615576e-01
6.720000000000090e-02  9.977446271838909e-01  9.977446271838912e-01
6.730000000000090e-02  9.977379173738349e-01  9.977379173738352e-01
6.740000000000090e-02  9.977311976315901e-01  9.977311976315905e-01
6.750000000000090e-02  9.977244679573580e-01  9.977244679573583e-01
6.760000000000091e-02  9.977177283513401e-01  9.977177283513402e-01
6.770000000000091e-02  9.977109788137382e-01  9.977109788137383e-01
6.780000000000092e-02  9.977042193447545e-01  9.977042193447545e-01
6.790000000000092e-02  9.976974499445915e-01  9.976974499445914e-01
6.800000000000092e-02  9.976906706134520e-01  9.976906706134518e-01
6.810000000000092e-02  9.976838813515390e-01  9.976838813515388e-01
6.820000000000093e-02  9.976770821590558e-01  9.976770821590557e-01
6.830000000000093e-02  9.976702730362063e-01  9.976702730362061e-01
6.840000000000093e-02  9.976634539831942e-01  9.976634539831941e-01
6.850000000000094e-02  9.976566250002240e-01  9.976566250002238e-01
6.860000000000094e-02  9.976497860875001e-01  9.976497860874998e-01
6.870000000000094e-02  9.976429372452273e-01  9.976429372452269e-01
6.880000000000094e-02  9.976360784736109e-01  9.976360784736104e-01
6.890000000000095e-02  9.976292097728562e-01  9.976292097728556e-01
6.900000000000095e-02  9.976223311431689e-01  9.976223311431683e-01
6.910000000000095e-02  9.976154425847552e-01  9.976154425847545e-01
6.920000000000096e-02  9.976085440978213e-01  9.976085440978206e-01
6.930000000000096e-02  9.976016356825739e-01  9.976016356825732e-01
6.940000000000096e-02  9.975947173392199e-01  9.975947173392191e-01
6.950000000000096e-02  9.975877890679664e-01  9.975877890679656e-01
6.960000000000097e-02  9.975808508690212e-01  9.975808508690203e-01
6.970000000000097e-02  9.975739027425917e-01  9.975739027425908e-01
6.980000000000097e-02  9.975669446888864e-01  9.975669446888854e-01
6.990000000000098e-02  9.975599767081135e-01  9.975599767081125e-01
7.000000000000098e-02  9.975529988004816e-01  9.975529988004807e-01
7.010000000000098e-02  9.975460109662000e-01  9.975460109661990e-01
7.020000000000098e-02  9.975390132054778e-01  9.975390132054768e-01
7.030000000000099e-02  9.975320055185246e-01  9.975320055185235e-01
7.040000000000099e-02  9.975249879055503e-01  9.975249879055491e-01
7.050000000000099e-02  9.975179603667651e-01  9.975179603667639e-01
7.060000000000100e-02  9.975109229023794e-01  9.975109229023782e-01
7.070000000000100e-02  9.975038755126041e-01  9.975038755126028e-01
7.080000000000100e-02  9.974968181976502e-01  9.974968181976488e-01
7.090000000000100e-02  9.974897509577291e-01  9.974897509577276e-01
7.100000000000100e-02  9.974826737930523e-01  9.974826737930509e-01
7.110000000000101e-02  9.974755867038320e-01  9.974755867038305e-01
7.120000000000101e-02  9.974684896902802e-01  9.974684896902788e-01
7.130000000000102e-02  9.974613827526098e-01  9.974613827526082e-01
7.140000000000102e-02  9.974542658910333e-01  9.974542658910317e-01
7.150000000000102e-02  9.974471391057640e-01  9.974471391057623e-01
7.160000000000102e-02  9.974400023970154e-01  9.974400023970136e-01
7.170000000000103e-02  9.974328557650011e-01  9.974328557649993e-01
7.180000000000103e-02  9.974256992099352e-01  9.974256992099334e-01
7.190000000000103e-02  9.974185327320320e-01  9.974185327320302e-01
7.200000000000104e-02  9.974113563315061e-01  9.974113563315044e-01
7.210000000000104e-02  9.974041700085726e-01  9.974041700085707e-01
7.220000000000104e-02  9.973969737634465e-01  9.973969737634446e-01
7.230000000000104e-02  9.973897675963435e-01  9.973897675963415e-01
7.240000000000105e-02  9.973825515074792e-01  9.973825515074771e-01
7.250000000000105e-02  9.973753254970699e-01  9.973753254970678e-01
7.260000000000105e-02  9.973680895653319e-01  9.973680895653296e-01
7.270000000000106e-02  9.973608437124818e-01  9.973608437124796e-01
7.280000000000106e-02  9.973535879387367e-01  9.973535879387345e-01
7.290000000000106e-02  9.973463222443140e-01  9.973463222443117e-01
7.300000000000106e-02  9.973390466294311e-01  9.973390466294288e-01
7.310000000000107e-02  9.973317610943060e-01  9.973317610943037e-01
7.320000000000107e-02  9.973244656391568e-01  9.973244656391544e-01
7.330000000000107e-02  9.973171602642020e-01  9.973171602641996e-01
7.340000000000108e-02  9.973098449696605e-01  9.973098449696579e-01
7.350000000000108e-02  9.973025197557511e-01  9.973025197557485e-01
7.360000000000108e-02  9.972951846226934e-01  9.972951846226906e-01
7.370000000000108e-02  9.972878395707069e-01  9.972878395707041e-01
7.380000000000109e-02  9.972804846000116e-01  9.972804846000087e-01
7.390000000000109e-02  9.972731197108278e-01  9.972731197108249e-01
7.400000000000109e-02  9.972657449033759e-01  9.972657449033730e-01
7.410000000000110e-02  9.972583601778770e-01  9.972583601778741e-01
7.420000000000110e-02  9.972509655345520e-01  9.972509655345491e-01
7.430000000000110e-02  9.972435609736223e-01  9.972435609736194e-01
7.440000000000110e-02  9.972361464953099e-01  9.972361464953070e-01
7.450000000000111e-02  9.972287220998366e-01  9.972287220998337e-01
7.460000000000111e-02  9.972212877874248e-01  9.972212877874219e-01
7.470000000000111e-02  9.972138435582971e-01  9.972138435582942e-01
7.480000000000112e-02  9.972063894126765e-01  9.972063894126736e-01
7.490000000000112e-02  9.971989253507860e-01  9.971989253507831e-01
7.500000000000112e-02  9.971914513728494e-01  9.971914513728464e-01
7.510000000000112e-02  9.971839674790902e-01  9.971839674790872e-01
7.520000000000113e-02  9.971764736697327e-01  9.971764736697296e-01
7.530000000000113e-02  9.971689699450013e-01  9.971689699449980e-01
7.540000000000113e-02  9.971614563051204e-01  9.971614563051172e-01
7.550000000000114e-02  9.971539327503153e-01  9.971539327503120e-01
7.560000000000114e-02  9.971463992808112e-01  9.971463992808078e-01
7.570000000000114e-02  9.971388558968336e-01  9.971388558968302e-01
7.580000000000114e-02  9.971313025986084e-01  9.971313025986049e-01
7.590000000000115e-02  9.971237393863618e-01  9.971237393863582e-01
7.600000000000115e-02  9.971161662603202e-01  9.971161662603166e-01
7.610000000000115e-02  9.971085832207104e-01  9.971085832207067e-01
7.620000000000116e-02  9.971009902677594e-01  9.971009902677557e-01
7.630000000000116e-02  9.970933874016947e-01  9.970933874016908e-01
7.640000000000116e-02  9.970857746227438e-01  9.970857746227398e-01
7.650000000000116e-02  9.970781519311347e-01  9.970781519311306e-01
7.660000000000117e-02  9.970705193270956e-01  9.970705193270913e-01
7.670000000000117e-02  9.970628768108549e-01  9.970628768108507e-01
7.680000000000117e-02  9.970552243826417e-01  9.970552243826374e-01
7.690000000000118e-02  9.970475620426850e-01  9.970475620426806e-01
7.700000000000118e-02  9.970398897912142e-01  9.970398897912097e-01
7.710000000000118e-02  9.970322076284589e-01  9.970322076284545e-01
7.720000000000118e-02  9.970245155546493e-01  9.970245155546448e-01
7.730000000000119e-02  9.970168135700157e-01  9.970168135700110e-01
7.740000000000119e-02  9.970091016747886e-01  9.970091016747838e-01
7.750000000000119e-02  9.970013798691989e-01  9.970013798691941e-01
7.760000000000120e-02  9.969936481534778e-01  9.969936481534730e-01
7.770000000000120e-02  9.969859065278569e-01  9.969859065278520e-01
7.780000000000120e-02  9.969781549925678e-01  9.969781549925629e-01
7.790000000000120e-02  9.969703935478427e-01  9.969703935478378e-01
7.800000000000121e-02  9.969626221939140e-01  9.969626221939090e-01
7.810000000000121e-02  9.969548409310143e-01  9.969548409310092e-01
7.820000000000121e-02  9.969470497593765e-01  9.969470497593713e-01
7.830000000000122e-02  9.969392486792340e-01  9.969392486792287e-01
7.840000000000122e-02  9.969314376908203e-01  9.969314376908148e-01
7.850000000000122e-02  9.969236167943691e-01  9.969236167943637e-01
7.860000000000122e-02  9.969157859901148e-01  9.969157859901093e-01
7.870000000000123e-02  9.969079452782916e-01  9.969079452782862e-01
7.880000000000123e-02  9.969000946591345e-01  9.969000946591290e-01
7.890000000000123e-02  9.968922341328784e-01  9.968922341328728e-01
7.900000000000124e-02  9.968843636997586e-01  9.968843636997529e-01
7.910000000000124e-02  9.968764833600108e-01  9.968764833600049e-01
7.920000000000124e-02  9.968685931138708e-01  9.968685931138648e-01
7.930000000000124e-02  9.968606929615748e-01  9.968606929615688e-01
7.940000000000125e-02  9.968527829033593e-01  9.968527829033533e-01
7.950000000000125e-02  9.968448629394613e-01  9.968448629394553e-01
7.960000000000125e-02  9.968369330701178e-01  9.968369330701117e-01
7.970000000000126e-02  9.968289932955662e-01  9.968289932955600e-01
7.980000000000126e-02  9.968210436160441e-01  9.968210436160378e-01
7.990000000000126e-02  9.968130840317896e-01  9.968130840317833e-01
8.000000000000126e-02  9.968051145430409e-01  9.968051145430344e-01
8.010000000000127e-02  9.967971351500367e-01  9.967971351500301e-01
8.020000000000127e-02  9.967891458530157e-01  9.967891458530090e-01
8.030000000000127e-02  9.967811466522172e-01  9.967811466522104e-01
8.040000000000128e-02  9.967731375478806e-01  9.967731375478737e-01
8.050000000000128e-02  9.967651185402455e-01  9.967651185402386e-01
8.060000000000128e-02  9.967570896295522e-01  9.967570896295452e-01
8.070000000000128e-02  9.967490508160410e-01  9.967490508160339e-01
8.080000000000129e-02  9.967410020999525e-01  9.967410020999453e-01
8.090000000000129e-02  9.967329434815276e-01  9.967329434815203e-01
8.100000000000130e-02  9.967248749610076e-01  9.967248749610002e-01
8.110000000000130e-02  9.967167965386340e-01  9.967167965386264e-01
8.120000000000130e-02  9.967087082146485e-01  9.967087082146410e-01
8.130000000000130e-02  9.967006099892934e-01  9.967006099892858e-01
8.140000000000130e-02  9.966925018628111e-01  9.966925018628033e-01
8.150000000000131e-02  9.966843838354442e-01  9.966843838354363e-01
8.160000000000131e-02  9.966762559074358e-01  9.966762559074278e-01
8.170000000000131e-02  9.966681180790291e-01  9.966681180790210e-01
8.180000000000132e-02  9.966599703504678e-01  9.966599703504596e-01
8.190000000000132e-02  9.966518127219958e-01  9.966518127219874e-01
8.200000000000132e-02  9.966436451938571e-01  9.966436451938486e-01
8.210000000000132e-02  9.966354677662963e-01  9.966354677662878e-01
8.220000000000133e-02  9.966272804395582e-01  9.966272804395495e-01
8.230000000000133e-02  9.966190832138878e-01  9.966190832138790e-01
8.240000000000133e-02  9.966108760895305e-01  9.966108760895217e-01
8.250000000000134e-02  9.966026590667320e-01  9.966026590667231e-01
8.260000000000134e-02  9.965944321457381e-01  9.965944321457292e-01
8.270000000000134e-02  9.965861953267952e-01  9.965861953267862e-01
8.280000000000134e-02  9.965779486101497e-01  9.965779486101407e-01
8.290000000000135e-02  9.965696919960486e-01  9.965696919960395e-01
8.300000000000135e-02  9.965614254847390e-01  9.965614254847298e-01
8.310000000000135e-02  9.965531490764683e-01  9.965531490764590e-01
8.320000000000136e-02  9.965448627714841e-01  9.965448627714748e-01
8.330000000000136e-02  9.965365665700346e-01  9.965365665700252e-01
8.340000000000136e-02  9.965282604723681e-01  9.965282604723585e-01
8.350000000000136e-02  9.965199444787330e-01  9.965199444787234e-01
8.360000000000137e-02  9.965116185893784e-01  9.965116185893688e-01
8.370000000000137e-02  9.965032828045535e-01  9.965032828045437e-01
8.380000000000137e-02  9.964949371245077e-01  9.964949371244978e-01
8.390000000000138e-02  9.964865815494908e-01  9.964865815494808e-01
8.400000000000138e-02  9.964782160797528e-01  9.964782160797427e-01
8.410000000000138e-02  9.964698407155443e-01  9.964698407155341e-01
8.420000000000138e-02  9.964614554571158e-01  9.964614554571055e-01
8.430000000000139e-02  9.964530603047184e-01  9.964530603047079e-01
8.440000000000139e-02  9.964446552586032e-01  9.964446552585926e-01
8.450000000000140e-02  9.964362403190217e-01  9.964362403190111e-01
8.460000000000140e-02  9.964278154862259e-01  9.964278154862153e-01
8.470000000000140e-02  9.964193807604680e-01  9.964193807604572e-01
8.480000000000140e-02  9.964109361420003e-01  9.964109361419894e-01
8.490000000000140e-02  9.964024816310755e-01  9.964024816310645e-01
8.500000000000141e-02  9.963940172279467e-01  9.963940172279356e-01
8.510000000000141e-02  9.963855429328673e-01  9.963855429328561e-01
8.520000000000141e-02  9.963770587460908e-01  9.963770587460795e-01
8.530000000000142e-02  9.963685646678712e-01  9.963685646678597e-01
8.540000000000142e-02  9.963600606984625e-01  9.963600606984511e-01
8.550000000000142e-02  9.963515468381194e-01  9.963515468381079e-01
8.560000000000142e-02  9.963430230870968e-01  9.963430230870851e-01
8.570000000000143e-02  9.963344894456495e-01  9.963344894456377e-01
8.580000000000143e-02  9.963259459140330e-01  9.963259459140212e-01
8.590000000000143e-02  9.963173924925031e-01  9.963173924924912e-01
8.600000000000144e-02  9.963088291813156e-01  9.963088291813036e-01
8.610000000000144e-02  9.963002559807268e-01  9.963002559807147e-01
8.620000000000144e-02  9.962916728909933e-01  9.962916728909811e-01
8.630000000000144e-02  9.962830799123720e-01  9.962830799123596e-01
8.640000000000145e-02  9.962744770451200e-01  9.962744770451075e-01
8.650000000000145e-02  9.962658642894947e-01  9.962658642894822e-01
8.660000000000145e-02  9.962572416457539e-01  9.962572416457413e-01
8.670000000000146e-02  9.962486091141557e-01  9.962486091141429e-01
8.680000000000146e-02  9.962399666949583e-01  9.962399666949454e-01
8.690000000000146e-02  9.962313143884204e-01  9.962313143884074e-01
8.700000000000147e-02  9.962226521948008e-01  9.962226521947878e-01
8.710000000000147e-02  9.962139801143588e-01  9.962139801143457e-01
8.720000000000147e-02  9.962052981473539e-01  9.962052981473407e-01
8.730000000000147e-02  9.961966062940459e-01  9.961966062940326e-01
8.740000000000148e-02  9.961879045546950e-01  9.961879045546815e-01
8.750000000000148e-02  9.961791929295614e-01  9.961791929295478e-01
8.760000000000148e-02  9.961704714189058e-01  9.961704714188921e-01
8.770000000000149e-02  9.961617400229893e-01  9.961617400229755e-01
8.780000000000149e-02  9.961529987420731e-01  9.961529987420592e-01
8.790000000000149e-02  9.961442475764187e-01  9.961442475764049e-01
8.800000000000150e-02  9.961354865262881e-01  9.961354865262741e-01
8.810000000000150e-02  9.961267155919434e-01  9.961267155919293e-01
8.820000000000150e-02  9.961179347736471e-01  9.961179347736329e-01
8.830000000000150e-02  9.961091440716618e-01  9.961091440716475e-01
8.840000000000150e-02  9.961003434862508e-01  9.961003434862363e-01
8.850000000000151e-02  9.960915330176770e-01  9.960915330176625e-01
8.860000000000151e-02  9.960827126662044e-01  9.960827126661898e-01
8.870000000000151e-02  9.960738824320968e-01  9.960738824320821e-01
8.880000000000152e-02  9.960650423156184e-01  9.960650423156036e-01
8.890000000000152e-02  9.960561923170337e-01  9.960561923170188e-01
8.900000000000152e-02  9.960473324366075e-01  9.960473324365925e-01
8.910000000000153e-02  9.960384626746049e-01  9.960384626745898e-01
8.920000000000153e-02  9.960295830312914e-01  9.960295830312762e-01
8.930000000000153e-02  9.960206935069326e-01  9.960206935069172e-01
8.940000000000153e-02  9.960117941017943e-01  9.960117941017789e-01
8.950000000000154e-02  9.960028848161430e-01  9.960028848161274e-01
8.960000000000154e-02  9.959939656502451e-01  9.959939656502295e-01
8.970000000000154e-02  9.959850366043677e-01  9.959850366043519e-01
8.980000000000155e-02  9.959760976787777e-01  9.959760976787618e-01
8.990000000000155e-02  9.959671488737427e-01  9.959671488737267e-01
9.000000000000155e-02  9.959581901895305e-01  9.959581901895144e-01
9.010000000000155e-02  9.959492216264090e-01  9.959492216263928e-01
9.020000000000156e-02  9.959402431846465e-01  9.959402431846301e-01
9.030000000000156e-02  9.959312548645117e-01  9.959312548644953e-01
9.040000000000156e-02  9.959222566662735e-01  9.959222566662570e-01
9.050000000000157e-02  9.959132485902011e-01  9.959132485901845e-01
9.060000000000157e-02  9.959042306365641e-01  9.959042306365473e-01
9.070000000000157e-02  9.958952028056322e-01  9.958952028056153e-01
9.080000000000157e-02  9.958861650976755e-01  9.958861650976585e-01
9.090000000000158e-02  9.958771175129644e-01  9.958771175129473e-01
9.100000000000158e-02  9.958680600517695e-01  9.958680600517523e-01
9.110000000000158e-02  9.958589927143620e-01  9.958589927143446e-01
9.120000000000159e-02  9.958499155010130e-01  9.958499155009956e-01
9.130000000000159e-02  9.958408284119941e-01  9.958408284119765e-01
9.140000000000159e-02  9.958317314475771e-01  9.958317314475594e-01
9.150000000000160e-02  9.958226246080342e-01  9.958226246080164e-01
9.160000000000160e-02  9.958135078936379e-01  9.958135078936199e-01
9.170000000000160e-02  9.958043813046608e-01  9.958043813046427e-01
9.180000000000160e-02  9.957952448413759e-01  9.957952448413577e-01
9.190000000000160e-02  9.957860985040567e-01  9.957860985040384e-01
9.200000000000161e-02  9.957769422929769e-01  9.957769422929584e-01
9.210000000000161e-02  9.957677762084102e-01  9.957677762083916e-01
9.220000000000161e-02  9.957586002506308e-01  9.957586002506121e-01
9.230000000000162e-02  9.957494144199133e-01  9.957494144198945e-01
9.240000000000162e-02  9.957402187165324e-01  9.957402187165135e-01
9.250000000000162e-02  9.957310131407633e-01  9.957310131407443e-01
9.260000000000163e-02  9.957217976928814e-01  9.957217976928623e-01
9.270000000000163e-02  9.957125723731622e-01  9.957125723731430e-01
9.280000000000163e-02  9.957033371818819e-01  9.957033371818625e-01
9.290000000000163e-02  9.956940921193165e-01  9.956940921192970e-01
9.300000000000164e-02  9.956848371857427e-01  9.956848371857232e-01
9.310000000000164e-02  9.956755723814374e-01  9.956755723814178e-01
9.320000000000164e-02  9.956662977066777e-01  9.956662977066579e-01
9.330000000000165e-02  9.956570131617409e-01  9.956570131617211e-01
9.340000000000165e-02  9.956477187469049e-01  9.956477187468850e-01
9.350000000000165e-02  9.956384144624477e-01  9.956384144624276e-01
9.360000000000165e-02  9.956291003086476e-01  9.956291003086274e-01
9.370000000000166e-02  9.956197762857831e-01  9.956197762857628e-01
9.380000000000166e-02  9.956104423941332e-01  9.956104423941128e-01
9.390000000000166e-02  9.956010986339772e-01  9.956010986339566e-01
9.400000000000167e-02  9.955917450055943e-01  9.955917450055737e-01
9.410000000000167e-02  9.955823815092646e-01  9.955823815092438e-01
9.420000000000167e-02  9.955730081452680e-01  9.955730081452471e-01
9.430000000000167e-02  9.955636249138848e-01  9.955636249138639e-01
9.440000000000168e-02  9.955542318153959e-01  9.955542318153748e-01
9.450000000000168e-02  9.955448288500821e-01  9.955448288500609e-01
9.460000000000168e-02  9.955354160182247e-01  9.955354160182034e-01
9.470000000000169e-02  9.955259933201052e-01  9.955259933200837e-01
9.480000000000169e-02  9.955165607560055e-01  9.955165607559838e-01
9.490000000000169e-02  9.955071183262076e-01  9.955071183261859e-01
9.500000000000170e-02  9.954976660309941e-01  9.954976660309722e-01
9.510000000000170e-02  9.954882038706476e-01  9.954882038706256e-01
9.520000000000170e-02  9.954787318454511e-01  9.954787318454290e-01
9.530000000000170e-02  9.954692499556880e-01  9.954692499556658e-01
9.540000000000170e-02  9.954597582016418e-01  9.954597582016195e-01
9.550000000000171e-02  9.954502565835964e-01  9.954502565835740e-01
9.560000000000171e-02  9.954407451018361e-01  9.954407451018136e-01
9.570000000000171e-02  9.954312237566453e-01  9.954312237566226e-01
9.580000000000172e-02  9.954216925483087e-01  9.954216925482859e-01
9.590000000000172e-02  9.954121514771114e-01  9.954121514770885e-01
9.600000000000172e-02  9.954026005433387e-01  9.954026005433158e-01
9.610000000000173e-02  9.953930397472764e-01  9.953930397472533e-01
9.620000000000173e-02  9.953834690892104e-01  9.953834690891872e-01
9.630000000000173e-02  9.953738885694269e-01  9.953738885694036e-01
9.640000000000173e-02  9.953642981882124e-01  9.953642981881890e-01
9.650000000000174e-02  9.953546979458537e-01  9.953546979458302e-01
9.660000000000174e-02  9.953450878426381e-01  9.953450878426143e-01
9.670000000000174e-02  9.953354678788527e-01  9.953354678788289e-01
9.680000000000175e-02  9.953258380547855e-01  9.953258380547615e-01
9.690000000000175e-02  9.953161983707243e-01  9.953161983707002e-01
9.700000000000175e-02  9.953065488269575e-01  9.953065488269333e-01
9.710000000000175e-02  9.952968894237736e-01  9.952968894237493e-01
9.720000000000176e-02  9.952872201614615e-01  9.952872201614370e-01
9.730000000000176e-02  9.952775410403104e-01  9.952775410402858e-01
9.740000000000176e-02  9.952678520606097e-01  9.952678520605849e-01
9.750000000000177e-02  9.952581532226492e-01  9.952581532226242e-01
9.760000000000177e-02  9.952484445267189e-01  9.952484445266938e-01
9.770000000000177e-02  9.952387259731091e-01  9.952387259730839e-01
9.780000000000177e-02  9.952289975621106e-01  9.952289975620853e-01
9.790000000000178e-02  9.952192592940141e-01  9.952192592939887e-01
9.800000000000178e-02  9.952095111691109e-01  9.952095111690854e-01
9.810000000000178e-02  9.951997531876926e-01  9.951997531876670e-01
9.820000000000179e-02  9.951899853500510e-01  9.951899853500251e-01
9.830000000000179e-02  9.951802076564781e-01  9.951802076564521e-01
9.840000000000179e-02  9.951704201072663e-01  9.951704201072401e-01
9.850000000000180e-02  9.951606227027083e-01  9.951606227026819e-01
9.860000000000180e-02  9.951508154430971e-01  9.951508154430705e-01
9.870000000000180e-02  9.951409983287259e-01  9.951409983286992e-01
9.880000000000180e-02  9.951311713598884e-01  9.951311713598614e-01
9.890000000000180e-02  9.951213345368782e-01  9.951213345368510e-01
9.900000000000181e-02  9.951114878599897e-01  9.951114878599623e-01
9.910000000000181e-02  9.951016313295171e-01  9.951016313294896e-01
9.920000000000181e-02  9.950917649457554e-01  9.950917649457276e-01
9.930000000000182e-02  9.950818887089993e-01  9.950818887089714e-01
9.940000000000182e-02  9.950720026195443e-01  9.950720026195163e-01
9.950000000000182e-02  9.950621066776860e-01  9.950621066776579e-01
9.960000000000183e-02  9.950522008837204e-01  9.950522008836922e-01
9.970000000000183e-02  9.950422852379435e-01  9.950422852379152e-01
9.980000000000183e-02  9.950323597406519e-01  9.950323597406234e-01
9.990000000000183e-02  9.950224243921423e-01  9.950224243921137e-01
1.000000000000018e-01  9.950124791927119e-01  9.950124791926832e-01
1.001000000000018e-01  9.950025241426579e-01  9.950025241426291e-01
1.002000000000018e-01  9.949925592422780e-01  9.949925592422492e-01
1.003000000000019e-01  9.949825844918703e-01  9.949825844918413e-01
1.004000000000019e-01  9.949725998917328e-01  9.949725998917037e-01
1.005000000000019e-01  9.949626054421643e-01  9.949626054421350e-01
1.006000000000019e-01  9.949526011434634e-01  9.949526011434340e-01
1.007000000000019e-01  9.949425869959293e-01  9.949425869958998e-01
1.008000000000019e-01  9.949325629998614e-01  9.949325629998318e-01
1.009000000000019e-01  9.949225291555595e-01  9.949225291555297e-01
1.010000000000019e-01  9.949124854633234e-01  9.949124854632935e-01
1.011000000000019e-01  9.949024319234536e-01  9.949024319234234e-01
1.012000000000019e-01  9.948923685362505e-01  9.948923685362202e-01
1.013000000000019e-01  9.948822953020151e-01  9.948822953019846e-01
1.014000000000019e-01  9.948722122210485e-01  9.948722122210177e-01
1.015000000000019e-01  9.948621192936521e-01  9.948621192936212e-01
1.016000000000019e-01  9.948520165201278e-01  9.948520165200967e-01
1.017000000000019e-01  9.948419039007775e-01  9.948419039007462e-01
1.018000000000019e-01  9.948317814359037e-01  9.948317814358721e-01
1.019000000000019e-01  9.948216491258088e-01  9.948216491257771e-01
1.020000000000019e-01  9.948115069707959e-01  9.948115069707639e-01
1.021000000000019e-01  9.948013549711681e-01  9.948013549711360e-01
1.022000000000019e-01  9.947911931272289e-01  9.947911931271967e-01
1.023000000000019e-01  9.947810214392822e-01  9.947810214392497e-01
1.024000000000019e-01  9.947708399076319e-01  9.947708399075994e-01
1.025000000000019e-01  9.947606485325826e-01  9.947606485325500e-01
1.026000000000019e-01  9.947504473144390e-01  9.947504473144061e-01
1.027000000000019e-01  9.947402362535058e-01  9.947402362534727e-01
1.028000000000019e-01  9.947300153500884e-01  9.947300153500552e-01
1.029000000000019e-01  9.947197846044924e-01  9.947197846044591e-01
1.030000000000019e-01  9.947095440170236e-01  9.947095440169901e-01
1.031000000000019e-01  9.946992935879881e-01  9.946992935879544e-01
1.032000000000019e-01  9.946890333176924e-01  9.946890333176585e-01
1.033000000000019e-01  9.946787632064431e-01  9.946787632064090e-01
1.034000000000019e-01  9.946684832545473e-01  9.946684832545131e-01
1.035000000000019e-01  9.946581934623122e-01  9.946581934622778e-01
1.036000000000019e-01  9.946478938300455e-01  9.946478938300110e-01
1.037000000000019e-01  9.946375843580550e-01  9.946375843580203e-01
1.038000000000020e-01  9.946272650466490e-01  9.946272650466141e-01
1.039000000000020e-01  9.946169358961359e-01  9.946169358961008e-01
1.040000000000020e-01  9.946065969068244e-01  9.946065969067891e-01
1.041000000000020e-01  9.945962480790236e-01  9.945962480789882e-01
1.042000000000020e-01  9.945858894130428e-01  9.945858894130073e-01
1.043000000000020e-01  9.945755209091918e-01  9.945755209091561e-01
1.044000000000020e-01  9.945651425677804e-01  9.945651425677445e-01
1.045000000000020e-01  9.945547543891188e-01  9.945547543890828e-01
1.046000000000020e-01  9.945443563735176e-01  9.945443563734814e-01
1.047000000000020e-01  9.945339485212875e-01  9.945339485212511e-01
1.048000000000020e-01  9.945235308327397e-01  9.945235308327031e-01
1.049000000000020e-01  9.945131033081855e-01  9.945131033081487e-01
1.050000000000020e-01  9.945026659479367e-01  9.945026659478996e-01
1.051000000000020e-01  9.944922187523051e-01  9.944922187522678e-01
1.052000000000020e-01  9.944817617216031e-01  9.944817617215655e-01
1.053000000000020e-01  9.944712948561432e-01  9.944712948561054e-01
1.054000000000020e-01  9.944608181562381e-01  9.944608181562002e-01
1.055000000000020e-01  9.944503316222012e-01  9.944503316221631e-01
1.056000000000020e-01  9.944398352543458e-01  9.944398352543076e-01
1.057000000000020e-01  9.944293290529855e-01  9.944293290529472e-01
1.058000000000020e-01  9.944188130184346e-01  9.944188130183961e-01
1.059000000000020e-01  9.944082871510073e-01  9.944082871509685e-01
1.060000000000020e-01  9.943977514510180e-01  9.943977514509791e-01
1.061000000000020e-01  9.943872059187819e-01  9.943872059187427e-01
1.062000000000020e-01  9.943766505546140e-01  9.943766505545746e-01
1.063000000000020e-01  9.943660853588298e-01  9.943660853587901e-01
1.064000000000020e-01  9.943555103317450e-01  9.943555103317051e-01
1.065000000000020e-01  9.943449254736757e-01  9.943449254736356e-01
1.066000000000020e-01  9.943343307849383e-01  9.943343307848980e-01
1.067000000000020e-01  9.943237262658493e-01  9.943237262658089e-01
1.068000000000020e-01  9.943131119167258e-01  9.943131119166851e-01
1.069000000000020e-01  9.943024877378849e-01  9.943024877378441e-01
1.070000000000020e-01  9.942918537296441e-01  9.942918537296033e-01
1.071000000000020e-01  9.942812098923214e-01  9.942812098922803e-01
1.072000000000020e-01  9.942705562262347e-01  9.942705562261934e-01
1.073000000000021e-01  9.942598927317025e-01  9.942598927316610e-01
1.074000000000021e-01  9.942492194090433e-01  9.942492194090017e-01
1.075000000000021e-01  9.942385362585763e-01  9.942385362585344e-01
1.076000000000021e-01  9.942278432806206e-01  9.942278432805786e-01
1.077000000000021e-01  9.942171404754959e-01  9.942171404754536e-01
1.078000000000021e-01  9.942064278435219e-01  9.942064278434795e-01
1.079000000000021e-01  9.941957053850188e-01  9.941957053849761e-01
1.080000000000021e-01  9.941849731003070e-01  9.941849731002641e-01
1.081000000000021e-01  9.941742309897071e-01  9.941742309896641e-01
1.082000000000021e-01  9.941634790535404e-01  9.941634790534971e-01
1.083000000000021e-01  9.941527172921280e-01  9.941527172920845e-01
1.084000000000021e-01  9.941419457057915e-01  9.941419457057479e-01
1.085000000000021e-01  9.941311642948528e-01  9.941311642948090e-01
1.086000000000021e-01  9.941203730596342e-01  9.941203730595901e-01
1.087000000000021e-01  9.941095720004579e-01  9.941095720004137e-01
1.088000000000021e-01  9.940987611176468e-01  9.940987611176025e-01
1.089000000000021e-01  9.940879404115240e-01  9.940879404114795e-01
1.090000000000021e-01  9.940771098824128e-01  9.940771098823682e-01
1.091000000000021e-01  9.940662695306369e-01  9.940662695305921e-01
1.092000000000021e-01  9.940554193565201e-01  9.940554193564751e-01
1.093000000000021e-01  9.940445593603866e-01  9.940445593603415e-01
1.094000000000021e-01  9.940336895425610e-01  9.940336895425158e-01
1.095000000000021e-01  9.940228099033681e-01  9.940228099033227e-01
1.096000000000021e-01  9.940119204431329e-01  9.940119204430874e-01
1.097000000000021e-01  9.940010211621809e-01  9.940010211621352e-01
1.098000000000021e-01  9.939901120608376e-01  9.939901120607917e-01
1.099000000000021e-01  9.939791931394292e-01  9.939791931393830e-01
1.100000000000021e-01  9.939682643982817e-01  9.939682643982353e-01
1.101000000000021e-01  9.939573258377217e-01  9.939573258376752e-01
1.102000000000021e-01  9.939463774580761e-01  9.939463774580294e-01
1.103000000000021e-01  9.939354192596720e-01  9.939354192596251e-01
1.104000000000021e-01  9.939244512428368e-01  9.939244512427897e-01
1.105000000000021e-01  9.939134734078983e-01  9.939134734078510e-01
1.106000000000021e-01  9.939024857551844e-01  9.939024857551368e-01
1.107000000000021e-01  9.938914882850233e-01  9.938914882849755e-01
1.108000000000022e-01  9.938804809977437e-01  9.938804809976958e-01
1.109000000000022e-01  9.938694638936745e-01  9.938694638936263e-01
1.110000000000022e-01  9.938584369731448e-01  9.938584369730964e-01
1.111000000000022e-01  9.938474002364840e-01  9.938474002364354e-01
1.112000000000022e-01  9.938363536840219e-01  9.938363536839730e-01
1.113000000000022e-01  9.938252973160886e-01  9.938252973160395e-01
1.114000000000022e-01  9.938142311330143e-01  9.938142311329650e-01
1.115000000000022e-01  9.938031551351296e-01  9.938031551350801e-01
1.116000000000022e-01  9.937920693227655e-01  9.937920693227158e-01
1.117000000000022e-01  9.937809736962532e-01  9.937809736962032e-01
1.118000000000022e-01  9.937698682559241e-01  9.937698682558739e-01
1.119000000000022e-01  9.937587530021100e-01  9.937587530020596e-01
1.120000000000022e-01  9.937476279351430e-01  9.937476279350924e-01
1.121000000000022e-01  9.937364930553555e-01  9.937364930553046e-01
1.122000000000022e-01  9.937253483630801e-01  9.937253483630291e-01
1.123000000000022e-01  9.937141938586498e-01  9.937141938585985e-01
1.124000000000022e-01  9.937030295423976e-01  9.937030295423461e-01
1.125000000000022e-01  9.936918554146573e-01  9.936918554146056e-01
1.126000000000022e-01  9.936806714757626e-01  9.936806714757106e-01
1.127000000000022e-01  9.936694777260475e-01  9.936694777259953e-01
1.128000000000022e-01  9.936582741658466e-01  9.936582741657942e-01
1.129000000000022e-01  9.936470607954945e-01  9.936470607954418e-01
1.130000000000022e-01  9.936358376153260e-01  9.936358376152732e-01
1.131000000000022e-01  9.936246046256766e-01  9.936246046256235e-01
1.132000000000022e-01  9.936133618268818e-01  9.936133618268285e-01
1.133000000000022e-01  9.936021092192773e-01  9.936021092192238e-01
1.134000000000022e-01  9.935908468031993e-01  9.935908468031456e-01
1.135000000000022e-01  9.935795745789844e-01  9.935795745789304e-01
1.136000000000022e-01  9.935682925469691e-01  9.935682925469149e-01
1.137000000000022e-01  9.935570007074905e-01  9.935570007074361e-01
1.138000000000022e-01  9.935456990608860e-01  9.935456990608313e-01
1.139000000000022e-01  9.935343876074929e-01  9.935343876074381e-01
1.140000000000022e-01  9.935230663476493e-01  9.935230663475942e-01
1.141000000000022e-01  9.935117352816933e-01  9.935117352816380e-01
1.142000000000022e-01  9.935003944099635e-01  9.935003944099080e-01
1.143000000000023e-01  9.934890437327984e-01  9.934890437327427e-01
1.144000000000023e-01  9.934776832505373e-01  9.934776832504814e-01
1.145000000000023e-01  9.934663129635194e-01  9.934663129634631e-01
1.146000000000023e-01  9.934549328720842e-01  9.934549328720277e-01
1.147000000000023e-01  9.934435429765718e-01  9.934435429765150e-01
1.148000000000023e-01  9.934321432773222e-01  9.934321432772653e-01
1.149000000000023e-01  9.934207337746761e-01  9.934207337746189e-01
1.150000000000023e-01  9.934093144689742e-01  9.934093144689168e-01
1.151000000000023e-01  9.933978853605575e-01  9.933978853604999e-01
1.152000000000023e-01  9.933864464497675e-01  9.933864464497096e-01
1.153000000000023e-01  9.933749977369457e-01  9.933749977368876e-01
1.154000000000023e-01  9.933635392224341e-01  9.933635392223759e-01
1.155000000000023e-01  9.933520709065751e-01  9.933520709065166e-01
1.156000000000023e-01  9.933405927897110e-01  9.933405927896521e-01
1.157000000000023e-01  9.933291048721846e-01  9.933291048721256e-01
1.158000000000023e-01  9.933176071543391e-01  9.933176071542799e-01
1.159000000000023e-01  9.933060996365180e-01  9.933060996364584e-01
1.160000000000023e-01  9.932945823190646e-01  9.932945823190049e-01
1.161000000000023e-01  9.932830552023233e-01  9.932830552022633e-01
1.162000000000023e-01  9.932715182866382e-01  9.932715182865779e-01
1.163000000000023e-01  9.932599715723538e-01  9.932599715722932e-01
1.164000000000023e-01  9.932484150598150e-01  9.932484150597540e-01
1.165000000000023e-01  9.932368487493668e-01  9.932368487493056e-01
1.166000000000023e-01  9.932252726413547e-01  9.932252726412933e-01
1.167000000000023e-01  9.932136867361245e-01  9.932136867360629e-01
1.168000000000023e-01  9.932020910340222e-01  9.932020910339603e-01
1.169000000000023e-01  9.931904855353940e-01  9.931904855353318e-01
1.170000000000023e-01  9.931788702405865e-01  9.931788702405241e-01
1.171000000000023e-01  9.931672451499466e-01  9.931672451498839e-01
1.172000000000023e-01  9.931556102638214e-01  9.931556102637584e-01
1.173000000000023e-01  9.931439655825584e-01  9.931439655824952e-01
1.174000000000023e-01  9.931323111065052e-01  9.931323111064418e-01
1.175000000000023e-01  9.931206468360101e-01  9.931206468359465e-01
1.176000000000023e-01  9.931089727714212e-01  9.931089727713573e-01
1.177000000000023e-01  9.930972889130872e-01  9.930972889130231e-01
1.178000000000024e-01  9.930855952613571e-01  9.930855952612926e-01
1.179000000000024e-01  9.930738918165799e-01  9.930738918165151e-01
1.180000000000024e-01  9.930621785791052e-01  9.930621785790400e-01
1.181000000000024e-01  9.930504555492826e-01  9.930504555492172e-01
1.182000000000024e-01  9.930387227274623e-01  9.930387227273967e-01
1.183000000000024e-01  9.930269801139946e-01  9.930269801139288e-01
1.184000000000024e-01  9.930152277092302e-01  9.930152277091641e-01
1.185000000000024e-01  9.930034655135200e-01  9.930034655134536e-01
1.186000000000024e-01  9.929916935272152e-01  9.929916935271486e-01
1.187000000000024e-01  9.929799117506672e-01  9.929799117506004e-01
1.188000000000024e-01  9.929681201842281e-01  9.929681201841609e-01
1.189000000000024e-01  9.929563188282496e-01  9.929563188281822e-01
1.190000000000024e-01  9.929445076830844e-01  9.929445076830167e-01
1.191000000000024e-01  9.929326867490850e-01  9.929326867490169e-01
1.192000000000024e-01  9.929208560266043e-01  9.929208560265360e-01
1.193000000000024e-01  9.929090155159956e-01  9.929090155159270e-01
1.194000000000024e-01  9.928971652176125e-01  9.928971652175437e-01
1.195000000000024e-01  9.928853051318087e-01  9.928853051317397e-01
1.196000000000024e-01  9.928734352589385e-01  9.928734352588692e-01
1.197000000000024e-01  9.928615555993561e-01  9.928615555992865e-01
1.198000000000024e-01  9.928496661534162e-01  9.928496661533464e-01
1.199000000000024e-01  9.928377669214739e-01  9.928377669214038e-01
1.200000000000024e-01  9.928258579038843e-01  9.928258579038141e-01
1.201000000000024e-01  9.928139391010032e-01  9.928139391009326e-01
1.202000000000024e-01  9.928020105131864e-01  9.928020105131155e-01
1.203000000000024e-01  9.927900721407898e-01  9.927900721407187e-01
1.204000000000024e-01  9.927781239841701e-01  9.927781239840986e-01
1.205000000000024e-01  9.927661660436838e-01  9.927661660436120e-01
1.206000000000024e-01  9.927541983196880e-01  9.927541983196160e-01
1.207000000000024e-01  9.927422208125400e-01  9.927422208124677e-01
1.208000000000024e-01  9.927302335225974e-01  9.927302335225248e-01
1.209000000000024e-01  9.927182364502180e-01  9.927182364501451e-01
1.210000000000024e-01  9.927062295957599e-01  9.927062295956869e-01
1.211000000000024e-01  9.926942129595818e-01  9.926942129595084e-01
1.212000000000024e-01  9.926821865420423e-01  9.926821865419686e-01
1.213000000000025e-01  9.926701503435004e-01  9.926701503434264e-01
1.214000000000025e-01  9.926581043643153e-01  9.926581043642412e-01
1.215000000000025e-01  9.926460486048468e-01  9.926460486047725e-01
1.216000000000025e-01  9.926339830654548e-01  9.926339830653801e-01
1.217000000000025e-01  9.926219077464994e-01  9.926219077464243e-01
1.218000000000025e-01  9.926098226483411e-01  9.926098226482657e-01
1.219000000000025e-01  9.925977277713406e-01  9.925977277712649e-01
1.220000000000025e-01  9.925856231158590e-01  9.925856231157830e-01
1.221000000000025e-01  9.925735086822576e-01  9.925735086821814e-01
1.222000000000025e-01  9.925613844708980e-01  9.925613844708217e-01
1.223000000000025e-01  9.925492504821424e-01  9.925492504820657e-01
1.224000000000025e-01  9.925371067163526e-01  9.925371067162756e-01
1.225000000000025e-01  9.925249531738914e-01  9.925249531738141e-01
1.226000000000025e-01  9.925127898551215e-01  9.925127898550438e-01
1.227000000000025e-01  9.925006167604059e-01  9.925006167603279e-01
1.228000000000025e-01  9.924884338901080e-01  9.924884338900296e-01
1.229000000000025e-01  9.924762412445914e-01  9.924762412445127e-01
1.230000000000025e-01  9.924640388242202e-01  9.924640388241411e-01
1.231000000000025e-01  9.924518266293584e-01  9.924518266292791e-01
1.232000000000025e-01  9.924396046603706e-01  9.924396046602911e-01
1.233000000000025e-01  9.924273729176217e-01  9.924273729175420e-01
1.234000000000025e-01  9.924151314014767e-01  9.924151314013968e-01
1.235000000000025e-01  9.924028801123012e-01  9.924028801122209e-01
1.236000000000025e-01  9.923906190504606e-01  9.923906190503800e-01
1.237000000000025e-01  9.923783482163209e-01  9.923783482162399e-01
1.238000000000025e-01  9.923660676102484e-01  9.923660676101672e-01
1.239000000000025e-01  9.923537772326096e-01  9.923537772325282e-01
1.240000000000025e-01  9.923414770837715e-01  9.923414770836897e-01
1.241000000000025e-01  9.923291671641010e-01  9.923291671640189e-01
1.242000000000025e-01  9.923168474739656e-01  9.923168474738832e-01
1.243000000000025e-01  9.923045180137330e-01  9.923045180136503e-01
1.244000000000025e-01  9.922921787837711e-01  9.922921787836881e-01
1.245000000000025e-01  9.922798297844482e-01  9.922798297843650e-01
1.246000000000025e-01  9.922674710161329e-01  9.922674710160494e-01
1.247000000000025e-01  9.922551024791940e-01  9.922551024791102e-01
1.248000000000026e-01  9.922427241740007e-01  9.922427241739166e-01
1.249000000000026e-01  9.922303361009224e-01  9.922303361008380e-01
1.250000000000026e-01  9.922179382603288e-01  9.922179382602441e-01
1.251000000000025e-01  9.922055306525899e-01  9.922055306525048e-01
1.252000000000025e-01  9.921931132780759e-01  9.921931132779906e-01
1.253000000000025e-01  9.921806861371576e-01  9.921806861370720e-01
1.254000000000025e-01  9.921682492302056e-01  9.921682492301197e-01
1.255000000000025e-01  9.921558025575913e-01  9.921558025575050e-01
1.256000000000025e-01  9.921433461196859e-01  9.921433461195993e-01
1.257000000000025e-01  9.921308799168613e-01  9.921308799167744e-01
1.258000000000025e-01  9.921184039494895e-01  9.921184039494022e-01
1.259000000000025e-01  9.921059182179427e-01  9.921059182178551e-01
1.260000000000024e-01  9.920934227225936e-01  9.920934227225057e-01
1.261000000000024e-01  9.920809174638151e-01  9.920809174637268e-01
1.262000000000024e-01  9.920684024419802e-01  9.920684024418917e-01
1.263000000000024e-01  9.920558776574626e-01  9.920558776573737e-01
1.264000000000024e-01  9.920433431106359e-01  9.920433431105466e-01
1.265000000000024e-01  9.920307988018742e-01  9.920307988017846e-01
1.266000000000024e-01  9.920182447315518e-01  9.920182447314618e-01
1.267000000000024e-01  9.920056809000432e-01  9.920056808999529e-01
1.268000000000024e-01  9.919931073077234e-01  9.919931073076328e-01
1.269000000000023e-01  9.919805239549676e-01  9.919805239548767e-01
1.270000000000023e-01  9.919679308421513e-01  9.919679308420600e-01
1.271000000000023e-01  9.919553279696501e-01  9.919553279695587e-01
1.272000000000023e-01  9.919427153378403e-01  9.919427153377485e-01
1.273000000000023e-01  9.919300929470981e-01  9.919300929470060e-01
1.274000000000023e-01  9.919174607978002e-01  9.919174607977077e-01
1.275000000000023e-01  9.919048188903233e-01  9.919048188902305e-01
1.276000000000023e-01  9.918921672250449e-01  9.918921672249518e-01
1.277000000000023e-01  9.918795058023423e-01  9.918795058022488e-01
1.278000000000023e-01  9.918668346225933e-01  9.918668346224995e-01
1.279000000000022e-01  9.918541536861760e-01  9.918541536860819e-01
1.280000000000022e-01  9.918414629934689e-01  9.918414629933744e-01
1.281000000000022e-01  9.918287625448504e-01  9.918287625447556e-01
1.282000000000022e-01  9.918160523406996e-01  9.918160523406044e-01
1.283000000000022e-01  9.918033323813955e-01  9.918033323813000e-01
1.284000000000022e-01  9.917906026673179e-01  9.917906026672221e-01
1.285000000000022e-01  9.917778631988464e-01  9.917778631987503e-01
1.286000000000022e-01  9.917651139763611e-01  9.917651139762647e-01
1.287000000000022e-01  9.917523550002425e-01  9.917523550001457e-01
1.288000000000021e-01  9.917395862708711e-01  9.917395862707740e-01
1.289000000000021e-01  9.917268077886279e-01  9.917268077885304e-01
1.290000000000021e-01  9.917140195538942e-01  9.917140195537962e-01
1.291000000000021e-01  9.917012215670513e-01  9.917012215669531e-01
1.292000000000021e-01  9.916884138284813e-01  9.916884138283827e-01
1.293000000000021e-01  9.916755963385661e-01  9.916755963384671e-01
1.294000000000021e-01  9.916627690976881e-01  9.916627690975889e-01
1.295000000000021e-01  9.916499321062301e-01  9.916499321061305e-01
1.296000000000021e-01  9.916370853645750e-01  9.916370853644750e-01
1.297000000000020e-01  9.916242288731060e-01  9.916242288730057e-01
1.298000000000020e-01  9.916113626322066e-01  9.916113626321060e-01
1.299000000000020e-01  9.915984866422607e-01  9.915984866421598e-01
1.300000000000020e-01  9.915856009036524e-01  9.915856009035511e-01
1.301000000000020e-01  9.915727054167661e-01  9.915727054166644e-01
1.302000000000020e-01  9.915598001819864e-01  9.915598001818844e-01
1.303000000000020e-01  9.915468851996984e-01  9.915468851995960e-01
1.304000000000020e-01  9.915339604702872e-01  9.915339604701845e-01
1.305000000000020e-01  9.915210259941385e-01  9.915210259940355e-01
1.306000000000019e-01  9.915080817716381e-01  9.915080817715347e-01
1.307000000000019e-01  9.914951278031721e-01  9.914951278030684e-01
1.308000000000019e-01  9.914821640891268e-01  9.914821640890228e-01
1.309000000000019e-01  9.914691906298891e-01  9.914691906297848e-01
1.310000000000019e-01  9.914562074258460e-01  9.914562074257411e-01
1.311000000000019e-01  9.914432144773845e-01  9.914432144772793e-01
1.312000000000019e-01  9.914302117848923e-01  9.914302117847869e-01
1.313000000000019e-01  9.914171993487573e-01  9.914171993486515e-01
1.314000000000019e-01  9.914041771693676e-01  9.914041771692613e-01
1.315000000000018e-01  9.913911452471116e-01  9.913911452470049e-01
1.316000000000018e-01  9.913781035823780e-01  9.913781035822709e-01
1.317000000000018e-01  9.913650521755558e-01  9.913650521754482e-01
1.318000000000018e-01  9.913519910270343e-01  9.913519910269263e-01
1.319000000000018e-01  9.913389201372030e-01  9.913389201370946e-01
1.320000000000018e-01  9.913258395064518e-01  9.913258395063430e-01
1.321000000000018e-01  9.913127491351709e-01  9.913127491350617e-01
1.322000000000018e-01  9.912996490237506e-01  9.912996490236411e-01
1.323000000000018e-01  9.912865391725817e-01  9.912865391724719e-01
1.324000000000017e-01  9.912734195820552e-01  9.912734195819450e-01
1.325000000000017e-01  9.912602902525623e-01  9.912602902524519e-01
1.326000000000017e-01  9.912471511844948e-01  9.912471511843840e-01
1.327000000000017e-01  9.912340023782443e-01  9.912340023781332e-01
1.328000000000017e-01  9.912208438342032e-01  9.912208438340917e-01
1.329000000000017e-01  9.912076755527637e-01  9.912076755526519e-01
1.330000000000017e-01  9.911944975343187e-01  9.911944975342065e-01
1.331000000000017e-01  9.911813097792611e-01  9.911813097791485e-01
1.332000000000017e-01  9.911681122879843e-01  9.911681122878713e-01
1.333000000000016e-01  9.911549050608818e-01  9.911549050607684e-01
1.334000000000016e-01  9.911416880983475e-01  9.911416880982338e-01
1.335000000000016e-01  9.911284614007755e-01  9.911284614006615e-01
1.336000000000016e-01  9.911152249685603e-01  9.911152249684460e-01
1.337000000000016e-01  9.911019788020967e-01  9.911019788019819e-01
1.338000000000016e-01  9.910887229017796e-01  9.910887229016645e-01
1.339000000000016e-01  9.910754572680044e-01  9.910754572678889e-01
1.340000000000016e-01  9.910621819011667e-01  9.910621819010508e-01
1.341000000000016e-01  9.910488968016623e-01  9.910488968015460e-01
1.342000000000015e-01  9.910356019698874e-01  9.910356019697707e-01
1.343000000000015e-01  9.910222974062384e-01  9.910222974061214e-01
1.344000000000015e-01  9.910089831111121e-01  9.910089831109947e-01
1.345000000000015e-01  9.909956590849055e-01  9.909956590847878e-01
1.346000000000015e-01  9.909823253280160e-01  9.909823253278979e-01
1.347000000000015e-01  9.909689818408410e-01  9.909689818407226e-01
1.348000000000015e-01  9.909556286237786e-01  9.909556286236598e-01
1.349000000000015e-01  9.909422656772269e-01  9.909422656771077e-01
1.350000000000015e-01  9.909288930015843e-01  9.909288930014648e-01
1.351000000000014e-01  9.909155105972496e-01  9.909155105971297e-01
1.352000000000014e-01  9.909021184646218e-01  9.909021184645015e-01
1.353000000000014e-01  9.908887166041003e-01  9.908887166039796e-01
1.354000000000014e-01  9.908753050160846e-01  9.908753050159634e-01
1.355000000000014e-01  9.908618837009746e-01  9.908618837008530e-01
1.356000000000014e-01  9.908484526591705e-01  9.908484526590485e-01
1.357000000000014e-01  9.908350118910728e-01  9.908350118909505e-01
1.358000000000014e-01  9.908215613970822e-01  9.908215613969595e-01
1.359000000000014e-01  9.908081011775998e-01  9.908081011774768e-01
1.360000000000013e-01  9.907946312330268e-01  9.907946312329035e-01
1.361000000000013e-01  9.907811515637649e-01  9.907811515636412e-01
1.362000000000013e-01  9.907676621702161e-01  9.907676621700919e-01
1.363000000000013e-01  9.907541630527823e-01  9.907541630526578e-01
1.364000000000013e-01  9.907406542118662e-01  9.907406542117414e-01
1.365000000000013e-01  9.907271356478705e-01  9.907271356477453e-01
1.366000000000013e-01  9.907136073611983e-01  9.907136073610726e-01
1.367000000000013e-01  9.907000693522527e-01  9.907000693521267e-01
1.368000000000013e-01  9.906865216214376e-01  9.906865216213112e-01
1.369000000000012e-01  9.906729641691566e-01  9.906729641690300e-01
1.370000000000012e-01  9.906593969958142e-01  9.906593969956871e-01
1.371000000000012e-01  9.906458201018147e-01  9.906458201016871e-01
1.372000000000012e-01  9.906322334875628e-01  9.906322334874348e-01
1.373000000000012e-01  9.906186371534637e-01  9.906186371533352e-01
1.374000000000012e-01  9.906050310999226e-01  9.906050310997937e-01
1.375000000000012e-01  9.905914153273452e-01  9.905914153272158e-01
1.376000000000012e-01  9.905777898361373e-01  9.905777898360075e-01
1.377000000000012e-01  9.905641546267052e-01  9.905641546265750e-01
1.378000000000011e-01  9.905505096994554e-01  9.905505096993247e-01
1.379000000000011e-01  9.905368550547944e-01  9.905368550546634e-01
1.380000000000011e-01  9.905231906931294e-01  9.905231906929981e-01
1.381000000000011e-01  9.905095166148679e-01  9.905095166147361e-01
1.382000000000011e-01  9.904958328204173e-01  9.904958328202851e-01
1.383000000000011e-01  9.904821393101856e-01  9.904821393100529e-01
1.384000000000011e-01  9.904684360845809e-01  9.904684360844478e-01
1.385000000000011e-01  9.904547231440118e-01  9.904547231438783e-01
1.386000000000011e-01  9.904410004888871e-01  9.904410004887530e-01
1.387000000000010e-01  9.904272681196156e-01  9.904272681194811e-01
1.388000000000010e-01  9.904135260366067e-01  9.904135260364719e-01
1.389000000000010e-01  9.903997742402701e-01  9.903997742401349e-01
1.390000000000010e-01  9.903860127310158e-01  9.903860127308801e-01
1.391000000000010e-01  9.903722415092538e-01  9.903722415091177e-01
1.392000000000010e-01  9.903584605753948e-01  9.903584605752582e-01
1.393000000000010e-01  9.903446699298493e-01  9.903446699297123e-01
1.394000000000010e-01  9.903308695730284e-01  9.903308695728910e-01
1.395000000000010e-01  9.903170595053435e-01  9.903170595052057e-01
1.396000000000010e-01  9.903032397272064e-01  9.903032397270680e-01
1.397000000000009e-01  9.902894102390286e-01  9.902894102388898e-01
1.398000000000009e-01  9.902755710412225e-01  9.902755710410833e-01
1.399000000000009e-01  9.902617221342007e-01  9.902617221340610e-01
1.400000000000009e-01  9.902478635183758e-01  9.902478635182357e-01
1.401000000000009e-01  9.902339951941608e-01  9.902339951940202e-01
1.402000000000009e-01  9.902201171619691e-01  9.902201171618281e-01
1.403000000000009e-01  9.902062294222144e-01  9.902062294220729e-01
1.404000000000009e-01  9.901923319753104e-01  9.901923319751685e-01
1.405000000000009e-01  9.901784248216715e-01  9.901784248215292e-01
1.406000000000008e-01  9.901645079617121e-01  9.901645079615693e-01
1.407000000000008e-01  9.901505813958469e-01  9.901505813957037e-01
1.408000000000008e-01  9.901366451244910e-01  9.901366451243473e-01
1.409000000000008e-01  9.901226991480596e-01  9.901226991479155e-01
1.410000000000008e-01  9.901087434669684e-01  9.901087434668239e-01
1.411000000000008e-01  9.900947780816334e-01  9.900947780814884e-01
1.412000000000008e-01  9.900808029924706e-01  9.900808029923251e-01
1.413000000000008e-01  9.900668181998966e-01  9.900668181997507e-01
1.414000000000008e-01  9.900528237043281e-01  9.900528237041818e-01
1.415000000000007e-01  9.900388195061822e-01  9.900388195060355e-01
1.416000000000007e-01  9.900248056058761e-01  9.900248056057289e-01
1.417000000000007e-01  9.900107820038275e-01  9.900107820036799e-01
1.418000000000007e-01  9.899967487004544e-01  9.899967487003062e-01
1.419000000000007e-01  9.899827056961747e-01  9.899827056960261e-01
1.420000000000007e-01  9.899686529914071e-01  9.899686529912580e-01
1.421000000000007e-01  9.899545905865703e-01  9.899545905864208e-01
1.422000000000007e-01  9.899405184820833e-01  9.899405184819333e-01
1.423000000000007e-01  9.899264366783654e-01  9.899264366782150e-01
1.424000000000006e-01  9.899123451758363e-01  9.899123451756854e-01
1.425000000000006e-01  9.898982439749158e-01  9.898982439747644e-01
1.426000000000006e-01  9.898841330760241e-01  9.898841330758723e-01
1.427000000000006e-01  9.898700124795816e-01  9.898700124794294e-01
1.428000000000006e-01  9.898558821860092e-01  9.898558821858565e-01
1.429000000000006e-01  9.898417421957277e-01  9.898417421955746e-01
1.430000000000006e-01  9.898275925091586e-01  9.898275925090051e-01
1.431000000000006e-01  9.898134331267235e-01  9.898134331265694e-01
1.432000000000006e-01  9.897992640488442e-01  9.897992640486897e-01
1.433000000000005e-01  9.897850852759429e-01  9.897850852757879e-01
1.434000000000005e-01  9.897708968084420e-01  9.897708968082866e-01
1.435000000000005e-01  9.897566986467643e-01  9.897566986466084e-01
1.436000000000005e-01  9.897424907913328e-01  9.897424907911765e-01
1.437000000000005e-01  9.897282732425708e-01  9.897282732424141e-01
1.438000000000005e-01  9.897140460009020e-01  9.897140460007448e-01
1.439000000000005e-01  9.896998090667501e-01  9.896998090665924e-01
1.440000000000005e-01  9.896855624405394e-01  9.896855624403812e-01
1.441000000000005e-01  9.896713061226943e-01  9.896713061225356e-01
1.442000000000004e-01  9.896570401136395e-01  9.896570401134803e-01
1.443000000000004e-01  9.896427644138001e-01  9.896427644136404e-01
1.444000000000004e-01  9.896284790236013e-01  9.896284790234412e-01
1.445000000000004e-01  9.896141839434688e-01  9.896141839433081e-01
1.446000000000004e-01  9.895998791738283e-01  9.895998791736672e-01
1.447000000000004e-01  9.895855647151061e-01  9.895855647149445e-01
1.448000000000004e-01  9.895712405677286e-01  9.895712405675665e-01
1.449000000000004e-01  9.895569067321225e-01  9.895569067319600e-01
1.450000000000004e-01  9.895425632087148e-01  9.895425632085518e-01
1.451000000000003e-01  9.895282099979329e-01  9.895282099977694e-01
1.452000000000003e-01  9.895138471002043e-01  9.895138471000402e-01
1.453000000000003e-01  9.894994745159568e-01  9.894994745157922e-01
1.454000000000003e-01  9.894850922456185e-01  9.894850922454536e-01
1.455000000000003e-01  9.894707002896180e-01  9.894707002894526e-01
1.456000000000003e-01  9.894562986483840e-01  9.894562986482180e-01
1.457000000000003e-01  9.894418873223454e-01  9.894418873221790e-01
1.458000000000003e-01  9.894274663119316e-01  9.894274663117646e-01
1.459000000000003e-01  9.894130356175720e-01  9.894130356174046e-01
1.460000000000002e-01  9.893985952396965e-01  9.893985952395287e-01
1.461000000000002e-01  9.893841451787354e-01  9.893841451785670e-01
1.462000000000002e-01  9.893696854351189e-01  9.893696854349501e-01
1.463000000000002e-01  9.893552160092779e-01  9.893552160091085e-01
1.464000000000002e-01  9.893407369016433e-01  9.893407369014733e-01
1.465000000000002e-01  9.893262481126462e-01  9.893262481124758e-01
1.466000000000002e-01  9.893117496427185e-01  9.893117496425475e-01
1.467000000000002e-01  9.892972414922918e-01  9.892972414921203e-01
1.468000000000002e-01  9.892827236617983e-01  9.892827236616262e-01
1.469000000000001e-01  9.892681961516703e-01  9.892681961514977e-01
1.470000000000001e-01  9.892536589623406e-01  9.892536589621675e-01
1.471000000000001e-01  9.892391120942422e-01  9.892391120940687e-01
1.472000000000001e-01  9.892245555478083e-01  9.892245555476342e-01
1.473000000000001e-01  9.892099893234725e-01  9.892099893232978e-01
1.474000000000001e-01  9.891954134216685e-01  9.891954134214934e-01
1.475000000000001e-01  9.891808278428306e-01  9.891808278426549e-01
1.476000000000001e-01  9.891662325873930e-01  9.891662325872169e-01
1.477000000000001e-01  9.891516276557906e-01  9.891516276556139e-01
1.478000000000000e-01  9.891370130484581e-01  9.891370130482809e-01
1.479000000000000e-01  9.891223887658310e-01  9.891223887656533e-01
1.480000000000000e-01  9.891077548083447e-01  9.891077548081665e-01
1.481000000000000e-01  9.890931111764351e-01  9.890931111762563e-01
1.482000000000000e-01  9.890784578705382e-01  9.890784578703589e-01
1.483000000000000e-01  9.890637948910903e-01  9.890637948909106e-01
1.484000000000000e-01  9.890491222385283e-01  9.890491222383481e-01
1.485000000000000e-01  9.890344399132890e-01  9.890344399131082e-01
1.486000000000000e-01  9.890197479158097e-01  9.890197479156284e-01
1.486999999999999e-01  9.890050462465279e-01  9.890050462463461e-01
1.487999999999999e-01  9.889903349058813e-01  9.889903349056991e-01
1.488999999999999e-01  9.889756138943081e-01  9.889756138941255e-01
1.489999999999999e-01  9.889608832122467e-01  9.889608832120635e-01
1.490999999999999e-01  9.889461428601357e-01  9.889461428599520e-01
1.491999999999999e-01  9.889313928384140e-01  9.889313928382297e-01
1.492999999999999e-01  9.889166331475209e-01  9.889166331473361e-01
1.493999999999999e-01  9.889018637878958e-01  9.889018637877105e-01
1.494999999999999e-01  9.888870847599786e-01  9.888870847597927e-01
1.495999999999998e-01  9.888722960642092e-01  9.888722960640228e-01
1.496999999999998e-01  9.888574977010282e-01  9.888574977008413e-01
1.497999999999998e-01  9.888426896708761e-01  9.888426896706887e-01
1.498999999999998e-01  9.888278719741938e-01  9.888278719740058e-01
1.499999999999998e-01  9.888130446114225e-01  9.888130446112340e-01
1.500999999999998e-01  9.887982075830037e-01  9.887982075828147e-01
1.501999999999998e-01  9.887833608893792e-01  9.887833608891896e-01
1.502999999999998e-01  9.887685045309911e-01  9.887685045308009e-01
1.503999999999998e-01  9.887536385082816e-01  9.887536385080908e-01
1.504999999999998e-01  9.887387628216934e-01  9.887387628215021e-01
1.505999999999997e-01  9.887238774716693e-01  9.887238774714776e-01
1.506999999999997e-01  9.887089824586528e-01  9.887089824584605e-01
1.507999999999997e-01  9.886940777830870e-01  9.886940777828942e-01
1.508999999999997e-01  9.886791634454160e-01  9.886791634452226e-01
1.509999999999997e-01  9.886642394460835e-01  9.886642394458895e-01
1.510999999999997e-01  9.886493057855340e-01  9.886493057853395e-01
1.511999999999997e-01  9.886343624642121e-01  9.886343624640170e-01
1.512999999999997e-01  9.886194094825626e-01  9.886194094823669e-01
1.513999999999997e-01  9.886044468410307e-01  9.886044468408345e-01
1.514999999999996e-01  9.885894745400619e-01  9.885894745398651e-01
1.515999999999996e-01  9.885744925801019e-01  9.885744925799046e-01
1.516999999999996e-01  9.885595009615967e-01  9.885595009613989e-01
1.517999999999996e-01  9.885444996849927e-01  9.885444996847943e-01
1.518999999999996e-01  9.885294887507363e-01  9.885294887505374e-01
1.519999999999996e-01  9.885144681592746e-01  9.885144681590751e-01
1.520999999999996e-01  9.884994379110545e-01  9.884994379108545e-01
1.521999999999996e-01  9.884843980065237e-01  9.884843980063230e-01
1.522999999999996e-01  9.884693484461297e-01  9.884693484459285e-01
1.523999999999995e-01  9.884542892303205e-01  9.884542892301188e-01
1.524999999999995e-01  9.884392203595446e-01  9.884392203593423e-01
1.525999999999995e-01  9.884241418342503e-01  9.884241418340475e-01
1.526999999999995e-01  9.884090536548866e-01  9.884090536546832e-01
1.527999999999995e-01  9.883939558219026e-01  9.883939558216986e-01
1.528999999999995e-01  9.883788483357477e-01  9.883788483355431e-01
1.529999999999995e-01  9.883637311968716e-01  9.883637311966664e-01
1.530999999999995e-01  9.883486044057243e-01  9.883486044055185e-01
1.531999999999995e-01  9.883334679627560e-01  9.883334679625496e-01
1.532999999999994e-01  9.883183218684173e-01  9.883183218682103e-01
1.533999999999994e-01  9.883031661231589e-01  9.883031661229514e-01
1.534999999999994e-01  9.882880007274322e-01  9.882880007272241e-01
1.535999999999994e-01  9.882728256816883e-01  9.882728256814797e-01
1.536999999999994e-01  9.882576409863790e-01  9.882576409861697e-01
1.537999999999994e-01  9.882424466419563e-01  9.882424466417464e-01
1.538999999999994e-01  9.882272426488723e-01  9.882272426486619e-01
1.539999999999994e-01  9.882120290075797e-01  9.882120290073686e-01
1.540999999999994e-01  9.881968057185311e-01  9.881968057183195e-01
1.541999999999993e-01  9.881815727821797e-01  9.881815727819675e-01
1.542999999999993e-01  9.881663301989788e-01  9.881663301987661e-01
1.543999999999993e-01  9.881510779693822e-01  9.881510779691689e-01
1.544999999999993e-01  9.881358160938437e-01  9.881358160936298e-01
1.545999999999993e-01  9.881205445728175e-01  9.881205445726030e-01
1.546999999999993e-01  9.881052634067582e-01  9.881052634065431e-01
1.547999999999993e-01  9.880899725961205e-01  9.880899725959049e-01
1.548999999999993e-01  9.880746721413596e-01  9.880746721411433e-01
1.549999999999993e-01  9.880593620429307e-01  9.880593620427137e-01
1.550999999999992e-01  9.880440423012894e-01  9.880440423010719e-01
1.551999999999992e-01  9.880287129168916e-01  9.880287129166736e-01
1.552999999999992e-01  9.880133738901937e-01  9.880133738899751e-01
1.553999999999992e-01  9.879980252216520e-01  9.879980252214329e-01
1.554999999999992e-01  9.879826669117233e-01  9.879826669115036e-01
1.555999999999992e-01  9.879672989608647e-01  9.879672989606444e-01
1.556999999999992e-01  9.879519213695334e-01  9.879519213693125e-01
1.557999999999992e-01  9.879365341381870e-01  9.879365341379656e-01
1.558999999999992e-01  9.879211372672836e-01  9.879211372670614e-01
1.559999999999991e-01  9.879057307572810e-01  9.879057307570583e-01
1.560999999999991e-01  9.878903146086380e-01  9.878903146084147e-01
1.561999999999991e-01  9.878748888218131e-01  9.878748888215892e-01
1.562999999999991e-01  9.878594533972654e-01  9.878594533970410e-01
1.563999999999991e-01  9.878440083354543e-01  9.878440083352292e-01
1.564999999999991e-01  9.878285536368392e-01  9.878285536366135e-01
1.565999999999991e-01  9.878130893018800e-01  9.878130893016537e-01
1.566999999999991e-01  9.877976153310369e-01  9.877976153308100e-01
1.567999999999991e-01  9.877821317247704e-01  9.877821317245428e-01
1.568999999999990e-01  9.877666384835410e-01  9.877666384833127e-01
1.569999999999990e-01  9.877511356078097e-01  9.877511356075809e-01
1.570999999999990e-01  9.877356230980379e-01  9.877356230978085e-01
1.571999999999990e-01  9.877201009546871e-01  9.877201009544571e-01
1.572999999999990e-01  9.877045691782191e-01  9.877045691779884e-01
1.573999999999990e-01  9.876890277690961e-01  9.876890277688648e-01
1.574999999999990e-01  9.876734767277804e-01  9.876734767275485e-01
1.575999999999990e-01  9.876579160547347e-01  9.876579160545021e-01
1.576999999999990e-01  9.876423457504220e-01  9.876423457501888e-01
1.577999999999989e-01  9.876267658153055e-01  9.876267658150717e-01
1.578999999999989e-01  9.876111762498487e-01  9.876111762496143e-01
1.579999999999989e-01  9.875955770545155e-01  9.875955770542804e-01
1.580999999999989e-01  9.875799682297699e-01  9.875799682295341e-01
1.581999999999989e-01  9.875643497760762e-01  9.875643497758397e-01
1.582999999999989e-01  9.875487216938992e-01  9.875487216936620e-01
1.583999999999989e-01  9.875330839837037e-01  9.875330839834660e-01
1.584999999999989e-01  9.875174366459549e-01  9.875174366457166e-01
1.585999999999989e-01  9.875017796811185e-01  9.875017796808795e-01
1.586999999999988e-01  9.874861130896601e-01  9.874861130894205e-01
1.587999999999988e-01  9.874704368720457e-01  9.874704368718055e-01
1.588999999999988e-01  9.874547510287418e-01  9.874547510285009e-01
1.589999999999988e-01  9.874390555602149e-01  9.874390555599734e-01
1.590999999999988e-01  9.874233504669320e-01  9.874233504666897e-01
1.591999999999988e-01  9.874076357493602e-01  9.874076357491173e-01
1.592999999999988e-01  9.873919114079669e-01  9.873919114077234e-01
1.593999999999988e-01  9.873761774432199e-01  9.873761774429758e-01
1.594999999999988e-01  9.873604338555874e-01  9.873604338553426e-01
1.595999999999987e-01  9.873446806455374e-01  9.873446806452920e-01
1.596999999999987e-01  9.873289178135387e-01  9.873289178132927e-01
1.597999999999987e-01  9.873131453600601e-01  9.873131453598134e-01
1.598999999999987e-01  9.872973632855707e-01  9.872973632853234e-01
1.599999999999987e-01  9.872815715905401e-01  9.872815715902921e-01
1.600999999999987e-01  9.872657702754378e-01  9.872657702751891e-01
1.601999999999987e-01  9.872499593407339e-01  9.872499593404845e-01
1.602999999999987e-01  9.872341387868987e-01  9.872341387866487e-01
1.603999999999987e-01  9.872183086144026e-01  9.872183086141519e-01
1.604999999999986e-01  9.872024688237167e-01  9.872024688234653e-01
1.605999999999986e-01  9.871866194153118e-01  9.871866194150598e-01
1.606999999999986e-01  9.871707603896596e-01  9.871707603894069e-01
1.607999999999986e-01  9.871548917472315e-01  9.871548917469781e-01
1.608999999999986e-01  9.871390134884996e-01  9.871390134882456e-01
1.609999999999986e-01  9.871231256139362e-01  9.871231256136815e-01
1.610999999999986e-01  9.871072281240137e-01  9.871072281237584e-01
1.611999999999986e-01  9.870913210192050e-01  9.870913210189490e-01
1.612999999999986e-01  9.870754042999832e-01  9.870754042997265e-01
1.613999999999985e-01  9.870594779668216e-01  9.870594779665641e-01
1.614999999999985e-01  9.870435420201937e-01  9.870435420199356e-01
1.615999999999985e-01  9.870275964605737e-01  9.870275964603149e-01
1.616999999999985e-01  9.870116412884357e-01  9.870116412881762e-01
1.617999999999985e-01  9.869956765042540e-01  9.869956765039939e-01
1.618999999999985e-01  9.869797021085036e-01  9.869797021082428e-01
1.619999999999985e-01  9.869637181016595e-01  9.869637181013980e-01
1.620999999999985e-01  9.869477244841970e-01  9.869477244839349e-01
1.621999999999985e-01  9.869317212565917e-01  9.869317212563289e-01
1.622999999999985e-01  9.869157084193195e-01  9.869157084190560e-01
1.623999999999984e-01  9.868996859728566e-01  9.868996859725924e-01
1.624999999999984e-01  9.868836539176794e-01  9.868836539174145e-01
1.625999999999984e-01  9.868676122542647e-01  9.868676122539991e-01
1.626999999999984e-01  9.868515609830893e-01  9.868515609828231e-01
1.627999999999984e-01  9.868355001046308e-01  9.868355001043638e-01
1.628999999999984e-01  9.868194296193666e-01  9.868194296190990e-01
1.629999999999984e-01  9.868033495277746e-01  9.868033495275063e-01
1.630999999999984e-01  9.867872598303329e-01  9.867872598300639e-01
1.631999999999984e-01  9.867711605275199e-01  9.867711605272502e-01
1.632999999999983e-01  9.867550516198144e-01  9.867550516195439e-01
1.633999999999983e-01  9.867389331076951e-01  9.867389331074240e-01
1.634999999999983e-01  9.867228049916416e-01  9.867228049913698e-01
1.635999999999983e-01  9.867066672721332e-01  9.867066672718607e-01
1.636999999999983e-01  9.866905199496498e-01  9.866905199493766e-01
1.637999999999983e-01  9.866743630246716e-01  9.866743630243976e-01
1.638999999999983e-01  9.866581964976788e-01  9.866581964974040e-01
1.639999999999983e-01  9.866420203691522e-01  9.866420203688766e-01
1.640999999999983e-01  9.866258346395725e-01  9.866258346392963e-01
1.641999999999982e-01  9.866096393094211e-01  9.866096393091442e-01
1.642999999999982e-01  9.865934343791796e-01  9.865934343789019e-01
1.643999999999982e-01  9.865772198493296e-01  9.865772198490511e-01
1.644999999999982e-01  9.865609957203532e-01  9.865609957200739e-01
1.645999999999982e-01  9.865447619927327e-01  9.865447619924528e-01
1.646999999999982e-01  9.865285186669507e-01  9.865285186666701e-01
1.647999999999982e-01  9.865122657434902e-01  9.865122657432089e-01
1.648999999999982e-01  9.864960032228343e-01  9.864960032225524e-01
1.649999999999982e-01  9.864797311054665e-01  9.864797311051838e-01
1.650999999999981e-01  9.864634493918706e-01  9.864634493915871e-01
1.651999999999981e-01  9.864471580825305e-01  9.864471580822463e-01
1.652999999999981e-01  9.864308571779304e-01  9.864308571776456e-01
1.653999999999981e-01  9.864145466785552e-01  9.864145466782696e-01
1.654999999999981e-01  9.863982265848895e-01  9.863982265846031e-01
1.655999999999981e-01  9.863818968974185e-01  9.863818968971313e-01
1.656999999999981e-01  9.863655576166276e-01  9.863655576163397e-01
1.657999999999981e-01  9.863492087430025e-01  9.863492087427139e-01
1.658999999999981e-01  9.863328502770291e-01  9.863328502767399e-01
1.659999999999980e-01  9.863164822191939e-01  9.863164822189039e-01
1.660999999999980e-01  9.863001045699832e-01  9.863001045696924e-01
1.661999999999980e-01  9.862837173298838e-01  9.862837173295924e-01
1.662999999999980e-01  9.862673204993830e-01  9.862673204990908e-01
1.663999999999980e-01  9.862509140789680e-01  9.862509140786752e-01
1.664999999999980e-01  9.862344980691266e-01  9.862344980688329e-01
1.665999999999980e-01  9.862180724703465e-01  9.862180724700521e-01
1.666999999999980e-01  9.862016372831162e-01  9.862016372828210e-01
1.667999999999980e-01  9.861851925079239e-01  9.861851925076279e-01
1.668999999999979e-01  9.861687381452585e-01  9.861687381449619e-01
1.669999999999979e-01  9.861522741956091e-01  9.861522741953117e-01
1.670999999999979e-01  9.861358006594650e-01  9.861358006591668e-01
1.671999999999979e-01  9.861193175373159e-01  9.861193175370169e-01
1.672999999999979e-01  9.861028248296515e-01  9.861028248293517e-01
1.673999999999979e-01  9.860863225369620e-01  9.860863225366615e-01
1.674999999999979e-01  9.860698106597380e-01  9.860698106594367e-01
1.675999999999979e-01  9.860532891984700e-01  9.860532891981680e-01
1.676999999999979e-01  9.860367581536492e-01  9.860367581533465e-01
1.677999999999978e-01  9.860202175257669e-01  9.860202175254633e-01
1.678999999999978e-01  9.860036673153145e-01  9.860036673150102e-01
1.679999999999978e-01  9.859871075227840e-01  9.859871075224789e-01
1.680999999999978e-01  9.859705381486673e-01  9.859705381483616e-01
1.681999999999978e-01  9.859539591934571e-01  9.859539591931505e-01
1.682999999999978e-01  9.859373706576459e-01  9.859373706573386e-01
1.683999999999978e-01  9.859207725417266e-01  9.859207725414185e-01
1.684999999999978e-01  9.859041648461926e-01  9.859041648458837e-01
1.685999999999978e-01  9.858875475715374e-01  9.858875475712278e-01
1.686999999999977e-01  9.858709207182548e-01  9.858709207179444e-01
1.687999999999977e-01  9.858542842868387e-01  9.858542842865275e-01
1.688999999999977e-01  9.858376382777837e-01  9.858376382774717e-01
1.689999999999977e-01  9.858209826915842e-01  9.858209826912715e-01
1.690999999999977e-01  9.858043175287353e-01  9.858043175284218e-01
1.691999999999977e-01  9.857876427897321e-01  9.857876427894178e-01
1.692999999999977e-01  9.857709584750700e-01  9.857709584747549e-01
1.693999999999977e-01  9.857542645852450e-01  9.857542645849291e-01
1.694999999999977e-01  9.857375611207528e-01  9.857375611204362e-01
1.695999999999976e-01  9.857208480820900e-01  9.857208480817726e-01
1.696999999999976e-01  9.857041254697531e-01  9.857041254694349e-01
1.697999999999976e-01  9.856873932842388e-01  9.856873932839199e-01
1.698999999999976e-01  9.856706515260445e-01  9.856706515257248e-01
1.699999999999976e-01  9.856539001956675e-01  9.856539001953469e-01
1.700999999999976e-01  9.856371392936054e-01  9.856371392932841e-01
1.701999999999976e-01  9.856203688203563e-01  9.856203688200342e-01
1.702999999999976e-01  9.856035887764185e-01  9.856035887760956e-01
1.703999999999976e-01  9.855867991622904e-01  9.855867991619667e-01
1.704999999999975e-01  9.855699999784710e-01  9.855699999781464e-01
1.705999999999975e-01  9.855531912254591e-01  9.855531912251339e-01
1.706999999999975e-01  9.855363729037544e-01  9.855363729034283e-01
1.707999999999975e-01  9.855195450138564e-01  9.855195450135296e-01
1.708999999999975e-01  9.855027075562650e-01  9.855027075559374e-01
1.709999999999975e-01  9.854858605314805e-01  9.854858605311521e-01
1.710999999999975e-01  9.854690039400033e-01  9.854690039396741e-01
1.711999999999975e-01  9.854521377823342e-01  9.854521377820042e-01
1.712999999999975e-01  9.854352620589742e-01  9.854352620586435e-01
1.713999999999974e-01  9.854183767704248e-01  9.854183767700933e-01
1.714999999999974e-01  9.854014819171873e-01  9.854014819168551e-01
1.715999999999974e-01  9.853845774997639e-01  9.853845774994309e-01
1.716999999999974e-01  9.853676635186567e-01  9.853676635183227e-01
1.717999999999974e-01  9.853507399743680e-01  9.853507399740331e-01
1.718999999999974e-01  9.853338068674005e-01  9.853338068670648e-01
1.719999999999974e-01  9.853168641982573e-01  9.853168641979207e-01
1.720999999999974e-01  9.852999119674415e-01  9.852999119671042e-01
1.721999999999974e-01  9.852829501754569e-01  9.852829501751187e-01
1.722999999999973e-01  9.852659788228071e-01  9.852659788224681e-01
1.723999999999973e-01  9.852489979099963e-01  9.852489979096566e-01
1.724999999999973e-01  9.852320074375289e-01  9.852320074371884e-01
1.725999999999973e-01  9.852150074059096e-01  9.852150074055683e-01
1.726999999999973e-01  9.851979978156433e-01  9.851979978153012e-01
1.727999999999973e-01  9.851809786672352e-01  9.851809786668922e-01
1.728999999999973e-01  9.851639499611908e-01  9.851639499608470e-01
1.729999999999973e-01  9.851469116980159e-01  9.851469116976712e-01
1.730999999999973e-01  9.851298638782165e-01  9.851298638778709e-01
1.731999999999973e-01  9.851128065022990e-01  9.851128065019525e-01
1.732999999999972e-01  9.850957395707699e-01  9.850957395704226e-01
1.733999999999972e-01  9.850786630841362e-01  9.850786630837880e-01
1.734999999999972e-01  9.850615770429050e-01  9.850615770425559e-01
1.735999999999972e-01  9.850444814475837e-01  9.850444814472338e-01
1.736999999999972e-01  9.850273762986801e-01  9.850273762983294e-01
1.737999999999972e-01  9.850102615967021e-01  9.850102615963506e-01
1.738999999999972e-01  9.849931373421581e-01  9.849931373418058e-01
1.739999999999972e-01  9.849760035355566e-01  9.849760035352034e-01
1.740999999999972e-01  9.849588601774064e-01  9.849588601770524e-01
1.741999999999971e-01  9.849417072682166e-01  9.849417072678618e-01
1.742999999999971e-01  9.849245448084967e-01  9.849245448081410e-01
1.743999999999971e-01  9.849073727987562e-01  9.849073727983997e-01
1.744999999999971e-01  9.848901912395052e-01  9.848901912391478e-01
1.745999999999971e-01  9.848730001312538e-01  9.848730001308955e-01
1.746999999999971e-01  9.848557994745125e-01  9.848557994741534e-01
1.747999999999971e-01  9.848385892697922e-01  9.848385892694321e-01
1.748999999999971e-01  9.848213695176038e-01  9.848213695172429e-01
1.749999999999971e-01  9.848041402184586e-01  9.848041402180969e-01
1.750999999999970e-01  9.847869013728684e-01  9.847869013725058e-01
1.751999999999970e-01  9.847696529813450e-01  9.847696529809815e-01
1.752999999999970e-01  9.847523950444005e-01  9.847523950440361e-01
1.753999999999970e-01  9.847351275625473e-01  9.847351275621821e-01
1.754999999999970e-01  9.847178505362982e-01  9.847178505359322e-01
1.755999999999970e-01  9.847005639661662e-01  9.847005639657993e-01
1.756999999999970e-01  9.846832678526646e-01  9.846832678522968e-01
1.757999999999970e-01  9.846659621963069e-01  9.846659621959382e-01
1.758999999999970e-01  9.846486469976069e-01  9.846486469972373e-01
1.759999999999969e-01  9.846313222570787e-01  9.846313222567082e-01
1.760999999999969e-01  9.846139879752367e-01  9.846139879748653e-01
1.761999999999969e-01  9.845966441525955e-01  9.845966441522234e-01
1.762999999999969e-01  9.845792907896702e-01  9.845792907892972e-01
1.763999999999969e-01  9.845619278869758e-01  9.845619278866019e-01
1.764999999999969e-01  9.845445554450280e-01  9.845445554446531e-01
1.765999999999969e-01  9.845271734643424e-01  9.845271734639667e-01
1.766999999999969e-01  9.845097819454350e-01  9.845097819450584e-01
1.767999999999969e-01  9.844923808888223e-01  9.844923808884448e-01
1.768999999999968e-01  9.844749702950208e-01  9.844749702946425e-01
1.769999999999968e-01  9.844575501645474e-01  9.844575501641681e-01
1.770999999999968e-01  9.844401204979192e-01  9.844401204975390e-01
1.771999999999968e-01  9.844226812956537e-01  9.844226812952727e-01
1.772999999999968e-01  9.844052325582685e-01  9.844052325578866e-01
1.773999999999968e-01  9.843877742862817e-01  9.843877742858989e-01
1.774999999999968e-01  9.843703064802114e-01  9.843703064798277e-01
1.775999999999968e-01  9.843528291405763e-01  9.843528291401917e-01
1.776999999999968e-01  9.843353422678951e-01  9.843353422675096e-01
1.777999999999967e-01  9.843178458626870e-01  9.843178458623005e-01
1.778999999999967e-01  9.843003399254713e-01  9.843003399250839e-01
1.779999999999967e-01  9.842828244567675e-01  9.842828244563793e-01
1.780999999999967e-01  9.842652994570957e-01  9.842652994567066e-01
1.781999999999967e-01  9.842477649269761e-01  9.842477649265860e-01
1.782999999999967e-01  9.842302208669290e-01  9.842302208665381e-01
1.783999999999967e-01  9.842126672774754e-01  9.842126672770836e-01
1.784999999999967e-01  9.841951041591361e-01  9.841951041587433e-01
1.785999999999967e-01  9.841775315124326e-01  9.841775315120389e-01
1.786999999999966e-01  9.841599493378863e-01  9.841599493374917e-01
1.787999999999966e-01  9.841423576360191e-01  9.841423576356236e-01
1.788999999999966e-01  9.841247564073532e-01  9.841247564069567e-01
1.789999999999966e-01  9.841071456524109e-01  9.841071456520135e-01
1.790999999999966e-01  9.840895253717149e-01  9.840895253713167e-01
1.791999999999966e-01  9.840718955657882e-01  9.840718955653891e-01
1.792999999999966e-01  9.840542562351541e-01  9.840542562347541e-01
1.793999999999966e-01  9.840366073803360e-01  9.840366073799350e-01
1.794999999999966e-01  9.840189490018578e-01  9.840189490014559e-01
1.795999999999965e-01  9.840012811002435e-01  9.840012810998406e-01
1.796999999999965e-01  9.839836036760174e-01  9.839836036756137e-01
1.797999999999965e-01  9.839659167297042e-01  9.839659167292995e-01
1.798999999999965e-01  9.839482202618287e-01  9.839482202614230e-01
1.799999999999965e-01  9.839305142729161e-01  9.839305142725095e-01
1.800999999999965e-01  9.839127987634919e-01  9.839127987630845e-01
1.801999999999965e-01  9.838950737340818e-01  9.838950737336735e-01
1.802999999999965e-01  9.838773391852118e-01  9.838773391848025e-01
1.803999999999965e-01  9.838595951174082e-01  9.838595951169978e-01
1.804999999999964e-01  9.838418415311975e-01  9.838418415307861e-01
1.805999999999964e-01  9.838240784271065e-01  9.838240784266942e-01
1.806999999999964e-01  9.838063058056624e-01  9.838063058052491e-01
1.807999999999964e-01  9.837885236673924e-01  9.837885236669782e-01
1.808999999999964e-01  9.837707320128244e-01  9.837707320124093e-01
1.809999999999964e-01  9.837529308424862e-01  9.837529308420700e-01
1.810999999999964e-01  9.837351201569059e-01  9.837351201564889e-01
1.811999999999964e-01  9.837172999566122e-01  9.837172999561942e-01
1.812999999999964e-01  9.836994702421337e-01  9.836994702417148e-01
1.813999999999963e-01  9.836816310139995e-01  9.836816310135796e-01
1.814999999999963e-01  9.836637822727390e-01  9.836637822723181e-01
1.815999999999963e-01  9.836459240188816e-01  9.836459240184597e-01
1.816999999999963e-01  9.836280562529572e-01  9.836280562525345e-01
1.817999999999963e-01  9.836101789754961e-01  9.836101789750723e-01
1.818999999999963e-01  9.835922921870285e-01  9.835922921866037e-01
1.819999999999963e-01  9.835743958880852e-01  9.835743958876595e-01
1.820999999999963e-01  9.835564900791971e-01  9.835564900787704e-01
1.821999999999963e-01  9.835385747608956e-01  9.835385747604679e-01
1.822999999999962e-01  9.835206499337120e-01  9.835206499332834e-01
1.823999999999962e-01  9.835027155981783e-01  9.835027155977486e-01
1.824999999999962e-01  9.834847717548264e-01  9.834847717543957e-01
1.825999999999962e-01  9.834668184041887e-01  9.834668184037570e-01
1.826999999999962e-01  9.834488555467978e-01  9.834488555463652e-01
1.827999999999962e-01  9.834308831831867e-01  9.834308831827531e-01
1.828999999999962e-01  9.834129013138885e-01  9.834129013134538e-01
1.829999999999962e-01  9.833949099394366e-01  9.833949099390009e-01
1.830999999999962e-01  9.833769090603647e-01  9.833769090599280e-01
1.831999999999961e-01  9.833588986772068e-01  9.833588986767692e-01
1.832999999999961e-01  9.833408787904973e-01  9.833408787900586e-01
1.833999999999961e-01  9.833228494007705e-01  9.833228494003309e-01
1.834999999999961e-01  9.833048105085616e-01  9.833048105081209e-01
1.835999999999961e-01  9.832867621144054e-01  9.832867621139637e-01
1.836999999999961e-01  9.832687042188373e-01  9.832687042183946e-01
1.837999999999961e-01  9.832506368223930e-01  9.832506368219494e-01
1.838999999999961e-01  9.832325599256084e-01  9.832325599251638e-01
1.839999999999961e-01  9.832144735290197e-01  9.832144735285740e-01
1.840999999999960e-01  9.831963776331634e-01  9.831963776327167e-01
1.841999999999960e-01  9.831782722385762e-01  9.831782722381286e-01
1.842999999999960e-01  9.831601573457952e-01  9.831601573453466e-01
1.843999999999960e-01  9.831420329553576e-01  9.831420329549080e-01
1.844999999999960e-01  9.831238990678011e-01  9.831238990673504e-01
1.845999999999960e-01  9.831057556836634e-01  9.831057556832117e-01
1.846999999999960e-01  9.830876028034827e-01  9.830876028030300e-01
1.847999999999960e-01  9.830694404277974e-01  9.830694404273437e-01
1.848999999999960e-01  9.830512685571462e-01  9.830512685566914e-01
1.849999999999960e-01  9.830330871920680e-01  9.830330871916122e-01
1.850999999999959e-01  9.830148963331019e-01  9.830148963326452e-01
1.851999999999959e-01  9.829966959807876e-01  9.829966959803298e-01
1.852999999999959e-01  9.829784861356649e-01  9.829784861352060e-01
1.853999999999959e-01  9.829602667982736e-01  9.829602667978137e-01
1.854999999999959e-01  9.829420379691542e-01  9.829420379686933e-01
1.855999999999959e-01  9.829237996488474e-01  9.829237996483853e-01
1.856999999999959e-01  9.829055518378937e-01  9.829055518374307e-01
1.857999999999959e-01  9.828872945368347e-01  9.828872945363705e-01
1.858999999999959e-01  9.828690277462114e-01  9.828690277457461e-01
1.859999999999958e-01  9.828507514665658e-01  9.828507514660995e-01
1.860999999999958e-01  9.828324656984396e-01  9.828324656979723e-01
1.861999999999958e-01  9.828141704423753e-01  9.828141704419070e-01
1.862999999999958e-01  9.827958656989153e-01  9.827958656984460e-01
1.863999999999958e-01  9.827775514686025e-01  9.827775514681321e-01
1.864999999999958e-01  9.827592277519798e-01  9.827592277515084e-01
1.865999999999958e-01  9.827408945495906e-01  9.827408945491182e-01
1.866999999999958e-01  9.827225518619785e-01  9.827225518615050e-01
1.867999999999958e-01  9.827041996896875e-01  9.827041996892130e-01
1.868999999999957e-01  9.826858380332616e-01  9.826858380327861e-01
1.869999999999957e-01  9.826674668932454e-01  9.826674668927688e-01
1.870999999999957e-01  9.826490862701834e-01  9.826490862697059e-01
1.871999999999957e-01  9.826306961646210e-01  9.826306961641423e-01
1.872999999999957e-01  9.826122965771030e-01  9.826122965766233e-01
1.873999999999957e-01  9.825938875081752e-01  9.825938875076944e-01
1.874999999999957e-01  9.825754689583833e-01  9.825754689579015e-01
1.875999999999957e-01  9.825570409282735e-01  9.825570409277906e-01
1.876999999999957e-01  9.825386034183919e-01  9.825386034179081e-01
1.877999999999956e-01  9.825201564292855e-01  9.825201564288006e-01
1.878999999999956e-01  9.825016999615009e-01  9.825016999610150e-01
1.879999999999956e-01  9.824832340155855e-01  9.824832340150985e-01
1.880999999999956e-01  9.824647585920866e-01  9.824647585915985e-01
1.881999999999956e-01  9.824462736915520e-01  9.824462736910629e-01
1.882999999999956e-01  9.824277793145297e-01  9.824277793140395e-01
1.883999999999956e-01  9.824092754615680e-01  9.824092754610767e-01
1.884999999999956e-01  9.823907621332154e-01  9.823907621327230e-01
1.885999999999956e-01  9.823722393300207e-01  9.823722393295273e-01
1.886999999999955e-01  9.823537070525331e-01  9.823537070520386e-01
1.887999999999955e-01  9.823351653013019e-01  9.823351653008063e-01
1.888999999999955e-01  9.823166140768768e-01  9.823166140763802e-01
1.889999999999955e-01  9.822980533798076e-01  9.822980533793100e-01
1.890999999999955e-01  9.822794832106446e-01  9.822794832101459e-01
1.891999999999955e-01  9.822609035699383e-01  9.822609035694385e-01
1.892999999999955e-01  9.822423144582394e-01  9.822423144577385e-01
1.893999999999955e-01  9.822237158760989e-01  9.822237158755969e-01
1.894999999999955e-01  9.822051078240681e-01  9.822051078235650e-01
1.895999999999954e-01  9.821864903026986e-01  9.821864903021943e-01
1.896999999999954e-01  9.821678633125420e-01  9.821678633120366e-01
1.897999999999954e-01  9.821492268541507e-01  9.821492268536443e-01
1.898999999999954e-01  9.821305809280770e-01  9.821305809275694e-01
1.899999999999954e-01  9.821119255348736e-01  9.821119255343649e-01
1.900999999999954e-01  9.820932606750933e-01  9.820932606745835e-01
1.901999999999954e-01  9.820745863492893e-01  9.820745863487784e-01
1.902999999999954e-01  9.820559025580153e-01  9.820559025575033e-01
1.903999999999954e-01  9.820372093018249e-01  9.820372093013118e-01
1.904999999999953e-01  9.820185065812721e-01  9.820185065807578e-01
1.905999999999953e-01  9.819997943969112e-01  9.819997943963958e-01
1.906999999999953e-01  9.819810727492968e-01  9.819810727487803e-01
1.907999999999953e-01  9.819623416389838e-01  9.819623416384662e-01
1.908999999999953e-01  9.819436010665272e-01  9.819436010660085e-01
1.909999999999953e-01  9.819248510324825e-01  9.819248510319627e-01
1.910999999999953e-01  9.819060915374053e-01  9.819060915368844e-01
1.911999999999953e-01  9.818873225818515e-01  9.818873225813295e-01
1.912999999999953e-01  9.818685441663775e-01  9.818685441658543e-01
1.913999999999952e-01  9.818497562915396e-01  9.818497562910153e-01
1.914999999999952e-01  9.818309589578946e-01  9.818309589573692e-01
1.915999999999952e-01  9.818121521659996e-01  9.818121521654729e-01
1.916999999999952e-01  9.817933359164117e-01  9.817933359158839e-01
1.917999999999952e-01  9.817745102096886e-01  9.817745102091597e-01
1.918999999999952e-01  9.817556750463883e-01  9.817556750458583e-01
1.919999999999952e-01  9.817368304270687e-01  9.817368304265376e-01
1.920999999999952e-01  9.817179763522883e-01  9.817179763517561e-01
1.921999999999952e-01  9.816991128226058e-01  9.816991128220725e-01
1.922999999999951e-01  9.816802398385801e-01  9.816802398380455e-01
1.923999999999951e-01  9.816613574007704e-01  9.816613574002346e-01
1.924999999999951e-01  9.816424655097362e-01  9.816424655091993e-01
1.925999999999951e-01  9.816235641660372e-01  9.816235641654992e-01
1.926999999999951e-01  9.816046533702336e-01  9.816046533696944e-01
1.927999999999951e-01  9.815857331228856e-01  9.815857331223451e-01
1.928999999999951e-01  9.815668034245536e-01  9.815668034240120e-01
1.929999999999951e-01  9.815478642757988e-01  9.815478642752560e-01
1.930999999999951e-01  9.815289156771820e-01  9.815289156766380e-01
1.931999999999950e-01  9.815099576292649e-01  9.815099576287196e-01
1.932999999999950e-01  9.814909901326089e-01  9.814909901320624e-01
1.933999999999950e-01  9.814720131877760e-01  9.814720131872284e-01
1.934999999999950e-01  9.814530267953285e-01  9.814530267947797e-01
1.935999999999950e-01  9.814340309558289e-01  9.814340309552789e-01
1.936999999999950e-01  9.814150256698400e-01  9.814150256692887e-01
1.937999999999950e-01  9.813960109379246e-01  9.813960109373722e-01
1.938999999999950e-01  9.813769867606462e-01  9.813769867600926e-01
1.939999999999950e-01  9.813579531385683e-01  9.813579531380134e-01
1.940999999999949e-01  9.813389100722548e-01  9.813389100716987e-01
1.941999999999949e-01  9.813198575622698e-01  9.813198575617125e-01
1.942999999999949e-01  9.813007956091777e-01  9.813007956086192e-01
1.943999999999949e-01  9.812817242135431e-01  9.812817242129834e-01
1.944999999999949e-01  9.812626433759309e-01  9.812626433753702e-01
1.945999999999949e-01  9.812435530969066e-01  9.812435530963446e-01
1.946999999999949e-01  9.812244533770353e-01  9.812244533764722e-01
1.947999999999949e-01  9.812053442168831e-01  9.812053442163188e-01
1.948999999999949e-01  9.811862256170159e-01  9.811862256164503e-01
1.949999999999948e-01  9.811670975779998e-01  9.811670975774330e-01
1.950999999999948e-01  9.811479601004016e-01  9.811479600998336e-01
1.951999999999948e-01  9.811288131847881e-01  9.811288131842190e-01
1.952999999999948e-01  9.811096568317264e-01  9.811096568311560e-01
1.953999999999948e-01  9.810904910417838e-01  9.810904910412123e-01
1.954999999999948e-01  9.810713158155281e-01  9.810713158149553e-01
1.955999999999948e-01  9.810521311535272e-01  9.810521311529532e-01
1.956999999999948e-01  9.810329370563492e-01  9.810329370557741e-01
1.957999999999948e-01  9.810137335245627e-01  9.810137335239865e-01
1.958999999999948e-01  9.809945205587364e-01  9.809945205581589e-01
1.959999999999947e-01  9.809752981594393e-01  9.809752981588606e-01
1.960999999999947e-01  9.809560663272407e-01  9.809560663266609e-01
1.961999999999947e-01  9.809368250627103e-01  9.809368250621292e-01
1.962999999999947e-01  9.809175743664177e-01  9.809175743658355e-01
1.963999999999947e-01  9.808983142389331e-01  9.808983142383497e-01
1.964999999999947e-01  9.808790446808270e-01  9.808790446802423e-01
1.965999999999947e-01  9.808597656926699e-01  9.808597656920840e-01
1.966999999999947e-01  9.808404772750328e-01  9.808404772744457e-01
1.967999999999947e-01  9.808211794284868e-01  9.808211794278985e-01
1.968999999999946e-01  9.808018721536035e-01  9.808018721530140e-01
1.969999999999946e-01  9.807825554509545e-01  9.807825554503637e-01
1.970999999999946e-01  9.807632293211119e-01  9.807632293205200e-01
1.971999999999946e-01  9.807438937646480e-01  9.807438937640548e-01
1.972999999999946e-01  9.807245487821352e-01  9.807245487815408e-01
1.973999999999946e-01  9.807051943741465e-01  9.807051943735509e-01
1.974999999999946e-01  9.806858305412549e-01  9.806858305406580e-01
1.975999999999946e-01  9.806664572840338e-01  9.806664572834357e-01
1.976999999999946e-01  9.806470746030568e-01  9.806470746024575e-01
1.977999999999945e-01  9.806276824988979e-01  9.806276824982972e-01
1.978999999999945e-01  9.806082809721312e-01  9.806082809715293e-01
1.979999999999945e-01  9.805888700233311e-01  9.805888700227280e-01
1.980999999999945e-01  9.805694496530724e-01  9.805694496524681e-01
1.981999999999945e-01  9.805500198619300e-01  9.805500198613245e-01
1.982999999999945e-01  9.805305806504794e-01  9.805305806498725e-01
1.983999999999945e-01  9.805111320192959e-01  9.805111320186878e-01
1.984999999999945e-01  9.804916739689553e-01  9.804916739683460e-01
1.985999999999945e-01  9.804722065000339e-01  9.804722064994233e-01
1.986999999999944e-01  9.804527296131078e-01  9.804527296124961e-01
1.987999999999944e-01  9.804332433087538e-01  9.804332433081409e-01
1.988999999999944e-01  9.804137475875487e-01  9.804137475869346e-01
1.989999999999944e-01  9.803942424500698e-01  9.803942424494543e-01
1.990999999999944e-01  9.803747278968943e-01  9.803747278962776e-01
1.991999999999944e-01  9.803552039286001e-01  9.803552039279820e-01
1.992999999999944e-01  9.803356705457651e-01  9.803356705451457e-01
1.993999999999944e-01  9.803161277489675e-01  9.803161277483469e-01
1.994999999999944e-01  9.802965755387859e-01  9.802965755381640e-01
1.995999999999943e-01  9.802770139157990e-01  9.802770139151759e-01
1.996999999999943e-01  9.802574428805860e-01  9.802574428799615e-01
1.997999999999943e-01  9.802378624337261e-01  9.802378624331004e-01
1.998999999999943e-01  9.802182725757990e-01  9.802182725751720e-01
1.999999999999943e-01  9.801986733073844e-01  9.801986733067563e-01
2.000999999999943e-01  9.801790646290627e-01  9.801790646284332e-01
2.001999999999943e-01  9.801594465414141e-01  9.801594465407834e-01
2.002999999999943e-01  9.801398190450193e-01  9.801398190443873e-01
2.003999999999943e-01  9.801201821404594e-01  9.801201821398261e-01
2.004999999999942e-01  9.801005358283155e-01  9.801005358276810e-01
2.005999999999942e-01  9.800808801091692e-01  9.800808801085333e-01
2.006999999999942e-01  9.800612149836021e-01  9.800612149829650e-01
2.007999999999942e-01  9.800415404521964e-01  9.800415404515579e-01
2.008999999999942e-01  9.800218565155343e-01  9.800218565148945e-01
2.009999999999942e-01  9.800021631741984e-01  9.800021631735574e-01
2.010999999999942e-01  9.799824604287716e-01  9.799824604281293e-01
2.011999999999942e-01  9.799627482798370e-01  9.799627482791934e-01
2.012999999999942e-01  9.799430267279780e-01  9.799430267273330e-01
2.013999999999941e-01  9.799232957737781e-01  9.799232957731319e-01
2.014999999999941e-01  9.799035554178215e-01  9.799035554171739e-01
2.015999999999941e-01  9.798838056606922e-01  9.798838056600433e-01
2.016999999999941e-01  9.798640465029748e-01  9.798640465023245e-01
2.017999999999941e-01  9.798442779452539e-01  9.798442779446023e-01
2.018999999999941e-01  9.798244999881146e-01  9.798244999874617e-01
2.019999999999941e-01  9.798047126321422e-01  9.798047126314879e-01
2.020999999999941e-01  9.797849158779222e-01  9.797849158772666e-01
2.021999999999941e-01  9.797651097260404e-01  9.797651097253834e-01
2.022999999999940e-01  9.797452941770829e-01  9.797452941764246e-01
2.023999999999940e-01  9.797254692316362e-01  9.797254692309766e-01
2.024999999999940e-01  9.797056348902867e-01  9.797056348896258e-01
2.025999999999940e-01  9.796857911536215e-01  9.796857911529593e-01
2.026999999999940e-01  9.796659380222277e-01  9.796659380215641e-01
2.027999999999940e-01  9.796460754966927e-01  9.796460754960278e-01
2.028999999999940e-01  9.796262035776042e-01  9.796262035769380e-01
2.029999999999940e-01  9.796063222655502e-01  9.796063222648826e-01
2.030999999999940e-01  9.795864315611190e-01  9.795864315604501e-01
2.031999999999939e-01  9.795665314648991e-01  9.795665314642289e-01
2.032999999999939e-01  9.795466219774793e-01  9.795466219768078e-01
2.033999999999939e-01  9.795267030994487e-01  9.795267030987758e-01
2.034999999999939e-01  9.795067748313965e-01  9.795067748307222e-01
2.035999999999939e-01  9.794868371739124e-01  9.794868371732367e-01
2.036999999999939e-01  9.794668901275861e-01  9.794668901269091e-01
2.037999999999939e-01  9.794469336930081e-01  9.794469336923297e-01
2.038999999999939e-01  9.794269678707684e-01  9.794269678700888e-01
2.039999999999939e-01  9.794069926614580e-01  9.794069926607769e-01
2.040999999999938e-01  9.793870080656677e-01  9.793870080649852e-01
2.041999999999938e-01  9.793670140839886e-01  9.793670140833048e-01
2.042999999999938e-01  9.793470107170125e-01  9.793470107163272e-01
2.043999999999938e-01  9.793269979653308e-01  9.793269979646443e-01
2.044999999999938e-01  9.793069758295359e-01  9.793069758288478e-01
2.045999999999938e-01  9.792869443102197e-01  9.792869443095303e-01
2.046999999999938e-01  9.792669034079750e-01  9.792669034072843e-01
2.047999999999938e-01  9.792468531233945e-01  9.792468531227025e-01
2.048999999999938e-01  9.792267934570715e-01  9.792267934563782e-01
2.049999999999937e-01  9.792067244095993e-01  9.792067244089045e-01
2.050999999999937e-01  9.791866459815715e-01  9.791866459808753e-01
2.051999999999937e-01  9.791665581735819e-01  9.791665581728844e-01
2.052999999999937e-01  9.791464609862248e-01  9.791464609855260e-01
2.053999999999937e-01  9.791263544200948e-01  9.791263544193946e-01
2.054999999999937e-01  9.791062384757864e-01  9.791062384750847e-01
2.055999999999937e-01  9.790861131538946e-01  9.790861131531916e-01
2.056999999999937e-01  9.790659784550148e-01  9.790659784543103e-01
2.057999999999937e-01  9.790458343797424e-01  9.790458343790365e-01
2.058999999999936e-01  9.790256809286731e-01  9.790256809279659e-01
2.059999999999936e-01  9.790055181024032e-01  9.790055181016947e-01
2.060999999999936e-01  9.789853459015290e-01  9.789853459008190e-01
2.061999999999936e-01  9.789651643266469e-01  9.789651643259355e-01
2.062999999999936e-01  9.789449733783540e-01  9.789449733776412e-01
2.063999999999936e-01  9.789247730572472e-01  9.789247730565330e-01
2.064999999999936e-01  9.789045633639242e-01  9.789045633632085e-01
2.065999999999936e-01  9.788843442989824e-01  9.788843442982653e-01
2.066999999999936e-01  9.788641158630199e-01  9.788641158623014e-01
2.067999999999935e-01  9.788438780566349e-01  9.788438780559150e-01
2.068999999999935e-01  9.788236308804258e-01  9.788236308797046e-01
2.069999999999935e-01  9.788033743349914e-01  9.788033743342689e-01
2.070999999999935e-01  9.787831084209309e-01  9.787831084202069e-01
2.071999999999935e-01  9.787628331388433e-01  9.787628331381180e-01
2.072999999999935e-01  9.787425484893283e-01  9.787425484886015e-01
2.073999999999935e-01  9.787222544729858e-01  9.787222544722576e-01
2.074999999999935e-01  9.787019510904157e-01  9.787019510896862e-01
2.075999999999935e-01  9.786816383422186e-01  9.786816383414876e-01
2.076999999999935e-01  9.786613162289949e-01  9.786613162282625e-01
2.077999999999934e-01  9.786409847513456e-01  9.786409847506118e-01
2.078999999999934e-01  9.786206439098719e-01  9.786206439091367e-01
2.079999999999934e-01  9.786002937051752e-01  9.786002937044386e-01
2.080999999999934e-01  9.785799341378573e-01  9.785799341371192e-01
2.081999999999934e-01  9.785595652085200e-01  9.785595652077805e-01
2.082999999999934e-01  9.785391869177658e-01  9.785391869170248e-01
2.083999999999934e-01  9.785187992661969e-01  9.785187992654545e-01
2.084999999999934e-01  9.784984022544162e-01  9.784984022536724e-01
2.085999999999934e-01  9.784779958830269e-01  9.784779958822816e-01
2.086999999999933e-01  9.784575801526321e-01  9.784575801518853e-01
2.087999999999933e-01  9.784371550638354e-01  9.784371550630873e-01
2.088999999999933e-01  9.784167206172408e-01  9.784167206164912e-01
2.089999999999933e-01  9.783962768134524e-01  9.783962768127014e-01
2.090999999999933e-01  9.783758236530745e-01  9.783758236523220e-01
2.091999999999933e-01  9.783553611367118e-01  9.783553611359578e-01
2.092999999999933e-01  9.783348892649693e-01  9.783348892642137e-01
2.093999999999933e-01  9.783144080384519e-01  9.783144080376950e-01
2.094999999999933e-01  9.782939174577654e-01  9.782939174570070e-01
2.095999999999932e-01  9.782734175235154e-01  9.782734175227555e-01
2.096999999999932e-01  9.782529082363078e-01  9.782529082355466e-01
2.097999999999932e-01  9.782323895967491e-01  9.782323895959864e-01
2.098999999999932e-01  9.782118616054456e-01  9.782118616046814e-01
2.099999999999932e-01  9.781913242630041e-01  9.781913242622385e-01
2.100999999999932e-01  9.781707775700319e-01  9.781707775692648e-01
2.101999999999932e-01  9.781502215271362e-01  9.781502215263677e-01
2.102999999999932e-01  9.781296561349245e-01  9.781296561341545e-01
2.103999999999932e-01  9.781090813940049e-01  9.781090813932333e-01
2.104999999999931e-01  9.780884973049853e-01  9.780884973042122e-01
2.105999999999931e-01  9.780679038684742e-01  9.780679038676996e-01
2.106999999999931e-01  9.780473010850803e-01  9.780473010843042e-01
2.107999999999931e-01  9.780266889554126e-01  9.780266889546348e-01
2.108999999999931e-01  9.780060674800801e-01  9.780060674793009e-01
2.109999999999931e-01  9.779854366596925e-01  9.779854366589117e-01
2.110999999999931e-01  9.779647964948595e-01  9.779647964940771e-01
2.111999999999931e-01  9.779441469861909e-01  9.779441469854071e-01
2.112999999999931e-01  9.779234881342973e-01  9.779234881335119e-01
2.113999999999930e-01  9.779028199397890e-01  9.779028199390022e-01
2.114999999999930e-01  9.778821424032770e-01  9.778821424024886e-01
2.115999999999930e-01  9.778614555253722e-01  9.778614555245823e-01
2.116999999999930e-01  9.778407593066860e-01  9.778407593058945e-01
2.117999999999930e-01  9.778200537478301e-01  9.778200537470371e-01
2.118999999999930e-01  9.777993388494163e-01  9.777993388486218e-01
2.119999999999930e-01  9.777786146120568e-01  9.777786146112608e-01
2.120999999999930e-01  9.777578810363641e-01  9.777578810355665e-01
2.121999999999930e-01  9.777371381229507e-01  9.777371381221516e-01
2.122999999999929e-01  9.777163858724296e-01  9.777163858716290e-01
2.123999999999929e-01  9.776956242854141e-01  9.776956242846120e-01
2.124999999999929e-01  9.776748533625177e-01  9.776748533617140e-01
2.125999999999929e-01  9.776540731043540e-01  9.776540731035488e-01
2.126999999999929e-01  9.776332835115371e-01  9.776332835107304e-01
2.127999999999929e-01  9.776124845846813e-01  9.776124845838731e-01
2.128999999999929e-01  9.775916763244011e-01  9.775916763235913e-01
2.129999999999929e-01  9.775708587313114e-01  9.775708587305001e-01
2.130999999999929e-01  9.775500318060274e-01  9.775500318052145e-01
2.131999999999928e-01  9.775291955491642e-01  9.775291955483497e-01
2.132999999999928e-01  9.775083499613375e-01  9.775083499605215e-01
2.133999999999928e-01  9.774874950431632e-01  9.774874950423457e-01
2.134999999999928e-01  9.774666307952576e-01  9.774666307944385e-01
2.135999999999928e-01  9.774457572182370e-01  9.774457572174163e-01
2.136999999999928e-01  9.774248743127181e-01  9.774248743118958e-01
2.137999999999928e-01  9.774039820793178e-01  9.774039820784940e-01
2.138999999999928e-01  9.773830805186533e-01  9.773830805178280e-01
2.139999999999928e-01  9.773621696313421e-01  9.773621696305153e-01
2.140999999999927e-01  9.773412494180022e-01  9.773412494171737e-01
2.141999999999927e-01  9.773203198792513e-01  9.773203198784213e-01
2.142999999999927e-01  9.772993810157078e-01  9.772993810148762e-01
2.143999999999927e-01  9.772784328279903e-01  9.772784328271572e-01
2.144999999999927e-01  9.772574753167176e-01  9.772574753158829e-01
2.145999999999927e-01  9.772365084825088e-01  9.772365084816725e-01
2.146999999999927e-01  9.772155323259832e-01  9.772155323251454e-01
2.147999999999927e-01  9.771945468477605e-01  9.771945468469211e-01
2.148999999999927e-01  9.771735520484606e-01  9.771735520476195e-01
2.149999999999926e-01  9.771525479287034e-01  9.771525479278608e-01
2.150999999999926e-01  9.771315344891096e-01  9.771315344882654e-01
2.151999999999926e-01  9.771105117302998e-01  9.771105117294541e-01
2.152999999999926e-01  9.770894796528949e-01  9.770894796520476e-01
2.153999999999926e-01  9.770684382575163e-01  9.770684382566673e-01
2.154999999999926e-01  9.770473875447853e-01  9.770473875439347e-01
2.155999999999926e-01  9.770263275153236e-01  9.770263275144715e-01
2.156999999999926e-01  9.770052581697534e-01  9.770052581688997e-01
2.157999999999926e-01  9.769841795086969e-01  9.769841795078416e-01
2.158999999999925e-01  9.769630915327766e-01  9.769630915319196e-01
2.159999999999925e-01  9.769419942426154e-01  9.769419942417568e-01
2.160999999999925e-01  9.769208876388363e-01  9.769208876379761e-01
2.161999999999925e-01  9.768997717220628e-01  9.768997717212009e-01
2.162999999999925e-01  9.768786464929182e-01  9.768786464920548e-01
2.163999999999925e-01  9.768575119520267e-01  9.768575119511617e-01
2.164999999999925e-01  9.768363681000124e-01  9.768363680991456e-01
2.165999999999925e-01  9.768152149374996e-01  9.768152149366311e-01
2.166999999999925e-01  9.767940524651129e-01  9.767940524642429e-01
2.167999999999924e-01  9.767728806834773e-01  9.767728806826057e-01
2.168999999999924e-01  9.767516995932182e-01  9.767516995923449e-01
2.169999999999924e-01  9.767305091949608e-01  9.767305091940859e-01
2.170999999999924e-01  9.767093094893311e-01  9.767093094884545e-01
2.171999999999924e-01  9.766881004769549e-01  9.766881004760766e-01
2.172999999999924e-01  9.766668821584584e-01  9.766668821575786e-01
2.173999999999924e-01  9.766456545344684e-01  9.766456545335869e-01
2.174999999999924e-01  9.766244176056116e-01  9.766244176047284e-01
2.175999999999924e-01  9.766031713725150e-01  9.766031713716301e-01
2.176999999999923e-01  9.765819158358059e-01  9.765819158349194e-01
2.177999999999923e-01  9.765606509961120e-01  9.765606509952238e-01
2.178999999999923e-01  9.765393768540611e-01  9.765393768531713e-01
2.179999999999923e-01  9.765180934102814e-01  9.765180934093899e-01
2.180999999999923e-01  9.764968006654012e-01  9.764968006645081e-01
2.181999999999923e-01  9.764754986200493e-01  9.764754986191545e-01
2.182999999999923e-01  9.764541872748546e-01  9.764541872739580e-01
2.183999999999923e-01  9.764328666304460e-01  9.764328666295479e-01
2.184999999999923e-01  9.764115366874533e-01  9.764115366865534e-01
2.185999999999922e-01  9.763901974465061e-01  9.763901974456046e-01
2.186999999999922e-01  9.763688489082344e-01  9.763688489073312e-01
2.187999999999922e-01  9.763474910732683e-01  9.763474910723635e-01
2.188999999999922e-01  9.763261239422386e-01  9.763261239413321e-01
2.189999999999922e-01  9.763047475157759e-01  9.763047475148677e-01
2.190999999999922e-01  9.762833617945113e-01  9.762833617936014e-01
2.191999999999922e-01  9.762619667790760e-01  9.762619667781645e-01
2.192999999999922e-01  9.762405624701016e-01  9.762405624691884e-01
2.193999999999922e-01  9.762191488682200e-01  9.762191488673052e-01
2.194999999999922e-01  9.761977259740634e-01  9.761977259731469e-01
2.195999999999921e-01  9.761762937882640e-01  9.761762937873458e-01
2.196999999999921e-01  9.761548523114545e-01  9.761548523105347e-01
2.197999999999921e-01  9.761334015442679e-01  9.761334015433463e-01
2.198999999999921e-01  9.761119414873372e-01  9.761119414864139e-01
2.199999999999921e-01  9.760904721412959e-01  9.760904721403709e-01
2.200999999999921e-01  9.760689935067777e-01  9.760689935058510e-01
2.201999999999921e-01  9.760475055844166e-01  9.760475055834881e-01
2.202999999999921e-01  9.760260083748467e-01  9.760260083739165e-01
2.203999999999921e-01  9.760045018787026e-01  9.760045018777707e-01
2.204999999999920e-01  9.759829860966189e-01  9.759829860956853e-01
2.205999999999920e-01  9.759614610292309e-01  9.759614610282955e-01
2.206999999999920e-01  9.759399266771736e-01  9.759399266762365e-01
2.207999999999920e-01  9.759183830410827e-01  9.759183830401439e-01
2.208999999999920e-01  9.758968301215940e-01  9.758968301206534e-01
2.209999999999920e-01  9.758752679193435e-01  9.758752679184012e-01
2.210999999999920e-01  9.758536964349677e-01  9.758536964340235e-01
2.211999999999920e-01  9.758321156691030e-01  9.758321156681571e-01
2.212999999999920e-01  9.758105256223863e-01  9.758105256214387e-01
2.213999999999919e-01  9.757889262954549e-01  9.757889262945054e-01
2.214999999999919e-01  9.757673176889460e-01  9.757673176879949e-01
2.215999999999919e-01  9.757456998034973e-01  9.757456998025444e-01
2.216999999999919e-01  9.757240726397469e-01  9.757240726387922e-01
2.217999999999919e-01  9.757024361983329e-01  9.757024361973764e-01
2.218999999999919e-01  9.756807904798935e-01  9.756807904789354e-01
2.219999999999919e-01  9.756591354850678e-01  9.756591354841079e-01
2.220999999999919e-01  9.756374712144945e-01  9.756374712135330e-01
2.221999999999919e-01  9.756157976688130e-01  9.756157976678498e-01
2.222999999999918e-01  9.755941148486629e-01  9.755941148476979e-01
2.223999999999918e-01  9.755724227546837e-01  9.755724227537170e-01
2.224999999999918e-01  9.755507213875156e-01  9.755507213865472e-01
2.225999999999918e-01  9.755290107477990e-01  9.755290107468287e-01
2.226999999999918e-01  9.755072908361743e-01  9.755072908352023e-01
2.227999999999918e-01  9.754855616532824e-01  9.754855616523086e-01
2.228999999999918e-01  9.754638231997643e-01  9.754638231987888e-01
2.229999999999918e-01  9.754420754762615e-01  9.754420754752842e-01
2.230999999999918e-01  9.754203184834156e-01  9.754203184824365e-01
2.231999999999917e-01  9.753985522218684e-01  9.753985522208876e-01
2.232999999999917e-01  9.753767766922622e-01  9.753767766912795e-01
2.233999999999917e-01  9.753549918952392e-01  9.753549918942548e-01
2.234999999999917e-01  9.753331978314422e-01  9.753331978304560e-01
2.235999999999917e-01  9.753113945015142e-01  9.753113945005262e-01
2.236999999999917e-01  9.752895819060982e-01  9.752895819051084e-01
2.237999999999917e-01  9.752677600458378e-01  9.752677600448463e-01
2.238999999999917e-01  9.752459289213767e-01  9.752459289203834e-01
2.239999999999917e-01  9.752240885333591e-01  9.752240885323639e-01
2.240999999999916e-01  9.752022388824290e-01  9.752022388814319e-01
2.241999999999916e-01  9.751803799692309e-01  9.751803799682320e-01
2.242999999999916e-01  9.751585117944097e-01  9.751585117934091e-01
2.243999999999916e-01  9.751366343586105e-01  9.751366343576080e-01
2.244999999999916e-01  9.751147476624785e-01  9.751147476614742e-01
2.245999999999916e-01  9.750928517066594e-01  9.750928517056532e-01
2.246999999999916e-01  9.750709464917988e-01  9.750709464907908e-01
2.247999999999916e-01  9.750490320185431e-01  9.750490320175332e-01
2.248999999999916e-01  9.750271082875385e-01  9.750271082865268e-01
2.249999999999915e-01  9.750051752994315e-01  9.750051752984181e-01
2.250999999999915e-01  9.749832330548693e-01  9.749832330538540e-01
2.251999999999915e-01  9.749612815544989e-01  9.749612815534817e-01
2.252999999999915e-01  9.749393207989677e-01  9.749393207979486e-01
2.253999999999915e-01  9.749173507889234e-01  9.749173507879025e-01
2.254999999999915e-01  9.748953715250139e-01  9.748953715239912e-01
2.255999999999915e-01  9.748733830078875e-01  9.748733830068629e-01
2.256999999999915e-01  9.748513852381926e-01  9.748513852371661e-01
2.257999999999915e-01  9.748293782165779e-01  9.748293782155495e-01
2.258999999999914e-01  9.748073619436924e-01  9.748073619426622e-01
2.259999999999914e-01  9.747853364201855e-01  9.747853364191533e-01
2.260999999999914e-01  9.747633016467065e-01  9.747633016456725e-01
2.261999999999914e-01  9.747412576239054e-01  9.747412576228695e-01
2.262999999999914e-01  9.747192043524321e-01  9.747192043513943e-01
2.263999999999914e-01  9.746971418329370e-01  9.746971418318973e-01
2.264999999999914e-01  9.746750700660706e-01  9.746750700650290e-01
2.265999999999914e-01  9.746529890524838e-01  9.746529890514403e-01
2.266999999999914e-01  9.746308987928276e-01  9.746308987917822e-01
2.267999999999913e-01  9.746087992877535e-01  9.746087992867062e-01
2.268999999999913e-01  9.745866905379129e-01  9.745866905368638e-01
2.269999999999913e-01  9.745645725439579e-01  9.745645725429070e-01
2.270999999999913e-01  9.745424453065406e-01  9.745424453054878e-01
2.271999999999913e-01  9.745203088263134e-01  9.745203088252588e-01
2.272999999999913e-01  9.744981631039289e-01  9.744981631028724e-01
2.273999999999913e-01  9.744760081400401e-01  9.744760081389817e-01
2.274999999999913e-01  9.744538439353002e-01  9.744538439342400e-01
2.275999999999913e-01  9.744316704903627e-01  9.744316704893006e-01
2.276999999999912e-01  9.744094878058813e-01  9.744094878048173e-01
2.277999999999912e-01  9.743872958825099e-01  9.743872958814440e-01
2.278999999999912e-01  9.743650947209028e-01  9.743650947198350e-01
2.279999999999912e-01  9.743428843217146e-01  9.743428843206449e-01
2.280999999999912e-01  9.743206646855999e-01  9.743206646845283e-01
2.281999999999912e-01  9.742984358132138e-01  9.742984358121404e-01
2.282999999999912e-01  9.742761977052117e-01  9.742761977041363e-01
2.283999999999912e-01  9.742539503622490e-01  9.742539503611718e-01
2.284999999999912e-01  9.742316937849816e-01  9.742316937839025e-01
2.285999999999911e-01  9.742094279740656e-01  9.742094279729846e-01
2.286999999999911e-01  9.741871529301573e-01  9.741871529290744e-01
2.287999999999911e-01  9.741648686539134e-01  9.741648686528286e-01
2.288999999999911e-01  9.741425751459906e-01  9.741425751449039e-01
2.289999999999911e-01  9.741202724070461e-01  9.741202724059576e-01
2.290999999999911e-01  9.740979604377374e-01  9.740979604366469e-01
2.291999999999911e-01  9.740756392387221e-01  9.740756392376296e-01
2.292999999999911e-01  9.740533088106580e-01  9.740533088095636e-01
2.293999999999911e-01  9.740309691542034e-01  9.740309691531070e-01
2.294999999999910e-01  9.740086202700167e-01  9.740086202689184e-01
2.295999999999910e-01  9.739862621587565e-01  9.739862621576564e-01
2.296999999999910e-01  9.739638948210819e-01  9.739638948199799e-01
2.297999999999910e-01  9.739415182576521e-01  9.739415182565482e-01
2.298999999999910e-01  9.739191324691265e-01  9.739191324680208e-01
2.299999999999910e-01  9.738967374561650e-01  9.738967374550573e-01
2.300999999999910e-01  9.738743332194275e-01  9.738743332183180e-01
2.301999999999910e-01  9.738519197595743e-01  9.738519197584629e-01
2.302999999999910e-01  9.738294970772660e-01  9.738294970761525e-01
2.303999999999910e-01  9.738070651731632e-01  9.738070651720478e-01
2.304999999999909e-01  9.737846240479271e-01  9.737846240468098e-01
2.305999999999909e-01  9.737621737022190e-01  9.737621737010997e-01
2.306999999999909e-01  9.737397141367005e-01  9.737397141355792e-01
2.307999999999909e-01  9.737172453520333e-01  9.737172453509102e-01
2.308999999999909e-01  9.736947673488797e-01  9.736947673477546e-01
2.309999999999909e-01  9.736722801279020e-01  9.736722801267749e-01
2.310999999999909e-01  9.736497836897627e-01  9.736497836886336e-01
2.311999999999909e-01  9.736272780351248e-01  9.736272780339937e-01
2.312999999999909e-01  9.736047631646515e-01  9.736047631635184e-01
2.313999999999908e-01  9.735822390790061e-01  9.735822390778710e-01
2.314999999999908e-01  9.735597057788522e-01  9.735597057777152e-01
2.315999999999908e-01  9.735371632648538e-01  9.735371632637149e-01
2.316999999999908e-01  9.735146115376752e-01  9.735146115365343e-01
2.317999999999908e-01  9.734920505979807e-01  9.734920505968379e-01
2.318999999999908e-01  9.734694804464351e-01  9.734694804452902e-01
2.319999999999908e-01  9.734469010837034e-01  9.734469010825565e-01
2.320999999999908e-01  9.734243125104507e-01  9.734243125093018e-01
2.321999999999908e-01  9.734017147273426e-01  9.734017147261917e-01
2.322999999999907e-01  9.733791077350448e-01  9.733791077338919e-01
2.323999999999907e-01  9.733564915342233e-01  9.733564915330685e-01
2.324999999999907e-01  9.733338661255445e-01  9.733338661243877e-01
2.325999999999907e-01  9.733112315096748e-01  9.733112315085160e-01
2.326999999999907e-01  9.732885876872810e-01  9.732885876861201e-01
2.327999999999907e-01  9.732659346590302e-01  9.732659346578674e-01
2.328999999999907e-01  9.732432724255898e-01  9.732432724244250e-01
2.329999999999907e-01  9.732206009876273e-01  9.732206009864605e-01
2.330999999999907e-01  9.731979203458105e-01  9.731979203446417e-01
2.331999999999906e-01  9.731752305008076e-01  9.731752304996367e-01
2.332999999999906e-01  9.731525314532868e-01  9.731525314521140e-01
2.333999999999906e-01  9.731298232039169e-01  9.731298232027421e-01
2.334999999999906e-01  9.731071057533668e-01  9.731071057521900e-01
2.335999999999906e-01  9.730843791023055e-01  9.730843791011267e-01
2.336999999999906e-01  9.730616432514024e-01  9.730616432502216e-01
2.337999999999906e-01  9.730388982013273e-01  9.730388982001444e-01
2.338999999999906e-01  9.730161439527499e-01  9.730161439515651e-01
2.339999999999906e-01  9.729933805063407e-01  9.729933805051538e-01
2.340999999999905e-01  9.729706078627699e-01  9.729706078615810e-01
2.341999999999905e-01  9.729478260227082e-01  9.729478260215173e-01
2.342999999999905e-01  9.729250349868268e-01  9.729250349856338e-01
2.343999999999905e-01  9.729022347557967e-01  9.729022347546016e-01
2.344999999999905e-01  9.728794253302895e-01  9.728794253290923e-01
2.345999999999905e-01  9.728566067109768e-01  9.728566067097777e-01
2.346999999999905e-01  9.728337788985308e-01  9.728337788973296e-01
2.347999999999905e-01  9.728109418936237e-01  9.728109418924203e-01
2.348999999999905e-01  9.727880956969279e-01  9.727880956957226e-01
2.349999999999904e-01  9.727652403091164e-01  9.727652403079089e-01
2.350999999999904e-01  9.727423757308620e-01  9.727423757296525e-01
2.351999999999904e-01  9.727195019628382e-01  9.727195019616266e-01
2.352999999999904e-01  9.726966190057185e-01  9.726966190045048e-01
2.353999999999904e-01  9.726737268601766e-01  9.726737268589609e-01
2.354999999999904e-01  9.726508255268868e-01  9.726508255256691e-01
2.355999999999904e-01  9.726279150065232e-01  9.726279150053035e-01
2.356999999999904e-01  9.726049952997607e-01  9.726049952985389e-01
2.357999999999904e-01  9.725820664072741e-01  9.725820664060502e-01
2.358999999999903e-01  9.725591283297383e-01  9.725591283285123e-01
2.359999999999903e-01  9.725361810678289e-01  9.725361810666008e-01
2.360999999999903e-01  9.725132246222215e-01  9.725132246209912e-01
2.361999999999903e-01  9.724902589935919e-01  9.724902589923595e-01
2.362999999999903e-01  9.724672841826163e-01  9.724672841813818e-01
2.363999999999903e-01  9.724443001899712e-01  9.724443001887346e-01
2.364999999999903e-01  9.724213070163332e-01  9.724213070150945e-01
2.365999999999903e-01  9.723983046623793e-01  9.723983046611385e-01
2.366999999999903e-01  9.723752931287867e-01  9.723752931275438e-01
2.367999999999902e-01  9.723522724162328e-01  9.723522724149878e-01
2.368999999999902e-01  9.723292425253953e-01  9.723292425241482e-01
2.369999999999902e-01  9.723062034569523e-01  9.723062034557031e-01
2.370999999999902e-01  9.722831552115819e-01  9.722831552103306e-01
2.371999999999902e-01  9.722600977899627e-01  9.722600977887093e-01
2.372999999999902e-01  9.722370311927734e-01  9.722370311915178e-01
2.373999999999902e-01  9.722139554206930e-01  9.722139554194353e-01
2.374999999999902e-01  9.721908704744008e-01  9.721908704731410e-01
2.375999999999902e-01  9.721677763545763e-01  9.721677763533144e-01
2.376999999999901e-01  9.721446730618993e-01  9.721446730606353e-01
2.377999999999901e-01  9.721215605970500e-01  9.721215605957838e-01
2.378999999999901e-01  9.720984389607086e-01  9.720984389594401e-01
2.379999999999901e-01  9.720753081535556e-01  9.720753081522849e-01
2.380999999999901e-01  9.720521681762718e-01  9.720521681749991e-01
2.381999999999901e-01  9.720290190295384e-01  9.720290190282636e-01
2.382999999999901e-01  9.720058607140367e-01  9.720058607127597e-01
2.383999999999901e-01  9.719826932304484e-01  9.719826932291692e-01
2.384999999999901e-01  9.719595165794552e-01  9.719595165781738e-01
2.385999999999900e-01  9.719363307617394e-01  9.719363307604558e-01
2.386999999999900e-01  9.719131357779831e-01  9.719131357766975e-01
2.387999999999900e-01  9.718899316288693e-01  9.718899316275814e-01
2.388999999999900e-01  9.718667183150806e-01  9.718667183137906e-01
2.389999999999900e-01  9.718434958373003e-01  9.718434958360082e-01
2.390999999999900e-01  9.718202641962118e-01  9.718202641949175e-01
2.391999999999900e-01  9.717970233924987e-01  9.717970233912023e-01
2.392999999999900e-01  9.717737734268451e-01  9.717737734255465e-01
2.393999999999900e-01  9.717505142999351e-01  9.717505142986342e-01
2.394999999999899e-01  9.717272460124531e-01  9.717272460111500e-01
2.395999999999899e-01  9.717039685650838e-01  9.717039685637786e-01
2.396999999999899e-01  9.716806819585122e-01  9.716806819572048e-01
2.397999999999899e-01  9.716573861934236e-01  9.716573861921140e-01
2.398999999999899e-01  9.716340812705033e-01  9.716340812691915e-01
2.399999999999899e-01  9.716107671904373e-01  9.716107671891232e-01
2.400999999999899e-01  9.715874439539114e-01  9.715874439525951e-01
2.401999999999899e-01  9.715641115616119e-01  9.715641115602934e-01
2.402999999999899e-01  9.715407700142253e-01  9.715407700129046e-01
2.403999999999898e-01  9.715174193124385e-01  9.715174193111156e-01
2.404999999999898e-01  9.714940594569383e-01  9.714940594556132e-01
2.405999999999898e-01  9.714706904484123e-01  9.714706904470849e-01
2.406999999999898e-01  9.714473122875478e-01  9.714473122862182e-01
2.407999999999898e-01  9.714239249750326e-01  9.714239249737008e-01
2.408999999999898e-01  9.714005285115549e-01  9.714005285102209e-01
2.409999999999898e-01  9.713771228978030e-01  9.713771228964667e-01
2.410999999999898e-01  9.713537081344653e-01  9.713537081331268e-01
2.411999999999898e-01  9.713302842222309e-01  9.713302842208902e-01
2.412999999999897e-01  9.713068511617887e-01  9.713068511604458e-01
2.413999999999897e-01  9.712834089538281e-01  9.712834089524830e-01
2.414999999999897e-01  9.712599575990388e-01  9.712599575976915e-01
2.415999999999897e-01  9.712364970981107e-01  9.712364970967611e-01
2.416999999999897e-01  9.712130274517337e-01  9.712130274503818e-01
2.417999999999897e-01  9.711895486605984e-01  9.711895486592442e-01
2.418999999999897e-01  9.711660607253952e-01  9.711660607240389e-01
2.419999999999897e-01  9.711425636468153e-01  9.711425636454567e-01
2.420999999999897e-01  9.711190574255497e-01  9.711190574241888e-01
2.421999999999897e-01  9.710955420622899e-01  9.710955420609266e-01
2.422999999999896e-01  9.710720175577274e-01  9.710720175563620e-01
2.423999999999896e-01  9.710484839125543e-01  9.710484839111866e-01
2.424999999999896e-01  9.710249411274626e-01  9.710249411260927e-01
2.425999999999896e-01  9.710013892031450e-01  9.710013892017728e-01
2.426999999999896e-01  9.709778281402941e-01  9.709778281389195e-01
2.427999999999896e-01  9.709542579396028e-01  9.709542579382259e-01
2.428999999999896e-01  9.709306786017643e-01  9.709306786003851e-01
2.429999999999896e-01  9.709070901274721e-01  9.709070901260907e-01
2.430999999999896e-01  9.708834925174200e-01  9.708834925160362e-01
2.431999999999895e-01  9.708598857723020e-01  9.708598857709159e-01
2.432999999999895e-01  9.708362698928121e-01  9.708362698914238e-01
2.433999999999895e-01  9.708126448796451e-01  9.708126448782545e-01
2.434999999999895e-01  9.707890107334957e-01  9.707890107321028e-01
2.435999999999895e-01  9.707653674550588e-01  9.707653674536636e-01
2.436999999999895e-01  9.707417150450297e-01  9.707417150436323e-01
2.437999999999895e-01  9.707180535041040e-01  9.707180535027042e-01
2.438999999999895e-01  9.706943828329775e-01  9.706943828315754e-01
2.439999999999895e-01  9.706707030323461e-01  9.706707030309417e-01
2.440999999999894e-01  9.706470141029063e-01  9.706470141014996e-01
2.441999999999894e-01  9.706233160453546e-01  9.706233160439455e-01
2.442999999999894e-01  9.705996088603877e-01  9.705996088589762e-01
2.443999999999894e-01  9.705758925487027e-01  9.705758925472889e-01
2.444999999999894e-01  9.705521671109970e-01  9.705521671095809e-01
2.445999999999894e-01  9.705284325479682e-01  9.705284325465499e-01
2.446999999999894e-01  9.705046888603140e-01  9.705046888588934e-01
2.447999999999894e-01  9.704809360487328e-01  9.704809360473098e-01
2.448999999999894e-01  9.704571741139226e-01  9.704571741124973e-01
2.449999999999893e-01  9.704334030565823e-01  9.704334030551547e-01
2.450999999999893e-01  9.704096228774106e-01  9.704096228759806e-01
2.451999999999893e-01  9.703858335771067e-01  9.703858335756744e-01
2.452999999999893e-01  9.703620351563700e-01  9.703620351549354e-01
2.453999999999893e-01  9.703382276159000e-01  9.703382276144630e-01
2.454999999999893e-01  9.703144109563967e-01  9.703144109549573e-01
2.455999999999893e-01  9.702905851785603e-01  9.702905851771185e-01
2.456999999999893e-01  9.702667502830911e-01  9.702667502816470e-01
2.457999999999893e-01  9.702429062706898e-01  9.702429062692434e-01
2.458999999999892e-01  9.702190531420573e-01  9.702190531406085e-01
2.459999999999892e-01  9.701951908978947e-01  9.701951908964437e-01
2.460999999999892e-01  9.701713195389037e-01  9.701713195374503e-01
2.461999999999892e-01  9.701474390657857e-01  9.701474390643300e-01
2.462999999999892e-01  9.701235494792428e-01  9.701235494777848e-01
2.463999999999892e-01  9.700996507799773e-01  9.700996507785168e-01
2.464999999999892e-01  9.700757429686915e-01  9.700757429672285e-01
2.465999999999892e-01  9.700518260460881e-01  9.700518260446228e-01
2.466999999999892e-01  9.700279000128701e-01  9.700279000114025e-01
2.467999999999891e-01  9.700039648697407e-01  9.700039648682708e-01
2.468999999999891e-01  9.699800206174035e-01  9.699800206159311e-01
2.469999999999891e-01  9.699560672565621e-01  9.699560672550873e-01
2.470999999999891e-01  9.699321047879206e-01  9.699321047864434e-01
2.471999999999891e-01  9.699081332121832e-01  9.699081332107036e-01
2.472999999999891e-01  9.698841525300543e-01  9.698841525285723e-01
2.473999999999891e-01  9.698601627422389e-01  9.698601627407544e-01
2.474999999999891e-01  9.698361638494417e-01  9.698361638479549e-01
2.475999999999891e-01  9.698121558523682e-01  9.698121558508791e-01
2.476999999999890e-01  9.697881387517240e-01  9.697881387502324e-01
2.477999999999890e-01  9.697641125482147e-01  9.697641125467207e-01
2.478999999999890e-01  9.697400772425464e-01  9.697400772410499e-01
2.479999999999890e-01  9.697160328354254e-01  9.697160328339265e-01
2.480999999999890e-01  9.696919793275582e-01  9.696919793260569e-01
2.481999999999890e-01  9.696679167196517e-01  9.696679167181480e-01
2.482999999999890e-01  9.696438450124129e-01  9.696438450109067e-01
2.483999999999890e-01  9.696197642065490e-01  9.696197642050405e-01
2.484999999999890e-01  9.695956743027678e-01  9.695956743012569e-01
2.485999999999889e-01  9.695715753017771e-01  9.695715753002637e-01
2.486999999999889e-01  9.695474672042849e-01  9.695474672027691e-01
2.487999999999889e-01  9.695233500109994e-01  9.695233500094812e-01
2.488999999999889e-01  9.694992237226294e-01  9.694992237211087e-01
2.489999999999889e-01  9.694750883398837e-01  9.694750883383606e-01
2.490999999999889e-01  9.694509438634714e-01  9.694509438619459e-01
2.491999999999889e-01  9.694267902941018e-01  9.694267902925738e-01
2.492999999999889e-01  9.694026276324846e-01  9.694026276309542e-01
2.493999999999889e-01  9.693784558793297e-01  9.693784558777968e-01
2.494999999999888e-01  9.693542750353471e-01  9.693542750338118e-01
2.495999999999888e-01  9.693300851012473e-01  9.693300850997094e-01
2.496999999999888e-01  9.693058860777408e-01  9.693058860762005e-01
2.497999999999888e-01  9.692816779655385e-01  9.692816779639958e-01
2.498999999999888e-01  9.692574607653517e-01  9.692574607638065e-01
2.499999999999888e-01  9.692332344778917e-01  9.692332344763440e-01
2.500999999999888e-01  9.692089991038700e-01  9.692089991023200e-01
2.501999999999888e-01  9.691847546439988e-01  9.691847546424462e-01
2.502999999999888e-01  9.691605010989901e-01  9.691605010974350e-01
2.503999999999887e-01  9.691362384695563e-01  9.691362384679988e-01
2.504999999999887e-01  9.691119667564102e-01  9.691119667548501e-01
2.505999999999887e-01  9.690876859602646e-01  9.690876859587020e-01
2.506999999999887e-01  9.690633960818328e-01  9.690633960802676e-01
2.507999999999887e-01  9.690390971218280e-01  9.690390971202604e-01
2.508999999999887e-01  9.690147890809642e-01  9.690147890793940e-01
2.509999999999887e-01  9.689904719599550e-01  9.689904719583824e-01
2.510999999999887e-01  9.689661457595149e-01  9.689661457579398e-01
2.511999999999887e-01  9.689418104803582e-01  9.689418104787807e-01
2.512999999999886e-01  9.689174661231997e-01  9.689174661216197e-01
2.513999999999886e-01  9.688931126887543e-01  9.688931126871718e-01
2.514999999999886e-01  9.688687501777373e-01  9.688687501761523e-01
2.515999999999886e-01  9.688443785908640e-01  9.688443785892765e-01
2.516999999999886e-01  9.688199979288503e-01  9.688199979272603e-01
2.517999999999886e-01  9.687956081924122e-01  9.687956081908196e-01
2.518999999999886e-01  9.687712093822657e-01  9.687712093806706e-01
2.519999999999886e-01  9.687468014991275e-01  9.687468014975299e-01
2.520999999999886e-01  9.687223845437143e-01  9.687223845421141e-01
2.521999999999885e-01  9.686979585167430e-01  9.686979585151403e-01
2.522999999999885e-01  9.686735234189310e-01  9.686735234173257e-01
2.523999999999885e-01  9.686490792509956e-01  9.686490792493878e-01
2.524999999999885e-01  9.686246260136548e-01  9.686246260120445e-01
2.525999999999885e-01  9.686001637076265e-01  9.686001637060137e-01
2.526999999999885e-01  9.685756923336290e-01  9.685756923320136e-01
2.527999999999885e-01  9.685512118923807e-01  9.685512118907628e-01
2.528999999999885e-01  9.685267223846005e-01  9.685267223829800e-01
2.529999999999885e-01  9.685022238110074e-01  9.685022238093843e-01
2.530999999999885e-01  9.684777161723206e-01  9.684777161706950e-01
2.531999999999884e-01  9.684531994692598e-01  9.684531994676316e-01
2.532999999999884e-01  9.684286737025447e-01  9.684286737009140e-01
2.533999999999884e-01  9.684041388728953e-01  9.684041388712621e-01
2.534999999999884e-01  9.683795949810320e-01  9.683795949793962e-01
2.535999999999884e-01  9.683550420276752e-01  9.683550420260368e-01
2.536999999999884e-01  9.683304800135458e-01  9.683304800119049e-01
2.537999999999884e-01  9.683059089393650e-01  9.683059089377214e-01
2.538999999999884e-01  9.682813288058538e-01  9.682813288042077e-01
2.539999999999884e-01  9.682567396137340e-01  9.682567396120852e-01
2.540999999999883e-01  9.682321413637274e-01  9.682321413620760e-01
2.541999999999883e-01  9.682075340565559e-01  9.682075340549020e-01
2.542999999999883e-01  9.681829176929420e-01  9.681829176912855e-01
2.543999999999883e-01  9.681582922736082e-01  9.681582922719492e-01
2.544999999999883e-01  9.681336577992773e-01  9.681336577976157e-01
2.545999999999883e-01  9.681090142706725e-01  9.681090142690083e-01
2.546999999999883e-01  9.680843616885171e-01  9.680843616868503e-01
2.547999999999883e-01  9.680597000535346e-01  9.680597000518653e-01
2.548999999999883e-01  9.680350293664489e-01  9.680350293647770e-01
2.549999999999882e-01  9.680103496279842e-01  9.680103496263097e-01
2.550999999999882e-01  9.679856608388647e-01  9.679856608371876e-01
2.551999999999882e-01  9.679609629998152e-01  9.679609629981354e-01
2.552999999999882e-01  9.679362561115603e-01  9.679362561098779e-01
2.553999999999882e-01  9.679115401748253e-01  9.679115401731402e-01
2.554999999999882e-01  9.678868151903354e-01  9.678868151886477e-01
2.555999999999882e-01  9.678620811588163e-01  9.678620811571260e-01
2.556999999999882e-01  9.678373380809939e-01  9.678373380793010e-01
2.557999999999882e-01  9.678125859575943e-01  9.678125859558987e-01
2.558999999999881e-01  9.677878247893439e-01  9.677878247876456e-01
2.559999999999881e-01  9.677630545769692e-01  9.677630545752682e-01
2.560999999999881e-01  9.677382753211973e-01  9.677382753194936e-01
2.561999999999881e-01  9.677134870227551e-01  9.677134870210489e-01
2.562999999999881e-01  9.676886896823701e-01  9.676886896806612e-01
2.563999999999881e-01  9.676638833007699e-01  9.676638832990584e-01
2.564999999999881e-01  9.676390678786825e-01  9.676390678769683e-01
2.565999999999881e-01  9.676142434168359e-01  9.676142434151190e-01
2.566999999999881e-01  9.675894099159585e-01  9.675894099142390e-01
2.567999999999880e-01  9.675645673767791e-01  9.675645673750569e-01
2.568999999999880e-01  9.675397158000265e-01  9.675397157983017e-01
2.569999999999880e-01  9.675148551864299e-01  9.675148551847024e-01
2.570999999999880e-01  9.674899855367186e-01  9.674899855349884e-01
2.571999999999880e-01  9.674651068516223e-01  9.674651068498895e-01
2.572999999999880e-01  9.674402191318710e-01  9.674402191301354e-01
2.573999999999880e-01  9.674153223781947e-01  9.674153223764564e-01
2.574999999999880e-01  9.673904165913240e-01  9.673904165895830e-01
2.575999999999880e-01  9.673655017719893e-01  9.673655017702457e-01
2.576999999999879e-01  9.673405779209218e-01  9.673405779191755e-01
2.577999999999879e-01  9.673156450388525e-01  9.673156450371035e-01
2.578999999999879e-01  9.672907031265129e-01  9.672907031247613e-01
2.579999999999879e-01  9.672657521846346e-01  9.672657521828804e-01
2.580999999999879e-01  9.672407922139497e-01  9.672407922121927e-01
2.581999999999879e-01  9.672158232151902e-01  9.672158232134305e-01
2.582999999999879e-01  9.671908451890886e-01  9.671908451873261e-01
2.583999999999879e-01  9.671658581363776e-01  9.671658581346123e-01
2.584999999999879e-01  9.671408620577900e-01  9.671408620560220e-01
2.585999999999878e-01  9.671158569540592e-01  9.671158569522884e-01
2.586999999999878e-01  9.670908428259185e-01  9.670908428241449e-01
2.587999999999878e-01  9.670658196741015e-01  9.670658196723253e-01
2.588999999999878e-01  9.670407874993424e-01  9.670407874975634e-01
2.589999999999878e-01  9.670157463023752e-01  9.670157463005934e-01
2.590999999999878e-01  9.669906960839344e-01  9.669906960821498e-01
2.591999999999878e-01  9.669656368447547e-01  9.669656368429673e-01
2.592999999999878e-01  9.669405685855710e-01  9.669405685837809e-01
2.593999999999878e-01  9.669154913071185e-01  9.669154913053256e-01
2.594999999999877e-01  9.668904050101328e-01  9.668904050083371e-01
2.595999999999877e-01  9.668653096953495e-01  9.668653096935510e-01
2.596999999999877e-01  9.668402053635045e-01  9.668402053617032e-01
2.597999999999877e-01  9.668150920153340e-01  9.668150920135300e-01
2.598999999999877e-01  9.667899696515745e-01  9.667899696497677e-01
2.599999999999877e-01  9.667648382729627e-01  9.667648382711532e-01
2.600999999999877e-01  9.667396978802356e-01  9.667396978784234e-01
2.601999999999877e-01  9.667145484741304e-01  9.667145484723154e-01
2.602999999999877e-01  9.666893900553846e-01  9.666893900535668e-01
2.603999999999876e-01  9.666642226247357e-01  9.666642226229152e-01
2.604999999999876e-01  9.666390461829220e-01  9.666390461810986e-01
2.605999999999876e-01  9.666138607306815e-01  9.666138607288552e-01
2.606999999999876e-01  9.665886662687526e-01  9.665886662669236e-01
2.607999999999876e-01  9.665634627978742e-01  9.665634627960424e-01
2.608999999999876e-01  9.665382503187852e-01  9.665382503169506e-01
2.609999999999876e-01  9.665130288322247e-01  9.665130288303874e-01
2.610999999999876e-01  9.664877983389323e-01  9.664877983370922e-01
2.611999999999876e-01  9.664625588396477e-01  9.664625588378049e-01
2.612999999999875e-01  9.664373103351109e-01  9.664373103332652e-01
2.613999999999875e-01  9.664120528260621e-01  9.664120528242136e-01
2.614999999999875e-01  9.663867863132418e-01  9.663867863113904e-01
2.615999999999875e-01  9.663615107973906e-01  9.663615107955364e-01
2.616999999999875e-01  9.663362262792496e-01  9.663362262773927e-01
2.617999999999875e-01  9.663109327595600e-01  9.663109327577003e-01
2.618999999999875e-01  9.662856302390633e-01  9.662856302372007e-01
2.619999999999875e-01  9.662603187185012e-01  9.662603187166358e-01
2.620999999999875e-01  9.662349981986156e-01  9.662349981967473e-01
2.621999999999874e-01  9.662096686801488e-01  9.662096686782777e-01
2.622999999999874e-01  9.661843301638433e-01  9.661843301619694e-01
2.623999999999874e-01  9.661589826504419e-01  9.661589826485650e-01
2.624999999999874e-01  9.661336261406873e-01  9.661336261388077e-01
2.625999999999874e-01  9.661082606353231e-01  9.661082606334406e-01
2.626999999999874e-01  9.660828861350925e-01  9.660828861332071e-01
2.627999999999874e-01  9.660575026407393e-01  9.660575026388512e-01
2.628999999999874e-01  9.660321101530075e-01  9.660321101511166e-01
2.629999999999874e-01  9.660067086726414e-01  9.660067086707476e-01
2.630999999999873e-01  9.659812982003854e-01  9.659812981984887e-01
2.631999999999873e-01  9.659558787369842e-01  9.659558787350846e-01
2.632999999999873e-01  9.659304502831828e-01  9.659304502812804e-01
2.633999999999873e-01  9.659050128397265e-01  9.659050128378213e-01
2.634999999999873e-01  9.658795664073608e-01  9.658795664054527e-01
2.635999999999873e-01  9.658541109868314e-01  9.658541109849204e-01
2.636999999999873e-01  9.658286465788842e-01  9.658286465769703e-01
2.637999999999873e-01  9.658031731842656e-01  9.658031731823488e-01
2.638999999999873e-01  9.657776908037218e-01  9.657776908018021e-01
2.639999999999872e-01  9.657521994379997e-01  9.657521994360772e-01
2.640999999999872e-01  9.657266990878464e-01  9.657266990859209e-01
2.641999999999872e-01  9.657011897540089e-01  9.657011897520805e-01
2.642999999999872e-01  9.656756714372349e-01  9.656756714353035e-01
2.643999999999872e-01  9.656501441382720e-01  9.656501441363377e-01
2.644999999999872e-01  9.656246078578682e-01  9.656246078559310e-01
2.645999999999872e-01  9.655990625967718e-01  9.655990625948315e-01
2.646999999999872e-01  9.655735083557311e-01  9.655735083537880e-01
2.647999999999872e-01  9.655479451354949e-01  9.655479451335489e-01
2.648999999999872e-01  9.655223729368123e-01  9.655223729348634e-01
2.649999999999871e-01  9.654967917604325e-01  9.654967917584807e-01
2.650999999999871e-01  9.654712016071049e-01  9.654712016051501e-01
2.651999999999871e-01  9.654456024775792e-01  9.654456024756215e-01
2.652999999999871e-01  9.654199943726054e-01  9.654199943706449e-01
2.653999999999871e-01  9.653943772929339e-01  9.653943772909703e-01
2.654999999999871e-01  9.653687512393150e-01  9.653687512373484e-01
2.655999999999871e-01  9.653431162124994e-01  9.653431162105299e-01
2.656999999999871e-01  9.653174722132380e-01  9.653174722112657e-01
2.657999999999871e-01  9.652918192422824e-01  9.652918192403070e-01
2.658999999999870e-01  9.652661573003837e-01  9.652661572984054e-01
2.659999999999870e-01  9.652404863882937e-01  9.652404863863124e-01
2.660999999999870e-01  9.652148065067645e-01  9.652148065047803e-01
2.661999999999870e-01  9.651891176565482e-01  9.651891176545611e-01
2.662999999999870e-01  9.651634198383974e-01  9.651634198364072e-01
2.663999999999870e-01  9.651377130530646e-01  9.651377130510714e-01
2.664999999999870e-01  9.651119973013029e-01  9.651119972993069e-01
2.665999999999870e-01  9.650862725838656e-01  9.650862725818665e-01
2.666999999999870e-01  9.650605389015060e-01  9.650605388995039e-01
2.667999999999869e-01  9.650347962549779e-01  9.650347962529728e-01
2.668999999999869e-01  9.650090446450352e-01  9.650090446430272e-01
2.669999999999869e-01  9.649832840724323e-01  9.649832840704212e-01
2.670999999999869e-01  9.649575145379234e-01  9.649575145359094e-01
2.671999999999869e-01  9.649317360422635e-01  9.649317360402464e-01
2.672999999999869e-01  9.649059485862072e-01  9.649059485841871e-01
2.673999999999869e-01  9.648801521705099e-01  9.648801521684868e-01
2.674999999999869e-01  9.648543467959271e-01  9.648543467939009e-01
2.675999999999869e-01  9.648285324632144e-01  9.648285324611853e-01
2.676999999999868e-01  9.648027091731278e-01  9.648027091710957e-01
2.677999999999868e-01  9.647768769264236e-01  9.647768769243884e-01
2.678999999999868e-01  9.647510357238580e-01  9.647510357218199e-01
2.679999999999868e-01  9.647251855661879e-01  9.647251855641468e-01
2.680999999999868e-01  9.646993264541702e-01  9.646993264521260e-01
2.681999999999868e-01  9.646734583885621e-01  9.646734583865147e-01
2.682999999999868e-01  9.646475813701210e-01  9.646475813680706e-01
2.683999999999868e-01  9.646216953996045e-01  9.646216953975512e-01
2.684999999999868e-01  9.645958004777707e-01  9.645958004757144e-01
2.685999999999867e-01  9.645698966053778e-01  9.645698966033184e-01
2.686999999999867e-01  9.645439837831842e-01  9.645439837811217e-01
2.687999999999867e-01  9.645180620119485e-01  9.645180620098830e-01
2.688999999999867e-01  9.644921312924296e-01  9.644921312903612e-01
2.689999999999867e-01  9.644661916253868e-01  9.644661916233154e-01
2.690999999999867e-01  9.644402430115796e-01  9.644402430095050e-01
2.691999999999867e-01  9.644142854517674e-01  9.644142854496899e-01
2.692999999999867e-01  9.643883189467104e-01  9.643883189446298e-01
2.693999999999867e-01  9.643623434971687e-01  9.643623434950850e-01
2.694999999999866e-01  9.643363591039026e-01  9.643363591018158e-01
2.695999999999866e-01  9.643103657676728e-01  9.643103657655829e-01
2.696999999999866e-01  9.642843634892403e-01  9.642843634871474e-01
2.697999999999866e-01  9.642583522693662e-01  9.642583522672703e-01
2.698999999999866e-01  9.642323321088120e-01  9.642323321067130e-01
2.699999999999866e-01  9.642063030083392e-01  9.642063030062371e-01
2.700999999999866e-01  9.641802649687098e-01  9.641802649666046e-01
2.701999999999866e-01  9.641542179906859e-01  9.641542179885777e-01
2.702999999999866e-01  9.641281620750300e-01  9.641281620729187e-01
2.703999999999865e-01  9.641020972225047e-01  9.641020972203903e-01
2.704999999999865e-01  9.640760234338729e-01  9.640760234317554e-01
2.705999999999865e-01  9.640499407098977e-01  9.640499407077770e-01
2.706999999999865e-01  9.640238490513425e-01  9.640238490492188e-01
2.707999999999865e-01  9.639977484589710e-01  9.639977484568442e-01
2.708999999999865e-01  9.639716389335470e-01  9.639716389314170e-01
2.709999999999865e-01  9.639455204758347e-01  9.639455204737015e-01
2.710999999999865e-01  9.639193930865985e-01  9.639193930844622e-01
2.711999999999865e-01  9.638932567666029e-01  9.638932567644635e-01
2.712999999999864e-01  9.638671115166129e-01  9.638671115144702e-01
2.713999999999864e-01  9.638409573373935e-01  9.638409573352478e-01
2.714999999999864e-01  9.638147942297102e-01  9.638147942275613e-01
2.715999999999864e-01  9.637886221943285e-01  9.637886221921765e-01
2.716999999999864e-01  9.637624412320143e-01  9.637624412298592e-01
2.717999999999864e-01  9.637362513435337e-01  9.637362513413755e-01
2.718999999999864e-01  9.637100525296531e-01  9.637100525274918e-01
2.719999999999864e-01  9.636838447911391e-01  9.636838447889746e-01
2.720999999999864e-01  9.636576281287585e-01  9.636576281265910e-01
2.721999999999863e-01  9.636314025432785e-01  9.636314025411078e-01
2.722999999999863e-01  9.636051680354664e-01  9.636051680332924e-01
2.723999999999863e-01  9.635789246060896e-01  9.635789246039126e-01
2.724999999999863e-01  9.635526722559162e-01  9.635526722537360e-01
2.725999999999863e-01  9.635264109857142e-01  9.635264109835308e-01
2.726999999999863e-01  9.635001407962519e-01  9.635001407940653e-01
2.727999999999863e-01  9.634738616882979e-01  9.634738616861082e-01
2.728999999999863e-01  9.634475736626209e-01  9.634475736604281e-01
2.729999999999863e-01  9.634212767199902e-01  9.634212767177942e-01
2.730999999999862e-01  9.633949708611750e-01  9.633949708589759e-01
2.731999999999862e-01  9.633686560869449e-01  9.633686560847425e-01
2.732999999999862e-01  9.633423323980697e-01  9.633423323958641e-01
2.733999999999862e-01  9.633159997953193e-01  9.633159997931106e-01
2.734999999999862e-01  9.632896582794642e-01  9.632896582772522e-01
2.735999999999862e-01  9.632633078512749e-01  9.632633078490597e-01
2.736999999999862e-01  9.632369485115221e-01  9.632369485093036e-01
2.737999999999862e-01  9.632105802609770e-01  9.632105802587553e-01
2.738999999999862e-01  9.631842031004108e-01  9.631842030981859e-01
2.739999999999861e-01  9.631578170305950e-01  9.631578170283668e-01
2.740999999999861e-01  9.631314220523014e-01  9.631314220500700e-01
2.741999999999861e-01  9.631050181663020e-01  9.631050181640674e-01
2.742999999999861e-01  9.630786053733692e-01  9.630786053711313e-01
2.743999999999861e-01  9.630521836742754e-01  9.630521836720343e-01
2.744999999999861e-01  9.630257530697933e-01  9.630257530675490e-01
2.745999999999861e-01  9.629993135606961e-01  9.629993135584486e-01
2.746999999999861e-01  9.629728651477570e-01  9.629728651455062e-01
2.747999999999861e-01  9.629464078317495e-01  9.629464078294954e-01
2.748999999999860e-01  9.629199416134472e-01  9.629199416111899e-01
2.749999999999860e-01  9.628934664936242e-01  9.628934664913636e-01
2.750999999999860e-01  9.628669824730548e-01  9.628669824707909e-01
2.751999999999860e-01  9.628404895525134e-01  9.628404895502463e-01
2.752999999999860e-01  9.628139877327748e-01  9.628139877305043e-01
2.753999999999860e-01  9.627874770146140e-01  9.627874770123401e-01
2.754999999999860e-01  9.627609573988061e-01  9.627609573965289e-01
2.755999999999860e-01  9.627344288861266e-01  9.627344288838461e-01
2.756999999999860e-01  9.627078914773513e-01  9.627078914750674e-01
2.757999999999860e-01  9.626813451732560e-01  9.626813451709688e-01
2.758999999999859e-01  9.626547899746170e-01  9.626547899723266e-01
2.759999999999859e-01  9.626282258822108e-01  9.626282258799170e-01
2.760999999999859e-01  9.626016528968140e-01  9.626016528945169e-01
2.761999999999859e-01  9.625750710192036e-01  9.625750710169032e-01
2.762999999999859e-01  9.625484802501567e-01  9.625484802478530e-01
2.763999999999859e-01  9.625218805904509e-01  9.625218805881438e-01
2.764999999999859e-01  9.624952720408637e-01  9.624952720385533e-01
2.765999999999859e-01  9.624686546021731e-01  9.624686545998594e-01
2.766999999999859e-01  9.624420282751573e-01  9.624420282728403e-01
2.767999999999858e-01  9.624153930605946e-01  9.624153930582744e-01
2.768999999999858e-01  9.623887489592639e-01  9.623887489569403e-01
2.769999999999858e-01  9.623620959719438e-01  9.623620959696169e-01
2.770999999999858e-01  9.623354340994136e-01  9.623354340970833e-01
2.771999999999858e-01  9.623087633424526e-01  9.623087633401190e-01
2.772999999999858e-01  9.622820837018407e-01  9.622820836995036e-01
2.773999999999858e-01  9.622553951783575e-01  9.622553951760170e-01
2.774999999999858e-01  9.622286977727831e-01  9.622286977704393e-01
2.775999999999858e-01  9.622019914858980e-01  9.622019914835509e-01
2.776999999999857e-01  9.621752763184829e-01  9.621752763161324e-01
2.777999999999857e-01  9.621485522713185e-01  9.621485522689647e-01
2.778999999999857e-01  9.621218193451859e-01  9.621218193428288e-01
2.779999999999857e-01  9.620950775408666e-01  9.620950775385061e-01
2.780999999999857e-01  9.620683268591421e-01  9.620683268567782e-01
2.781999999999857e-01  9.620415673007943e-01  9.620415672984270e-01
2.782999999999857e-01  9.620147988666051e-01  9.620147988642346e-01
2.783999999999857e-01  9.619880215573571e-01  9.619880215549831e-01
2.784999999999857e-01  9.619612353738326e-01  9.619612353714553e-01
2.785999999999856e-01  9.619344403168146e-01  9.619344403144339e-01
2.786999999999856e-01  9.619076363870861e-01  9.619076363847020e-01
2.787999999999856e-01  9.618808235854305e-01  9.618808235830429e-01
2.788999999999856e-01  9.618540019126312e-01  9.618540019102403e-01
2.789999999999856e-01  9.618271713694720e-01  9.618271713670777e-01
2.790999999999856e-01  9.618003319567371e-01  9.618003319543393e-01
2.791999999999856e-01  9.617734836752106e-01  9.617734836728095e-01
2.792999999999856e-01  9.617466265256772e-01  9.617466265232726e-01
2.793999999999856e-01  9.617197605089215e-01  9.617197605065135e-01
2.794999999999855e-01  9.616928856257286e-01  9.616928856233172e-01
2.795999999999855e-01  9.616660018768838e-01  9.616660018744689e-01
2.796999999999855e-01  9.616391092631725e-01  9.616391092607542e-01
2.797999999999855e-01  9.616122077853806e-01  9.616122077829589e-01
2.798999999999855e-01  9.615852974442939e-01  9.615852974418687e-01
2.799999999999855e-01  9.615583782406988e-01  9.615583782382702e-01
2.800999999999855e-01  9.615314501753817e-01  9.615314501729496e-01
2.801999999999855e-01  9.615045132491292e-01  9.615045132466937e-01
2.802999999999855e-01  9.614775674627285e-01  9.614775674602896e-01
2.803999999999854e-01  9.614506128169668e-01  9.614506128145244e-01
2.804999999999854e-01  9.614236493126314e-01  9.614236493101855e-01
2.805999999999854e-01  9.613966769505100e-01  9.613966769480607e-01
2.806999999999854e-01  9.613696957313906e-01  9.613696957289379e-01
2.807999999999854e-01  9.613427056560615e-01  9.613427056536052e-01
2.808999999999854e-01  9.613157067253110e-01  9.613157067228513e-01
2.809999999999854e-01  9.612886989399277e-01  9.612886989374645e-01
2.810999999999854e-01  9.612616823007006e-01  9.612616822982339e-01
2.811999999999854e-01  9.612346568084189e-01  9.612346568059488e-01
2.812999999999853e-01  9.612076224638719e-01  9.612076224613983e-01
2.813999999999853e-01  9.611805792678494e-01  9.611805792653724e-01
2.814999999999853e-01  9.611535272211411e-01  9.611535272186607e-01
2.815999999999853e-01  9.611264663245374e-01  9.611264663220533e-01
2.816999999999853e-01  9.610993965788284e-01  9.610993965763409e-01
2.817999999999853e-01  9.610723179848049e-01  9.610723179823139e-01
2.818999999999853e-01  9.610452305432576e-01  9.610452305407631e-01
2.819999999999853e-01  9.610181342549777e-01  9.610181342524797e-01
2.820999999999853e-01  9.609910291207566e-01  9.609910291182551e-01
2.821999999999852e-01  9.609639151413858e-01  9.609639151388808e-01
2.822999999999852e-01  9.609367923176572e-01  9.609367923151486e-01
2.823999999999852e-01  9.609096606503628e-01  9.609096606478507e-01
2.824999999999852e-01  9.608825201402950e-01  9.608825201377793e-01
2.825999999999852e-01  9.608553707882462e-01  9.608553707857271e-01
2.826999999999852e-01  9.608282125950095e-01  9.608282125924869e-01
2.827999999999852e-01  9.608010455613777e-01  9.608010455588516e-01
2.828999999999852e-01  9.607738696881442e-01  9.607738696856145e-01
2.829999999999852e-01  9.607466849761025e-01  9.607466849735693e-01
2.830999999999851e-01  9.607194914260464e-01  9.607194914235097e-01
2.831999999999851e-01  9.606922890387699e-01  9.606922890362296e-01
2.832999999999851e-01  9.606650778150673e-01  9.606650778125234e-01
2.833999999999851e-01  9.606378577557331e-01  9.606378577531857e-01
2.834999999999851e-01  9.606106288615619e-01  9.606106288590109e-01
2.835999999999851e-01  9.605833911333489e-01  9.605833911307944e-01
2.836999999999851e-01  9.605561445718892e-01  9.605561445693311e-01
2.837999999999851e-01  9.605288891779784e-01  9.605288891754167e-01
2.838999999999851e-01  9.605016249524121e-01  9.605016249498468e-01
2.839999999999850e-01  9.604743518959863e-01  9.604743518934175e-01
2.840999999999850e-01  9.604470700094971e-01  9.604470700069248e-01
2.841999999999850e-01  9.604197792937411e-01  9.604197792911652e-01
2.842999999999850e-01  9.603924797495149e-01  9.603924797469354e-01
2.843999999999850e-01  9.603651713776156e-01  9.603651713750324e-01
2.844999999999850e-01  9.603378541788401e-01  9.603378541762534e-01
2.845999999999850e-01  9.603105281539860e-01  9.603105281513956e-01
2.846999999999850e-01  9.602831933038508e-01  9.602831933012569e-01
2.847999999999850e-01  9.602558496292326e-01  9.602558496266350e-01
2.848999999999849e-01  9.602284971309294e-01  9.602284971283283e-01
2.849999999999849e-01  9.602011358097396e-01  9.602011358071348e-01
2.850999999999849e-01  9.601737656664620e-01  9.601737656638535e-01
2.851999999999849e-01  9.601463867018951e-01  9.601463866992830e-01
2.852999999999849e-01  9.601189989168383e-01  9.601189989142225e-01
2.853999999999849e-01  9.600916023120908e-01  9.600916023094713e-01
2.854999999999849e-01  9.600641968884522e-01  9.600641968858292e-01
2.855999999999849e-01  9.600367826467225e-01  9.600367826440959e-01
2.856999999999849e-01  9.600093595877016e-01  9.600093595850714e-01
2.857999999999848e-01  9.599819277121899e-01  9.599819277095560e-01
2.858999999999848e-01  9.599544870209880e-01  9.599544870183504e-01
2.859999999999848e-01  9.599270375148965e-01  9.599270375122553e-01
2.860999999999848e-01  9.598995791947166e-01  9.598995791920717e-01
2.861999999999848e-01  9.598721120612496e-01  9.598721120586010e-01
2.862999999999848e-01  9.598446361152969e-01  9.598446361126447e-01
2.863999999999848e-01  9.598171513576604e-01  9.598171513550046e-01
2.864999999999848e-01  9.597896577891420e-01  9.597896577864825e-01
2.865999999999848e-01  9.597621554105441e-01  9.597621554078809e-01
2.866999999999847e-01  9.597346442226690e-01  9.597346442200021e-01
2.867999999999847e-01  9.597071242263194e-01  9.597071242236489e-01
2.868999999999847e-01  9.596795954222985e-01  9.596795954196243e-01
2.869999999999847e-01  9.596520578114094e-01  9.596520578087315e-01
2.870999999999847e-01  9.596245113944555e-01  9.596245113917740e-01
2.871999999999847e-01  9.595969561722406e-01  9.595969561695553e-01
2.872999999999847e-01  9.595693921455686e-01  9.595693921428796e-01
2.873999999999847e-01  9.595418193152436e-01  9.595418193125509e-01
2.874999999999847e-01  9.595142376820701e-01  9.595142376793737e-01
2.875999999999847e-01  9.594866472468527e-01  9.594866472441527e-01
2.876999999999846e-01  9.594590480103964e-01  9.594590480076927e-01
2.877999999999846e-01  9.594314399735062e-01  9.594314399707988e-01
2.878999999999846e-01  9.594038231369876e-01  9.594038231342765e-01
2.879999999999846e-01  9.593761975016462e-01  9.593761974989313e-01
2.880999999999846e-01  9.593485630682878e-01  9.593485630655693e-01
2.881999999999846e-01  9.593209198377185e-01  9.593209198349962e-01
2.882999999999846e-01  9.592932678107448e-01  9.592932678080187e-01
2.883999999999846e-01  9.592656069881731e-01  9.592656069854433e-01
2.884999999999846e-01  9.592379373708103e-01  9.592379373680767e-01
2.885999999999845e-01  9.592102589594635e-01  9.592102589567262e-01
2.886999999999845e-01  9.591825717549400e-01  9.591825717521989e-01
2.887999999999845e-01  9.591548757580474e-01  9.591548757553024e-01
2.888999999999845e-01  9.591271709695933e-01  9.591271709668446e-01
2.889999999999845e-01  9.590994573903858e-01  9.590994573876334e-01
2.890999999999845e-01  9.590717350212332e-01  9.590717350184771e-01
2.891999999999845e-01  9.590440038629441e-01  9.590440038601842e-01
2.892999999999845e-01  9.590162639163271e-01  9.590162639135634e-01
2.893999999999845e-01  9.589885151821913e-01  9.589885151794239e-01
2.894999999999844e-01  9.589607576613459e-01  9.589607576585747e-01
2.895999999999844e-01  9.589329913546003e-01  9.589329913518253e-01
2.896999999999844e-01  9.589052162627643e-01  9.589052162599855e-01
2.897999999999844e-01  9.588774323866478e-01  9.588774323838652e-01
2.898999999999844e-01  9.588496397270610e-01  9.588496397242746e-01
2.899999999999844e-01  9.588218382848144e-01  9.588218382820242e-01
2.900999999999844e-01  9.587940280607186e-01  9.587940280579245e-01
2.901999999999844e-01  9.587662090555844e-01  9.587662090527865e-01
2.902999999999844e-01  9.587383812702232e-01  9.587383812674215e-01
2.903999999999843e-01  9.587105447054461e-01  9.587105447026407e-01
2.904999999999843e-01  9.586826993620651e-01  9.586826993592558e-01
2.905999999999843e-01  9.586548452408917e-01  9.586548452380785e-01
2.906999999999843e-01  9.586269823427382e-01  9.586269823399213e-01
2.907999999999843e-01  9.585991106684170e-01  9.585991106655962e-01
2.908999999999843e-01  9.585712302187405e-01  9.585712302159160e-01
2.909999999999843e-01  9.585433409945217e-01  9.585433409916932e-01
2.910999999999843e-01  9.585154429965735e-01  9.585154429937413e-01
2.911999999999843e-01  9.584875362257094e-01  9.584875362228733e-01
2.912999999999842e-01  9.584596206827428e-01  9.584596206799029e-01
2.913999999999842e-01  9.584316963684876e-01  9.584316963656437e-01
2.914999999999842e-01  9.584037632837578e-01  9.584037632809100e-01
2.915999999999842e-01  9.583758214293675e-01  9.583758214265159e-01
2.916999999999842e-01  9.583478708061314e-01  9.583478708032759e-01
2.917999999999842e-01  9.583199114148642e-01  9.583199114120048e-01
2.918999999999842e-01  9.582919432563808e-01  9.582919432535175e-01
2.919999999999842e-01  9.582639663314966e-01  9.582639663286294e-01
2.920999999999842e-01  9.582359806410269e-01  9.582359806381558e-01
2.921999999999841e-01  9.582079861857874e-01  9.582079861829125e-01
2.922999999999841e-01  9.581799829665941e-01  9.581799829637153e-01
2.923999999999841e-01  9.581519709842632e-01  9.581519709813805e-01
2.924999999999841e-01  9.581239502396110e-01  9.581239502367245e-01
2.925999999999841e-01  9.580959207334544e-01  9.580959207305639e-01
2.926999999999841e-01  9.580678824666100e-01  9.580678824637157e-01
2.927999999999841e-01  9.580398354398951e-01  9.580398354369969e-01
2.928999999999841e-01  9.580117796541271e-01  9.580117796512250e-01
2.929999999999841e-01  9.579837151101236e-01  9.579837151072175e-01
2.930999999999840e-01  9.579556418087024e-01  9.579556418057923e-01
2.931999999999840e-01  9.579275597506816e-01  9.579275597477676e-01
2.932999999999840e-01  9.578994689368795e-01  9.578994689339615e-01
2.933999999999840e-01  9.578713693681147e-01  9.578713693651928e-01
2.934999999999840e-01  9.578432610452060e-01  9.578432610422801e-01
2.935999999999840e-01  9.578151439689725e-01  9.578151439660426e-01
2.936999999999840e-01  9.577870181402334e-01  9.577870181372996e-01
2.937999999999840e-01  9.577588835598082e-01  9.577588835568704e-01
2.938999999999840e-01  9.577307402285168e-01  9.577307402255750e-01
2.939999999999839e-01  9.577025881471790e-01  9.577025881442334e-01
2.940999999999839e-01  9.576744273166152e-01  9.576744273136656e-01
2.941999999999839e-01  9.576462577376459e-01  9.576462577346923e-01
2.942999999999839e-01  9.576180794110917e-01  9.576180794081340e-01
2.943999999999839e-01  9.575898923377736e-01  9.575898923348120e-01
2.944999999999839e-01  9.575616965185128e-01  9.575616965155471e-01
2.945999999999839e-01  9.575334919541306e-01  9.575334919511610e-01
2.946999999999839e-01  9.575052786454489e-01  9.575052786424753e-01
2.947999999999839e-01  9.574770565932894e-01  9.574770565903118e-01
2.948999999999838e-01  9.574488257984743e-01  9.574488257954927e-01
2.949999999999838e-01  9.574205862618261e-01  9.574205862588405e-01
2.950999999999838e-01  9.573923379841673e-01  9.573923379811777e-01
2.951999999999838e-01  9.573640809663209e-01  9.573640809633273e-01
2.952999999999838e-01  9.573358152091097e-01  9.573358152061121e-01
2.953999999999838e-01  9.573075407133573e-01  9.573075407103556e-01
2.954999999999838e-01  9.572792574798872e-01  9.572792574768815e-01
2.955999999999838e-01  9.572509655095232e-01  9.572509655065133e-01
2.956999999999838e-01  9.572226648030893e-01  9.572226648000753e-01
2.957999999999837e-01  9.571943553614097e-01  9.571943553583918e-01
2.958999999999837e-01  9.571660371853091e-01  9.571660371822872e-01
2.959999999999837e-01  9.571377102756122e-01  9.571377102725863e-01
2.960999999999837e-01  9.571093746331440e-01  9.571093746301141e-01
2.961999999999837e-01  9.570810302587298e-01  9.570810302556959e-01
2.962999999999837e-01  9.570526771531950e-01  9.570526771501571e-01
2.963999999999837e-01  9.570243153173652e-01  9.570243153143233e-01
2.964999999999837e-01  9.569959447520665e-01  9.569959447490206e-01
2.965999999999837e-01  9.569675654581251e-01  9.569675654550751e-01
2.966999999999836e-01  9.569391774363674e-01  9.569391774333132e-01
2.967999999999836e-01  9.569107806876199e-01  9.569107806845618e-01
2.968999999999836e-01  9.568823752127097e-01  9.568823752096476e-01
2.969999999999836e-01  9.568539610124639e-01  9.568539610093977e-01
2.970999999999836e-01  9.568255380877098e-01  9.568255380846394e-01
2.971999999999836e-01  9.567971064392750e-01  9.567971064362005e-01
2.972999999999836e-01  9.567686660679874e-01  9.567686660649088e-01
2.973999999999836e-01  9.567402169746750e-01  9.567402169715924e-01
2.974999999999836e-01  9.567117591601663e-01  9.567117591570795e-01
2.975999999999835e-01  9.566832926252896e-01  9.566832926221988e-01
2.976999999999835e-01  9.566548173708739e-01  9.566548173677789e-01
2.977999999999835e-01  9.566263333977482e-01  9.566263333946491e-01
2.978999999999835e-01  9.565978407067416e-01  9.565978407036384e-01
2.979999999999835e-01  9.565693392986838e-01  9.565693392955765e-01
2.980999999999835e-01  9.565408291744044e-01  9.565408291712930e-01
2.981999999999835e-01  9.565123103347335e-01  9.565123103316180e-01
2.982999999999835e-01  9.564837827805013e-01  9.564837827773817e-01
2.983999999999835e-01  9.564552465125381e-01  9.564552465094144e-01
2.984999999999835e-01  9.564267015316748e-01  9.564267015285469e-01
2.985999999999834e-01  9.563981478387421e-01  9.563981478356102e-01
2.986999999999834e-01  9.563695854345714e-01  9.563695854314352e-01
2.987999999999834e-01  9.563410143199940e-01  9.563410143168536e-01
2.988999999999834e-01  9.563124344958414e-01  9.563124344926969e-01
2.989999999999834e-01  9.562838459629456e-01  9.562838459597970e-01
2.990999999999834e-01  9.562552487221386e-01  9.562552487189859e-01
2.991999999999834e-01  9.562266427742530e-01  9.562266427710961e-01
2.992999999999834e-01  9.561980281201211e-01  9.561980281169601e-01
2.993999999999834e-01  9.561694047605759e-01  9.561694047574106e-01
2.994999999999833e-01  9.561407726964503e-01  9.561407726932809e-01
2.995999999999833e-01  9.561121319285777e-01  9.561121319254041e-01
2.996999999999833e-01  9.560834824577915e-01  9.560834824546138e-01
2.997999999999833e-01  9.560548242849256e-01  9.560548242817438e-01
2.998999999999833e-01  9.560261574108140e-01  9.560261574076280e-01
2.999999999999833e-01  9.559974818362909e-01  9.559974818331006e-01
3.000999999999833e-01  9.559687975621907e-01  9.559687975589962e-01
3.001999999999833e-01  9.559401045893481e-01  9.559401045861494e-01
3.002999999999833e-01  9.559114029185981e-01  9.559114029153952e-01
3.003999999999832e-01  9.558826925507758e-01  9.558826925475687e-01
3.004999999999832e-01  9.558539734867167e-01  9.558539734835054e-01
3.005999999999832e-01  9.558252457272565e-01  9.558252457240409e-01
3.006999999999832e-01  9.557965092732309e-01  9.557965092700111e-01
3.007999999999832e-01  9.557677641254761e-01  9.557677641222522e-01
3.008999999999832e-01  9.557390102848285e-01  9.557390102816004e-01
3.009999999999832e-01  9.557102477521248e-01  9.557102477488923e-01
3.010999999999832e-01  9.556814765282016e-01  9.556814765249649e-01
3.011999999999832e-01  9.556526966138960e-01  9.556526966106551e-01
3.012999999999831e-01  9.556239080100454e-01  9.556239080068002e-01
3.013999999999831e-01  9.555951107174873e-01  9.555951107142377e-01
3.014999999999831e-01  9.555663047370594e-01  9.555663047338055e-01
3.015999999999831e-01  9.555374900695998e-01  9.555374900663416e-01
3.016999999999831e-01  9.555086667159466e-01  9.555086667126842e-01
3.017999999999831e-01  9.554798346769384e-01  9.554798346736717e-01
3.018999999999831e-01  9.554509939534139e-01  9.554509939501429e-01
3.019999999999831e-01  9.554221445462120e-01  9.554221445429367e-01
3.020999999999831e-01  9.553932864561718e-01  9.553932864528923e-01
3.021999999999830e-01  9.553644196841329e-01  9.553644196808492e-01
3.022999999999830e-01  9.553355442309348e-01  9.553355442276468e-01
3.023999999999830e-01  9.553066600974175e-01  9.553066600941251e-01
3.024999999999830e-01  9.552777672844210e-01  9.552777672811243e-01
3.025999999999830e-01  9.552488657927858e-01  9.552488657894848e-01
3.026999999999830e-01  9.552199556233523e-01  9.552199556200470e-01
3.027999999999830e-01  9.551910367769614e-01  9.551910367736519e-01
3.028999999999830e-01  9.551621092544542e-01  9.551621092511404e-01
3.029999999999830e-01  9.551331730566720e-01  9.551331730533539e-01
3.030999999999829e-01  9.551042281844563e-01  9.551042281811339e-01
3.031999999999829e-01  9.550752746386488e-01  9.550752746353223e-01
3.032999999999829e-01  9.550463124200917e-01  9.550463124167609e-01
3.033999999999829e-01  9.550173415296271e-01  9.550173415262919e-01
3.034999999999829e-01  9.549883619680974e-01  9.549883619647579e-01
3.035999999999829e-01  9.549593737363454e-01  9.549593737330015e-01
3.036999999999829e-01  9.549303768352141e-01  9.549303768318659e-01
3.037999999999829e-01  9.549013712655465e-01  9.549013712621939e-01
3.038999999999829e-01  9.548723570281861e-01  9.548723570248291e-01
3.039999999999828e-01  9.548433341239765e-01  9.548433341206152e-01
3.040999999999828e-01  9.548143025537615e-01  9.548143025503959e-01
3.041999999999828e-01  9.547852623183855e-01  9.547852623150155e-01
3.042999999999828e-01  9.547562134186925e-01  9.547562134153181e-01
3.043999999999828e-01  9.547271558555274e-01  9.547271558521485e-01
3.044999999999828e-01  9.546980896297347e-01  9.546980896263515e-01
3.045999999999828e-01  9.546690147421596e-01  9.546690147387720e-01
3.046999999999828e-01  9.546399311936473e-01  9.546399311902554e-01
3.047999999999828e-01  9.546108389850435e-01  9.546108389816471e-01
3.048999999999827e-01  9.545817381171938e-01  9.545817381137930e-01
3.049999999999827e-01  9.545526285909441e-01  9.545526285875390e-01
3.050999999999827e-01  9.545235104071408e-01  9.545235104037313e-01
3.051999999999827e-01  9.544943835666303e-01  9.544943835632164e-01
3.052999999999827e-01  9.544652480702592e-01  9.544652480668409e-01
3.053999999999827e-01  9.544361039188746e-01  9.544361039154518e-01
3.054999999999827e-01  9.544069511133234e-01  9.544069511098962e-01
3.055999999999827e-01  9.543777896544531e-01  9.543777896510215e-01
3.056999999999827e-01  9.543486195431113e-01  9.543486195396753e-01
3.057999999999826e-01  9.543194407801460e-01  9.543194407767055e-01
3.058999999999826e-01  9.542902533664050e-01  9.542902533629601e-01
3.059999999999826e-01  9.542610573027369e-01  9.542610572992876e-01
3.060999999999826e-01  9.542318525899901e-01  9.542318525865363e-01
3.061999999999826e-01  9.542026392290134e-01  9.542026392255551e-01
3.062999999999826e-01  9.541734172206559e-01  9.541734172171932e-01
3.063999999999826e-01  9.541441865657667e-01  9.541441865622996e-01
3.064999999999826e-01  9.541149472651954e-01  9.541149472617239e-01
3.065999999999826e-01  9.540856993197917e-01  9.540856993163157e-01
3.066999999999825e-01  9.540564427304056e-01  9.540564427269251e-01
3.067999999999825e-01  9.540271774978872e-01  9.540271774944022e-01
3.068999999999825e-01  9.539979036230870e-01  9.539979036195976e-01
3.069999999999825e-01  9.539686211068557e-01  9.539686211033617e-01
3.070999999999825e-01  9.539393299500439e-01  9.539393299465455e-01
3.071999999999825e-01  9.539100301535031e-01  9.539100301500001e-01
3.072999999999825e-01  9.538807217180844e-01  9.538807217145768e-01
3.073999999999825e-01  9.538514046446394e-01  9.538514046411274e-01
3.074999999999825e-01  9.538220789340199e-01  9.538220789305035e-01
3.075999999999824e-01  9.537927445870782e-01  9.537927445835572e-01
3.076999999999824e-01  9.537634016046663e-01  9.537634016011408e-01
3.077999999999824e-01  9.537340499876369e-01  9.537340499841068e-01
3.078999999999824e-01  9.537046897368426e-01  9.537046897333080e-01
3.079999999999824e-01  9.536753208531366e-01  9.536753208495974e-01
3.080999999999824e-01  9.536459433373718e-01  9.536459433338281e-01
3.081999999999824e-01  9.536165571904020e-01  9.536165571868537e-01
3.082999999999824e-01  9.535871624130805e-01  9.535871624095277e-01
3.083999999999824e-01  9.535577590062615e-01  9.535577590027041e-01
3.084999999999823e-01  9.535283469707990e-01  9.535283469672371e-01
3.085999999999823e-01  9.534989263075475e-01  9.534989263039810e-01
3.086999999999823e-01  9.534694970173615e-01  9.534694970137905e-01
3.087999999999823e-01  9.534400591010960e-01  9.534400590975204e-01
3.088999999999823e-01  9.534106125596059e-01  9.534106125560258e-01
3.089999999999823e-01  9.533811573937466e-01  9.533811573901618e-01
3.090999999999823e-01  9.533516936043736e-01  9.533516936007842e-01
3.091999999999823e-01  9.533222211923426e-01  9.533222211887487e-01
3.092999999999823e-01  9.532927401585097e-01  9.532927401549113e-01
3.093999999999822e-01  9.532632505037312e-01  9.532632505001282e-01
3.094999999999822e-01  9.532337522288634e-01  9.532337522252559e-01
3.095999999999822e-01  9.532042453347632e-01  9.532042453311510e-01
3.096999999999822e-01  9.531747298222875e-01  9.531747298186706e-01
3.097999999999822e-01  9.531452056922932e-01  9.531452056886718e-01
3.098999999999822e-01  9.531156729456380e-01  9.531156729420119e-01
3.099999999999822e-01  9.530861315831795e-01  9.530861315795487e-01
3.100999999999822e-01  9.530565816057753e-01  9.530565816021399e-01
3.101999999999822e-01  9.530270230142838e-01  9.530270230106438e-01
3.102999999999822e-01  9.529974558095631e-01  9.529974558059185e-01
3.103999999999821e-01  9.529678799924719e-01  9.529678799888227e-01
3.104999999999821e-01  9.529382955638690e-01  9.529382955602151e-01
3.105999999999821e-01  9.529087025246133e-01  9.529087025209548e-01
3.106999999999821e-01  9.528791008755642e-01  9.528791008719010e-01
3.107999999999821e-01  9.528494906175810e-01  9.528494906139131e-01
3.108999999999821e-01  9.528198717515235e-01  9.528198717478510e-01
3.109999999999821e-01  9.527902442782517e-01  9.527902442745745e-01
3.110999999999821e-01  9.527606081986256e-01  9.527606081949438e-01
3.111999999999821e-01  9.527309635135058e-01  9.527309635098193e-01
3.112999999999820e-01  9.527013102237529e-01  9.527013102200618e-01
3.113999999999820e-01  9.526716483302278e-01  9.526716483265320e-01
3.114999999999820e-01  9.526419778337916e-01  9.526419778300910e-01
3.115999999999820e-01  9.526122987353055e-01  9.526122987316002e-01
3.116999999999820e-01  9.525826110356312e-01  9.525826110319212e-01
3.117999999999820e-01  9.525529147356305e-01  9.525529147319157e-01
3.118999999999820e-01  9.525232098361653e-01  9.525232098324459e-01
3.119999999999820e-01  9.524934963380980e-01  9.524934963343739e-01
3.120999999999820e-01  9.524637742422910e-01  9.524637742385621e-01
3.121999999999819e-01  9.524340435496070e-01  9.524340435458735e-01
3.122999999999819e-01  9.524043042609090e-01  9.524043042571708e-01
3.123999999999819e-01  9.523745563770603e-01  9.523745563733174e-01
3.124999999999819e-01  9.523447998989241e-01  9.523447998951765e-01
3.125999999999819e-01  9.523150348273641e-01  9.523150348236119e-01
3.126999999999819e-01  9.522852611632443e-01  9.522852611594874e-01
3.127999999999819e-01  9.522554789074287e-01  9.522554789036671e-01
3.128999999999819e-01  9.522256880607817e-01  9.522256880570154e-01
3.129999999999819e-01  9.521958886241678e-01  9.521958886203967e-01
3.130999999999818e-01  9.521660805984519e-01  9.521660805946760e-01
3.131999999999818e-01  9.521362639844989e-01  9.521362639807183e-01
3.132999999999818e-01  9.521064387831741e-01  9.521064387793887e-01
3.133999999999818e-01  9.520766049953431e-01  9.520766049915529e-01
3.134999999999818e-01  9.520467626218714e-01  9.520467626180765e-01
3.135999999999818e-01  9.520169116636251e-01  9.520169116598255e-01
3.136999999999818e-01  9.519870521214704e-01  9.519870521176660e-01
3.137999999999818e-01  9.519571839962736e-01  9.519571839924644e-01
3.138999999999818e-01  9.519273072889014e-01  9.519273072850875e-01
3.139999999999817e-01  9.518974220002208e-01  9.518974219964020e-01
3.140999999999817e-01  9.518675281310987e-01  9.518675281272752e-01
3.141999999999817e-01  9.518376256824025e-01  9.518376256785742e-01
3.142999999999817e-01  9.518077146549998e-01  9.518077146511668e-01
3.143999999999817e-01  9.517777950497583e-01  9.517777950459205e-01
3.144999999999817e-01  9.517478668675462e-01  9.517478668637036e-01
3.145999999999817e-01  9.517179301092317e-01  9.517179301053842e-01
3.146999999999817e-01  9.516879847756832e-01  9.516879847718308e-01
3.147999999999817e-01  9.516580308677693e-01  9.516580308639122e-01
3.148999999999816e-01  9.516280683863593e-01  9.516280683824972e-01
3.149999999999816e-01  9.515980973323220e-01  9.515980973284552e-01
3.150999999999816e-01  9.515681177065270e-01  9.515681177026555e-01
3.151999999999816e-01  9.515381295098440e-01  9.515381295059676e-01
3.152999999999816e-01  9.515081327431426e-01  9.515081327392615e-01
3.153999999999816e-01  9.514781274072931e-01  9.514781274034072e-01
3.154999999999816e-01  9.514481135031658e-01  9.514481134992750e-01
3.155999999999816e-01  9.514180910316312e-01  9.514180910277357e-01
3.156999999999816e-01  9.513880599935601e-01  9.513880599896597e-01
3.157999999999815e-01  9.513580203898235e-01  9.513580203859182e-01
3.158999999999815e-01  9.513279722212927e-01  9.513279722173825e-01
3.159999999999815e-01  9.512979154888391e-01  9.512979154849240e-01
3.160999999999815e-01  9.512678501933345e-01  9.512678501894145e-01
3.161999999999815e-01  9.512377763356507e-01  9.512377763317258e-01
3.162999999999815e-01  9.512076939166598e-01  9.512076939127301e-01
3.163999999999815e-01  9.511776029372343e-01  9.511776029332998e-01
3.164999999999815e-01  9.511475033982468e-01  9.511475033943074e-01
3.165999999999815e-01  9.511173953005702e-01  9.511173952966259e-01
3.166999999999814e-01  9.510872786450775e-01  9.510872786411283e-01
3.167999999999814e-01  9.510571534326420e-01  9.510571534286879e-01
3.168999999999814e-01  9.510270196641373e-01  9.510270196601782e-01
3.169999999999814e-01  9.509968773404370e-01  9.509968773364731e-01
3.170999999999814e-01  9.509667264624153e-01  9.509667264584465e-01
3.171999999999814e-01  9.509365670309463e-01  9.509365670269726e-01
3.172999999999814e-01  9.509063990469044e-01  9.509063990429258e-01
3.173999999999814e-01  9.508762225111644e-01  9.508762225071810e-01
3.174999999999814e-01  9.508460374246012e-01  9.508460374206128e-01
3.175999999999813e-01  9.508158437880898e-01  9.508158437840966e-01
3.176999999999813e-01  9.507856416025057e-01  9.507856415985075e-01
3.177999999999813e-01  9.507554308687244e-01  9.507554308647214e-01
3.178999999999813e-01  9.507252115876218e-01  9.507252115836138e-01
3.179999999999813e-01  9.506949837600739e-01  9.506949837560609e-01
3.180999999999813e-01  9.506647473869569e-01  9.506647473829389e-01
3.181999999999813e-01  9.506345024691475e-01  9.506345024651245e-01
3.182999999999813e-01  9.506042490075223e-01  9.506042490034943e-01
3.183999999999813e-01  9.505739870029583e-01  9.505739869989253e-01
3.184999999999812e-01  9.505437164563326e-01  9.505437164522946e-01
3.185999999999812e-01  9.505134373685228e-01  9.505134373644798e-01
3.186999999999812e-01  9.504831497404064e-01  9.504831497363584e-01
3.187999999999812e-01  9.504528535728612e-01  9.504528535688083e-01
3.188999999999812e-01  9.504225488667656e-01  9.504225488627076e-01
3.189999999999812e-01  9.503922356229977e-01  9.503922356189346e-01
3.190999999999812e-01  9.503619138424361e-01  9.503619138383680e-01
3.191999999999812e-01  9.503315835259595e-01  9.503315835218864e-01
3.192999999999812e-01  9.503012446744471e-01  9.503012446703689e-01
3.193999999999811e-01  9.502708972887780e-01  9.502708972846948e-01
3.194999999999811e-01  9.502405413698317e-01  9.502405413657435e-01
3.195999999999811e-01  9.502101769184880e-01  9.502101769143948e-01
3.196999999999811e-01  9.501798039356267e-01  9.501798039315286e-01
3.197999999999811e-01  9.501494224221281e-01  9.501494224180249e-01
3.198999999999811e-01  9.501190323788724e-01  9.501190323747642e-01
3.199999999999811e-01  9.500886338067404e-01  9.500886338026272e-01
3.200999999999811e-01  9.500582267066128e-01  9.500582267024945e-01
3.201999999999811e-01  9.500278110793707e-01  9.500278110752474e-01
3.202999999999810e-01  9.499973869258954e-01  9.499973869217670e-01
3.203999999999810e-01  9.499669542470685e-01  9.499669542429351e-01
3.204999999999810e-01  9.499365130437716e-01  9.499365130396331e-01
3.205999999999810e-01  9.499060633168868e-01  9.499060633127432e-01
3.206999999999810e-01  9.498756050672962e-01  9.498756050631476e-01
3.207999999999810e-01  9.498451382958824e-01  9.498451382917287e-01
3.208999999999810e-01  9.498146630035278e-01  9.498146629993691e-01
3.209999999999810e-01  9.497841791911155e-01  9.497841791869518e-01
3.210999999999810e-01  9.497536868595285e-01  9.497536868553598e-01
3.211999999999810e-01  9.497231860096503e-01  9.497231860054764e-01
3.212999999999809e-01  9.496926766423643e-01  9.496926766381854e-01
3.213999999999809e-01  9.496621587585544e-01  9.496621587543703e-01
3.214999999999809e-01  9.496316323591045e-01  9.496316323549153e-01
3.215999999999809e-01  9.496010974448990e-01  9.496010974407046e-01
3.216999999999809e-01  9.495705540168222e-01  9.495705540126228e-01
3.217999999999809e-01  9.495400020757590e-01  9.495400020715544e-01
3.218999999999809e-01  9.495094416225941e-01  9.495094416183845e-01
3.219999999999809e-01  9.494788726582128e-01  9.494788726539981e-01
3.220999999999809e-01  9.494482951835006e-01  9.494482951792808e-01
3.221999999999808e-01  9.494177091993429e-01  9.494177091951179e-01
3.222999999999808e-01  9.493871147066256e-01  9.493871147023956e-01
3.223999999999808e-01  9.493565117062348e-01  9.493565117019996e-01
3.224999999999808e-01  9.493259001990568e-01  9.493259001948164e-01
3.225999999999808e-01  9.492952801859781e-01  9.492952801817326e-01
3.226999999999808e-01  9.492646516678854e-01  9.492646516636347e-01
3.227999999999808e-01  9.492340146456658e-01  9.492340146414099e-01
3.228999999999808e-01  9.492033691202063e-01  9.492033691159453e-01
3.229999999999808e-01  9.491727150923944e-01  9.491727150881283e-01
3.230999999999807e-01  9.491420525631179e-01  9.491420525588465e-01
3.231999999999807e-01  9.491113815332645e-01  9.491113815289879e-01
3.232999999999807e-01  9.490807020037223e-01  9.490807019994405e-01
3.233999999999807e-01  9.490500139753797e-01  9.490500139710927e-01
3.234999999999807e-01  9.490193174491253e-01  9.490193174448330e-01
3.235999999999807e-01  9.489886124258478e-01  9.489886124215503e-01
3.236999999999807e-01  9.489578989064361e-01  9.489578989021334e-01
3.237999999999807e-01  9.489271768917796e-01  9.489271768874717e-01
3.238999999999807e-01  9.488964463827678e-01  9.488964463784547e-01
3.239999999999806e-01  9.488657073802903e-01  9.488657073759720e-01
3.240999999999806e-01  9.488349598852370e-01  9.488349598809135e-01
3.241999999999806e-01  9.488042038984981e-01  9.488042038941693e-01
3.242999999999806e-01  9.487734394209638e-01  9.487734394166298e-01
3.243999999999806e-01  9.487426664535249e-01  9.487426664491857e-01
3.244999999999806e-01  9.487118849970720e-01  9.487118849927276e-01
3.245999999999806e-01  9.486810950524964e-01  9.486810950481467e-01
3.246999999999806e-01  9.486502966206892e-01  9.486502966163342e-01
3.247999999999806e-01  9.486194897025420e-01  9.486194896981816e-01
3.248999999999805e-01  9.485886742989462e-01  9.485886742945806e-01
3.249999999999805e-01  9.485578504107941e-01  9.485578504064233e-01
3.250999999999805e-01  9.485270180389778e-01  9.485270180346016e-01
3.251999999999805e-01  9.484961771843896e-01  9.484961771800081e-01
3.252999999999805e-01  9.484653278479221e-01  9.484653278435354e-01
3.253999999999805e-01  9.484344700304683e-01  9.484344700260763e-01
3.254999999999805e-01  9.484036037329212e-01  9.484036037285238e-01
3.255999999999805e-01  9.483727289561741e-01  9.483727289517714e-01
3.256999999999805e-01  9.483418457011205e-01  9.483418456967124e-01
3.257999999999804e-01  9.483109539686541e-01  9.483109539642407e-01
3.258999999999804e-01  9.482800537596688e-01  9.482800537552502e-01
3.259999999999804e-01  9.482491450750590e-01  9.482491450706351e-01
3.260999999999804e-01  9.482182279157190e-01  9.482182279112897e-01
3.261999999999804e-01  9.481873022825434e-01  9.481873022781089e-01
3.262999999999804e-01  9.481563681764273e-01  9.481563681719875e-01
3.263999999999804e-01  9.481254255982656e-01  9.481254255938204e-01
3.264999999999804e-01  9.480944745489537e-01  9.480944745445031e-01
3.265999999999804e-01  9.480635150293871e-01  9.480635150249311e-01
3.266999999999803e-01  9.480325470404616e-01  9.480325470360003e-01
3.267999999999803e-01  9.480015705830732e-01  9.480015705786065e-01
3.268999999999803e-01  9.479705856581181e-01  9.479705856536460e-01
3.269999999999803e-01  9.479395922664927e-01  9.479395922620153e-01
3.270999999999803e-01  9.479085904090938e-01  9.479085904046110e-01
3.271999999999803e-01  9.478775800868182e-01  9.478775800823300e-01
3.272999999999803e-01  9.478465613005631e-01  9.478465612960695e-01
3.273999999999803e-01  9.478155340512258e-01  9.478155340467267e-01
3.274999999999803e-01  9.477844983397038e-01  9.477844983351993e-01
3.275999999999802e-01  9.477534541668949e-01  9.477534541623850e-01
3.276999999999802e-01  9.477224015336972e-01  9.477224015291819e-01
3.277999999999802e-01  9.476913404410090e-01  9.476913404364882e-01
3.278999999999802e-01  9.476602708897286e-01  9.476602708852023e-01
3.279999999999802e-01  9.476291928807548e-01  9.476291928762230e-01
3.280999999999802e-01  9.475981064149864e-01  9.475981064104493e-01
3.281999999999802e-01  9.475670114933227e-01  9.475670114887801e-01
3.282999999999802e-01  9.475359081166630e-01  9.475359081121150e-01
3.283999999999802e-01  9.475047962859069e-01  9.475047962813534e-01
3.284999999999801e-01  9.474736760019541e-01  9.474736759973952e-01
3.285999999999801e-01  9.474425472657048e-01  9.474425472611404e-01
3.286999999999801e-01  9.474114100780591e-01  9.474114100734893e-01
3.287999999999801e-01  9.473802644399176e-01  9.473802644353424e-01
3.288999999999801e-01  9.473491103521811e-01  9.473491103476004e-01
3.289999999999801e-01  9.473179478157503e-01  9.473179478111642e-01
3.290999999999801e-01  9.472867768315265e-01  9.472867768269349e-01
3.291999999999801e-01  9.472555974004110e-01  9.472555973958139e-01
3.292999999999801e-01  9.472244095233054e-01  9.472244095187029e-01
3.293999999999800e-01  9.471932132011117e-01  9.471932131965036e-01
3.294999999999800e-01  9.471620084347318e-01  9.471620084301182e-01
3.295999999999800e-01  9.471307952250679e-01  9.471307952204489e-01
3.296999999999800e-01  9.470995735730227e-01  9.470995735683981e-01
3.297999999999800e-01  9.470683434794988e-01  9.470683434748687e-01
3.298999999999800e-01  9.470371049453990e-01  9.470371049407635e-01
3.299999999999800e-01  9.470058579716268e-01  9.470058579669858e-01
3.300999999999800e-01  9.469746025590854e-01  9.469746025544389e-01
3.301999999999800e-01  9.469433387086784e-01  9.469433387040264e-01
3.302999999999799e-01  9.469120664213098e-01  9.469120664166522e-01
3.303999999999799e-01  9.468807856978834e-01  9.468807856932203e-01
3.304999999999799e-01  9.468494965393036e-01  9.468494965346350e-01
3.305999999999799e-01  9.468181989464750e-01  9.468181989418009e-01
3.306999999999799e-01  9.467868929203023e-01  9.467868929156226e-01
3.307999999999799e-01  9.467555784616903e-01  9.467555784570051e-01
3.308999999999799e-01  9.467242555715444e-01  9.467242555668536e-01
3.309999999999799e-01  9.466929242507698e-01  9.466929242460734e-01
3.310999999999799e-01  9.466615845002723e-01  9.466615844955704e-01
3.311999999999798e-01  9.466302363209576e-01  9.466302363162501e-01
3.312999999999798e-01  9.465988797137318e-01  9.465988797090188e-01
3.313999999999798e-01  9.465675146795013e-01  9.465675146747827e-01
3.314999999999798e-01  9.465361412191725e-01  9.465361412144484e-01
3.315999999999798e-01  9.465047593336522e-01  9.465047593289225e-01
3.316999999999798e-01  9.464733690238474e-01  9.464733690191120e-01
3.317999999999798e-01  9.464419702906651e-01  9.464419702859243e-01
3.318999999999798e-01  9.464105631350129e-01  9.464105631302664e-01
3.319999999999798e-01  9.463791475577984e-01  9.463791475530462e-01
3.320999999999797e-01  9.463477235599294e-01  9.463477235551715e-01
3.321999999999797e-01  9.463162911423139e-01  9.463162911375503e-01
3.322999999999797e-01  9.462848503058602e-01  9.462848503010911e-01
3.323999999999797e-01  9.462534010514769e-01  9.462534010467022e-01
3.324999999999797e-01  9.462219433800728e-01  9.462219433752924e-01
3.325999999999797e-01  9.461904772925568e-01  9.461904772877707e-01
3.326999999999797e-01  9.461590027898380e-01  9.461590027850463e-01
3.327999999999797e-01  9.461275198728260e-01  9.461275198680286e-01
3.328999999999797e-01  9.460960285424301e-01  9.460960285376271e-01
3.329999999999797e-01  9.460645287995605e-01  9.460645287947518e-01
3.330999999999796e-01  9.460330206451271e-01  9.460330206403127e-01
3.331999999999796e-01  9.460015040800401e-01  9.460015040752202e-01
3.332999999999796e-01  9.459699791052103e-01  9.459699791003847e-01
3.333999999999796e-01  9.459384457215483e-01  9.459384457167170e-01
3.334999999999796e-01  9.459069039299650e-01  9.459069039251281e-01
3.335999999999796e-01  9.458753537313717e-01  9.458753537265291e-01
3.336999999999796e-01  9.458437951266796e-01  9.458437951218314e-01
3.337999999999796e-01  9.458122281168005e-01  9.458122281119465e-01
3.338999999999796e-01  9.457806527026462e-01  9.457806526977866e-01
3.339999999999795e-01  9.457490688851288e-01  9.457490688802634e-01
3.340999999999795e-01  9.457174766651605e-01  9.457174766602895e-01
3.341999999999795e-01  9.456858760436540e-01  9.456858760387772e-01
3.342999999999795e-01  9.456542670215218e-01  9.456542670166393e-01
3.343999999999795e-01  9.456226495996770e-01  9.456226495947888e-01
3.344999999999795e-01  9.455910237790328e-01  9.455910237741388e-01
3.345999999999795e-01  9.455593895605026e-01  9.455593895556028e-01
3.346999999999795e-01  9.455277469449999e-01  9.455277469400943e-01
3.347999999999795e-01  9.454960959334385e-01  9.454960959285272e-01
3.348999999999794e-01  9.454644365267327e-01  9.454644365218157e-01
3.349999999999794e-01  9.454327687257966e-01  9.454327687208738e-01
3.350999999999794e-01  9.454010925315448e-01  9.454010925266162e-01
3.351999999999794e-01  9.453694079448920e-01  9.453694079399576e-01
3.352999999999794e-01  9.453377149667531e-01  9.453377149618130e-01
3.353999999999794e-01  9.453060135980433e-01  9.453060135930974e-01
3.354999999999794e-01  9.452743038396780e-01  9.452743038347263e-01
3.355999999999794e-01  9.452425856925728e-01  9.452425856876153e-01
3.356999999999794e-01  9.452108591576436e-01  9.452108591526802e-01
3.357999999999793e-01  9.451791242358063e-01  9.451791242308372e-01
3.358999999999793e-01  9.451473809279772e-01  9.451473809230023e-01
3.359999999999793e-01  9.451156292350730e-01  9.451156292300923e-01
3.360999999999793e-01  9.450838691580101e-01  9.450838691530237e-01
3.361999999999793e-01  9.450521006977057e-01  9.450521006927135e-01
3.362999999999793e-01  9.450203238550770e-01  9.450203238500788e-01
3.363999999999793e-01  9.449885386310410e-01  9.449885386260372e-01
3.364999999999793e-01  9.449567450265157e-01  9.449567450215060e-01
3.365999999999793e-01  9.449249430424187e-01  9.449249430374032e-01
3.366999999999792e-01  9.448931326796681e-01  9.448931326746467e-01
3.367999999999792e-01  9.448613139391822e-01  9.448613139341550e-01
3.368999999999792e-01  9.448294868218794e-01  9.448294868168463e-01
3.369999999999792e-01  9.447976513286784e-01  9.447976513236395e-01
3.370999999999792e-01  9.447658074604982e-01  9.447658074554534e-01
3.371999999999792e-01  9.447339552182579e-01  9.447339552132071e-01
3.372999999999792e-01  9.447020946028768e-01  9.447020945978202e-01
3.373999999999792e-01  9.446702256152746e-01  9.446702256102121e-01
3.374999999999792e-01  9.446383482563710e-01  9.446383482513027e-01
3.375999999999791e-01  9.446064625270861e-01  9.446064625220119e-01
3.376999999999791e-01  9.445745684283401e-01  9.445745684232599e-01
3.377999999999791e-01  9.445426659610534e-01  9.445426659559674e-01
3.378999999999791e-01  9.445107551261468e-01  9.445107551210549e-01
3.379999999999791e-01  9.444788359245411e-01  9.444788359194433e-01
3.380999999999791e-01  9.444469083571575e-01  9.444469083520538e-01
3.381999999999791e-01  9.444149724249173e-01  9.444149724198077e-01
3.382999999999791e-01  9.443830281287421e-01  9.443830281236265e-01
3.383999999999791e-01  9.443510754695535e-01  9.443510754644321e-01
3.384999999999790e-01  9.443191144482738e-01  9.443191144431464e-01
3.385999999999790e-01  9.442871450658250e-01  9.442871450606918e-01
3.386999999999790e-01  9.442551673231296e-01  9.442551673179905e-01
3.387999999999790e-01  9.442231812211104e-01  9.442231812159653e-01
3.388999999999790e-01  9.441911867606900e-01  9.441911867555389e-01
3.389999999999790e-01  9.441591839427917e-01  9.441591839376346e-01
3.390999999999790e-01  9.441271727683388e-01  9.441271727631757e-01
3.391999999999790e-01  9.440951532382548e-01  9.440951532330857e-01
3.392999999999790e-01  9.440631253534634e-01  9.440631253482883e-01
3.393999999999789e-01  9.440310891148886e-01  9.440310891097076e-01
3.394999999999789e-01  9.439990445234547e-01  9.439990445182677e-01
3.395999999999789e-01  9.439669915800860e-01  9.439669915748929e-01
3.396999999999789e-01  9.439349302857072e-01  9.439349302805081e-01
3.397999999999789e-01  9.439028606412431e-01  9.439028606360380e-01
3.398999999999789e-01  9.438707826476187e-01  9.438707826424076e-01
3.399999999999789e-01  9.438386963057595e-01  9.438386963005424e-01
3.400999999999789e-01  9.438066016165908e-01  9.438066016113678e-01
3.401999999999789e-01  9.437744985810385e-01  9.437744985758094e-01
3.402999999999788e-01  9.437423872000283e-01  9.437423871947933e-01
3.403999999999788e-01  9.437102674744867e-01  9.437102674692457e-01
3.404999999999788e-01  9.436781394053400e-01  9.436781394000928e-01
3.405999999999788e-01  9.436460029935145e-01  9.436460029882614e-01
3.406999999999788e-01  9.436138582399374e-01  9.436138582346782e-01
3.407999999999788e-01  9.435817051455355e-01  9.435817051402704e-01
3.408999999999788e-01  9.435495437112362e-01  9.435495437059650e-01
3.409999999999788e-01  9.435173739379670e-01  9.435173739326896e-01
3.410999999999788e-01  9.434851958266554e-01  9.434851958213720e-01
3.411999999999787e-01  9.434530093782294e-01  9.434530093729401e-01
3.412999999999787e-01  9.434208145936173e-01  9.434208145883218e-01
3.413999999999787e-01  9.433886114737472e-01  9.433886114684458e-01
3.414999999999787e-01  9.433564000195479e-01  9.433564000142404e-01
3.415999999999787e-01  9.433241802319481e-01  9.433241802266344e-01
3.416999999999787e-01  9.432919521118767e-01  9.432919521065570e-01
3.417999999999787e-01  9.432597156602630e-01  9.432597156549373e-01
3.418999999999787e-01  9.432274708780365e-01  9.432274708727046e-01
3.419999999999787e-01  9.431952177661268e-01  9.431952177607889e-01
3.420999999999786e-01  9.431629563254639e-01  9.431629563201198e-01
3.421999999999786e-01  9.431306865569777e-01  9.431306865516276e-01
3.422999999999786e-01  9.430984084615986e-01  9.430984084562424e-01
3.423999999999786e-01  9.430661220402572e-01  9.430661220348948e-01
3.424999999999786e-01  9.430338272938842e-01  9.430338272885157e-01
3.425999999999786e-01  9.430015242234105e-01  9.430015242180360e-01
3.426999999999786e-01  9.429692128297674e-01  9.429692128243867e-01
3.427999999999786e-01  9.429368931138863e-01  9.429368931084995e-01
3.428999999999786e-01  9.429045650766987e-01  9.429045650713058e-01
3.429999999999785e-01  9.428722287191366e-01  9.428722287137375e-01
3.430999999999785e-01  9.428398840421319e-01  9.428398840367268e-01
3.431999999999785e-01  9.428075310466171e-01  9.428075310412057e-01
3.432999999999785e-01  9.427751697335245e-01  9.427751697281069e-01
3.433999999999785e-01  9.427428001037869e-01  9.427428000983631e-01
3.434999999999785e-01  9.427104221583371e-01  9.427104221529071e-01
3.435999999999785e-01  9.426780358981084e-01  9.426780358926722e-01
3.436999999999785e-01  9.426456413240341e-01  9.426456413185917e-01
3.437999999999785e-01  9.426132384370477e-01  9.426132384315993e-01
3.438999999999785e-01  9.425808272380831e-01  9.425808272326285e-01
3.439999999999784e-01  9.425484077280744e-01  9.425484077226135e-01
3.440999999999784e-01  9.425159799079557e-01  9.425159799024886e-01
3.441999999999784e-01  9.424835437786614e-01  9.424835437731881e-01
3.442999999999784e-01  9.424510993411263e-01  9.424510993356467e-01
3.443999999999784e-01  9.424186465962852e-01  9.424186465907994e-01
3.444999999999784e-01  9.423861855450733e-01  9.423861855395813e-01
3.445999999999784e-01  9.423537161884258e-01  9.423537161829276e-01
3.446999999999784e-01  9.423212385272782e-01  9.423212385217739e-01
3.447999999999784e-01  9.422887525625665e-01  9.422887525570558e-01
3.448999999999783e-01  9.422562582952264e-01  9.422562582897095e-01
3.449999999999783e-01  9.422237557261942e-01  9.422237557206711e-01
3.450999999999783e-01  9.421912448564064e-01  9.421912448508769e-01
3.451999999999783e-01  9.421587256867994e-01  9.421587256812637e-01
3.452999999999783e-01  9.421261982183101e-01  9.421261982127682e-01
3.453999999999783e-01  9.420936624518756e-01  9.420936624463275e-01
3.454999999999783e-01  9.420611183884333e-01  9.420611183828789e-01
3.455999999999783e-01  9.420285660289205e-01  9.420285660233598e-01
3.456999999999783e-01  9.419960053742750e-01  9.419960053687080e-01
3.457999999999782e-01  9.419634364254346e-01  9.419634364198614e-01
3.458999999999782e-01  9.419308591833375e-01  9.419308591777580e-01
3.459999999999782e-01  9.418982736489221e-01  9.418982736433362e-01
3.460999999999782e-01  9.418656798231269e-01  9.418656798175348e-01
3.461999999999782e-01  9.418330777068906e-01  9.418330777012923e-01
3.462999999999782e-01  9.418004673011524e-01  9.418004672955478e-01
3.463999999999782e-01  9.417678486068515e-01  9.417678486012405e-01
3.464999999999782e-01  9.417352216249272e-01  9.417352216193099e-01
3.465999999999782e-01  9.417025863563192e-01  9.417025863506956e-01
3.466999999999781e-01  9.416699428019674e-01  9.416699427963374e-01
3.467999999999781e-01  9.416372909628118e-01  9.416372909571755e-01
3.468999999999781e-01  9.416046308397927e-01  9.416046308341501e-01
3.469999999999781e-01  9.415719624338508e-01  9.415719624282018e-01
3.470999999999781e-01  9.415392857459266e-01  9.415392857402712e-01
3.471999999999781e-01  9.415066007769611e-01  9.415066007712994e-01
3.472999999999781e-01  9.414739075278955e-01  9.414739075222275e-01
3.473999999999781e-01  9.414412059996712e-01  9.414412059939968e-01
3.474999999999781e-01  9.414084961932297e-01  9.414084961875490e-01
3.475999999999780e-01  9.413757781095129e-01  9.413757781038258e-01
3.476999999999780e-01  9.413430517494628e-01  9.413430517437692e-01
3.477999999999780e-01  9.413103171140216e-01  9.413103171083216e-01
3.478999999999780e-01  9.412775742041317e-01  9.412775741984253e-01
3.479999999999780e-01  9.412448230207359e-01  9.412448230150231e-01
3.480999999999780e-01  9.412120635647769e-01  9.412120635590578e-01
3.481999999999780e-01  9.411792958371981e-01  9.411792958314725e-01
3.482999999999780e-01  9.411465198389425e-01  9.411465198332106e-01
3.483999999999780e-01  9.411137355709538e-01  9.411137355652155e-01
3.484999999999779e-01  9.410809430341758e-01  9.410809430284310e-01
3.485999999999779e-01  9.410481422295522e-01  9.410481422238012e-01
3.486999999999779e-01  9.410153331580275e-01  9.410153331522700e-01
3.487999999999779e-01  9.409825158205459e-01  9.409825158147820e-01
3.488999999999779e-01  9.409496902180521e-01  9.409496902122817e-01
3.489999999999779e-01  9.409168563514908e-01  9.409168563457140e-01
3.490999999999779e-01  9.408840142218071e-01  9.408840142160239e-01
3.491999999999779e-01  9.408511638299463e-01  9.408511638241566e-01
3.492999999999779e-01  9.408183051768537e-01  9.408183051710576e-01
3.493999999999778e-01  9.407854382634752e-01  9.407854382576726e-01
3.494999999999778e-01  9.407525630907565e-01  9.407525630849475e-01
3.495999999999778e-01  9.407196796596439e-01  9.407196796538284e-01
3.496999999999778e-01  9.406867879710835e-01  9.406867879652616e-01
3.497999999999778e-01  9.406538880260220e-01  9.406538880201937e-01
3.498999999999778e-01  9.406209798254062e-01  9.406209798195714e-01
3.499999999999778e-01  9.405880633701829e-01  9.405880633643416e-01
3.500999999999778e-01  9.405551386612994e-01  9.405551386554517e-01
3.501999999999778e-01  9.405222056997030e-01  9.405222056938489e-01
3.502999999999777e-01  9.404892644863415e-01  9.404892644804809e-01
3.503999999999777e-01  9.404563150221625e-01  9.404563150162955e-01
3.504999999999777e-01  9.404233573081142e-01  9.404233573022406e-01
3.505999999999777e-01  9.403903913451448e-01  9.403903913392646e-01
3.506999999999777e-01  9.403574171342027e-01  9.403574171283160e-01
3.507999999999777e-01  9.403244346762367e-01  9.403244346703434e-01
3.508999999999777e-01  9.402914439721957e-01  9.402914439662958e-01
3.509999999999777e-01  9.402584450230287e-01  9.402584450171223e-01
3.510999999999777e-01  9.402254378296850e-01  9.402254378237721e-01
3.511999999999776e-01  9.401924223931143e-01  9.401924223871948e-01
3.512999999999776e-01  9.401593987142662e-01  9.401593987083402e-01
3.513999999999776e-01  9.401263667940909e-01  9.401263667881582e-01
3.514999999999776e-01  9.400933266335383e-01  9.400933266275990e-01
3.515999999999776e-01  9.400602782335590e-01  9.400602782276131e-01
3.516999999999776e-01  9.400272215951034e-01  9.400272215891510e-01
3.517999999999776e-01  9.399941567191226e-01  9.399941567131634e-01
3.518999999999776e-01  9.399610836065674e-01  9.399610836006016e-01
3.519999999999776e-01  9.399280022583891e-01  9.399280022524167e-01
3.520999999999775e-01  9.398949126755393e-01  9.398949126695602e-01
3.521999999999775e-01  9.398618148589695e-01  9.398618148529837e-01
3.522999999999775e-01  9.398287088096317e-01  9.398287088036392e-01
3.523999999999775e-01  9.397955945284778e-01  9.397955945224788e-01
3.524999999999775e-01  9.397624720164605e-01  9.397624720104548e-01
3.525999999999775e-01  9.397293412745320e-01  9.397293412685197e-01
3.526999999999775e-01  9.396962023036451e-01  9.396962022976262e-01
3.527999999999775e-01  9.396630551047529e-01  9.396630550987273e-01
3.528999999999775e-01  9.396298996788084e-01  9.396298996727761e-01
3.529999999999774e-01  9.395967360267651e-01  9.395967360207261e-01
3.530999999999774e-01  9.395635641495765e-01  9.395635641435309e-01
3.531999999999774e-01  9.395303840481966e-01  9.395303840421443e-01
3.532999999999774e-01  9.394971957235791e-01  9.394971957175202e-01
3.533999999999774e-01  9.394639991766786e-01  9.394639991706130e-01
3.534999999999774e-01  9.394307944084492e-01  9.394307944023770e-01
3.535999999999774e-01  9.393975814198459e-01  9.393975814137670e-01
3.536999999999774e-01  9.393643602118233e-01  9.393643602057378e-01
3.537999999999774e-01  9.393311307853367e-01  9.393311307792445e-01
3.538999999999773e-01  9.392978931413413e-01  9.392978931352424e-01
3.539999999999773e-01  9.392646472807925e-01  9.392646472746870e-01
3.540999999999773e-01  9.392313932046462e-01  9.392313931985340e-01
3.541999999999773e-01  9.391981309138583e-01  9.391981309077394e-01
3.542999999999773e-01  9.391648604093848e-01  9.391648604032593e-01
3.543999999999773e-01  9.391315816921824e-01  9.391315816860500e-01
3.544999999999773e-01  9.390982947632073e-01  9.390982947570683e-01
3.545999999999773e-01  9.390649996234165e-01  9.390649996172707e-01
3.546999999999773e-01  9.390316962737669e-01  9.390316962676145e-01
3.547999999999772e-01  9.389983847152159e-01  9.389983847090567e-01
3.548999999999772e-01  9.389650649487207e-01  9.389650649425548e-01
3.549999999999772e-01  9.389317369752390e-01  9.389317369690664e-01
3.550999999999772e-01  9.388984007957287e-01  9.388984007895493e-01
3.551999999999772e-01  9.388650564111479e-01  9.388650564049618e-01
3.552999999999772e-01  9.388317038224547e-01  9.388317038162618e-01
3.553999999999772e-01  9.387983430306078e-01  9.387983430244081e-01
3.554999999999772e-01  9.387649740365658e-01  9.387649740303593e-01
3.555999999999772e-01  9.387315968412875e-01  9.387315968350742e-01
3.556999999999772e-01  9.386982114457322e-01  9.386982114395122e-01
3.557999999999771e-01  9.386648178508591e-01  9.386648178446323e-01
3.558999999999771e-01  9.386314160576278e-01  9.386314160513942e-01
3.559999999999771e-01  9.385980060669981e-01  9.385980060607577e-01
3.560999999999771e-01  9.385645878799299e-01  9.385645878736827e-01
3.561999999999771e-01  9.385311614973835e-01  9.385311614911294e-01
3.562999999999771e-01  9.384977269203191e-01  9.384977269140582e-01
3.563999999999771e-01  9.384642841496974e-01  9.384642841434297e-01
3.564999999999771e-01  9.384308331864792e-01  9.384308331802048e-01
3.565999999999771e-01  9.383973740316257e-01  9.383973740253444e-01
3.566999999999770e-01  9.383639066860979e-01  9.383639066798097e-01
3.567999999999770e-01  9.383304311508573e-01  9.383304311445624e-01
3.568999999999770e-01  9.382969474268658e-01  9.382969474205639e-01
3.569999999999770e-01  9.382634555150849e-01  9.382634555087762e-01
3.570999999999770e-01  9.382299554164769e-01  9.382299554101613e-01
3.571999999999770e-01  9.381964471320041e-01  9.381964471256816e-01
3.572999999999770e-01  9.381629306626289e-01  9.381629306562995e-01
3.573999999999770e-01  9.381294060093142e-01  9.381294060029778e-01
3.574999999999770e-01  9.380958731730227e-01  9.380958731666794e-01
3.575999999999769e-01  9.380623321547177e-01  9.380623321483674e-01
3.576999999999769e-01  9.380287829553624e-01  9.380287829490053e-01
3.577999999999769e-01  9.379952255759205e-01  9.379952255695565e-01
3.578999999999769e-01  9.379616600173558e-01  9.379616600109848e-01
3.579999999999769e-01  9.379280862806322e-01  9.379280862742543e-01
3.580999999999769e-01  9.378945043667138e-01  9.378945043603291e-01
3.581999999999769e-01  9.378609142765653e-01  9.378609142701735e-01
3.582999999999769e-01  9.378273160111510e-01  9.378273160047523e-01
3.583999999999769e-01  9.377937095714359e-01  9.377937095650303e-01
3.584999999999768e-01  9.377600949583851e-01  9.377600949519724e-01
3.585999999999768e-01  9.377264721729637e-01  9.377264721665440e-01
3.586999999999768e-01  9.376928412161372e-01  9.376928412097105e-01
3.587999999999768e-01  9.376592020888712e-01  9.376592020824376e-01
3.588999999999768e-01  9.376255547921317e-01  9.376255547856911e-01
3.589999999999768e-01  9.375918993268848e-01  9.375918993204372e-01
3.590999999999768e-01  9.375582356940967e-01  9.375582356876421e-01
3.591999999999768e-01  9.375245638947339e-01  9.375245638882723e-01
3.592999999999768e-01  9.374908839297632e-01  9.374908839232946e-01
3.593999999999767e-01  9.374571958001515e-01  9.374571957936759e-01
3.594999999999767e-01  9.374234995068660e-01  9.374234995003834e-01
3.595999999999767e-01  9.373897950508739e-01  9.373897950443844e-01
3.596999999999767e-01  9.373560824331430e-01  9.373560824266464e-01
3.597999999999767e-01  9.373223616546408e-01  9.373223616481372e-01
3.598999999999767e-01  9.372886327163354e-01  9.372886327098249e-01
3.599999999999767e-01  9.372548956191952e-01  9.372548956126775e-01
3.600999999999767e-01  9.372211503641883e-01  9.372211503576635e-01
3.601999999999767e-01  9.371873969522835e-01  9.371873969457516e-01
3.602999999999766e-01  9.371536353844495e-01  9.371536353779105e-01
3.603999999999766e-01  9.371198656616554e-01  9.371198656551093e-01
3.604999999999766e-01  9.370860877848703e-01  9.370860877783171e-01
3.605999999999766e-01  9.370523017550639e-01  9.370523017485036e-01
3.606999999999766e-01  9.370185075732057e-01  9.370185075666383e-01
3.607999999999766e-01  9.369847052402656e-01  9.369847052336910e-01
3.608999999999766e-01  9.369508947572136e-01  9.369508947506320e-01
3.609999999999766e-01  9.369170761250201e-01  9.369170761184314e-01
3.610999999999766e-01  9.368832493446555e-01  9.368832493380598e-01
3.611999999999765e-01  9.368494144170907e-01  9.368494144104879e-01
3.612999999999765e-01  9.368155713432964e-01  9.368155713366865e-01
3.613999999999765e-01  9.367817201242439e-01  9.367817201176268e-01
3.614999999999765e-01  9.367478607609043e-01  9.367478607542802e-01
3.615999999999765e-01  9.367139932542494e-01  9.367139932476182e-01
3.616999999999765e-01  9.366801176052508e-01  9.366801175986125e-01
3.617999999999765e-01  9.366462338148805e-01  9.366462338082351e-01
3.618999999999765e-01  9.366123418841108e-01  9.366123418774582e-01
3.619999999999765e-01  9.365784418139139e-01  9.365784418072542e-01
3.620999999999764e-01  9.365445336052625e-01  9.365445335985957e-01
3.621999999999764e-01  9.365106172591293e-01  9.365106172524553e-01
3.622999999999764e-01  9.364766927764874e-01  9.364766927698063e-01
3.623999999999764e-01  9.364427601583100e-01  9.364427601516216e-01
3.624999999999764e-01  9.364088194055704e-01  9.364088193988750e-01
3.625999999999764e-01  9.363748705192424e-01  9.363748705125399e-01
3.626999999999764e-01  9.363409135002998e-01  9.363409134935900e-01
3.627999999999764e-01  9.363069483497166e-01  9.363069483429998e-01
3.628999999999764e-01  9.362729750684672e-01  9.362729750617431e-01
3.629999999999763e-01  9.362389936575259e-01  9.362389936507947e-01
3.630999999999763e-01  9.362050041178676e-01  9.362050041111291e-01
3.631999999999763e-01  9.361710064504669e-01  9.361710064437212e-01
3.632999999999763e-01  9.361370006562990e-01  9.361370006495461e-01
3.633999999999763e-01  9.361029867363393e-01  9.361029867295791e-01
3.634999999999763e-01  9.360689646915632e-01  9.360689646847958e-01
3.635999999999763e-01  9.360349345229465e-01  9.360349345161718e-01
3.636999999999763e-01  9.360008962314651e-01  9.360008962246831e-01
3.637999999999763e-01  9.359668498180951e-01  9.359668498113058e-01
3.638999999999762e-01  9.359327952838128e-01  9.359327952770163e-01
3.639999999999762e-01  9.358987326295949e-01  9.358987326227911e-01
3.640999999999762e-01  9.358646618564180e-01  9.358646618496070e-01
3.641999999999762e-01  9.358305829652592e-01  9.358305829584410e-01
3.642999999999762e-01  9.357964959570957e-01  9.357964959502701e-01
3.643999999999762e-01  9.357624008329047e-01  9.357624008260719e-01
3.644999999999762e-01  9.357282975936639e-01  9.357282975868239e-01
3.645999999999762e-01  9.356941862403512e-01  9.356941862335038e-01
3.646999999999762e-01  9.356600667739444e-01  9.356600667670897e-01
3.647999999999761e-01  9.356259391954219e-01  9.356259391885599e-01
3.648999999999761e-01  9.355918035057620e-01  9.355918034988927e-01
3.649999999999761e-01  9.355576597059434e-01  9.355576596990668e-01
3.650999999999761e-01  9.355235077969449e-01  9.355235077900610e-01
3.651999999999761e-01  9.354893477797456e-01  9.354893477728543e-01
3.652999999999761e-01  9.354551796553247e-01  9.354551796484261e-01
3.653999999999761e-01  9.354210034246616e-01  9.354210034177557e-01
3.654999999999761e-01  9.353868190887361e-01  9.353868190818229e-01
3.655999999999761e-01  9.353526266485280e-01  9.353526266416075e-01
3.656999999999760e-01  9.353184261050175e-01  9.353184260980896e-01
3.657999999999760e-01  9.352842174591848e-01  9.352842174522494e-01
3.658999999999760e-01  9.352500007120104e-01  9.352500007050676e-01
3.659999999999760e-01  9.352157758644749e-01  9.352157758575248e-01
3.660999999999760e-01  9.351815429175594e-01  9.351815429106018e-01
3.661999999999760e-01  9.351473018722448e-01  9.351473018652800e-01
3.662999999999760e-01  9.351130527295126e-01  9.351130527225404e-01
3.663999999999760e-01  9.350787954903443e-01  9.350787954833647e-01
3.664999999999760e-01  9.350445301557216e-01  9.350445301487347e-01
3.665999999999760e-01  9.350102567266265e-01  9.350102567196322e-01
3.666999999999759e-01  9.349759752040412e-01  9.349759751970395e-01
3.667999999999759e-01  9.349416855889480e-01  9.349416855819388e-01
3.668999999999759e-01  9.349073878823293e-01  9.349073878753128e-01
3.669999999999759e-01  9.348730820851681e-01  9.348730820781441e-01
3.670999999999759e-01  9.348387681984472e-01  9.348387681914159e-01
3.671999999999759e-01  9.348044462231501e-01  9.348044462161113e-01
3.672999999999759e-01  9.347701161602598e-01  9.347701161532136e-01
3.673999999999759e-01  9.347357780107602e-01  9.347357780037066e-01
3.674999999999759e-01  9.347014317756350e-01  9.347014317685739e-01
3.675999999999758e-01  9.346670774558682e-01  9.346670774487996e-01
3.676999999999758e-01  9.346327150524440e-01  9.346327150453679e-01
3.677999999999758e-01  9.345983445663469e-01  9.345983445592634e-01
3.678999999999758e-01  9.345639659985615e-01  9.345639659914704e-01
3.679999999999758e-01  9.345295793500726e-01  9.345295793429740e-01
3.680999999999758e-01  9.344951846218653e-01  9.344951846147591e-01
3.681999999999758e-01  9.344607818149248e-01  9.344607818078111e-01
3.682999999999758e-01  9.344263709302365e-01  9.344263709231153e-01
3.683999999999758e-01  9.343919519687862e-01  9.343919519616575e-01
3.684999999999757e-01  9.343575249315597e-01  9.343575249244235e-01
3.685999999999757e-01  9.343230898195430e-01  9.343230898123993e-01
3.686999999999757e-01  9.342886466337226e-01  9.342886466265713e-01
3.687999999999757e-01  9.342541953750847e-01  9.342541953679260e-01
3.688999999999757e-01  9.342197360446162e-01  9.342197360374499e-01
3.689999999999757e-01  9.341852686433039e-01  9.341852686361300e-01
3.690999999999757e-01  9.341507931721349e-01  9.341507931649535e-01
3.691999999999757e-01  9.341163096320966e-01  9.341163096249077e-01
3.692999999999757e-01  9.340818180241764e-01  9.340818180169800e-01
3.693999999999756e-01  9.340473183493623e-01  9.340473183421582e-01
3.694999999999756e-01  9.340128106086418e-01  9.340128106014302e-01
3.695999999999756e-01  9.339782948030033e-01  9.339782947957841e-01
3.696999999999756e-01  9.339437709334352e-01  9.339437709262083e-01
3.697999999999756e-01  9.339092390009258e-01  9.339092389936913e-01
3.698999999999756e-01  9.338746990064640e-01  9.338746989992218e-01
3.699999999999756e-01  9.338401509510388e-01  9.338401509437889e-01
3.700999999999756e-01  9.338055948356392e-01  9.338055948283817e-01
3.701999999999756e-01  9.337710306612547e-01  9.337710306539895e-01
3.702999999999755e-01  9.337364584288748e-01  9.337364584216019e-01
3.703999999999755e-01  9.337018781394892e-01  9.337018781322087e-01
3.704999999999755e-01  9.336672897940881e-01  9.336672897867999e-01
3.705999999999755e-01  9.336326933936614e-01  9.336326933863657e-01
3.706999999999755e-01  9.335980889391997e-01  9.335980889318963e-01
3.707999999999755e-01  9.335634764316936e-01  9.335634764243825e-01
3.708999999999755e-01  9.335288558721337e-01  9.335288558648150e-01
3.709999999999755e-01  9.334942272615112e-01  9.334942272541848e-01
3.710999999999755e-01  9.334595906008172e-01  9.334595905934832e-01
3.711999999999754e-01  9.334249458910432e-01  9.334249458837015e-01
3.712999999999754e-01  9.333902931331808e-01  9.333902931258313e-01
3.713999999999754e-01  9.333556323282217e-01  9.333556323208646e-01
3.714999999999754e-01  9.333209634771581e-01  9.333209634697933e-01
3.715999999999754e-01  9.332862865809821e-01  9.332862865736097e-01
3.716999999999754e-01  9.332516016406862e-01  9.332516016333061e-01
3.717999999999754e-01  9.332169086572630e-01  9.332169086498753e-01
3.718999999999754e-01  9.331822076317055e-01  9.331822076243099e-01
3.719999999999754e-01  9.331474985650065e-01  9.331474985576033e-01
3.720999999999753e-01  9.331127814581593e-01  9.331127814507484e-01
3.721999999999753e-01  9.330780563121576e-01  9.330780563047388e-01
3.722999999999753e-01  9.330433231279948e-01  9.330433231205683e-01
3.723999999999753e-01  9.330085819066648e-01  9.330085818992305e-01
3.724999999999753e-01  9.329738326491618e-01  9.329738326417197e-01
3.725999999999753e-01  9.329390753564799e-01  9.329390753490302e-01
3.726999999999753e-01  9.329043100296137e-01  9.329043100221563e-01
3.727999999999753e-01  9.328695366695580e-01  9.328695366620928e-01
3.728999999999753e-01  9.328347552773074e-01  9.328347552698345e-01
3.729999999999752e-01  9.327999658538572e-01  9.327999658463765e-01
3.730999999999752e-01  9.327651684002026e-01  9.327651683927142e-01
3.731999999999752e-01  9.327303629173391e-01  9.327303629098429e-01
3.732999999999752e-01  9.326955494062625e-01  9.326955493987585e-01
3.733999999999752e-01  9.326607278679686e-01  9.326607278604568e-01
3.734999999999752e-01  9.326258983034535e-01  9.326258982959340e-01
3.735999999999752e-01  9.325910607137137e-01  9.325910607061862e-01
3.736999999999752e-01  9.325562150997454e-01  9.325562150922102e-01
3.737999999999752e-01  9.325213614625456e-01  9.325213614550025e-01
3.738999999999751e-01  9.324864998031110e-01  9.324864997955602e-01
3.739999999999751e-01  9.324516301224389e-01  9.324516301148803e-01
3.740999999999751e-01  9.324167524215266e-01  9.324167524139602e-01
3.741999999999751e-01  9.323818667013715e-01  9.323818666937973e-01
3.742999999999751e-01  9.323469729629714e-01  9.323469729553895e-01
3.743999999999751e-01  9.323120712073244e-01  9.323120711997346e-01
3.744999999999751e-01  9.322771614354285e-01  9.322771614278308e-01
3.745999999999751e-01  9.322422436482820e-01  9.322422436406764e-01
3.746999999999751e-01  9.322073178468836e-01  9.322073178392701e-01
3.747999999999750e-01  9.321723840322319e-01  9.321723840246106e-01
3.748999999999750e-01  9.321374422053259e-01  9.321374421976967e-01
3.749999999999750e-01  9.321024923671648e-01  9.321024923595277e-01
3.750999999999750e-01  9.320675345187479e-01  9.320675345111029e-01
3.751999999999750e-01  9.320325686610748e-01  9.320325686534219e-01
3.752999999999750e-01  9.319975947951452e-01  9.319975947874845e-01
3.753999999999750e-01  9.319626129219591e-01  9.319626129142905e-01
3.754999999999750e-01  9.319276230425169e-01  9.319276230348402e-01
3.755999999999750e-01  9.318926251578186e-01  9.318926251501340e-01
3.756999999999749e-01  9.318576192688650e-01  9.318576192611725e-01
3.757999999999749e-01  9.318226053766568e-01  9.318226053689563e-01
3.758999999999749e-01  9.317875834821950e-01  9.317875834744866e-01
3.759999999999749e-01  9.317525535864809e-01  9.317525535787645e-01
3.760999999999749e-01  9.317175156905158e-01  9.317175156827914e-01
3.761999999999749e-01  9.316824697953011e-01  9.316824697875687e-01
3.762999999999749e-01  9.316474159018389e-01  9.316474158940985e-01
3.763999999999749e-01  9.316123540111310e-01  9.316123540033826e-01
3.764999999999749e-01  9.315772841241796e-01  9.315772841164233e-01
3.765999999999748e-01  9.315422062419871e-01  9.315422062342228e-01
3.766999999999748e-01  9.315071203655563e-01  9.315071203577839e-01
3.767999999999748e-01  9.314720264958897e-01  9.314720264881093e-01
3.768999999999748e-01  9.314369246339904e-01  9.314369246262021e-01
3.769999999999748e-01  9.314018147808617e-01  9.314018147730654e-01
3.770999999999748e-01  9.313666969375070e-01  9.313666969297026e-01
3.771999999999748e-01  9.313315711049298e-01  9.313315710971175e-01
3.772999999999748e-01  9.312964372841340e-01  9.312964372763137e-01
3.773999999999748e-01  9.312612954761237e-01  9.312612954682954e-01
3.774999999999747e-01  9.312261456819030e-01  9.312261456740666e-01
3.775999999999747e-01  9.311909879024762e-01  9.311909878946318e-01
3.776999999999747e-01  9.311558221388482e-01  9.311558221309957e-01
3.777999999999747e-01  9.311206483920236e-01  9.311206483841630e-01
3.778999999999747e-01  9.310854666630074e-01  9.310854666551388e-01
3.779999999999747e-01  9.310502769528050e-01  9.310502769449283e-01
3.780999999999747e-01  9.310150792624217e-01  9.310150792545369e-01
3.781999999999747e-01  9.309798735928632e-01  9.309798735849703e-01
3.782999999999747e-01  9.309446599451352e-01  9.309446599372342e-01
3.783999999999747e-01  9.309094383202439e-01  9.309094383123347e-01
3.784999999999746e-01  9.308742087191954e-01  9.308742087112781e-01
3.785999999999746e-01  9.308389711429961e-01  9.308389711350707e-01
3.786999999999746e-01  9.308037255926528e-01  9.308037255847194e-01
3.787999999999746e-01  9.307684720691722e-01  9.307684720612307e-01
3.788999999999746e-01  9.307332105735614e-01  9.307332105656118e-01
3.789999999999746e-01  9.306979411068276e-01  9.306979410988698e-01
3.790999999999746e-01  9.306626636699782e-01  9.306626636620123e-01
3.791999999999746e-01  9.306273782640209e-01  9.306273782560469e-01
3.792999999999746e-01  9.305920848899635e-01  9.305920848819814e-01
3.793999999999745e-01  9.305567835488141e-01  9.305567835408238e-01
3.794999999999745e-01  9.305214742415808e-01  9.305214742335824e-01
3.795999999999745e-01  9.304861569692723e-01  9.304861569612657e-01
3.796999999999745e-01  9.304508317328970e-01  9.304508317248822e-01
3.797999999999745e-01  9.304154985334638e-01  9.304154985254408e-01
3.798999999999745e-01  9.303801573719818e-01  9.303801573639506e-01
3.799999999999745e-01  9.303448082494601e-01  9.303448082414209e-01
3.800999999999745e-01  9.303094511669083e-01  9.303094511588609e-01
3.801999999999745e-01  9.302740861253360e-01  9.302740861172804e-01
3.802999999999744e-01  9.302387131257530e-01  9.302387131176891e-01
3.803999999999744e-01  9.302033321691694e-01  9.302033321610973e-01
3.804999999999744e-01  9.301679432565954e-01  9.301679432485150e-01
3.805999999999744e-01  9.301325463890414e-01  9.301325463809529e-01
3.806999999999744e-01  9.300971415675182e-01  9.300971415594215e-01
3.807999999999744e-01  9.300617287930365e-01  9.300617287849315e-01
3.808999999999744e-01  9.300263080666075e-01  9.300263080584942e-01
3.809999999999744e-01  9.299908793892423e-01  9.299908793811207e-01
3.810999999999744e-01  9.299554427619524e-01  9.299554427538225e-01
3.811999999999743e-01  9.299199981857494e-01  9.299199981776112e-01
3.812999999999743e-01  9.298845456616452e-01  9.298845456534987e-01
3.813999999999743e-01  9.298490851906519e-01  9.298490851824970e-01
3.814999999999743e-01  9.298136167737816e-01  9.298136167656184e-01
3.815999999999743e-01  9.297781404120468e-01  9.297781404038753e-01
3.816999999999743e-01  9.297426561064601e-01  9.297426560982803e-01
3.817999999999743e-01  9.297071638580344e-01  9.297071638498464e-01
3.818999999999743e-01  9.296716636677829e-01  9.296716636595865e-01
3.819999999999743e-01  9.296361555367185e-01  9.296361555285139e-01
3.820999999999742e-01  9.296006394658549e-01  9.296006394576419e-01
3.821999999999742e-01  9.295651154562057e-01  9.295651154479844e-01
3.822999999999742e-01  9.295295835087847e-01  9.295295835005550e-01
3.823999999999742e-01  9.294940436246060e-01  9.294940436163680e-01
3.824999999999742e-01  9.294584958046838e-01  9.294584957964375e-01
3.825999999999742e-01  9.294229400500325e-01  9.294229400417778e-01
3.826999999999742e-01  9.293873763616667e-01  9.293873763534037e-01
3.827999999999742e-01  9.293518047406013e-01  9.293518047323300e-01
3.828999999999742e-01  9.293162251878514e-01  9.293162251795718e-01
3.829999999999741e-01  9.292806377044323e-01  9.292806376961442e-01
3.830999999999741e-01  9.292450422913592e-01  9.292450422830628e-01
3.831999999999741e-01  9.292094389496479e-01  9.292094389413431e-01
3.832999999999741e-01  9.291738276803142e-01  9.291738276720010e-01
3.833999999999741e-01  9.291382084843741e-01  9.291382084760524e-01
3.834999999999741e-01  9.291025813628438e-01  9.291025813545137e-01
3.835999999999741e-01  9.290669463167399e-01  9.290669463084014e-01
3.836999999999741e-01  9.290313033470788e-01  9.290313033387319e-01
3.837999999999741e-01  9.289956524548775e-01  9.289956524465220e-01
3.838999999999740e-01  9.289599936411529e-01  9.289599936327890e-01
3.839999999999740e-01  9.289243269069223e-01  9.289243268985500e-01
3.840999999999740e-01  9.288886522532030e-01  9.288886522448223e-01
3.841999999999740e-01  9.288529696810129e-01  9.288529696726238e-01
3.842999999999740e-01  9.288172791913697e-01  9.288172791829720e-01
3.843999999999740e-01  9.287815807852913e-01  9.287815807768851e-01
3.844999999999740e-01  9.287458744637960e-01  9.287458744553813e-01
3.845999999999740e-01  9.287101602279021e-01  9.287101602194789e-01
3.846999999999740e-01  9.286744380786284e-01  9.286744380701968e-01
3.847999999999739e-01  9.286387080169936e-01  9.286387080085535e-01
3.848999999999739e-01  9.286029700440167e-01  9.286029700355681e-01
3.849999999999739e-01  9.285672241607170e-01  9.285672241522599e-01
3.850999999999739e-01  9.285314703681139e-01  9.285314703596482e-01
3.851999999999739e-01  9.284957086672269e-01  9.284957086587527e-01
3.852999999999739e-01  9.284599390590758e-01  9.284599390505932e-01
3.853999999999739e-01  9.284241615446807e-01  9.284241615361896e-01
3.854999999999739e-01  9.283883761250618e-01  9.283883761165621e-01
3.855999999999739e-01  9.283525828012393e-01  9.283525827927311e-01
3.856999999999738e-01  9.283167815742340e-01  9.283167815657173e-01
3.857999999999738e-01  9.282809724450667e-01  9.282809724365414e-01
3.858999999999738e-01  9.282451554147583e-01  9.282451554062244e-01
3.859999999999738e-01  9.282093304843300e-01  9.282093304757876e-01
3.860999999999738e-01  9.281734976548032e-01  9.281734976462522e-01
3.861999999999738e-01  9.281376569271994e-01  9.281376569186399e-01
3.862999999999738e-01  9.281018083025405e-01  9.281018082939725e-01
3.863999999999738e-01  9.280659517818485e-01  9.280659517732719e-01
3.864999999999738e-01  9.280300873661455e-01  9.280300873575602e-01
3.865999999999737e-01  9.279942150564537e-01  9.279942150478600e-01
3.866999999999737e-01  9.279583348537960e-01  9.279583348451936e-01
3.867999999999737e-01  9.279224467591950e-01  9.279224467505840e-01
3.868999999999737e-01  9.278865507736737e-01  9.278865507650540e-01
3.869999999999737e-01  9.278506468982551e-01  9.278506468896268e-01
3.870999999999737e-01  9.278147351339628e-01  9.278147351253259e-01
3.871999999999737e-01  9.277788154818203e-01  9.277788154731746e-01
3.872999999999737e-01  9.277428879428512e-01  9.277428879341969e-01
3.873999999999737e-01  9.277069525180796e-01  9.277069525094166e-01
3.874999999999736e-01  9.276710092085295e-01  9.276710091998579e-01
3.875999999999736e-01  9.276350580152254e-01  9.276350580065451e-01
3.876999999999736e-01  9.275990989391917e-01  9.275990989305027e-01
3.877999999999736e-01  9.275631319814532e-01  9.275631319727556e-01
3.878999999999736e-01  9.275271571430349e-01  9.275271571343287e-01
3.879999999999736e-01  9.274911744249619e-01  9.274911744162470e-01
3.880999999999736e-01  9.274551838282594e-01  9.274551838195358e-01
3.881999999999736e-01  9.274191853539531e-01  9.274191853452208e-01
3.882999999999736e-01  9.273831790030685e-01  9.273831789943277e-01
3.883999999999735e-01  9.273471647766318e-01  9.273471647678821e-01
3.884999999999735e-01  9.273111426756689e-01  9.273111426669105e-01
3.885999999999735e-01  9.272751127012062e-01  9.272751126924390e-01
3.886999999999735e-01  9.272390748542702e-01  9.272390748454942e-01
3.887999999999735e-01  9.272030291358875e-01  9.272030291271027e-01
3.888999999999735e-01  9.271669755470850e-01  9.271669755382915e-01
3.889999999999735e-01  9.271309140888900e-01  9.271309140800877e-01
3.890999999999735e-01  9.270948447623296e-01  9.270948447535186e-01
3.891999999999735e-01  9.270587675684313e-01  9.270587675596115e-01
3.892999999999735e-01  9.270226825082228e-01  9.270226824993942e-01
3.893999999999734e-01  9.269865895827321e-01  9.269865895738947e-01
3.894999999999734e-01  9.269504887929870e-01  9.269504887841409e-01
3.895999999999734e-01  9.269143801400160e-01  9.269143801311611e-01
3.896999999999734e-01  9.268782636248476e-01  9.268782636159839e-01
3.897999999999734e-01  9.268421392485103e-01  9.268421392396379e-01
3.898999999999734e-01  9.268060070120331e-01  9.268060070031519e-01
3.899999999999734e-01  9.267698669164449e-01  9.267698669075548e-01
3.900999999999734e-01  9.267337189627750e-01  9.267337189538761e-01
3.901999999999734e-01  9.266975631520529e-01  9.266975631431452e-01
3.902999999999733e-01  9.266613994853081e-01  9.266613994763917e-01
3.903999999999733e-01  9.266252279635706e-01  9.266252279546454e-01
3.904999999999733e-01  9.265890485878704e-01  9.265890485789364e-01
3.905999999999733e-01  9.265528613592376e-01  9.265528613502949e-01
3.906999999999733e-01  9.265166662787029e-01  9.265166662697513e-01
3.907999999999733e-01  9.264804633472966e-01  9.264804633383361e-01
3.908999999999733e-01  9.264442525660497e-01  9.264442525570803e-01
3.909999999999733e-01  9.264080339359931e-01  9.264080339270149e-01
3.910999999999733e-01  9.263718074581582e-01  9.263718074491710e-01
3.911999999999732e-01  9.263355731335761e-01  9.263355731245800e-01
3.912999999999732e-01  9.262993309632785e-01  9.262993309542736e-01
3.913999999999732e-01  9.262630809482973e-01  9.262630809392836e-01
3.914999999999732e-01  9.262268230896644e-01  9.262268230806417e-01
3.915999999999732e-01  9.261905573884120e-01  9.261905573793804e-01
3.916999999999732e-01  9.261542838455725e-01  9.261542838365319e-01
3.917999999999732e-01  9.261180024621783e-01  9.261180024531288e-01
3.918999999999732e-01  9.260817132392624e-01  9.260817132302039e-01
3.919999999999732e-01  9.260454161778575e-01  9.260454161687902e-01
3.920999999999731e-01  9.260091112789970e-01  9.260091112699207e-01
3.921999999999731e-01  9.259727985437141e-01  9.259727985346289e-01
3.922999999999731e-01  9.259364779730423e-01  9.259364779639482e-01
3.923999999999731e-01  9.259001495680156e-01  9.259001495589124e-01
3.924999999999731e-01  9.258638133296676e-01  9.258638133205555e-01
3.925999999999731e-01  9.258274692590326e-01  9.258274692499114e-01
3.926999999999731e-01  9.257911173571448e-01  9.257911173480148e-01
3.927999999999731e-01  9.257547576250389e-01  9.257547576158999e-01
3.928999999999731e-01  9.257183900637495e-01  9.257183900546014e-01
3.929999999999730e-01  9.256820146743114e-01  9.256820146651544e-01
3.930999999999730e-01  9.256456314577599e-01  9.256456314485939e-01
3.931999999999730e-01  9.256092404151302e-01  9.256092404059552e-01
3.932999999999730e-01  9.255728415474577e-01  9.255728415382736e-01
3.933999999999730e-01  9.255364348557781e-01  9.255364348465850e-01
3.934999999999730e-01  9.255000203411273e-01  9.255000203319251e-01
3.935999999999730e-01  9.254635980045415e-01  9.254635979953302e-01
3.936999999999730e-01  9.254271678470567e-01  9.254271678378364e-01
3.937999999999730e-01  9.253907298697095e-01  9.253907298604802e-01
3.938999999999729e-01  9.253542840735366e-01  9.253542840642982e-01
3.939999999999729e-01  9.253178304595747e-01  9.253178304503272e-01
3.940999999999729e-01  9.252813690288609e-01  9.252813690196043e-01
3.941999999999729e-01  9.252448997824325e-01  9.252448997731668e-01
3.942999999999729e-01  9.252084227213269e-01  9.252084227120521e-01
3.943999999999729e-01  9.251719378465816e-01  9.251719378372977e-01
3.944999999999729e-01  9.251354451592344e-01  9.251354451499414e-01
3.945999999999729e-01  9.250989446603234e-01  9.250989446510214e-01
3.946999999999729e-01  9.250624363508868e-01  9.250624363415757e-01
3.947999999999728e-01  9.250259202319630e-01  9.250259202226427e-01
3.948999999999728e-01  9.249893963045904e-01  9.249893962952611e-01
3.949999999999728e-01  9.249528645698081e-01  9.249528645604697e-01
3.950999999999728e-01  9.249163250286547e-01  9.249163250193072e-01
3.951999999999728e-01  9.248797776821697e-01  9.248797776728130e-01
3.952999999999728e-01  9.248432225313922e-01  9.248432225220264e-01
3.953999999999728e-01  9.248066595773619e-01  9.248066595679870e-01
3.954999999999728e-01  9.247700888211184e-01  9.247700888117345e-01
3.955999999999728e-01  9.247335102637019e-01  9.247335102543087e-01
3.956999999999727e-01  9.246969239061522e-01  9.246969238967500e-01
3.957999999999727e-01  9.246603297495098e-01  9.246603297400984e-01
3.958999999999727e-01  9.246237277948153e-01  9.246237277853946e-01
3.959999999999727e-01  9.245871180431091e-01  9.245871180336793e-01
3.960999999999727e-01  9.245505004954323e-01  9.245505004859934e-01
3.961999999999727e-01  9.245138751528260e-01  9.245138751433779e-01
3.962999999999727e-01  9.244772420163315e-01  9.244772420068742e-01
3.963999999999727e-01  9.244406010869902e-01  9.244406010775237e-01
3.964999999999727e-01  9.244039523658438e-01  9.244039523563681e-01
3.965999999999726e-01  9.243672958539342e-01  9.243672958444492e-01
3.966999999999726e-01  9.243306315523033e-01  9.243306315428091e-01
3.967999999999726e-01  9.242939594619936e-01  9.242939594524900e-01
3.968999999999726e-01  9.242572795840472e-01  9.242572795745345e-01
3.969999999999726e-01  9.242205919195070e-01  9.242205919099851e-01
3.970999999999726e-01  9.241838964694157e-01  9.241838964598845e-01
3.971999999999726e-01  9.241471932348163e-01  9.241471932252759e-01
3.972999999999726e-01  9.241104822167521e-01  9.241104822072025e-01
3.973999999999726e-01  9.240737634162665e-01  9.240737634067075e-01
3.974999999999725e-01  9.240370368344030e-01  9.240370368248347e-01
3.975999999999725e-01  9.240003024722054e-01  9.240003024626279e-01
3.976999999999725e-01  9.239635603307178e-01  9.239635603211309e-01
3.977999999999725e-01  9.239268104109842e-01  9.239268104013880e-01
3.978999999999725e-01  9.238900527140490e-01  9.238900527044436e-01
3.979999999999725e-01  9.238532872409568e-01  9.238532872313421e-01
3.980999999999725e-01  9.238165139927523e-01  9.238165139831283e-01
3.981999999999725e-01  9.237797329704804e-01  9.237797329608470e-01
3.982999999999725e-01  9.237429441751863e-01  9.237429441655436e-01
3.983999999999724e-01  9.237061476079154e-01  9.237061475982632e-01
3.984999999999724e-01  9.236693432697130e-01  9.236693432600515e-01
3.985999999999724e-01  9.236325311616248e-01  9.236325311519540e-01
3.986999999999724e-01  9.235957112846969e-01  9.235957112750167e-01
3.987999999999724e-01  9.235588836399752e-01  9.235588836302857e-01
3.988999999999724e-01  9.235220482285060e-01  9.235220482188072e-01
3.989999999999724e-01  9.234852050513359e-01  9.234852050416277e-01
3.990999999999724e-01  9.234483541095114e-01  9.234483540997938e-01
3.991999999999724e-01  9.234114954040794e-01  9.234114953943524e-01
3.992999999999723e-01  9.233746289360869e-01  9.233746289263506e-01
3.993999999999723e-01  9.233377547065812e-01  9.233377546968354e-01
3.994999999999723e-01  9.233008727166097e-01  9.233008727068546e-01
3.995999999999723e-01  9.232639829672199e-01  9.232639829574555e-01
3.996999999999723e-01  9.232270854594598e-01  9.232270854496859e-01
3.997999999999723e-01  9.231901801943773e-01  9.231901801845940e-01
3.998999999999723e-01  9.231532671730205e-01  9.231532671632278e-01
3.999999999999723e-01  9.231163463964379e-01  9.231163463866358e-01
4.000999999999723e-01  9.230794178656780e-01  9.230794178558664e-01
4.001999999999722e-01  9.230424815817896e-01  9.230424815719686e-01
4.002999999999722e-01  9.230055375458216e-01  9.230055375359911e-01
4.003999999999722e-01  9.229685857588231e-01  9.229685857489832e-01
4.004999999999722e-01  9.229316262218435e-01  9.229316262119942e-01
4.005999999999722e-01  9.228946589359324e-01  9.228946589260736e-01
4.006999999999722e-01  9.228576839021393e-01  9.228576838922711e-01
4.007999999999722e-01  9.228207011215143e-01  9.228207011116365e-01
4.008999999999722e-01  9.227837105951073e-01  9.227837105852200e-01
4.009999999999722e-01  9.227467123239688e-01  9.227467123140719e-01
4.010999999999722e-01  9.227097063091490e-01  9.227097062992426e-01
4.011999999999721e-01  9.226726925516987e-01  9.226726925417829e-01
4.012999999999721e-01  9.226356710526687e-01  9.226356710427434e-01
4.013999999999721e-01  9.225986418131102e-01  9.225986418031753e-01
4.014999999999721e-01  9.225616048340743e-01  9.225616048241299e-01
4.015999999999721e-01  9.225245601166124e-01  9.225245601066584e-01
4.016999999999721e-01  9.224875076617762e-01  9.224875076518126e-01
4.017999999999721e-01  9.224504474706174e-01  9.224504474606443e-01
4.018999999999721e-01  9.224133795441881e-01  9.224133795342054e-01
4.019999999999721e-01  9.223763038835404e-01  9.223763038735482e-01
4.020999999999720e-01  9.223392204897267e-01  9.223392204797248e-01
4.021999999999720e-01  9.223021293637995e-01  9.223021293537881e-01
4.022999999999720e-01  9.222650305068116e-01  9.222650304967905e-01
4.023999999999720e-01  9.222279239198160e-01  9.222279239097853e-01
4.024999999999720e-01  9.221908096038657e-01  9.221908095938254e-01
4.025999999999720e-01  9.221536875600140e-01  9.221536875499641e-01
4.026999999999720e-01  9.221165577893146e-01  9.221165577792550e-01
4.027999999999720e-01  9.220794202928210e-01  9.220794202827518e-01
4.028999999999720e-01  9.220422750715872e-01  9.220422750615084e-01
4.029999999999719e-01  9.220051221266672e-01  9.220051221165788e-01
4.030999999999719e-01  9.219679614591153e-01  9.219679614490173e-01
4.031999999999719e-01  9.219307930699859e-01  9.219307930598782e-01
4.032999999999719e-01  9.218936169603338e-01  9.218936169502164e-01
4.033999999999719e-01  9.218564331312137e-01  9.218564331210867e-01
4.034999999999719e-01  9.218192415836807e-01  9.218192415735439e-01
4.035999999999719e-01  9.217820423187899e-01  9.217820423086434e-01
4.036999999999719e-01  9.217448353375968e-01  9.217448353274406e-01
4.037999999999719e-01  9.217076206411569e-01  9.217076206309910e-01
4.038999999999718e-01  9.216703982305260e-01  9.216703982203504e-01
4.039999999999718e-01  9.216331681067601e-01  9.216331680965747e-01
4.040999999999718e-01  9.215959302709154e-01  9.215959302607202e-01
4.041999999999718e-01  9.215586847240480e-01  9.215586847138432e-01
4.042999999999718e-01  9.215214314672147e-01  9.215214314570002e-01
4.043999999999718e-01  9.214841705014720e-01  9.214841704912479e-01
4.044999999999718e-01  9.214469018278770e-01  9.214469018176432e-01
4.045999999999718e-01  9.214096254474868e-01  9.214096254372433e-01
4.046999999999718e-01  9.213723413613586e-01  9.213723413511052e-01
4.047999999999717e-01  9.213350495705499e-01  9.213350495602868e-01
4.048999999999717e-01  9.212977500761184e-01  9.212977500658455e-01
4.049999999999717e-01  9.212604428791218e-01  9.212604428688391e-01
4.050999999999717e-01  9.212231279806182e-01  9.212231279703258e-01
4.051999999999717e-01  9.211858053816660e-01  9.211858053713637e-01
4.052999999999717e-01  9.211484750833233e-01  9.211484750730113e-01
4.053999999999717e-01  9.211111370866489e-01  9.211111370763272e-01
4.054999999999717e-01  9.210737913927016e-01  9.210737913823701e-01
4.055999999999717e-01  9.210364380025404e-01  9.210364379921991e-01
4.056999999999716e-01  9.209990769172244e-01  9.209990769068733e-01
4.057999999999716e-01  9.209617081378130e-01  9.209617081274520e-01
4.058999999999716e-01  9.209243316653657e-01  9.209243316549949e-01
4.059999999999716e-01  9.208869475009422e-01  9.208869474905615e-01
4.060999999999716e-01  9.208495556456026e-01  9.208495556352120e-01
4.061999999999716e-01  9.208121561004067e-01  9.208121560900062e-01
4.062999999999716e-01  9.207747488664150e-01  9.207747488560046e-01
4.063999999999716e-01  9.207373339446879e-01  9.207373339342677e-01
4.064999999999716e-01  9.206999113362861e-01  9.206999113258560e-01
4.065999999999715e-01  9.206624810422706e-01  9.206624810318306e-01
4.066999999999715e-01  9.206250430637022e-01  9.206250430532523e-01
4.067999999999715e-01  9.205875974016422e-01  9.205875973911825e-01
4.068999999999715e-01  9.205501440571521e-01  9.205501440466825e-01
4.069999999999715e-01  9.205126830312934e-01  9.205126830208139e-01
4.070999999999715e-01  9.204752143251280e-01  9.204752143146385e-01
4.071999999999715e-01  9.204377379397178e-01  9.204377379292183e-01
4.072999999999715e-01  9.204002538761250e-01  9.204002538656156e-01
4.073999999999715e-01  9.203627621354119e-01  9.203627621248927e-01
4.074999999999714e-01  9.203252627186411e-01  9.203252627081119e-01
4.075999999999714e-01  9.202877556268754e-01  9.202877556163361e-01
4.076999999999714e-01  9.202502408611776e-01  9.202502408506283e-01
4.077999999999714e-01  9.202127184226108e-01  9.202127184120515e-01
4.078999999999714e-01  9.201751883122383e-01  9.201751883016691e-01
4.079999999999714e-01  9.201376505311236e-01  9.201376505205444e-01
4.080999999999714e-01  9.201001050803304e-01  9.201001050697412e-01
4.081999999999714e-01  9.200625519609225e-01  9.200625519503233e-01
4.082999999999714e-01  9.200249911739639e-01  9.200249911633547e-01
4.083999999999713e-01  9.199874227205188e-01  9.199874227098996e-01
4.084999999999713e-01  9.199498466016517e-01  9.199498465910225e-01
4.085999999999713e-01  9.199122628184272e-01  9.199122628077880e-01
4.086999999999713e-01  9.198746713719100e-01  9.198746713612609e-01
4.087999999999713e-01  9.198370722631651e-01  9.198370722525060e-01
4.088999999999713e-01  9.197994654932578e-01  9.197994654825886e-01
4.089999999999713e-01  9.197618510632531e-01  9.197618510525740e-01
4.090999999999713e-01  9.197242289742169e-01  9.197242289635278e-01
4.091999999999713e-01  9.196865992272147e-01  9.196865992165155e-01
4.092999999999712e-01  9.196489618233125e-01  9.196489618126032e-01
4.093999999999712e-01  9.196113167635762e-01  9.196113167528570e-01
4.094999999999712e-01  9.195736640490723e-01  9.195736640383431e-01
4.095999999999712e-01  9.195360036808671e-01  9.195360036701278e-01
4.096999999999712e-01  9.194983356600274e-01  9.194983356492780e-01
4.097999999999712e-01  9.194606599876198e-01  9.194606599768603e-01
4.098999999999712e-01  9.194229766647115e-01  9.194229766539419e-01
4.099999999999712e-01  9.193852856923697e-01  9.193852856815900e-01
4.100999999999712e-01  9.193475870716616e-01  9.193475870608718e-01
4.101999999999711e-01  9.193098808036550e-01  9.193098807928551e-01
4.102999999999711e-01  9.192721668894176e-01  9.192721668786076e-01
4.103999999999711e-01  9.192344453300173e-01  9.192344453191971e-01
4.104999999999711e-01  9.191967161265222e-01  9.191967161156919e-01
4.105999999999711e-01  9.191589792800007e-01  9.191589792691601e-01
4.106999999999711e-01  9.191212347915212e-01  9.191212347806704e-01
4.107999999999711e-01  9.190834826621525e-01  9.190834826512915e-01
4.108999999999711e-01  9.190457228929633e-01  9.190457228820921e-01
4.109999999999711e-01  9.190079554850227e-01  9.190079554741414e-01
4.110999999999710e-01  9.189701804394000e-01  9.189701804285085e-01
4.111999999999710e-01  9.189323977571647e-01  9.189323977462630e-01
4.112999999999710e-01  9.188946074393863e-01  9.188946074284744e-01
4.113999999999710e-01  9.188568094871347e-01  9.188568094762125e-01
4.114999999999710e-01  9.188190039014797e-01  9.188190038905474e-01
4.115999999999710e-01  9.187811906834916e-01  9.187811906725490e-01
4.116999999999710e-01  9.187433698342408e-01  9.187433698232880e-01
4.117999999999710e-01  9.187055413547977e-01  9.187055413438346e-01
4.118999999999710e-01  9.186677052462331e-01  9.186677052352598e-01
4.119999999999710e-01  9.186298615096179e-01  9.186298614986343e-01
4.120999999999709e-01  9.185920101460232e-01  9.185920101350293e-01
4.121999999999709e-01  9.185541511565203e-01  9.185541511455161e-01
4.122999999999709e-01  9.185162845421805e-01  9.185162845311661e-01
4.123999999999709e-01  9.184784103040756e-01  9.184784102930509e-01
4.124999999999709e-01  9.184405284432774e-01  9.184405284322424e-01
4.125999999999709e-01  9.184026389608578e-01  9.184026389498127e-01
4.126999999999709e-01  9.183647418578892e-01  9.183647418468338e-01
4.127999999999709e-01  9.183268371354438e-01  9.183268371243781e-01
4.128999999999709e-01  9.182889247945943e-01  9.182889247835183e-01
4.129999999999708e-01  9.182510048364134e-01  9.182510048253271e-01
4.130999999999708e-01  9.182130772619741e-01  9.182130772508774e-01
4.131999999999708e-01  9.181751420723494e-01  9.181751420612424e-01
4.132999999999708e-01  9.181371992686126e-01  9.181371992574953e-01
4.133999999999708e-01  9.180992488518372e-01  9.180992488407096e-01
4.134999999999708e-01  9.180612908230971e-01  9.180612908119590e-01
4.135999999999708e-01  9.180233251834659e-01  9.180233251723173e-01
4.136999999999708e-01  9.179853519340176e-01  9.179853519228587e-01
4.137999999999708e-01  9.179473710758266e-01  9.179473710646573e-01
4.138999999999707e-01  9.179093826099672e-01  9.179093825987875e-01
4.139999999999707e-01  9.178713865375141e-01  9.178713865263239e-01
4.140999999999707e-01  9.178333828595420e-01  9.178333828483414e-01
4.141999999999707e-01  9.177953715771258e-01  9.177953715659147e-01
4.142999999999707e-01  9.177573526913406e-01  9.177573526801193e-01
4.143999999999707e-01  9.177193262032619e-01  9.177193261920302e-01
4.144999999999707e-01  9.176812921139651e-01  9.176812921027231e-01
4.145999999999707e-01  9.176432504245260e-01  9.176432504132735e-01
4.146999999999707e-01  9.176052011360204e-01  9.176052011247575e-01
4.147999999999706e-01  9.175671442495243e-01  9.175671442382510e-01
4.148999999999706e-01  9.175290797661141e-01  9.175290797548303e-01
4.149999999999706e-01  9.174910076868660e-01  9.174910076755718e-01
4.150999999999706e-01  9.174529280128567e-01  9.174529280015521e-01
4.151999999999706e-01  9.174148407451631e-01  9.174148407338480e-01
4.152999999999706e-01  9.173767458848621e-01  9.173767458735366e-01
4.153999999999706e-01  9.173386434330308e-01  9.173386434216949e-01
4.154999999999706e-01  9.173005333907467e-01  9.173005333794003e-01
4.155999999999706e-01  9.172624157590872e-01  9.172624157477303e-01
4.156999999999705e-01  9.172242905391300e-01  9.172242905277626e-01
4.157999999999705e-01  9.171861577319530e-01  9.171861577205751e-01
4.158999999999705e-01  9.171480173386343e-01  9.171480173272459e-01
4.159999999999705e-01  9.171098693602522e-01  9.171098693488533e-01
4.160999999999705e-01  9.170717137978850e-01  9.170717137864757e-01
4.161999999999705e-01  9.170335506526115e-01  9.170335506411916e-01
4.162999999999705e-01  9.169953799255104e-01  9.169953799140800e-01
4.163999999999705e-01  9.169572016176607e-01  9.169572016062197e-01
4.164999999999705e-01  9.169190157301416e-01  9.169190157186901e-01
4.165999999999704e-01  9.168808222640323e-01  9.168808222525703e-01
4.166999999999704e-01  9.168426212204125e-01  9.168426212089399e-01
4.167999999999704e-01  9.168044126003618e-01  9.168044125888787e-01
4.168999999999704e-01  9.167661964049603e-01  9.167661963934665e-01
4.169999999999704e-01  9.167279726352878e-01  9.167279726237834e-01
4.170999999999704e-01  9.166897412924248e-01  9.166897412809097e-01
4.171999999999704e-01  9.166515023774515e-01  9.166515023659260e-01
4.172999999999704e-01  9.166132558914488e-01  9.166132558799126e-01
4.173999999999704e-01  9.165750018354973e-01  9.165750018239506e-01
4.174999999999703e-01  9.165367402106781e-01  9.165367401991208e-01
4.175999999999703e-01  9.164984710180724e-01  9.164984710065044e-01
4.176999999999703e-01  9.164601942587614e-01  9.164601942471828e-01
4.177999999999703e-01  9.164219099338268e-01  9.164219099222376e-01
4.178999999999703e-01  9.163836180443502e-01  9.163836180327504e-01
4.179999999999703e-01  9.163453185914135e-01  9.163453185798031e-01
4.180999999999703e-01  9.163070115760990e-01  9.163070115644778e-01
4.181999999999703e-01  9.162686969994887e-01  9.162686969878568e-01
4.182999999999703e-01  9.162303748626651e-01  9.162303748510227e-01
4.183999999999702e-01  9.161920451667109e-01  9.161920451550578e-01
4.184999999999702e-01  9.161537079127089e-01  9.161537079010451e-01
4.185999999999702e-01  9.161153631017420e-01  9.161153630900676e-01
4.186999999999702e-01  9.160770107348934e-01  9.160770107232084e-01
4.187999999999702e-01  9.160386508132465e-01  9.160386508015508e-01
4.188999999999702e-01  9.160002833378849e-01  9.160002833261784e-01
4.189999999999702e-01  9.159619083098921e-01  9.159619082981750e-01
4.190999999999702e-01  9.159235257303522e-01  9.159235257186245e-01
4.191999999999702e-01  9.158851356003492e-01  9.158851355886107e-01
4.192999999999701e-01  9.158467379209674e-01  9.158467379092181e-01
4.193999999999701e-01  9.158083326932911e-01  9.158083326815312e-01
4.194999999999701e-01  9.157699199184051e-01  9.157699199066344e-01
4.195999999999701e-01  9.157314995973941e-01  9.157314995856126e-01
4.196999999999701e-01  9.156930717313431e-01  9.156930717195508e-01
4.197999999999701e-01  9.156546363213373e-01  9.156546363095343e-01
4.198999999999701e-01  9.156161933684619e-01  9.156161933566481e-01
4.199999999999701e-01  9.155777428738026e-01  9.155777428619780e-01
4.200999999999701e-01  9.155392848384449e-01  9.155392848266096e-01
4.201999999999700e-01  9.155008192634749e-01  9.155008192516289e-01
4.202999999999700e-01  9.154623461499787e-01  9.154623461381217e-01
4.203999999999700e-01  9.154238654990423e-01  9.154238654871746e-01
4.204999999999700e-01  9.153853773117523e-01  9.153853772998738e-01
4.205999999999700e-01  9.153468815891953e-01  9.153468815773059e-01
4.206999999999700e-01  9.153083783324580e-01  9.153083783205578e-01
4.207999999999700e-01  9.152698675426275e-01  9.152698675307164e-01
4.208999999999700e-01  9.152313492207909e-01  9.152313492088688e-01
4.209999999999700e-01  9.151928233680353e-01  9.151928233561024e-01
4.210999999999699e-01  9.151542899854485e-01  9.151542899735048e-01
4.211999999999699e-01  9.151157490741181e-01  9.151157490621635e-01
4.212999999999699e-01  9.150772006351319e-01  9.150772006231664e-01
4.213999999999699e-01  9.150386446695780e-01  9.150386446576017e-01
4.214999999999699e-01  9.150000811785446e-01  9.150000811665574e-01
4.215999999999699e-01  9.149615101631202e-01  9.149615101511221e-01
4.216999999999699e-01  9.149229316243934e-01  9.149229316123844e-01
4.217999999999699e-01  9.148843455634529e-01  9.148843455514329e-01
4.218999999999699e-01  9.148457519813876e-01  9.148457519693567e-01
4.219999999999698e-01  9.148071508792867e-01  9.148071508672448e-01
4.220999999999698e-01  9.147685422582394e-01  9.147685422461866e-01
4.221999999999698e-01  9.147299261193353e-01  9.147299261072717e-01
4.222999999999698e-01  9.146913024636641e-01  9.146913024515895e-01
4.223999999999698e-01  9.146526712923155e-01  9.146526712802300e-01
4.224999999999698e-01  9.146140326063796e-01  9.146140325942831e-01
4.225999999999698e-01  9.145753864069467e-01  9.145753863948392e-01
4.226999999999698e-01  9.145367326951070e-01  9.145367326829885e-01
4.227999999999698e-01  9.144980714719513e-01  9.144980714598218e-01
4.228999999999697e-01  9.144594027385701e-01  9.144594027264296e-01
4.229999999999697e-01  9.144207264960543e-01  9.144207264839028e-01
4.230999999999697e-01  9.143820427454953e-01  9.143820427333327e-01
4.231999999999697e-01  9.143433514879841e-01  9.143433514758105e-01
4.232999999999697e-01  9.143046527246123e-01  9.143046527124277e-01
4.233999999999697e-01  9.142659464564714e-01  9.142659464442758e-01
4.234999999999697e-01  9.142272326846533e-01  9.142272326724468e-01
4.235999999999697e-01  9.141885114102501e-01  9.141885113980325e-01
4.236999999999697e-01  9.141497826343539e-01  9.141497826221252e-01
4.237999999999697e-01  9.141110463580570e-01  9.141110463458172e-01
4.238999999999696e-01  9.140723025824520e-01  9.140723025702011e-01
4.239999999999696e-01  9.140335513086315e-01  9.140335512963695e-01
4.240999999999696e-01  9.139947925376886e-01  9.139947925254155e-01
4.241999999999696e-01  9.139560262707161e-01  9.139560262584320e-01
4.242999999999696e-01  9.139172525088075e-01  9.139172524965122e-01
4.243999999999696e-01  9.138784712530560e-01  9.138784712407496e-01
4.244999999999696e-01  9.138396825045554e-01  9.138396824922378e-01
4.245999999999696e-01  9.138008862643993e-01  9.138008862520706e-01
4.246999999999696e-01  9.137620825336817e-01  9.137620825213420e-01
4.247999999999695e-01  9.137232713134970e-01  9.137232713011460e-01
4.248999999999695e-01  9.136844526049391e-01  9.136844525925770e-01
4.249999999999695e-01  9.136456264091029e-01  9.136456263967295e-01
4.250999999999695e-01  9.136067927270827e-01  9.136067927146982e-01
4.251999999999695e-01  9.135679515599735e-01  9.135679515475780e-01
4.252999999999695e-01  9.135291029088705e-01  9.135291028964637e-01
4.253999999999695e-01  9.134902467748687e-01  9.134902467624507e-01
4.254999999999695e-01  9.134513831590635e-01  9.134513831466343e-01
4.255999999999695e-01  9.134125120625505e-01  9.134125120501101e-01
4.256999999999694e-01  9.133736334864254e-01  9.133736334739738e-01
4.257999999999694e-01  9.133347474317842e-01  9.133347474193214e-01
4.258999999999694e-01  9.132958538997230e-01  9.132958538872490e-01
4.259999999999694e-01  9.132569528913380e-01  9.132569528788528e-01
4.260999999999694e-01  9.132180444077257e-01  9.132180443952292e-01
4.261999999999694e-01  9.131791284499827e-01  9.131791284374750e-01
4.262999999999694e-01  9.131402050192058e-01  9.131402050066868e-01
4.263999999999694e-01  9.131012741164920e-01  9.131012741039618e-01
4.264999999999694e-01  9.130623357429385e-01  9.130623357303970e-01
4.265999999999693e-01  9.130233898996426e-01  9.130233898870898e-01
4.266999999999693e-01  9.129844365877018e-01  9.129844365751376e-01
4.267999999999693e-01  9.129454758082137e-01  9.129454757956383e-01
4.268999999999693e-01  9.129065075622764e-01  9.129065075496897e-01
4.269999999999693e-01  9.128675318509878e-01  9.128675318383898e-01
4.270999999999693e-01  9.128285486754462e-01  9.128285486628368e-01
4.271999999999693e-01  9.127895580367499e-01  9.127895580241292e-01
4.272999999999693e-01  9.127505599359975e-01  9.127505599233655e-01
4.273999999999693e-01  9.127115543742877e-01  9.127115543616444e-01
4.274999999999692e-01  9.126725413527196e-01  9.126725413400649e-01
4.275999999999692e-01  9.126335208723921e-01  9.126335208597262e-01
4.276999999999692e-01  9.125944929344048e-01  9.125944929217275e-01
4.277999999999692e-01  9.125554575398568e-01  9.125554575271682e-01
4.278999999999692e-01  9.125164146898480e-01  9.125164146771480e-01
4.279999999999692e-01  9.124773643854781e-01  9.124773643727667e-01
4.280999999999692e-01  9.124383066278471e-01  9.124383066151244e-01
4.281999999999692e-01  9.123992414180552e-01  9.123992414053211e-01
4.282999999999692e-01  9.123601687572027e-01  9.123601687444572e-01
4.283999999999691e-01  9.123210886463902e-01  9.123210886336334e-01
4.284999999999691e-01  9.122820010867183e-01  9.122820010739501e-01
4.285999999999691e-01  9.122429060792879e-01  9.122429060665083e-01
4.286999999999691e-01  9.122038036252001e-01  9.122038036124090e-01
4.287999999999691e-01  9.121646937255562e-01  9.121646937127537e-01
4.288999999999691e-01  9.121255763814574e-01  9.121255763686434e-01
4.289999999999691e-01  9.120864515940054e-01  9.120864515811800e-01
4.290999999999691e-01  9.120473193643018e-01  9.120473193514650e-01
4.291999999999691e-01  9.120081796934488e-01  9.120081796806006e-01
4.292999999999690e-01  9.119690325825484e-01  9.119690325696886e-01
4.293999999999690e-01  9.119298780327028e-01  9.119298780198316e-01
4.294999999999690e-01  9.118907160450145e-01  9.118907160321319e-01
4.295999999999690e-01  9.118515466205861e-01  9.118515466076921e-01
4.296999999999690e-01  9.118123697605205e-01  9.118123697476150e-01
4.297999999999690e-01  9.117731854659207e-01  9.117731854530037e-01
4.298999999999690e-01  9.117339937378898e-01  9.117339937249612e-01
4.299999999999690e-01  9.116947945775311e-01  9.116947945645910e-01
4.300999999999690e-01  9.116555879859481e-01  9.116555879729965e-01
4.301999999999689e-01  9.116163739642447e-01  9.116163739512815e-01
4.302999999999689e-01  9.115771525135244e-01  9.115771525005497e-01
4.303999999999689e-01  9.115379236348916e-01  9.115379236219053e-01
4.304999999999689e-01  9.114986873294503e-01  9.114986873164524e-01
4.305999999999689e-01  9.114594435983049e-01  9.114594435852955e-01
4.306999999999689e-01  9.114201924425600e-01  9.114201924295391e-01
4.307999999999689e-01  9.113809338633204e-01  9.113809338502880e-01
4.308999999999689e-01  9.113416678616910e-01  9.113416678486469e-01
4.309999999999689e-01  9.113023944387768e-01  9.113023944257211e-01
4.310999999999688e-01  9.112631135956831e-01  9.112631135826159e-01
4.311999999999688e-01  9.112238253335154e-01  9.112238253204366e-01
4.312999999999688e-01  9.111845296533793e-01  9.111845296402888e-01
4.313999999999688e-01  9.111452265563805e-01  9.111452265432785e-01
4.314999999999688e-01  9.111059160436251e-01  9.111059160305114e-01
4.315999999999688e-01  9.110665981162192e-01  9.110665981030938e-01
4.316999999999688e-01  9.110272727752690e-01  9.110272727621319e-01
4.317999999999688e-01  9.109879400218810e-01  9.109879400087323e-01
4.318999999999688e-01  9.109485998571620e-01  9.109485998440017e-01
4.319999999999687e-01  9.109092522822188e-01  9.109092522690467e-01
4.320999999999687e-01  9.108698972981583e-01  9.108698972849746e-01
4.321999999999687e-01  9.108305349060878e-01  9.108305348928925e-01
4.322999999999687e-01  9.107911651071147e-01  9.107911650939076e-01
4.323999999999687e-01  9.107517879023463e-01  9.107517878891276e-01
4.324999999999687e-01  9.107124032928906e-01  9.107124032796602e-01
4.325999999999687e-01  9.106730112798553e-01  9.106730112666133e-01
4.326999999999687e-01  9.106336118643485e-01  9.106336118510948e-01
4.327999999999687e-01  9.105942050474786e-01  9.105942050342131e-01
4.328999999999686e-01  9.105547908303537e-01  9.105547908170765e-01
4.329999999999686e-01  9.105153692140826e-01  9.105153692007937e-01
4.330999999999686e-01  9.104759401997740e-01  9.104759401864734e-01
4.331999999999686e-01  9.104365037885368e-01  9.104365037752244e-01
4.332999999999686e-01  9.103970599814801e-01  9.103970599681560e-01
4.333999999999686e-01  9.103576087797133e-01  9.103576087663774e-01
4.334999999999686e-01  9.103181501843457e-01  9.103181501709980e-01
4.335999999999686e-01  9.102786841964869e-01  9.102786841831275e-01
4.336999999999686e-01  9.102392108172469e-01  9.102392108038756e-01
4.337999999999685e-01  9.101997300477355e-01  9.101997300343524e-01
4.338999999999685e-01  9.101602418890627e-01  9.101602418756679e-01
4.339999999999685e-01  9.101207463423392e-01  9.101207463289326e-01
4.340999999999685e-01  9.100812434086752e-01  9.100812433952568e-01
4.341999999999685e-01  9.100417330891816e-01  9.100417330757512e-01
4.342999999999685e-01  9.100022153849690e-01  9.100022153715267e-01
4.343999999999685e-01  9.099626902971484e-01  9.099626902836944e-01
4.344999999999685e-01  9.099231578268312e-01  9.099231578133653e-01
4.345999999999685e-01  9.098836179751286e-01  9.098836179616508e-01
4.346999999999684e-01  9.098440707431522e-01  9.098440707296626e-01
4.347999999999684e-01  9.098045161320137e-01  9.098045161185122e-01
4.348999999999684e-01  9.097649541428250e-01  9.097649541293116e-01
4.349999999999684e-01  9.097253847766981e-01  9.097253847631728e-01
4.350999999999684e-01  9.096858080347452e-01  9.096858080212080e-01
4.351999999999684e-01  9.096462239180787e-01  9.096462239045296e-01
4.352999999999684e-01  9.096066324278113e-01  9.096066324142502e-01
4.353999999999684e-01  9.095670335650555e-01  9.095670335514826e-01
4.354999999999684e-01  9.095274273309244e-01  9.095274273173396e-01
4.355999999999684e-01  9.094878137265311e-01  9.094878137129343e-01
4.356999999999683e-01  9.094481927529887e-01  9.094481927393800e-01
4.357999999999683e-01  9.094085644114108e-01  9.094085643977902e-01
4.358999999999683e-01  9.093689287029110e-01  9.093689286892783e-01
4.359999999999683e-01  9.093292856286029e-01  9.093292856149583e-01
4.360999999999683e-01  9.092896351896006e-01  9.092896351759441e-01
4.361999999999683e-01  9.092499773870182e-01  9.092499773733497e-01
4.362999999999683e-01  9.092103122219699e-01  9.092103122082895e-01
4.363999999999683e-01  9.091706396955703e-01  9.091706396818780e-01
4.364999999999683e-01  9.091309598089340e-01  9.091309597952296e-01
4.365999999999682e-01  9.090912725631758e-01  9.090912725494594e-01
4.366999999999682e-01  9.090515779594107e-01  9.090515779456823e-01
4.367999999999682e-01  9.090118759987539e-01  9.090118759850133e-01
4.368999999999682e-01  9.089721666823205e-01  9.089721666685680e-01
4.369999999999682e-01  9.089324500112262e-01  9.089324499974617e-01
4.370999999999682e-01  9.088927259865867e-01  9.088927259728101e-01
4.371999999999682e-01  9.088529946095177e-01  9.088529945957291e-01
4.372999999999682e-01  9.088132558811354e-01  9.088132558673346e-01
4.373999999999682e-01  9.087735098025558e-01  9.087735097887429e-01
4.374999999999681e-01  9.087337563748953e-01  9.087337563610705e-01
4.375999999999681e-01  9.086939955992704e-01  9.086939955854336e-01
4.376999999999681e-01  9.086542274767980e-01  9.086542274629491e-01
4.377999999999681e-01  9.086144520085948e-01  9.086144519947338e-01
4.378999999999681e-01  9.085746691957779e-01  9.085746691819048e-01
4.379999999999681e-01  9.085348790394645e-01  9.085348790255793e-01
4.380999999999681e-01  9.084950815407720e-01  9.084950815268746e-01
4.381999999999681e-01  9.084552767008178e-01  9.084552766869084e-01
4.382999999999681e-01  9.084154645207199e-01  9.084154645067983e-01
4.383999999999680e-01  9.083756450015961e-01  9.083756449876623e-01
4.384999999999680e-01  9.083358181445643e-01  9.083358181306185e-01
4.385999999999680e-01  9.082959839507431e-01  9.082959839367850e-01
4.386999999999680e-01  9.082561424212505e-01  9.082561424072804e-01
4.387999999999680e-01  9.082162935572055e-01  9.082162935432231e-01
4.388999999999680e-01  9.081764373597265e-01  9.081764373457320e-01
4.389999999999680e-01  9.081365738299326e-01  9.081365738159258e-01
4.390999999999680e-01  9.080967029689428e-01  9.080967029549240e-01
4.391999999999680e-01  9.080568247778765e-01  9.080568247638455e-01
4.392999999999679e-01  9.080169392578531e-01  9.080169392438099e-01
4.393999999999679e-01  9.079770464099922e-01  9.079770463959368e-01
4.394999999999679e-01  9.079371462354136e-01  9.079371462213459e-01
4.395999999999679e-01  9.078972387352371e-01  9.078972387211572e-01
4.396999999999679e-01  9.078573239105830e-01  9.078573238964909e-01
4.397999999999679e-01  9.078174017625716e-01  9.078174017484671e-01
4.398999999999679e-01  9.077774722923233e-01  9.077774722782066e-01
4.399999999999679e-01  9.077375355009587e-01  9.077375354868298e-01
4.400999999999679e-01  9.076975913895986e-01  9.076975913754575e-01
4.401999999999678e-01  9.076576399593640e-01  9.076576399452106e-01
4.402999999999678e-01  9.076176812113761e-01  9.076176811972104e-01
4.403999999999678e-01  9.075777151467561e-01  9.075777151325782e-01
4.404999999999678e-01  9.075377417666256e-01  9.075377417524354e-01
4.405999999999678e-01  9.074977610721062e-01  9.074977610579037e-01
4.406999999999678e-01  9.074577730643197e-01  9.074577730501049e-01
4.407999999999678e-01  9.074177777443883e-01  9.074177777301611e-01
4.408999999999678e-01  9.073777751134338e-01  9.073777750991943e-01
4.409999999999678e-01  9.073377651725787e-01  9.073377651583269e-01
4.410999999999677e-01  9.072977479229456e-01  9.072977479086815e-01
4.411999999999677e-01  9.072577233656571e-01  9.072577233513807e-01
4.412999999999677e-01  9.072176915018361e-01  9.072176914875473e-01
4.413999999999677e-01  9.071776523326055e-01  9.071776523183044e-01
4.414999999999677e-01  9.071376058590885e-01  9.071376058447751e-01
4.415999999999677e-01  9.070975520824086e-01  9.070975520680827e-01
4.416999999999677e-01  9.070574910036892e-01  9.070574909893510e-01
4.417999999999677e-01  9.070174226240539e-01  9.070174226097033e-01
4.418999999999677e-01  9.069773469446268e-01  9.069773469302638e-01
4.419999999999676e-01  9.069372639665317e-01  9.069372639521563e-01
4.420999999999676e-01  9.068971736908930e-01  9.068971736765052e-01
4.421999999999676e-01  9.068570761188349e-01  9.068570761044348e-01
4.422999999999676e-01  9.068169712514821e-01  9.068169712370695e-01
4.423999999999676e-01  9.067768590899591e-01  9.067768590755341e-01
4.424999999999676e-01  9.067367396353909e-01  9.067367396209535e-01
4.425999999999676e-01  9.066966128889026e-01  9.066966128744527e-01
4.426999999999676e-01  9.066564788516193e-01  9.066564788371569e-01
4.427999999999676e-01  9.066163375246664e-01  9.066163375101917e-01
4.428999999999675e-01  9.065761889091696e-01  9.065761888946823e-01
4.429999999999675e-01  9.065360330062544e-01  9.065360329917546e-01
4.430999999999675e-01  9.064958698170468e-01  9.064958698025345e-01
4.431999999999675e-01  9.064556993426728e-01  9.064556993281481e-01
4.432999999999675e-01  9.064155215842588e-01  9.064155215697215e-01
4.433999999999675e-01  9.063753365429310e-01  9.063753365283812e-01
4.434999999999675e-01  9.063351442198161e-01  9.063351442052537e-01
4.435999999999675e-01  9.062949446160407e-01  9.062949446014659e-01
4.436999999999675e-01  9.062547377327317e-01  9.062547377181444e-01
4.437999999999674e-01  9.062145235710163e-01  9.062145235564164e-01
4.438999999999674e-01  9.061743021320217e-01  9.061743021174092e-01
4.439999999999674e-01  9.061340734168752e-01  9.061340734022503e-01
4.440999999999674e-01  9.060938374267046e-01  9.060938374120671e-01
4.441999999999674e-01  9.060535941626374e-01  9.060535941479873e-01
4.442999999999674e-01  9.060133436258017e-01  9.060133436111389e-01
4.443999999999674e-01  9.059730858173254e-01  9.059730858026500e-01
4.444999999999674e-01  9.059328207383368e-01  9.059328207236489e-01
4.445999999999674e-01  9.058925483899644e-01  9.058925483752639e-01
4.446999999999673e-01  9.058522687733367e-01  9.058522687586236e-01
4.447999999999673e-01  9.058119818895825e-01  9.058119818748568e-01
4.448999999999673e-01  9.057716877398306e-01  9.057716877250923e-01
4.449999999999673e-01  9.057313863252103e-01  9.057313863104594e-01
4.450999999999673e-01  9.056910776468508e-01  9.056910776320871e-01
4.451999999999673e-01  9.056507617058813e-01  9.056507616911050e-01
4.452999999999673e-01  9.056104385034316e-01  9.056104384886426e-01
4.453999999999673e-01  9.055701080406314e-01  9.055701080258298e-01
4.454999999999673e-01  9.055297703186107e-01  9.055297703037964e-01
4.455999999999672e-01  9.054894253384995e-01  9.054894253236725e-01
4.456999999999672e-01  9.054490731014281e-01  9.054490730865884e-01
4.457999999999672e-01  9.054087136085268e-01  9.054087135936745e-01
4.458999999999672e-01  9.053683468609264e-01  9.053683468460613e-01
4.459999999999672e-01  9.053279728597574e-01  9.053279728448796e-01
4.460999999999672e-01  9.052875916061510e-01  9.052875915912605e-01
4.461999999999672e-01  9.052472031012382e-01  9.052472030863349e-01
4.462999999999672e-01  9.052068073461502e-01  9.052068073312342e-01
4.463999999999672e-01  9.051664043420184e-01  9.051664043270897e-01
4.464999999999672e-01  9.051259940899746e-01  9.051259940750331e-01
4.465999999999671e-01  9.050855765911504e-01  9.050855765761961e-01
4.466999999999671e-01  9.050451518466778e-01  9.050451518317107e-01
4.467999999999671e-01  9.050047198576887e-01  9.050047198427089e-01
4.468999999999671e-01  9.049642806253156e-01  9.049642806103230e-01
4.469999999999671e-01  9.049238341506909e-01  9.049238341356854e-01
4.470999999999671e-01  9.048833804349471e-01  9.048833804199288e-01
4.471999999999671e-01  9.048429194792170e-01  9.048429194641858e-01
4.472999999999671e-01  9.048024512846335e-01  9.048024512695896e-01
4.473999999999671e-01  9.047619758523298e-01  9.047619758372730e-01
4.474999999999670e-01  9.047214931834390e-01  9.047214931683695e-01
4.475999999999670e-01  9.046810032790946e-01  9.046810032640124e-01
4.476999999999670e-01  9.046405061404303e-01  9.046405061253352e-01
4.477999999999670e-01  9.046000017685798e-01  9.046000017534719e-01
4.478999999999670e-01  9.045594901646770e-01  9.045594901495562e-01
4.479999999999670e-01  9.045189713298559e-01  9.045189713147223e-01
4.480999999999670e-01  9.044784452652510e-01  9.044784452501045e-01
4.481999999999670e-01  9.044379119719965e-01  9.044379119568371e-01
4.482999999999670e-01  9.043973714512271e-01  9.043973714360548e-01
4.483999999999669e-01  9.043568237040776e-01  9.043568236888924e-01
4.484999999999669e-01  9.043162687316828e-01  9.043162687164847e-01
4.485999999999669e-01  9.042757065351779e-01  9.042757065199669e-01
4.486999999999669e-01  9.042351371156980e-01  9.042351371004742e-01
4.487999999999669e-01  9.041945604743787e-01  9.041945604591420e-01
4.488999999999669e-01  9.041539766123556e-01  9.041539765971060e-01
4.489999999999669e-01  9.041133855307644e-01  9.041133855155017e-01
4.490999999999669e-01  9.040727872307409e-01  9.040727872154652e-01
4.491999999999669e-01  9.040321817134214e-01  9.040321816981327e-01
4.492999999999668e-01  9.039915689799419e-01  9.039915689646403e-01
4.493999999999668e-01  9.039509490314390e-01  9.039509490161244e-01
4.494999999999668e-01  9.039103218690492e-01  9.039103218537216e-01
4.495999999999668e-01  9.038696874939093e-01  9.038696874785687e-01
4.496999999999668e-01  9.038290459071561e-01  9.038290458918025e-01
4.497999999999668e-01  9.037883971099268e-01  9.037883970945602e-01
4.498999999999668e-01  9.037477411033585e-01  9.037477410879790e-01
4.499999999999668e-01  9.037070778885888e-01  9.037070778731963e-01
4.500999999999668e-01  9.036664074667552e-01  9.036664074513496e-01
4.501999999999667e-01  9.036257298389954e-01  9.036257298235768e-01
4.502999999999667e-01  9.035850450064472e-01  9.035850449910157e-01
4.503999999999667e-01  9.035443529702489e-01  9.035443529548043e-01
4.504999999999667e-01  9.035036537315386e-01  9.035036537160809e-01
4.505999999999667e-01  9.034629472914547e-01  9.034629472759839e-01
4.506999999999667e-01  9.034222336511358e-01  9.034222336356519e-01
4.507999999999667e-01  9.033815128117206e-01  9.033815127962236e-01
4.508999999999667e-01  9.033407847743480e-01  9.033407847588378e-01
4.509999999999667e-01  9.033000495401570e-01  9.033000495246337e-01
4.510999999999666e-01  9.032593071102868e-01  9.032593070947504e-01
4.511999999999666e-01  9.032185574858769e-01  9.032185574703274e-01
4.512999999999666e-01  9.031778006680667e-01  9.031778006525042e-01
4.513999999999666e-01  9.031370366579962e-01  9.031370366424205e-01
4.514999999999666e-01  9.030962654568050e-01  9.030962654412161e-01
4.515999999999666e-01  9.030554870656332e-01  9.030554870500311e-01
4.516999999999666e-01  9.030147014856210e-01  9.030147014700058e-01
4.517999999999666e-01  9.029739087179088e-01  9.029739087022806e-01
4.518999999999666e-01  9.029331087636372e-01  9.029331087479957e-01
4.519999999999665e-01  9.028923016239467e-01  9.028923016082921e-01
4.520999999999665e-01  9.028514872999784e-01  9.028514872843106e-01
4.521999999999665e-01  9.028106657928733e-01  9.028106657771923e-01
4.522999999999665e-01  9.027698371037723e-01  9.027698370880782e-01
4.523999999999665e-01  9.027290012338172e-01  9.027290012181098e-01
4.524999999999665e-01  9.026881581841492e-01  9.026881581684286e-01
4.525999999999665e-01  9.026473079559100e-01  9.026473079401762e-01
4.526999999999665e-01  9.026064505502415e-01  9.026064505344945e-01
4.527999999999665e-01  9.025655859682857e-01  9.025655859525256e-01
4.528999999999664e-01  9.025247142111849e-01  9.025247141954115e-01
4.529999999999664e-01  9.024838352800812e-01  9.024838352642945e-01
4.530999999999664e-01  9.024429491761173e-01  9.024429491603173e-01
4.531999999999664e-01  9.024020559004358e-01  9.024020558846225e-01
4.532999999999664e-01  9.023611554541794e-01  9.023611554383529e-01
4.533999999999664e-01  9.023202478384913e-01  9.023202478226515e-01
4.534999999999664e-01  9.022793330545145e-01  9.022793330386615e-01
4.535999999999664e-01  9.022384111033923e-01  9.022384110875261e-01
4.536999999999664e-01  9.021974819862684e-01  9.021974819703888e-01
4.537999999999663e-01  9.021565457042862e-01  9.021565456883933e-01
4.538999999999663e-01  9.021156022585896e-01  9.021156022426834e-01
4.539999999999663e-01  9.020746516503225e-01  9.020746516344030e-01
4.540999999999663e-01  9.020336938806292e-01  9.020336938646963e-01
4.541999999999663e-01  9.019927289506539e-01  9.019927289347076e-01
4.542999999999663e-01  9.019517568615409e-01  9.019517568455814e-01
4.543999999999663e-01  9.019107776144352e-01  9.019107775984622e-01
4.544999999999663e-01  9.018697912104812e-01  9.018697911944948e-01
4.545999999999663e-01  9.018287976508240e-01  9.018287976348243e-01
4.546999999999662e-01  9.017877969366087e-01  9.017877969205956e-01
4.547999999999662e-01  9.017467890689806e-01  9.017467890529541e-01
4.548999999999662e-01  9.017057740490851e-01  9.017057740330452e-01
4.549999999999662e-01  9.016647518780678e-01  9.016647518620144e-01
4.550999999999662e-01  9.016237225570745e-01  9.016237225410076e-01
4.551999999999662e-01  9.015826860872510e-01  9.015826860711708e-01
4.552999999999662e-01  9.015416424697434e-01  9.015416424536498e-01
4.553999999999662e-01  9.015005917056981e-01  9.015005916895910e-01
4.554999999999662e-01  9.014595337962613e-01  9.014595337801408e-01
4.555999999999661e-01  9.014184687425798e-01  9.014184687264458e-01
4.556999999999661e-01  9.013773965458002e-01  9.013773965296528e-01
4.557999999999661e-01  9.013363172070693e-01  9.013363171909085e-01
4.558999999999661e-01  9.012952307275344e-01  9.012952307113600e-01
4.559999999999661e-01  9.012541371083425e-01  9.012541370921546e-01
4.560999999999661e-01  9.012130363506410e-01  9.012130363344397e-01
4.561999999999661e-01  9.011719284555776e-01  9.011719284393628e-01
4.562999999999661e-01  9.011308134242998e-01  9.011308134080716e-01
4.563999999999661e-01  9.010896912579556e-01  9.010896912417139e-01
4.564999999999660e-01  9.010485619576930e-01  9.010485619414378e-01
4.565999999999660e-01  9.010074255246602e-01  9.010074255083914e-01
4.566999999999660e-01  9.009662819600055e-01  9.009662819437232e-01
4.567999999999660e-01  9.009251312648774e-01  9.009251312485815e-01
4.568999999999660e-01  9.008839734404246e-01  9.008839734241152e-01
4.569999999999660e-01  9.008428084877960e-01  9.008428084714730e-01
4.570999999999660e-01  9.008016364081405e-01  9.008016363918040e-01
4.571999999999660e-01  9.007604572026073e-01  9.007604571862572e-01
4.572999999999660e-01  9.007192708723457e-01  9.007192708559820e-01
4.573999999999659e-01  9.006780774185053e-01  9.006780774021279e-01
4.574999999999659e-01  9.006368768422355e-01  9.006368768258445e-01
4.575999999999659e-01  9.005956691446863e-01  9.005956691282816e-01
4.576999999999659e-01  9.005544543270074e-01  9.005544543105892e-01
4.577999999999659e-01  9.005132323903493e-01  9.005132323739174e-01
4.578999999999659e-01  9.004720033358621e-01  9.004720033194166e-01
4.579999999999659e-01  9.004307671646962e-01  9.004307671482370e-01
4.580999999999659e-01  9.003895238780022e-01  9.003895238615294e-01
4.581999999999659e-01  9.003482734769309e-01  9.003482734604444e-01
4.582999999999659e-01  9.003070159626333e-01  9.003070159461332e-01
4.583999999999658e-01  9.002657513362604e-01  9.002657513197466e-01
4.584999999999658e-01  9.002244795989635e-01  9.002244795824360e-01
4.585999999999658e-01  9.001832007518940e-01  9.001832007353527e-01
4.586999999999658e-01  9.001419147962033e-01  9.001419147796484e-01
4.587999999999658e-01  9.001006217330434e-01  9.001006217164748e-01
4.588999999999658e-01  9.000593215635660e-01  9.000593215469836e-01
4.589999999999658e-01  9.000180142889234e-01  9.000180142723272e-01
4.590999999999658e-01  8.999766999102674e-01  8.999766998936576e-01
4.591999999999658e-01  8.999353784287507e-01  8.999353784121271e-01
4.592999999999657e-01  8.998940498455258e-01  8.998940498288884e-01
4.593999999999657e-01  8.998527141617453e-01  8.998527141450942e-01
4.594999999999657e-01  8.998113713785620e-01  8.998113713618971e-01
4.595999999999657e-01  8.997700214971290e-01  8.997700214804504e-01
4.596999999999657e-01  8.997286645185996e-01  8.997286645019070e-01
4.597999999999657e-01  8.996873004441268e-01  8.996873004274205e-01
4.598999999999657e-01  8.996459292748643e-01  8.996459292581442e-01
4.599999999999657e-01  8.996045510119658e-01  8.996045509952320e-01
4.600999999999657e-01  8.995631656565850e-01  8.995631656398374e-01
4.601999999999656e-01  8.995217732098759e-01  8.995217731931145e-01
4.602999999999656e-01  8.994803736729927e-01  8.994803736562175e-01
4.603999999999656e-01  8.994389670470896e-01  8.994389670303006e-01
4.604999999999656e-01  8.993975533333210e-01  8.993975533165182e-01
4.605999999999656e-01  8.993561325328417e-01  8.993561325160250e-01
4.606999999999656e-01  8.993147046468064e-01  8.993147046299758e-01
4.607999999999656e-01  8.992732696763699e-01  8.992732696595254e-01
4.608999999999656e-01  8.992318276226874e-01  8.992318276058290e-01
4.609999999999656e-01  8.991903784869141e-01  8.991903784700418e-01
4.610999999999655e-01  8.991489222702054e-01  8.991489222533192e-01
4.611999999999655e-01  8.991074589737169e-01  8.991074589568168e-01
4.612999999999655e-01  8.990659885986043e-01  8.990659885816903e-01
4.613999999999655e-01  8.990245111460236e-01  8.990245111290955e-01
4.614999999999655e-01  8.989830266171306e-01  8.989830266001887e-01
4.615999999999655e-01  8.989415350130816e-01  8.989415349961258e-01
4.616999999999655e-01  8.989000363350330e-01  8.989000363180634e-01
4.617999999999655e-01  8.988585305841413e-01  8.988585305671578e-01
4.618999999999655e-01  8.988170177615633e-01  8.988170177445658e-01
4.619999999999654e-01  8.987754978684557e-01  8.987754978514442e-01
4.620999999999654e-01  8.987339709059755e-01  8.987339708889500e-01
4.621999999999654e-01  8.986924368752799e-01  8.986924368582404e-01
4.622999999999654e-01  8.986508957775261e-01  8.986508957604726e-01
4.623999999999654e-01  8.986093476138717e-01  8.986093475968042e-01
4.624999999999654e-01  8.985677923854742e-01  8.985677923683928e-01
4.625999999999654e-01  8.985262300934915e-01  8.985262300763961e-01
4.626999999999654e-01  8.984846607390816e-01  8.984846607219721e-01
4.627999999999654e-01  8.984430843234025e-01  8.984430843062790e-01
4.628999999999653e-01  8.984015008476124e-01  8.984015008304749e-01
4.629999999999653e-01  8.983599103128699e-01  8.983599102957183e-01
4.630999999999653e-01  8.983183127203334e-01  8.983183127031678e-01
4.631999999999653e-01  8.982767080711617e-01  8.982767080539820e-01
4.632999999999653e-01  8.982350963665137e-01  8.982350963493199e-01
4.633999999999653e-01  8.981934776075484e-01  8.981934775903405e-01
4.634999999999653e-01  8.981518517954251e-01  8.981518517782032e-01
4.635999999999653e-01  8.981102189313032e-01  8.981102189140672e-01
4.636999999999653e-01  8.980685790163421e-01  8.980685789990920e-01
4.637999999999652e-01  8.980269320517016e-01  8.980269320344374e-01
4.638999999999652e-01  8.979852780385414e-01  8.979852780212632e-01
4.639999999999652e-01  8.979436169780217e-01  8.979436169607293e-01
4.640999999999652e-01  8.979019488713025e-01  8.979019488539960e-01
4.641999999999652e-01  8.978602737195441e-01  8.978602737022235e-01
4.642999999999652e-01  8.978185915239071e-01  8.978185915065724e-01
4.643999999999652e-01  8.977769022855521e-01  8.977769022682032e-01
4.644999999999652e-01  8.977352060056397e-01  8.977352059882767e-01
4.645999999999652e-01  8.976935026853311e-01  8.976935026679539e-01
4.646999999999651e-01  8.976517923257873e-01  8.976517923083959e-01
4.647999999999651e-01  8.976100749281695e-01  8.976100749107638e-01
4.648999999999651e-01  8.975683504936391e-01  8.975683504762193e-01
4.649999999999651e-01  8.975266190233578e-01  8.975266190059238e-01
4.650999999999651e-01  8.974848805184873e-01  8.974848805010390e-01
4.651999999999651e-01  8.974431349801893e-01  8.974431349627269e-01
4.652999999999651e-01  8.974013824096262e-01  8.974013823921494e-01
4.653999999999651e-01  8.973596228079599e-01  8.973596227904689e-01
4.654999999999651e-01  8.973178561763528e-01  8.973178561588476e-01
4.655999999999650e-01  8.972760825159676e-01  8.972760824984480e-01
4.656999999999650e-01  8.972343018279667e-01  8.972343018104330e-01
4.657999999999650e-01  8.971925141135131e-01  8.971925140959651e-01
4.658999999999650e-01  8.971507193737698e-01  8.971507193562075e-01
4.659999999999650e-01  8.971089176098999e-01  8.971089175923233e-01
4.660999999999650e-01  8.970671088230666e-01  8.970671088054757e-01
4.661999999999650e-01  8.970252930144335e-01  8.970252929968282e-01
4.662999999999650e-01  8.969834701851641e-01  8.969834701675445e-01
4.663999999999650e-01  8.969416403364222e-01  8.969416403187883e-01
4.664999999999649e-01  8.968998034693718e-01  8.968998034517236e-01
4.665999999999649e-01  8.968579595851769e-01  8.968579595675144e-01
4.666999999999649e-01  8.968161086850017e-01  8.968161086673249e-01
4.667999999999649e-01  8.967742507700107e-01  8.967742507523195e-01
4.668999999999649e-01  8.967323858413684e-01  8.967323858236629e-01
4.669999999999649e-01  8.966905139002395e-01  8.966905138825196e-01
4.670999999999649e-01  8.966486349477888e-01  8.966486349300546e-01
4.671999999999649e-01  8.966067489851814e-01  8.966067489674329e-01
4.672999999999649e-01  8.965648560135825e-01  8.965648559958196e-01
4.673999999999648e-01  8.965229560341573e-01  8.965229560163800e-01
4.674999999999648e-01  8.964810490480715e-01  8.964810490302797e-01
4.675999999999648e-01  8.964391350564904e-01  8.964391350386842e-01
4.676999999999648e-01  8.963972140605801e-01  8.963972140427595e-01
4.677999999999648e-01  8.963552860615065e-01  8.963552860436714e-01
4.678999999999648e-01  8.963133510604355e-01  8.963133510425860e-01
4.679999999999648e-01  8.962714090585336e-01  8.962714090406696e-01
4.680999999999648e-01  8.962294600569671e-01  8.962294600390887e-01
4.681999999999648e-01  8.961875040569026e-01  8.961875040390097e-01
4.682999999999647e-01  8.961455410595068e-01  8.961455410415994e-01
4.683999999999647e-01  8.961035710659466e-01  8.961035710480247e-01
4.684999999999647e-01  8.960615940773891e-01  8.960615940594527e-01
4.685999999999647e-01  8.960196100950013e-01  8.960196100770506e-01
4.686999999999647e-01  8.959776191199508e-01  8.959776191019855e-01
4.687999999999647e-01  8.959356211534050e-01  8.959356211354251e-01
4.688999999999647e-01  8.958936161965315e-01  8.958936161785371e-01
4.689999999999647e-01  8.958516042504981e-01  8.958516042324892e-01
4.690999999999647e-01  8.958095853164729e-01  8.958095852984495e-01
4.691999999999647e-01  8.957675593956239e-01  8.957675593775859e-01
4.692999999999646e-01  8.957255264891195e-01  8.957255264710668e-01
4.693999999999646e-01  8.956834865981280e-01  8.956834865800608e-01
4.694999999999646e-01  8.956414397238180e-01  8.956414397057363e-01
4.695999999999646e-01  8.955993858673584e-01  8.955993858492620e-01
4.696999999999646e-01  8.955573250299179e-01  8.955573250118070e-01
4.697999999999646e-01  8.955152572126657e-01  8.955152571945402e-01
4.698999999999646e-01  8.954731824167709e-01  8.954731823986307e-01
4.699999999999646e-01  8.954311006434029e-01  8.954311006252481e-01
4.700999999999646e-01  8.953890118937312e-01  8.953890118755619e-01
4.701999999999645e-01  8.953469161689255e-01  8.953469161507416e-01
4.702999999999645e-01  8.953048134701556e-01  8.953048134519570e-01
4.703999999999645e-01  8.952627037985915e-01  8.952627037803783e-01
4.704999999999645e-01  8.952205871554033e-01  8.952205871371754e-01
4.705999999999645e-01  8.951784635417613e-01  8.951784635235188e-01
4.706999999999645e-01  8.951363329588360e-01  8.951363329405788e-01
4.707999999999645e-01  8.950941954077979e-01  8.950941953895261e-01
4.708999999999645e-01  8.950520508898178e-01  8.950520508715313e-01
4.709999999999645e-01  8.950098994060666e-01  8.950098993877653e-01
4.710999999999644e-01  8.949677409577153e-01  8.949677409393993e-01
4.711999999999644e-01  8.949255755459351e-01  8.949255755276044e-01
4.712999999999644e-01  8.948834031718975e-01  8.948834031535521e-01
4.713999999999644e-01  8.948412238367739e-01  8.948412238184137e-01
4.714999999999644e-01  8.947990375417360e-01  8.947990375233610e-01
4.715999999999644e-01  8.947568442879555e-01  8.947568442695658e-01
4.716999999999644e-01  8.947146440766046e-01  8.947146440582001e-01
4.717999999999644e-01  8.946724369088553e-01  8.946724368904361e-01
4.718999999999644e-01  8.946302227858800e-01  8.946302227674460e-01
4.719999999999643e-01  8.945880017088510e-01  8.945880016904022e-01
4.720999999999643e-01  8.945457736789410e-01  8.945457736604773e-01
4.721999999999643e-01  8.945035386973226e-01  8.945035386788440e-01
4.722999999999643e-01  8.944612967651687e-01  8.944612967466754e-01
4.723999999999643e-01  8.944190478836526e-01  8.944190478651444e-01
4.724999999999643e-01  8.943767920539472e-01  8.943767920354242e-01
4.725999999999643e-01  8.943345292772260e-01  8.943345292586882e-01
4.726999999999643e-01  8.942922595546625e-01  8.942922595361098e-01
4.727999999999643e-01  8.942499828874304e-01  8.942499828688628e-01
4.728999999999642e-01  8.942076992767035e-01  8.942076992581210e-01
4.729999999999642e-01  8.941654087236557e-01  8.941654087050583e-01
4.730999999999642e-01  8.941231112294612e-01  8.941231112108489e-01
4.731999999999642e-01  8.940808067952942e-01  8.940808067766670e-01
4.732999999999642e-01  8.940384954223292e-01  8.940384954036871e-01
4.733999999999642e-01  8.939961771117406e-01  8.939961770930837e-01
4.734999999999642e-01  8.939538518647033e-01  8.939538518460315e-01
4.735999999999642e-01  8.939115196823922e-01  8.939115196637055e-01
4.736999999999642e-01  8.938691805659823e-01  8.938691805472807e-01
4.737999999999641e-01  8.938268345166488e-01  8.938268344979322e-01
4.738999999999641e-01  8.937844815355670e-01  8.937844815168354e-01
4.739999999999641e-01  8.937421216239124e-01  8.937421216051659e-01
4.740999999999641e-01  8.936997547828607e-01  8.936997547640991e-01
4.741999999999641e-01  8.936573810135876e-01  8.936573809948111e-01
4.742999999999641e-01  8.936150003172691e-01  8.936150002984776e-01
4.743999999999641e-01  8.935726126950814e-01  8.935726126762749e-01
4.744999999999641e-01  8.935302181482006e-01  8.935302181293790e-01
4.745999999999641e-01  8.934878166778031e-01  8.934878166589666e-01
4.746999999999640e-01  8.934454082850656e-01  8.934454082662140e-01
4.747999999999640e-01  8.934029929711647e-01  8.934029929522981e-01
4.748999999999640e-01  8.933605707372773e-01  8.933605707183956e-01
4.749999999999640e-01  8.933181415845803e-01  8.933181415656836e-01
4.750999999999640e-01  8.932757055142511e-01  8.932757054953392e-01
4.751999999999640e-01  8.932332625274667e-01  8.932332625085398e-01
4.752999999999640e-01  8.931908126254049e-01  8.931908126064629e-01
4.753999999999640e-01  8.931483558092431e-01  8.931483557902861e-01
4.754999999999640e-01  8.931058920801591e-01  8.931058920611871e-01
4.755999999999639e-01  8.930634214393309e-01  8.930634214203438e-01
4.756999999999639e-01  8.930209438879365e-01  8.930209438689343e-01
4.757999999999639e-01  8.929784594271541e-01  8.929784594081368e-01
4.758999999999639e-01  8.929359680581622e-01  8.929359680391298e-01
4.759999999999639e-01  8.928934697821392e-01  8.928934697630917e-01
4.760999999999639e-01  8.928509646002639e-01  8.928509645812013e-01
4.761999999999639e-01  8.928084525137151e-01  8.928084524946373e-01
4.762999999999639e-01  8.927659335236717e-01  8.927659335045787e-01
4.763999999999639e-01  8.927234076313129e-01  8.927234076122047e-01
4.764999999999638e-01  8.926808748378179e-01  8.926808748186945e-01
4.765999999999638e-01  8.926383351443662e-01  8.926383351252276e-01
4.766999999999638e-01  8.925957885521374e-01  8.925957885329836e-01
4.767999999999638e-01  8.925532350623111e-01  8.925532350431422e-01
4.768999999999638e-01  8.925106746760674e-01  8.925106746568833e-01
4.769999999999638e-01  8.924681073945862e-01  8.924681073753868e-01
4.770999999999638e-01  8.924255332190476e-01  8.924255331998331e-01
4.771999999999638e-01  8.923829521506321e-01  8.923829521314024e-01
4.772999999999638e-01  8.923403641905202e-01  8.923403641712752e-01
4.773999999999637e-01  8.922977693398925e-01  8.922977693206321e-01
4.774999999999637e-01  8.922551675999296e-01  8.922551675806540e-01
4.775999999999637e-01  8.922125589718127e-01  8.922125589525218e-01
4.776999999999637e-01  8.921699434567227e-01  8.921699434374166e-01
4.777999999999637e-01  8.921273210558410e-01  8.921273210365196e-01
4.778999999999637e-01  8.920846917703489e-01  8.920846917510121e-01
4.779999999999637e-01  8.920420556014279e-01  8.920420555820758e-01
4.780999999999637e-01  8.919994125502597e-01  8.919994125308924e-01
4.781999999999637e-01  8.919567626180263e-01  8.919567625986436e-01
4.782999999999636e-01  8.919141058059095e-01  8.919141057865115e-01
4.783999999999636e-01  8.918714421150915e-01  8.918714420956781e-01
4.784999999999636e-01  8.918287715467546e-01  8.918287715273259e-01
4.785999999999636e-01  8.917860941020812e-01  8.917860940826371e-01
4.786999999999636e-01  8.917434097822540e-01  8.917434097627944e-01
4.787999999999636e-01  8.917007185884556e-01  8.917007185689806e-01
4.788999999999636e-01  8.916580205218689e-01  8.916580205023785e-01
4.789999999999636e-01  8.916153155836770e-01  8.916153155641713e-01
4.790999999999636e-01  8.915726037750631e-01  8.915726037555419e-01
4.791999999999635e-01  8.915298850972104e-01  8.915298850776738e-01
4.792999999999635e-01  8.914871595513025e-01  8.914871595317505e-01
4.793999999999635e-01  8.914444271385231e-01  8.914444271189557e-01
4.794999999999635e-01  8.914016878600559e-01  8.914016878404730e-01
4.795999999999635e-01  8.913589417170847e-01  8.913589416974864e-01
4.796999999999635e-01  8.913161887107939e-01  8.913161886911801e-01
4.797999999999635e-01  8.912734288423674e-01  8.912734288227382e-01
4.798999999999635e-01  8.912306621129897e-01  8.912306620933451e-01
4.799999999999635e-01  8.911878885238455e-01  8.911878885041854e-01
4.800999999999634e-01  8.911451080761192e-01  8.911451080564436e-01
4.801999999999634e-01  8.911023207709958e-01  8.911023207513048e-01
4.802999999999634e-01  8.910595266096603e-01  8.910595265899537e-01
4.803999999999634e-01  8.910167255932977e-01  8.910167255735756e-01
4.804999999999634e-01  8.909739177230933e-01  8.909739177033557e-01
4.805999999999634e-01  8.909311030002326e-01  8.909311029804794e-01
4.806999999999634e-01  8.908882814259010e-01  8.908882814061324e-01
4.807999999999634e-01  8.908454530012845e-01  8.908454529815003e-01
4.808999999999634e-01  8.908026177275687e-01  8.908026177077690e-01
4.809999999999634e-01  8.907597756059398e-01  8.907597755861245e-01
4.810999999999633e-01  8.907169266375838e-01  8.907169266177530e-01
4.811999999999633e-01  8.906740708236872e-01  8.906740708038409e-01
4.812999999999633e-01  8.906312081654364e-01  8.906312081455744e-01
4.813999999999633e-01  8.905883386640179e-01  8.905883386441403e-01
4.814999999999633e-01  8.905454623206185e-01  8.905454623007254e-01
4.815999999999633e-01  8.905025791364252e-01  8.905025791165164e-01
4.816999999999633e-01  8.904596891126250e-01  8.904596890927006e-01
4.817999999999633e-01  8.904167922504050e-01  8.904167922304650e-01
4.818999999999633e-01  8.903738885509527e-01  8.903738885309971e-01
4.819999999999632e-01  8.903309780154555e-01  8.903309779954842e-01
4.820999999999632e-01  8.902880606451010e-01  8.902880606251142e-01
4.821999999999632e-01  8.902451364410772e-01  8.902451364210747e-01
4.822999999999632e-01  8.902022054045718e-01  8.902022053845537e-01
4.823999999999632e-01  8.901592675367731e-01  8.901592675167393e-01
4.824999999999632e-01  8.901163228388692e-01  8.901163228188198e-01
4.825999999999632e-01  8.900733713120486e-01  8.900733712919835e-01
4.826999999999632e-01  8.900304129574996e-01  8.900304129374189e-01
4.827999999999632e-01  8.899874477764111e-01  8.899874477563148e-01
4.828999999999631e-01  8.899444757699719e-01  8.899444757498599e-01
4.829999999999631e-01  8.899014969393709e-01  8.899014969192433e-01
4.830999999999631e-01  8.898585112857973e-01  8.898585112656540e-01
4.831999999999631e-01  8.898155188104403e-01  8.898155187902812e-01
4.832999999999631e-01  8.897725195144893e-01  8.897725194943146e-01
4.833999999999631e-01  8.897295133991340e-01  8.897295133789435e-01
4.834999999999631e-01  8.896865004655640e-01  8.896865004453577e-01
4.835999999999631e-01  8.896434807149691e-01  8.896434806947471e-01
4.836999999999631e-01  8.896004541485394e-01  8.896004541283016e-01
4.837999999999630e-01  8.895574207674650e-01  8.895574207472114e-01
4.838999999999630e-01  8.895143805729363e-01  8.895143805526669e-01
4.839999999999630e-01  8.894713335661436e-01  8.894713335458584e-01
4.840999999999630e-01  8.894282797482775e-01  8.894282797279766e-01
4.841999999999630e-01  8.893852191205289e-01  8.893852191002121e-01
4.842999999999630e-01  8.893421516840886e-01  8.893421516637559e-01
4.843999999999630e-01  8.892990774401476e-01  8.892990774197990e-01
4.844999999999630e-01  8.892559963898969e-01  8.892559963695326e-01
4.845999999999630e-01  8.892129085345282e-01  8.892129085141479e-01
4.846999999999629e-01  8.891698138752326e-01  8.891698138548365e-01
4.847999999999629e-01  8.891267124132021e-01  8.891267123927901e-01
4.848999999999629e-01  8.890836041496282e-01  8.890836041292002e-01
4.849999999999629e-01  8.890404890857028e-01  8.890404890652589e-01
4.850999999999629e-01  8.889973672226180e-01  8.889973672021583e-01
4.851999999999629e-01  8.889542385615661e-01  8.889542385410905e-01
4.852999999999629e-01  8.889111031037393e-01  8.889111030832477e-01
4.853999999999629e-01  8.888679608503303e-01  8.888679608298227e-01
4.854999999999629e-01  8.888248118025315e-01  8.888248117820079e-01
4.855999999999628e-01  8.887816559615358e-01  8.887816559409962e-01
4.856999999999628e-01  8.887384933285360e-01  8.887384933079806e-01
4.857999999999628e-01  8.886953239047255e-01  8.886953238841541e-01
4.858999999999628e-01  8.886521476912972e-01  8.886521476707098e-01
4.859999999999628e-01  8.886089646894446e-01  8.886089646688412e-01
4.860999999999628e-01  8.885657749003613e-01  8.885657748797419e-01
4.861999999999628e-01  8.885225783252407e-01  8.885225783046053e-01
4.862999999999628e-01  8.884793749652768e-01  8.884793749446255e-01
4.863999999999628e-01  8.884361648216637e-01  8.884361648009962e-01
4.864999999999627e-01  8.883929478955952e-01  8.883929478749116e-01
4.865999999999627e-01  8.883497241882656e-01  8.883497241675661e-01
4.866999999999627e-01  8.883064937008694e-01  8.883064936801538e-01
4.867999999999627e-01  8.882632564346011e-01  8.882632564138694e-01
4.868999999999627e-01  8.882200123906554e-01  8.882200123699076e-01
4.869999999999627e-01  8.881767615702271e-01  8.881767615494631e-01
4.870999999999627e-01  8.881335039745111e-01  8.881335039537310e-01
4.871999999999627e-01  8.880902396047025e-01  8.880902395839063e-01
4.872999999999627e-01  8.880469684619966e-01  8.880469684411844e-01
4.873999999999626e-01  8.880036905475889e-01  8.880036905267605e-01
4.874999999999626e-01  8.879604058626748e-01  8.879604058418303e-01
4.875999999999626e-01  8.879171144084501e-01  8.879171143875895e-01
4.876999999999626e-01  8.878738161861106e-01  8.878738161652339e-01
4.877999999999626e-01  8.878305111968523e-01  8.878305111759595e-01
4.878999999999626e-01  8.877871994418713e-01  8.877871994209623e-01
4.879999999999626e-01  8.877438809223639e-01  8.877438809014387e-01
4.880999999999626e-01  8.877005556395264e-01  8.877005556185852e-01
4.881999999999626e-01  8.876572235945556e-01  8.876572235735981e-01
4.882999999999625e-01  8.876138847886480e-01  8.876138847676743e-01
4.883999999999625e-01  8.875705392230006e-01  8.875705392020107e-01
4.884999999999625e-01  8.875271868988102e-01  8.875271868778041e-01
4.885999999999625e-01  8.874838278172741e-01  8.874838277962518e-01
4.886999999999625e-01  8.874404619795895e-01  8.874404619585510e-01
4.887999999999625e-01  8.873970893869538e-01  8.873970893658991e-01
4.888999999999625e-01  8.873537100405647e-01  8.873537100194938e-01
4.889999999999625e-01  8.873103239416199e-01  8.873103239205327e-01
4.890999999999625e-01  8.872669310913172e-01  8.872669310702137e-01
4.891999999999624e-01  8.872235314908545e-01  8.872235314697348e-01
4.892999999999624e-01  8.871801251414301e-01  8.871801251202941e-01
4.893999999999624e-01  8.871367120442422e-01  8.871367120230900e-01
4.894999999999624e-01  8.870932922004893e-01  8.870932921793208e-01
4.895999999999624e-01  8.870498656113699e-01  8.870498655901852e-01
4.896999999999624e-01  8.870064322780828e-01  8.870064322568818e-01
4.897999999999624e-01  8.869629922018270e-01  8.869629921806096e-01
4.898999999999624e-01  8.869195453838011e-01  8.869195453625675e-01
4.899999999999624e-01  8.868760918252047e-01  8.868760918039547e-01
4.900999999999623e-01  8.868326315272368e-01  8.868326315059705e-01
4.901999999999623e-01  8.867891644910970e-01  8.867891644698143e-01
4.902999999999623e-01  8.867456907179848e-01  8.867456906966857e-01
4.903999999999623e-01  8.867022102091000e-01  8.867022101877845e-01
4.904999999999623e-01  8.866587229656424e-01  8.866587229443105e-01
4.905999999999623e-01  8.866152289888120e-01  8.866152289674637e-01
4.906999999999623e-01  8.865717282798089e-01  8.865717282584443e-01
4.907999999999623e-01  8.865282208398335e-01  8.865282208184526e-01
4.908999999999623e-01  8.864847066700863e-01  8.864847066486890e-01
4.909999999999622e-01  8.864411857717678e-01  8.864411857503540e-01
4.910999999999622e-01  8.863976581460787e-01  8.863976581246485e-01
4.911999999999622e-01  8.863541237942200e-01  8.863541237727733e-01
4.912999999999622e-01  8.863105827173925e-01  8.863105826959294e-01
4.913999999999622e-01  8.862670349167976e-01  8.862670348953180e-01
4.914999999999622e-01  8.862234803936364e-01  8.862234803721404e-01
4.915999999999622e-01  8.861799191491104e-01  8.861799191275980e-01
4.916999999999622e-01  8.861363511844212e-01  8.861363511628924e-01
4.917999999999622e-01  8.860927765007706e-01  8.860927764792252e-01
4.918999999999622e-01  8.860491950993603e-01  8.860491950777986e-01
4.919999999999621e-01  8.860056069813925e-01  8.860056069598142e-01
4.920999999999621e-01  8.859620121480692e-01  8.859620121264744e-01
4.921999999999621e-01  8.859184106005928e-01  8.859184105789815e-01
4.922999999999621e-01  8.858748023401657e-01  8.858748023185379e-01
4.923999999999621e-01  8.858311873679905e-01  8.858311873463461e-01
4.924999999999621e-01  8.857875656852698e-01  8.857875656636090e-01
4.925999999999621e-01  8.857439372932067e-01  8.857439372715292e-01
4.926999999999621e-01  8.857003021930040e-01  8.857003021713100e-01
4.927999999999621e-01  8.856566603858650e-01  8.856566603641544e-01
4.928999999999620e-01  8.856130118729928e-01  8.856130118512656e-01
4.929999999999620e-01  8.855693566555910e-01  8.855693566338472e-01
4.930999999999620e-01  8.855256947348631e-01  8.855256947131027e-01
4.931999999999620e-01  8.854820261120129e-01  8.854820260902359e-01
4.932999999999620e-01  8.854383507882442e-01  8.854383507664505e-01
4.933999999999620e-01  8.853946687647609e-01  8.853946687429506e-01
4.934999999999620e-01  8.853509800427672e-01  8.853509800209404e-01
4.935999999999620e-01  8.853072846234675e-01  8.853072846016240e-01
4.936999999999620e-01  8.852635825080661e-01  8.852635824862060e-01
4.937999999999619e-01  8.852198736977677e-01  8.852198736758908e-01
4.938999999999619e-01  8.851761581937768e-01  8.851761581718833e-01
4.939999999999619e-01  8.851324359972984e-01  8.851324359753883e-01
4.940999999999619e-01  8.850887071095375e-01  8.850887070876107e-01
4.941999999999619e-01  8.850449715316991e-01  8.850449715097556e-01
4.942999999999619e-01  8.850012292649887e-01  8.850012292430284e-01
4.943999999999619e-01  8.849574803106115e-01  8.849574802886344e-01
4.944999999999619e-01  8.849137246697731e-01  8.849137246477793e-01
4.945999999999619e-01  8.848699623436792e-01  8.848699623216687e-01
4.946999999999618e-01  8.848261933335357e-01  8.848261933115085e-01
4.947999999999618e-01  8.847824176405485e-01  8.847824176185045e-01
4.948999999999618e-01  8.847386352659238e-01  8.847386352438630e-01
4.949999999999618e-01  8.846948462108677e-01  8.846948461887901e-01
4.950999999999618e-01  8.846510504765868e-01  8.846510504544924e-01
4.951999999999618e-01  8.846072480642875e-01  8.846072480421764e-01
4.952999999999618e-01  8.845634389751765e-01  8.845634389530487e-01
4.953999999999618e-01  8.845196232104607e-01  8.845196231883160e-01
4.954999999999618e-01  8.844758007713470e-01  8.844758007491855e-01
4.955999999999617e-01  8.844319716590425e-01  8.844319716368642e-01
4.956999999999617e-01  8.843881358747545e-01  8.843881358525593e-01
4.957999999999617e-01  8.843442934196903e-01  8.843442933974782e-01
4.958999999999617e-01  8.843004442950575e-01  8.843004442728285e-01
4.959999999999617e-01  8.842565885020637e-01  8.842565884798178e-01
4.960999999999617e-01  8.842127260419167e-01  8.842127260196540e-01
4.961999999999617e-01  8.841688569158245e-01  8.841688568935449e-01
4.962999999999617e-01  8.841249811249950e-01  8.841249811026985e-01
4.963999999999617e-01  8.840810986706368e-01  8.840810986483233e-01
4.964999999999616e-01  8.840372095539579e-01  8.840372095316276e-01
4.965999999999616e-01  8.839933137761670e-01  8.839933137538197e-01
4.966999999999616e-01  8.839494113384726e-01  8.839494113161085e-01
4.967999999999616e-01  8.839055022420836e-01  8.839055022197025e-01
4.968999999999616e-01  8.838615864882090e-01  8.838615864658109e-01
4.969999999999616e-01  8.838176640780576e-01  8.838176640556427e-01
4.970999999999616e-01  8.837737350128388e-01  8.837737349904069e-01
4.971999999999616e-01  8.837297992937619e-01  8.837297992713130e-01
4.972999999999616e-01  8.836858569220364e-01  8.836858568995705e-01
4.973999999999615e-01  8.836419078988719e-01  8.836419078763890e-01
4.974999999999615e-01  8.835979522254781e-01  8.835979522029782e-01
4.975999999999615e-01  8.835539899030650e-01  8.835539898805481e-01
4.976999999999615e-01  8.835100209328426e-01  8.835100209103087e-01
4.977999999999615e-01  8.834660453160210e-01  8.834660452934702e-01
4.978999999999615e-01  8.834220630538107e-01  8.834220630312428e-01
4.979999999999615e-01  8.833780741474220e-01  8.833780741248370e-01
4.980999999999615e-01  8.833340785980655e-01  8.833340785754635e-01
4.981999999999615e-01  8.832900764069520e-01  8.832900763843330e-01
4.982999999999614e-01  8.832460675752923e-01  8.832460675526562e-01
4.983999999999614e-01  8.832020521042976e-01  8.832020520816444e-01
4.984999999999614e-01  8.831580299951788e-01  8.831580299725085e-01
4.985999999999614e-01  8.831140012491473e-01  8.831140012264599e-01
4.986999999999614e-01  8.830699658674145e-01  8.830699658447100e-01
4.987999999999614e-01  8.830259238511920e-01  8.830259238284703e-01
4.988999999999614e-01  8.829818752016916e-01  8.829818751789528e-01
4.989999999999614e-01  8.829378199201250e-01  8.829378198973690e-01
4.990999999999614e-01  8.828937580077042e-01  8.828937579849310e-01
4.991999999999613e-01  8.828496894656414e-01  8.828496894428509e-01
4.992999999999613e-01  8.828056142951487e-01  8.828056142723410e-01
4.993999999999613e-01  8.827615324974386e-01  8.827615324746139e-01
4.994999999999613e-01  8.827174440737237e-01  8.827174440508817e-01
4.995999999999613e-01  8.826733490252165e-01  8.826733490023574e-01
4.996999999999613e-01  8.826292473531301e-01  8.826292473302537e-01
4.997999999999613e-01  8.825851390586772e-01  8.825851390357836e-01
4.998999999999613e-01  8.825410241430709e-01  8.825410241201601e-01
4.999999999999613e-01  8.824969026075246e-01  8.824969025845965e-01
