0.000000000000000e+00  1.000000000000000e+00
1.000000000000000e-04  1.000000000000000e+00
2.000000000000000e-04  9.999999900000000e-01
3.000000000000000e-04  9.999999700000002e-01
4.000000000000000e-04  9.999999400000010e-01
5.000000000000000e-04  9.999999000000034e-01
6.000000000000001e-04  9.999998500000084e-01
7.000000000000001e-04  9.999997900000174e-01
8.000000000000001e-04  9.999997200000321e-01
9.000000000000002e-04  9.999996400000545e-01
1.000000000000000e-03  9.999995500000869e-01
1.100000000000000e-03  9.999994500001319e-01
1.200000000000000e-03  9.999993400001924e-01
1.300000000000000e-03  9.999992200002716e-01
1.400000000000000e-03  9.999990900003730e-01
1.500000000000001e-03  9.999989500005004e-01
1.600000000000001e-03  9.999988000006579e-01
1.700000000000001e-03  9.999986400008499e-01
1.800000000000001e-03  9.999984700010811e-01
1.900000000000001e-03  9.999982900013565e-01
2.000000000000001e-03  9.999981000016814e-01
2.100000000000000e-03  9.999979000020615e-01
2.200000000000000e-03  9.999976900025025e-01
2.300000000000000e-03  9.999974700030106e-01
2.400000000000000e-03  9.999972400035926e-01
2.500000000000000e-03  9.999970000042550e-01
2.599999999999999e-03  9.999967500050050e-01
2.699999999999999e-03  9.999964900058500e-01
2.799999999999999e-03  9.999962200067977e-01
2.899999999999999e-03  9.999959400078561e-01
2.999999999999999e-03  9.999956500090335e-01
3.099999999999999e-03  9.999953500103385e-01
3.199999999999998e-03  9.999950400117800e-01
3.299999999999998e-03  9.999947200133672e-01
3.399999999999998e-03  9.999943900151096e-01
3.499999999999998e-03  9.999940500170170e-01
3.599999999999998e-03  9.999937000190995e-01
3.699999999999998e-03  9.999933400213675e-01
3.799999999999997e-03  9.999929700238317e-01
3.899999999999997e-03  9.999925900265031e-01
3.999999999999998e-03  9.999922000293929e-01
4.099999999999998e-03  9.999918000325129e-01
4.199999999999998e-03  9.999913900358749e-01
4.299999999999998e-03  9.999909700394911e-01
4.399999999999999e-03  9.999905400433740e-01
4.499999999999999e-03  9.999901000475363e-01
4.599999999999999e-03  9.999896500519913e-01
4.699999999999999e-03  9.999891900567522e-01
4.800000000000000e-03  9.999887200618329e-01
4.900000000000000e-03  9.999882400672473e-01
5.000000000000000e-03  9.999877500730097e-01
5.100000000000000e-03  9.999872500791346e-01
5.200000000000001e-03  9.999867400856370e-01
5.300000000000001e-03  9.999862200925322e-01
5.400000000000001e-03  9.999856900998356e-01
5.500000000000001e-03  9.999851501075630e-01
5.600000000000002e-03  9.999846001157304e-01
5.700000000000002e-03  9.999840401243544e-01
5.800000000000002e-03  9.999834701334515e-01
5.900000000000003e-03  9.999828901430388e-01
6.000000000000003e-03  9.999823001531336e-01
6.100000000000003e-03  9.999817001637535e-01
6.200000000000003e-03  9.999810901749164e-01
6.300000000000004e-03  9.999804701866405e-01
6.400000000000004e-03  9.999798401989443e-01
6.500000000000004e-03  9.999792002118465e-01
6.600000000000004e-03  9.999785502253664e-01
6.700000000000005e-03  9.999778902395232e-01
6.800000000000005e-03  9.999772202543368e-01
6.900000000000005e-03  9.999765402698270e-01
7.000000000000005e-03  9.999758502860142e-01
7.100000000000006e-03  9.999751503029191e-01
7.200000000000006e-03  9.999744403205624e-01
7.300000000000006e-03  9.999737203389654e-01
7.400000000000006e-03  9.999729903581496e-01
7.500000000000007e-03  9.999722503781368e-01
7.600000000000007e-03  9.999715003989490e-01
7.700000000000007e-03  9.999707404206087e-01
7.800000000000007e-03  9.999699704431386e-01
7.900000000000008e-03  9.999691904665616e-01
8.000000000000007e-03  9.999684004909012e-01
8.100000000000007e-03  9.999676005161808e-01
8.200000000000006e-03  9.999667905424244e-01
8.300000000000005e-03  9.999659705696562e-01
8.400000000000005e-03  9.999651405979006e-01
8.500000000000004e-03  9.999643006271826e-01
8.600000000000003e-03  9.999634506575270e-01
8.700000000000003e-03  9.999625906889594e-01
8.800000000000002e-03  9.999617207215056e-01
8.900000000000002e-03  9.999608407551913e-01
9.000000000000001e-03  9.999599507900431e-01
9.100000000000000e-03  9.999590508260874e-01
9.200000000000000e-03  9.999581408633511e-01
9.300000000000000e-03  9.999572209018616e-01
9.399999999999999e-03  9.999562909416462e-01
9.499999999999998e-03  9.999553509827327e-01
9.599999999999997e-03  9.999544010251492e-01
9.699999999999997e-03  9.999534410689243e-01
9.799999999999996e-03  9.999524711140865e-01
9.899999999999996e-03  9.999514911606647e-01
9.999999999999995e-03  9.999505012086884e-01
1.009999999999999e-02  9.999495012581873e-01
1.019999999999999e-02  9.999484913091910e-01
1.029999999999999e-02  9.999474713617298e-01
1.039999999999999e-02  9.999464414158343e-01
1.049999999999999e-02  9.999454014715352e-01
1.059999999999999e-02  9.999443515288636e-01
1.069999999999999e-02  9.999432915878510e-01
1.079999999999999e-02  9.999422216485290e-01
1.089999999999999e-02  9.999411417109296e-01
1.099999999999999e-02  9.999400517750852e-01
1.109999999999999e-02  9.999389518410282e-01
1.119999999999999e-02  9.999378419087916e-01
1.129999999999999e-02  9.999367219784087e-01
1.139999999999999e-02  9.999355920499128e-01
1.149999999999999e-02  9.999344521233379e-01
1.159999999999999e-02  9.999333021987179e-01
1.169999999999999e-02  9.999321422760874e-01
1.179999999999998e-02  9.999309723554809e-01
1.189999999999998e-02  9.999297924369335e-01
1.199999999999998e-02  9.999286025204804e-01
1.209999999999998e-02  9.999274026061574e-01
1.219999999999998e-02  9.999261926940003e-01
1.229999999999998e-02  9.999249727840452e-01
1.239999999999998e-02  9.999237428763287e-01
1.249999999999998e-02  9.999225029708875e-01
1.259999999999998e-02  9.999212530677588e-01
1.269999999999998e-02  9.999199931669800e-01
1.279999999999998e-02  9.999187232685887e-01
1.289999999999998e-02  9.999174433726229e-01
1.299999999999998e-02  9.999161534791210e-01
1.309999999999998e-02  9.999148535881215e-01
1.319999999999998e-02  9.999135436996633e-01
1.329999999999998e-02  9.999122238137856e-01
1.339999999999997e-02  9.999108939305280e-01
1.349999999999997e-02  9.999095540499301e-01
1.359999999999997e-02  9.999082041720321e-01
1.369999999999997e-02  9.999068442968744e-01
1.379999999999997e-02  9.999054744244977e-01
1.389999999999997e-02  9.999040945549430e-01
1.399999999999997e-02  9.999027046882516e-01
1.409999999999997e-02  9.999013048244650e-01
1.419999999999997e-02  9.998998949636252e-01
1.429999999999997e-02  9.998984751057743e-01
1.439999999999997e-02  9.998970452509549e-01
1.449999999999997e-02  9.998956053992097e-01
1.459999999999997e-02  9.998941555505819e-01
1.469999999999997e-02  9.998926957051149e-01
1.479999999999997e-02  9.998912258628522e-01
1.489999999999997e-02  9.998897460238378e-01
1.499999999999997e-02  9.998882561881163e-01
1.509999999999996e-02  9.998867563557320e-01
1.519999999999996e-02  9.998852465267299e-01
1.529999999999996e-02  9.998837267011552e-01
1.539999999999996e-02  9.998821968790533e-01
1.549999999999996e-02  9.998806570604701e-01
1.559999999999996e-02  9.998791072454517e-01
1.569999999999996e-02  9.998775474340444e-01
1.579999999999996e-02  9.998759776262950e-01
1.589999999999996e-02  9.998743978222503e-01
1.599999999999996e-02  9.998728080219578e-01
1.609999999999996e-02  9.998712082254649e-01
1.619999999999996e-02  9.998695984328196e-01
1.629999999999996e-02  9.998679786440702e-01
1.639999999999996e-02  9.998663488592650e-01
1.649999999999996e-02  9.998647090784528e-01
1.659999999999996e-02  9.998630593016828e-01
1.669999999999995e-02  9.998613995290044e-01
1.679999999999995e-02  9.998597297604672e-01
1.689999999999995e-02  9.998580499961213e-01
1.699999999999995e-02  9.998563602360168e-01
1.709999999999995e-02  9.998546604802043e-01
1.719999999999995e-02  9.998529507287349e-01
1.729999999999995e-02  9.998512309816596e-01
1.739999999999995e-02  9.998495012390300e-01
1.749999999999995e-02  9.998477615008979e-01
1.759999999999995e-02  9.998460117673154e-01
1.769999999999995e-02  9.998442520383346e-01
1.779999999999995e-02  9.998424823140085e-01
1.789999999999995e-02  9.998407025943900e-01
1.799999999999995e-02  9.998389128795323e-01
1.809999999999995e-02  9.998371131694891e-01
1.819999999999995e-02  9.998353034643143e-01
1.829999999999995e-02  9.998334837640620e-01
1.839999999999994e-02  9.998316540687867e-01
1.849999999999994e-02  9.998298143785432e-01
1.859999999999994e-02  9.998279646933866e-01
1.869999999999994e-02  9.998261050133723e-01
1.879999999999994e-02  9.998242353385559e-01
1.889999999999994e-02  9.998223556689935e-01
1.899999999999994e-02  9.998204660047413e-01
1.909999999999994e-02  9.998185663458559e-01
1.919999999999994e-02  9.998166566923942e-01
1.929999999999994e-02  9.998147370444134e-01
1.939999999999994e-02  9.998128074019709e-01
1.949999999999994e-02  9.998108677651245e-01
1.959999999999994e-02  9.998089181339324e-01
1.969999999999994e-02  9.998069585084528e-01
1.979999999999994e-02  9.998049888887446e-01
1.989999999999994e-02  9.998030092748665e-01
1.999999999999993e-02  9.998010196668781e-01
2.009999999999993e-02  9.997990200648388e-01
2.019999999999993e-02  9.997970104688084e-01
2.029999999999993e-02  9.997949908788473e-01
2.039999999999993e-02  9.997929612950158e-01
2.049999999999993e-02  9.997909217173748e-01
2.059999999999993e-02  9.997888721459853e-01
2.069999999999993e-02  9.997868125809087e-01
2.079999999999993e-02  9.997847430222067e-01
2.089999999999993e-02  9.997826634699412e-01
2.099999999999993e-02  9.997805739241745e-01
2.109999999999993e-02  9.997784743849693e-01
2.119999999999993e-02  9.997763648523883e-01
2.129999999999993e-02  9.997742453264948e-01
2.139999999999993e-02  9.997721158073523e-01
2.149999999999993e-02  9.997699762950244e-01
2.159999999999993e-02  9.997678267895753e-01
2.169999999999992e-02  9.997656672910694e-01
2.179999999999992e-02  9.997634977995714e-01
2.189999999999992e-02  9.997613183151463e-01
2.199999999999992e-02  9.997591288378591e-01
2.209999999999992e-02  9.997569293677757e-01
2.219999999999992e-02  9.997547199049618e-01
2.229999999999992e-02  9.997525004494836e-01
2.239999999999992e-02  9.997502710014076e-01
2.249999999999992e-02  9.997480315608005e-01
2.259999999999992e-02  9.997457821277295e-01
2.269999999999992e-02  9.997435227022619e-01
2.279999999999992e-02  9.997412532844653e-01
2.289999999999992e-02  9.997389738744078e-01
2.299999999999992e-02  9.997366844721576e-01
2.309999999999992e-02  9.997343850777833e-01
2.319999999999992e-02  9.997320756913538e-01
2.329999999999992e-02  9.997297563129383e-01
2.339999999999991e-02  9.997274269426061e-01
2.349999999999991e-02  9.997250875804270e-01
2.359999999999991e-02  9.997227382264712e-01
2.369999999999991e-02  9.997203788808090e-01
2.379999999999991e-02  9.997180095435111e-01
2.389999999999991e-02  9.997156302146484e-01
2.399999999999991e-02  9.997132408942921e-01
2.409999999999991e-02  9.997108415825140e-01
2.419999999999991e-02  9.997084322793858e-01
2.429999999999991e-02  9.997060129849796e-01
2.439999999999991e-02  9.997035836993681e-01
2.449999999999991e-02  9.997011444226238e-01
2.459999999999991e-02  9.996986951548200e-01
2.469999999999991e-02  9.996962358960300e-01
2.479999999999991e-02  9.996937666463273e-01
2.489999999999991e-02  9.996912874057859e-01
2.499999999999990e-02  9.996887981744803e-01
2.509999999999990e-02  9.996862989524848e-01
2.519999999999990e-02  9.996837897398745e-01
2.529999999999990e-02  9.996812705367243e-01
2.539999999999990e-02  9.996787413431099e-01
2.549999999999990e-02  9.996762021591068e-01
2.559999999999990e-02  9.996736529847913e-01
2.569999999999990e-02  9.996710938202397e-01
2.579999999999990e-02  9.996685246655286e-01
2.589999999999990e-02  9.996659455207350e-01
2.599999999999990e-02  9.996633563859361e-01
2.609999999999990e-02  9.996607572612095e-01
2.619999999999990e-02  9.996581481466330e-01
2.629999999999990e-02  9.996555290422848e-01
2.639999999999990e-02  9.996528999482435e-01
2.649999999999990e-02  9.996502608645876e-01
2.659999999999990e-02  9.996476117913964e-01
2.669999999999989e-02  9.996449527287490e-01
2.679999999999989e-02  9.996422836767251e-01
2.689999999999989e-02  9.996396046354049e-01
2.699999999999989e-02  9.996369156048684e-01
2.709999999999989e-02  9.996342165851964e-01
2.719999999999989e-02  9.996315075764695e-01
2.729999999999989e-02  9.996287885787688e-01
2.739999999999989e-02  9.996260595921760e-01
2.749999999999989e-02  9.996233206167727e-01
2.759999999999989e-02  9.996205716526411e-01
2.769999999999989e-02  9.996178126998633e-01
2.779999999999989e-02  9.996150437585221e-01
2.789999999999989e-02  9.996122648287004e-01
2.799999999999989e-02  9.996094759104814e-01
2.809999999999989e-02  9.996066770039489e-01
2.819999999999989e-02  9.996038681091866e-01
2.829999999999988e-02  9.996010492262785e-01
2.839999999999988e-02  9.995982203553091e-01
2.849999999999988e-02  9.995953814963633e-01
2.859999999999988e-02  9.995925326495261e-01
2.869999999999988e-02  9.995896738148827e-01
2.879999999999988e-02  9.995868049925188e-01
2.889999999999988e-02  9.995839261825205e-01
2.899999999999988e-02  9.995810373849738e-01
2.909999999999988e-02  9.995781385999655e-01
2.919999999999988e-02  9.995752298275822e-01
2.929999999999988e-02  9.995723110679111e-01
2.939999999999988e-02  9.995693823210396e-01
2.949999999999988e-02  9.995664435870556e-01
2.959999999999988e-02  9.995634948660470e-01
2.969999999999988e-02  9.995605361581023e-01
2.979999999999988e-02  9.995575674633098e-01
2.989999999999988e-02  9.995545887817587e-01
2.999999999999987e-02  9.995516001135383e-01
3.009999999999987e-02  9.995486014587379e-01
3.019999999999987e-02  9.995455928174475e-01
3.029999999999987e-02  9.995425741897572e-01
3.039999999999987e-02  9.995395455757574e-01
3.049999999999987e-02  9.995365069755389e-01
3.059999999999987e-02  9.995334583891926e-01
3.069999999999987e-02  9.995303998168099e-01
3.079999999999987e-02  9.995273312584825e-01
3.089999999999987e-02  9.995242527143022e-01
3.099999999999987e-02  9.995211641843613e-01
3.109999999999987e-02  9.995180656687523e-01
3.119999999999987e-02  9.995149571675681e-01
3.129999999999987e-02  9.995118386809018e-01
3.139999999999987e-02  9.995087102088467e-01
3.149999999999988e-02  9.995055717514967e-01
3.159999999999988e-02  9.995024233089457e-01
3.169999999999988e-02  9.994992648812880e-01
3.179999999999988e-02  9.994960964686184e-01
3.189999999999989e-02  9.994929180710316e-01
3.199999999999989e-02  9.994897296886229e-01
3.209999999999989e-02  9.994865313214879e-01
3.219999999999990e-02  9.994833229697223e-01
3.229999999999990e-02  9.994801046334223e-01
3.239999999999990e-02  9.994768763126843e-01
3.249999999999990e-02  9.994736380076051e-01
3.259999999999991e-02  9.994703897182816e-01
3.269999999999991e-02  9.994671314448111e-01
3.279999999999991e-02  9.994638631872913e-01
3.289999999999992e-02  9.994605849458200e-01
3.299999999999992e-02  9.994572967204955e-01
3.309999999999992e-02  9.994539985114164e-01
3.319999999999992e-02  9.994506903186813e-01
3.329999999999993e-02  9.994473721423894e-01
3.339999999999993e-02  9.994440439826402e-01
3.349999999999993e-02  9.994407058395333e-01
3.359999999999994e-02  9.994373577131687e-01
3.369999999999994e-02  9.994339996036468e-01
3.379999999999994e-02  9.994306315110681e-01
3.389999999999994e-02  9.994272534355336e-01
3.399999999999995e-02  9.994238653771444e-01
3.409999999999995e-02  9.994204673360022e-01
3.419999999999995e-02  9.994170593122086e-01
3.429999999999996e-02  9.994136413058657e-01
3.439999999999996e-02  9.994102133170760e-01
3.449999999999996e-02  9.994067753459422e-01
3.459999999999996e-02  9.994033273925673e-01
3.469999999999997e-02  9.993998694570545e-01
3.479999999999997e-02  9.993964015395075e-01
3.489999999999997e-02  9.993929236400301e-01
3.499999999999998e-02  9.993894357587265e-01
3.509999999999998e-02  9.993859378957014e-01
3.519999999999998e-02  9.993824300510594e-01
3.529999999999998e-02  9.993789122249056e-01
3.539999999999999e-02  9.993753844173454e-01
3.549999999999999e-02  9.993718466284846e-01
3.559999999999999e-02  9.993682988584290e-01
3.570000000000000e-02  9.993647411072851e-01
3.580000000000000e-02  9.993611733751594e-01
3.590000000000000e-02  9.993575956621588e-01
3.600000000000000e-02  9.993540079683904e-01
3.610000000000001e-02  9.993504102939617e-01
3.620000000000001e-02  9.993468026389805e-01
3.630000000000001e-02  9.993431850035549e-01
3.640000000000002e-02  9.993395573877933e-01
3.650000000000002e-02  9.993359197918045e-01
3.660000000000002e-02  9.993322722156972e-01
3.670000000000002e-02  9.993286146595809e-01
3.680000000000003e-02  9.993249471235651e-01
3.690000000000003e-02  9.993212696077597e-01
3.700000000000003e-02  9.993175821122748e-01
3.710000000000004e-02  9.993138846372210e-01
3.720000000000004e-02  9.993101771827090e-01
3.730000000000004e-02  9.993064597488499e-01
3.740000000000004e-02  9.993027323357551e-01
3.750000000000005e-02  9.992989949435361e-01
3.760000000000005e-02  9.992952475723051e-01
3.770000000000005e-02  9.992914902221742e-01
3.780000000000006e-02  9.992877228932561e-01
3.790000000000006e-02  9.992839455856636e-01
3.800000000000006e-02  9.992801582995098e-01
3.810000000000006e-02  9.992763610349082e-01
3.820000000000007e-02  9.992725537919727e-01
3.830000000000007e-02  9.992687365708172e-01
3.840000000000007e-02  9.992649093715561e-01
3.850000000000008e-02  9.992610721943042e-01
3.860000000000008e-02  9.992572250391762e-01
3.870000000000008e-02  9.992533679062876e-01
3.880000000000008e-02  9.992495007957538e-01
3.890000000000009e-02  9.992456237076908e-01
3.900000000000009e-02  9.992417366422145e-01
3.910000000000009e-02  9.992378395994416e-01
3.920000000000010e-02  9.992339325794888e-01
3.930000000000010e-02  9.992300155824730e-01
3.940000000000010e-02  9.992260886085118e-01
3.950000000000010e-02  9.992221516577227e-01
3.960000000000011e-02  9.992182047302236e-01
3.970000000000011e-02  9.992142478261329e-01
3.980000000000011e-02  9.992102809455690e-01
3.990000000000012e-02  9.992063040886509e-01
4.000000000000012e-02  9.992023172554976e-01
4.010000000000012e-02  9.991983204462286e-01
4.020000000000013e-02  9.991943136609636e-01
4.030000000000013e-02  9.991902968998226e-01
4.040000000000013e-02  9.991862701629262e-01
4.050000000000013e-02  9.991822334503947e-01
4.060000000000014e-02  9.991781867623493e-01
4.070000000000014e-02  9.991741300989110e-01
4.080000000000014e-02  9.991700634602014e-01
4.090000000000015e-02  9.991659868463425e-01
4.100000000000015e-02  9.991619002574563e-01
4.110000000000015e-02  9.991578036936652e-01
4.120000000000015e-02  9.991536971550921e-01
4.130000000000016e-02  9.991495806418598e-01
4.140000000000016e-02  9.991454541540917e-01
4.150000000000016e-02  9.991413176919115e-01
4.160000000000017e-02  9.991371712554431e-01
4.170000000000017e-02  9.991330148448107e-01
4.180000000000017e-02  9.991288484601387e-01
4.190000000000017e-02  9.991246721015522e-01
4.200000000000018e-02  9.991204857691761e-01
4.210000000000018e-02  9.991162894631359e-01
4.220000000000018e-02  9.991120831835573e-01
4.230000000000019e-02  9.991078669305662e-01
4.240000000000019e-02  9.991036407042890e-01
4.250000000000019e-02  9.990994045048525e-01
4.260000000000019e-02  9.990951583323833e-01
4.270000000000020e-02  9.990909021870088e-01
4.280000000000020e-02  9.990866360688565e-01
4.290000000000020e-02  9.990823599780542e-01
4.300000000000021e-02  9.990780739147299e-01
4.310000000000021e-02  9.990737778790121e-01
4.320000000000021e-02  9.990694718710295e-01
4.330000000000021e-02  9.990651558909109e-01
4.340000000000022e-02  9.990608299387860e-01
4.350000000000022e-02  9.990564940147840e-01
4.360000000000022e-02  9.990521481190351e-01
4.370000000000023e-02  9.990477922516693e-01
4.380000000000023e-02  9.990434264128172e-01
4.390000000000023e-02  9.990390506026094e-01
4.400000000000023e-02  9.990346648211773e-01
4.410000000000024e-02  9.990302690686521e-01
4.420000000000024e-02  9.990258633451655e-01
4.430000000000024e-02  9.990214476508495e-01
4.440000000000025e-02  9.990170219858364e-01
4.450000000000025e-02  9.990125863502588e-01
4.460000000000025e-02  9.990081407442496e-01
4.470000000000025e-02  9.990036851679419e-01
4.480000000000026e-02  9.989992196214692e-01
4.490000000000026e-02  9.989947441049652e-01
4.500000000000026e-02  9.989902586185642e-01
4.510000000000027e-02  9.989857631624004e-01
4.520000000000027e-02  9.989812577366085e-01
4.530000000000027e-02  9.989767423413235e-01
4.540000000000027e-02  9.989722169766807e-01
4.550000000000028e-02  9.989676816428157e-01
4.560000000000028e-02  9.989631363398642e-01
4.570000000000028e-02  9.989585810679625e-01
4.580000000000029e-02  9.989540158272471e-01
4.590000000000029e-02  9.989494406178546e-01
4.600000000000029e-02  9.989448554399222e-01
4.610000000000029e-02  9.989402602935872e-01
4.620000000000030e-02  9.989356551789872e-01
4.630000000000030e-02  9.989310400962602e-01
4.640000000000030e-02  9.989264150455446e-01
4.650000000000031e-02  9.989217800269787e-01
4.660000000000031e-02  9.989171350407016e-01
4.670000000000031e-02  9.989124800868523e-01
4.680000000000031e-02  9.989078151655703e-01
4.690000000000032e-02  9.989031402769952e-01
4.700000000000032e-02  9.988984554212673e-01
4.710000000000032e-02  9.988937605985269e-01
4.720000000000033e-02  9.988890558089144e-01
4.730000000000033e-02  9.988843410525710e-01
4.740000000000033e-02  9.988796163296377e-01
4.750000000000033e-02  9.988748816402563e-01
4.760000000000034e-02  9.988701369845685e-01
4.770000000000034e-02  9.988653823627165e-01
4.780000000000034e-02  9.988606177748426e-01
4.790000000000035e-02  9.988558432210897e-01
4.800000000000035e-02  9.988510587016006e-01
4.810000000000035e-02  9.988462642165189e-01
4.820000000000035e-02  9.988414597659880e-01
4.830000000000036e-02  9.988366453501519e-01
4.840000000000036e-02  9.988318209691549e-01
4.850000000000036e-02  9.988269866231414e-01
4.860000000000037e-02  9.988221423122563e-01
4.870000000000037e-02  9.988172880366447e-01
4.880000000000037e-02  9.988124237964520e-01
4.890000000000037e-02  9.988075495918238e-01
4.900000000000038e-02  9.988026654229063e-01
4.910000000000038e-02  9.987977712898457e-01
4.920000000000038e-02  9.987928671927887e-01
4.930000000000039e-02  9.987879531318821e-01
4.940000000000039e-02  9.987830291072731e-01
4.950000000000039e-02  9.987780951191093e-01
4.960000000000039e-02  9.987731511675385e-01
4.970000000000040e-02  9.987681972527087e-01
4.980000000000040e-02  9.987632333747684e-01
4.990000000000040e-02  9.987582595338661e-01
5.000000000000041e-02  9.987532757301510e-01
5.010000000000041e-02  9.987482819637724e-01
5.020000000000041e-02  9.987432782348797e-01
5.030000000000041e-02  9.987382645436230e-01
5.040000000000042e-02  9.987332408901524e-01
5.050000000000042e-02  9.987282072746183e-01
5.060000000000042e-02  9.987231636971716e-01
5.070000000000043e-02  9.987181101579633e-01
5.080000000000043e-02  9.987130466571448e-01
5.090000000000043e-02  9.987079731948677e-01
5.100000000000043e-02  9.987028897712842e-01
5.110000000000044e-02  9.986977963865463e-01
5.120000000000044e-02  9.986926930408068e-01
5.130000000000044e-02  9.986875797342184e-01
5.140000000000045e-02  9.986824564669343e-01
5.150000000000045e-02  9.986773232391081e-01
5.160000000000045e-02  9.986721800508934e-01
5.170000000000045e-02  9.986670269024444e-01
5.180000000000046e-02  9.986618637939153e-01
5.190000000000046e-02  9.986566907254608e-01
5.200000000000046e-02  9.986515076972360e-01
5.210000000000047e-02  9.986463147093959e-01
5.220000000000047e-02  9.986411117620962e-01
5.230000000000047e-02  9.986358988554929e-01
5.240000000000047e-02  9.986306759897419e-01
5.250000000000048e-02  9.986254431649997e-01
5.260000000000048e-02  9.986202003814231e-01
5.270000000000048e-02  9.986149476391690e-01
5.280000000000049e-02  9.986096849383950e-01
5.290000000000049e-02  9.986044122792584e-01
5.300000000000049e-02  9.985991296619174e-01
5.310000000000049e-02  9.985938370865303e-01
5.320000000000050e-02  9.985885345532554e-01
5.330000000000050e-02  9.985832220622516e-01
5.340000000000050e-02  9.985778996136780e-01
5.350000000000051e-02  9.985725672076942e-01
5.360000000000051e-02  9.985672248444596e-01
5.370000000000051e-02  9.985618725241344e-01
5.380000000000051e-02  9.985565102468790e-01
5.390000000000052e-02  9.985511380128539e-01
5.400000000000052e-02  9.985457558222200e-01
5.410000000000052e-02  9.985403636751387e-01
5.420000000000053e-02  9.985349615717711e-01
5.430000000000053e-02  9.985295495122795e-01
5.440000000000053e-02  9.985241274968256e-01
5.450000000000053e-02  9.985186955255720e-01
5.460000000000054e-02  9.985132535986815e-01
5.470000000000054e-02  9.985078017163168e-01
5.480000000000054e-02  9.985023398786415e-01
5.490000000000055e-02  9.984968680858190e-01
5.500000000000055e-02  9.984913863380132e-01
5.510000000000055e-02  9.984858946353883e-01
5.520000000000055e-02  9.984803929781089e-01
5.530000000000056e-02  9.984748813663397e-01
5.540000000000056e-02  9.984693598002458e-01
5.550000000000056e-02  9.984638282799925e-01
5.560000000000057e-02  9.984582868057456e-01
5.570000000000057e-02  9.984527353776709e-01
5.580000000000057e-02  9.984471739959349e-01
5.590000000000057e-02  9.984416026607039e-01
5.600000000000058e-02  9.984360213721450e-01
5.610000000000058e-02  9.984304301304253e-01
5.620000000000058e-02  9.984248289357123e-01
5.630000000000059e-02  9.984192177881737e-01
5.640000000000059e-02  9.984135966879775e-01
5.650000000000059e-02  9.984079656352921e-01
5.660000000000059e-02  9.984023246302862e-01
5.670000000000060e-02  9.983966736731288e-01
5.680000000000060e-02  9.983910127639890e-01
5.690000000000060e-02  9.983853419030365e-01
5.700000000000061e-02  9.983796610904411e-01
5.710000000000061e-02  9.983739703263729e-01
5.720000000000061e-02  9.983682696110023e-01
5.730000000000061e-02  9.983625589445002e-01
5.740000000000062e-02  9.983568383270375e-01
5.750000000000062e-02  9.983511077587854e-01
5.760000000000062e-02  9.983453672399158e-01
5.770000000000063e-02  9.983396167706006e-01
5.780000000000063e-02  9.983338563510118e-01
5.790000000000063e-02  9.983280859813220e-01
5.800000000000063e-02  9.983223056617042e-01
5.810000000000064e-02  9.983165153923313e-01
5.820000000000064e-02  9.983107151733769e-01
5.830000000000064e-02  9.983049050050146e-01
5.840000000000065e-02  9.982990848874184e-01
5.850000000000065e-02  9.982932548207626e-01
5.860000000000065e-02  9.982874148052219e-01
5.870000000000065e-02  9.982815648409711e-01
5.880000000000066e-02  9.982757049281855e-01
5.890000000000066e-02  9.982698350670406e-01
5.900000000000066e-02  9.982639552577120e-01
5.910000000000067e-02  9.982580655003760e-01
5.920000000000067e-02  9.982521657952089e-01
5.930000000000067e-02  9.982462561423874e-01
5.940000000000067e-02  9.982403365420884e-01
5.950000000000068e-02  9.982344069944894e-01
5.960000000000068e-02  9.982284674997678e-01
5.970000000000068e-02  9.982225180581015e-01
5.980000000000069e-02  9.982165586696686e-01
5.990000000000069e-02  9.982105893346478e-01
6.000000000000069e-02  9.982046100532177e-01
6.010000000000070e-02  9.981986208255573e-01
6.020000000000070e-02  9.981926216518462e-01
6.030000000000070e-02  9.981866125322638e-01
6.040000000000070e-02  9.981805934669903e-01
6.050000000000071e-02  9.981745644562058e-01
6.060000000000071e-02  9.981685255000908e-01
6.070000000000071e-02  9.981624765988263e-01
6.080000000000072e-02  9.981564177525933e-01
6.090000000000072e-02  9.981503489615734e-01
6.100000000000072e-02  9.981442702259482e-01
6.110000000000072e-02  9.981381815458998e-01
6.120000000000073e-02  9.981320829216106e-01
6.130000000000073e-02  9.981259743532631e-01
6.140000000000073e-02  9.981198558410403e-01
6.150000000000074e-02  9.981137273851255e-01
6.160000000000074e-02  9.981075889857021e-01
6.170000000000074e-02  9.981014406429539e-01
6.180000000000074e-02  9.980952823570651e-01
6.190000000000075e-02  9.980891141282202e-01
6.200000000000075e-02  9.980829359566038e-01
6.210000000000075e-02  9.980767478424009e-01
6.220000000000076e-02  9.980705497857968e-01
6.230000000000076e-02  9.980643417869771e-01
6.240000000000076e-02  9.980581238461278e-01
6.250000000000076e-02  9.980518959634350e-01
6.260000000000077e-02  9.980456581390853e-01
6.270000000000077e-02  9.980394103732654e-01
6.280000000000077e-02  9.980331526661623e-01
6.290000000000077e-02  9.980268850179635e-01
6.300000000000078e-02  9.980206074288568e-01
6.310000000000078e-02  9.980143198990300e-01
6.320000000000078e-02  9.980080224286715e-01
6.330000000000079e-02  9.980017150179697e-01
6.340000000000079e-02  9.979953976671136e-01
6.350000000000079e-02  9.979890703762925e-01
6.360000000000080e-02  9.979827331456956e-01
6.370000000000080e-02  9.979763859755129e-01
6.380000000000080e-02  9.979700288659342e-01
6.390000000000080e-02  9.979636618171500e-01
6.400000000000080e-02  9.979572848293510e-01
6.410000000000081e-02  9.979508979027281e-01
6.420000000000081e-02  9.979445010374725e-01
6.430000000000081e-02  9.979380942337758e-01
6.440000000000082e-02  9.979316774918299e-01
6.450000000000082e-02  9.979252508118268e-01
6.460000000000082e-02  9.979188141939591e-01
6.470000000000083e-02  9.979123676384194e-01
6.480000000000083e-02  9.979059111454007e-01
6.490000000000083e-02  9.978994447150965e-01
6.500000000000083e-02  9.978929683477004e-01
6.510000000000084e-02  9.978864820434061e-01
6.520000000000084e-02  9.978799858024080e-01
6.530000000000084e-02  9.978734796249006e-01
6.540000000000085e-02  9.978669635110786e-01
6.550000000000085e-02  9.978604374611373e-01
6.560000000000085e-02  9.978539014752719e-01
6.570000000000085e-02  9.978473555536782e-01
6.580000000000086e-02  9.978407996965523e-01
6.590000000000086e-02  9.978342339040902e-01
6.600000000000086e-02  9.978276581764888e-01
6.610000000000087e-02  9.978210725139448e-01
6.620000000000087e-02  9.978144769166555e-01
6.630000000000087e-02  9.978078713848183e-01
6.640000000000087e-02  9.978012559186310e-01
6.650000000000088e-02  9.977946305182916e-01
6.660000000000088e-02  9.977879951839987e-01
6.670000000000088e-02  9.977813499159508e-01
6.680000000000089e-02  9.977746947143469e-01
6.690000000000089e-02  9.977680295793862e-01
6.700000000000089e-02  9.977613545112682e-01
6.710000000000090e-02  9.977546695101930e-01
6.720000000000090e-02  9.977479745763606e-01
6.730000000000090e-02  9.977412697099713e-01
6.740000000000090e-02  9.977345549112262e-01
6.750000000000090e-02  9.977278301803261e-01
6.760000000000091e-02  9.977210955174723e-01
6.770000000000091e-02  9.977143509228666e-01
6.780000000000092e-02  9.977075963967109e-01
6.790000000000092e-02  9.977008319392073e-01
6.800000000000092e-02  9.976940575505585e-01
6.810000000000092e-02  9.976872732309672e-01
6.820000000000093e-02  9.976804789806365e-01
6.830000000000093e-02  9.976736747997699e-01
6.840000000000093e-02  9.976668606885710e-01
6.850000000000094e-02  9.976600366472439e-01
6.860000000000094e-02  9.976532026759929e-01
6.870000000000094e-02  9.976463587750225e-01
6.880000000000094e-02  9.976395049445377e-01
6.890000000000095e-02  9.976326411847437e-01
6.900000000000095e-02  9.976257674958460e-01
6.910000000000095e-02  9.976188838780502e-01
6.920000000000096e-02  9.976119903315626e-01
6.930000000000096e-02  9.976050868565894e-01
6.940000000000096e-02  9.975981734533376e-01
6.950000000000096e-02  9.975912501220138e-01
6.960000000000097e-02  9.975843168628254e-01
6.970000000000097e-02  9.975773736759801e-01
6.980000000000097e-02  9.975704205616855e-01
6.990000000000098e-02  9.975634575201501e-01
7.000000000000098e-02  9.975564845515820e-01
7.010000000000098e-02  9.975495016561900e-01
7.020000000000098e-02  9.975425088341835e-01
7.030000000000099e-02  9.975355060857715e-01
7.040000000000099e-02  9.975284934111637e-01
7.050000000000099e-02  9.975214708105701e-01
7.060000000000100e-02  9.975144382842008e-01
7.070000000000100e-02  9.975073958322666e-01
7.080000000000100e-02  9.975003434549781e-01
7.090000000000100e-02  9.974932811525464e-01
7.100000000000100e-02  9.974862089251830e-01
7.110000000000101e-02  9.974791267730997e-01
7.120000000000101e-02  9.974720346965084e-01
7.130000000000102e-02  9.974649326956213e-01
7.140000000000102e-02  9.974578207706511e-01
7.150000000000102e-02  9.974506989218108e-01
7.160000000000102e-02  9.974435671493135e-01
7.170000000000103e-02  9.974364254533727e-01
7.180000000000103e-02  9.974292738342022e-01
7.190000000000103e-02  9.974221122920160e-01
7.200000000000104e-02  9.974149408270286e-01
7.210000000000104e-02  9.974077594394547e-01
7.220000000000104e-02  9.974005681295092e-01
7.230000000000104e-02  9.973933668974073e-01
7.240000000000105e-02  9.973861557433646e-01
7.250000000000105e-02  9.973789346675971e-01
7.260000000000105e-02  9.973717036703208e-01
7.270000000000106e-02  9.973644627517522e-01
7.280000000000106e-02  9.973572119121079e-01
7.290000000000106e-02  9.973499511516052e-01
7.300000000000106e-02  9.973426804704613e-01
7.310000000000107e-02  9.973353998688939e-01
7.320000000000107e-02  9.973281093471208e-01
7.330000000000107e-02  9.973208089053603e-01
7.340000000000108e-02  9.973134985438311e-01
7.350000000000108e-02  9.973061782627518e-01
7.360000000000108e-02  9.972988480623416e-01
7.370000000000108e-02  9.972915079428198e-01
7.380000000000109e-02  9.972841579044063e-01
7.390000000000109e-02  9.972767979473209e-01
7.400000000000109e-02  9.972694280717841e-01
7.410000000000110e-02  9.972620482780163e-01
7.420000000000110e-02  9.972546585662386e-01
7.430000000000110e-02  9.972472589366721e-01
7.440000000000110e-02  9.972398493895382e-01
7.450000000000111e-02  9.972324299250588e-01
7.460000000000111e-02  9.972250005434559e-01
7.470000000000111e-02  9.972175612449518e-01
7.480000000000112e-02  9.972101120297693e-01
7.490000000000112e-02  9.972026528981313e-01
7.500000000000112e-02  9.971951838502611e-01
7.510000000000112e-02  9.971877048863822e-01
7.520000000000113e-02  9.971802160067185e-01
7.530000000000113e-02  9.971727172114941e-01
7.540000000000113e-02  9.971652085009335e-01
7.550000000000114e-02  9.971576898752614e-01
7.560000000000114e-02  9.971501613347029e-01
7.570000000000114e-02  9.971426228794832e-01
7.580000000000114e-02  9.971350745098280e-01
7.590000000000115e-02  9.971275162259632e-01
7.600000000000115e-02  9.971199480281150e-01
7.610000000000115e-02  9.971123699165100e-01
7.620000000000116e-02  9.971047818913749e-01
7.630000000000116e-02  9.970971839529369e-01
7.640000000000116e-02  9.970895761014233e-01
7.650000000000116e-02  9.970819583370619e-01
7.660000000000117e-02  9.970743306600807e-01
7.670000000000117e-02  9.970666930707078e-01
7.680000000000117e-02  9.970590455691720e-01
7.690000000000118e-02  9.970513881557020e-01
7.700000000000118e-02  9.970437208305272e-01
7.710000000000118e-02  9.970360435938768e-01
7.720000000000118e-02  9.970283564459806e-01
7.730000000000119e-02  9.970206593870689e-01
7.740000000000119e-02  9.970129524173718e-01
7.750000000000119e-02  9.970052355371201e-01
7.760000000000120e-02  9.969975087465447e-01
7.770000000000120e-02  9.969897720458768e-01
7.780000000000120e-02  9.969820254353480e-01
7.790000000000120e-02  9.969742689151900e-01
7.800000000000121e-02  9.969665024856352e-01
7.810000000000121e-02  9.969587261469158e-01
7.820000000000121e-02  9.969509398992646e-01
7.830000000000122e-02  9.969431437429146e-01
7.840000000000122e-02  9.969353376780990e-01
7.850000000000122e-02  9.969275217050516e-01
7.860000000000122e-02  9.969196958240062e-01
7.870000000000123e-02  9.969118600351970e-01
7.880000000000123e-02  9.969040143388586e-01
7.890000000000123e-02  9.968961587352255e-01
7.900000000000124e-02  9.968882932245331e-01
7.910000000000124e-02  9.968804178070166e-01
7.920000000000124e-02  9.968725324829117e-01
7.930000000000124e-02  9.968646372524544e-01
7.940000000000125e-02  9.968567321158810e-01
7.950000000000125e-02  9.968488170734280e-01
7.960000000000125e-02  9.968408921253322e-01
7.970000000000126e-02  9.968329572718309e-01
7.980000000000126e-02  9.968250125131614e-01
7.990000000000126e-02  9.968170578495615e-01
8.000000000000126e-02  9.968090932812693e-01
8.010000000000127e-02  9.968011188085231e-01
8.020000000000127e-02  9.967931344315614e-01
8.030000000000127e-02  9.967851401506233e-01
8.040000000000128e-02  9.967771359659479e-01
8.050000000000128e-02  9.967691218777747e-01
8.060000000000128e-02  9.967610978863436e-01
8.070000000000128e-02  9.967530639918947e-01
8.080000000000129e-02  9.967450201946683e-01
8.090000000000129e-02  9.967369664949051e-01
8.100000000000130e-02  9.967289028928461e-01
8.110000000000130e-02  9.967208293887326e-01
8.120000000000130e-02  9.967127459828062e-01
8.130000000000130e-02  9.967046526753088e-01
8.140000000000130e-02  9.966965494664826e-01
8.150000000000131e-02  9.966884363565699e-01
8.160000000000131e-02  9.966803133458136e-01
8.170000000000131e-02  9.966721804344567e-01
8.180000000000132e-02  9.966640376227426e-01
8.190000000000132e-02  9.966558849109148e-01
8.200000000000132e-02  9.966477222992174e-01
8.210000000000132e-02  9.966395497878945e-01
8.220000000000133e-02  9.966313673771907e-01
8.230000000000133e-02  9.966231750673509e-01
8.240000000000133e-02  9.966149728586201e-01
8.250000000000134e-02  9.966067607512438e-01
8.260000000000134e-02  9.965985387454676e-01
8.270000000000134e-02  9.965903068415375e-01
8.280000000000134e-02  9.965820650396999e-01
8.290000000000135e-02  9.965738133402015e-01
8.300000000000135e-02  9.965655517432889e-01
8.310000000000135e-02  9.965572802492094e-01
8.320000000000136e-02  9.965489988582106e-01
8.330000000000136e-02  9.965407075705400e-01
8.340000000000136e-02  9.965324063864459e-01
8.350000000000136e-02  9.965240953061767e-01
8.360000000000137e-02  9.965157743299808e-01
8.370000000000137e-02  9.965074434581075e-01
8.380000000000137e-02  9.964991026908058e-01
8.390000000000138e-02  9.964907520283253e-01
8.400000000000138e-02  9.964823914709158e-01
8.410000000000138e-02  9.964740210188274e-01
8.420000000000138e-02  9.964656406723107e-01
8.430000000000139e-02  9.964572504316163e-01
8.440000000000139e-02  9.964488502969951e-01
8.450000000000140e-02  9.964404402686986e-01
8.460000000000140e-02  9.964320203469783e-01
8.470000000000140e-02  9.964235905320862e-01
8.480000000000140e-02  9.964151508242743e-01
8.490000000000140e-02  9.964067012237954e-01
8.500000000000141e-02  9.963982417309020e-01
8.510000000000141e-02  9.963897723458472e-01
8.520000000000141e-02  9.963812930688846e-01
8.530000000000142e-02  9.963728039002676e-01
8.540000000000142e-02  9.963643048402503e-01
8.550000000000142e-02  9.963557958890870e-01
8.560000000000142e-02  9.963472770470321e-01
8.570000000000143e-02  9.963387483143405e-01
8.580000000000143e-02  9.963302096912675e-01
8.590000000000143e-02  9.963216611780683e-01
8.600000000000144e-02  9.963131027749987e-01
8.610000000000144e-02  9.963045344823148e-01
8.620000000000144e-02  9.962959563002729e-01
8.630000000000144e-02  9.962873682291296e-01
8.640000000000145e-02  9.962787702691417e-01
8.650000000000145e-02  9.962701624205665e-01
8.660000000000145e-02  9.962615446836616e-01
8.670000000000146e-02  9.962529170586846e-01
8.680000000000146e-02  9.962442795458937e-01
8.690000000000146e-02  9.962356321455472e-01
8.700000000000147e-02  9.962269748579039e-01
8.710000000000147e-02  9.962183076832226e-01
8.720000000000147e-02  9.962096306217627e-01
8.730000000000147e-02  9.962009436737836e-01
8.740000000000148e-02  9.961922468395453e-01
8.750000000000148e-02  9.961835401193080e-01
8.760000000000148e-02  9.961748235133320e-01
8.770000000000149e-02  9.961660970218780e-01
8.780000000000149e-02  9.961573606452071e-01
8.790000000000149e-02  9.961486143835806e-01
8.800000000000150e-02  9.961398582372601e-01
8.810000000000150e-02  9.961310922065076e-01
8.820000000000150e-02  9.961223162915853e-01
8.830000000000150e-02  9.961135304927556e-01
8.840000000000150e-02  9.961047348102814e-01
8.850000000000151e-02  9.960959292444257e-01
8.860000000000151e-02  9.960871137954519e-01
8.870000000000151e-02  9.960782884636237e-01
8.880000000000152e-02  9.960694532492050e-01
8.890000000000152e-02  9.960606081524602e-01
8.900000000000152e-02  9.960517531736538e-01
8.910000000000153e-02  9.960428883130505e-01
8.920000000000153e-02  9.960340135709157e-01
8.930000000000153e-02  9.960251289475146e-01
8.940000000000153e-02  9.960162344431132e-01
8.950000000000154e-02  9.960073300579773e-01
8.960000000000154e-02  9.959984157923732e-01
8.970000000000154e-02  9.959894916465678e-01
8.980000000000155e-02  9.959805576208277e-01
8.990000000000155e-02  9.959716137154203e-01
9.000000000000155e-02  9.959626599306131e-01
9.010000000000155e-02  9.959536962666737e-01
9.020000000000156e-02  9.959447227238704e-01
9.030000000000156e-02  9.959357393024714e-01
9.040000000000156e-02  9.959267460027454e-01
9.050000000000157e-02  9.959177428249616e-01
9.060000000000157e-02  9.959087297693890e-01
9.070000000000157e-02  9.958997068362974e-01
9.080000000000157e-02  9.958906740259563e-01
9.090000000000158e-02  9.958816313386362e-01
9.100000000000158e-02  9.958725787746073e-01
9.110000000000158e-02  9.958635163341405e-01
9.120000000000159e-02  9.958544440175067e-01
9.130000000000159e-02  9.958453618249772e-01
9.140000000000159e-02  9.958362697568237e-01
9.150000000000160e-02  9.958271678133181e-01
9.160000000000160e-02  9.958180559947326e-01
9.170000000000160e-02  9.958089343013397e-01
9.180000000000160e-02  9.957998027334121e-01
9.190000000000160e-02  9.957906612912230e-01
9.200000000000161e-02  9.957815099750457e-01
9.210000000000161e-02  9.957723487851539e-01
9.220000000000161e-02  9.957631777218215e-01
9.230000000000162e-02  9.957539967853230e-01
9.240000000000162e-02  9.957448059759326e-01
9.250000000000162e-02  9.957356052939254e-01
9.260000000000163e-02  9.957263947395764e-01
9.270000000000163e-02  9.957171743131611e-01
9.280000000000163e-02  9.957079440149552e-01
9.290000000000163e-02  9.956987038452347e-01
9.300000000000164e-02  9.956894538042760e-01
9.310000000000164e-02  9.956801938923556e-01
9.320000000000164e-02  9.956709241097504e-01
9.330000000000165e-02  9.956616444567378e-01
9.340000000000165e-02  9.956523549335949e-01
9.350000000000165e-02  9.956430555405998e-01
9.360000000000165e-02  9.956337462780306e-01
9.370000000000166e-02  9.956244271461654e-01
9.380000000000166e-02  9.956150981452830e-01
9.390000000000166e-02  9.956057592756624e-01
9.400000000000167e-02  9.955964105375829e-01
9.410000000000167e-02  9.955870519313238e-01
9.420000000000167e-02  9.955776834571651e-01
9.430000000000167e-02  9.955683051153870e-01
9.440000000000168e-02  9.955589169062697e-01
9.450000000000168e-02  9.955495188300941e-01
9.460000000000168e-02  9.955401108871412e-01
9.470000000000169e-02  9.955306930776923e-01
9.480000000000169e-02  9.955212654020288e-01
9.490000000000169e-02  9.955118278604328e-01
9.500000000000170e-02  9.955023804531864e-01
9.510000000000170e-02  9.954929231805721e-01
9.520000000000170e-02  9.954834560428727e-01
9.530000000000170e-02  9.954739790403712e-01
9.540000000000170e-02  9.954644921733509e-01
9.550000000000171e-02  9.954549954420955e-01
9.560000000000171e-02  9.954454888468890e-01
9.570000000000171e-02  9.954359723880156e-01
9.580000000000172e-02  9.954264460657599e-01
9.590000000000172e-02  9.954169098804067e-01
9.600000000000172e-02  9.954073638322409e-01
9.610000000000173e-02  9.953978079215482e-01
9.620000000000173e-02  9.953882421486141e-01
9.630000000000173e-02  9.953786665137246e-01
9.640000000000173e-02  9.953690810171661e-01
9.650000000000174e-02  9.953594856592252e-01
9.660000000000174e-02  9.953498804401886e-01
9.670000000000174e-02  9.953402653603435e-01
9.680000000000175e-02  9.953306404199774e-01
9.690000000000175e-02  9.953210056193782e-01
9.700000000000175e-02  9.953113609588338e-01
9.710000000000175e-02  9.953017064386325e-01
9.720000000000176e-02  9.952920420590630e-01
9.730000000000176e-02  9.952823678204141e-01
9.740000000000176e-02  9.952726837229753e-01
9.750000000000177e-02  9.952629897670359e-01
9.760000000000177e-02  9.952532859528856e-01
9.770000000000177e-02  9.952435722808147e-01
9.780000000000177e-02  9.952338487511135e-01
9.790000000000178e-02  9.952241153640727e-01
9.800000000000178e-02  9.952143721199833e-01
9.810000000000178e-02  9.952046190191366e-01
9.820000000000179e-02  9.951948560618240e-01
9.830000000000179e-02  9.951850832483374e-01
9.840000000000179e-02  9.951753005789691e-01
9.850000000000180e-02  9.951655080540114e-01
9.860000000000180e-02  9.951557056737570e-01
9.870000000000180e-02  9.951458934384990e-01
9.880000000000180e-02  9.951360713485308e-01
9.890000000000180e-02  9.951262394041458e-01
9.900000000000181e-02  9.951163976056381e-01
9.910000000000181e-02  9.951065459533018e-01
9.920000000000181e-02  9.950966844474315e-01
9.930000000000182e-02  9.950868130883218e-01
9.940000000000182e-02  9.950769318762679e-01
9.950000000000182e-02  9.950670408115650e-01
9.960000000000183e-02  9.950571398945090e-01
9.970000000000183e-02  9.950472291253956e-01
9.980000000000183e-02  9.950373085045212e-01
9.990000000000183e-02  9.950273780321823e-01
1.000000000000018e-01  9.950174377086758e-01
1.001000000000018e-01  9.950074875342987e-01
1.002000000000018e-01  9.949975275093484e-01
1.003000000000019e-01  9.949875576341228e-01
1.004000000000019e-01  9.949775779089197e-01
1.005000000000019e-01  9.949675883340375e-01
1.006000000000019e-01  9.949575889097748e-01
1.007000000000019e-01  9.949475796364304e-01
1.008000000000019e-01  9.949375605143035e-01
1.009000000000019e-01  9.949275315436935e-01
1.010000000000019e-01  9.949174927249003e-01
1.011000000000019e-01  9.949074440582237e-01
1.012000000000019e-01  9.948973855439643e-01
1.013000000000019e-01  9.948873171824226e-01
1.014000000000019e-01  9.948772389738996e-01
1.015000000000019e-01  9.948671509186964e-01
1.016000000000019e-01  9.948570530171146e-01
1.017000000000019e-01  9.948469452694559e-01
1.018000000000019e-01  9.948368276760226e-01
1.019000000000019e-01  9.948267002371168e-01
1.020000000000019e-01  9.948165629530414e-01
1.021000000000019e-01  9.948064158240993e-01
1.022000000000019e-01  9.947962588505938e-01
1.023000000000019e-01  9.947860920328283e-01
1.024000000000019e-01  9.947759153711068e-01
1.025000000000019e-01  9.947657288657333e-01
1.026000000000019e-01  9.947555325170124e-01
1.027000000000019e-01  9.947453263252488e-01
1.028000000000019e-01  9.947351102907475e-01
1.029000000000019e-01  9.947248844138137e-01
1.030000000000019e-01  9.947146486947530e-01
1.031000000000019e-01  9.947044031338714e-01
1.032000000000019e-01  9.946941477314751e-01
1.033000000000019e-01  9.946838824878705e-01
1.034000000000019e-01  9.946736074033644e-01
1.035000000000019e-01  9.946633224782638e-01
1.036000000000019e-01  9.946530277128762e-01
1.037000000000019e-01  9.946427231075091e-01
1.038000000000020e-01  9.946324086624705e-01
1.039000000000020e-01  9.946220843780685e-01
1.040000000000020e-01  9.946117502546119e-01
1.041000000000020e-01  9.946014062924092e-01
1.042000000000020e-01  9.945910524917697e-01
1.043000000000020e-01  9.945806888530028e-01
1.044000000000020e-01  9.945703153764180e-01
1.045000000000020e-01  9.945599320623255e-01
1.046000000000020e-01  9.945495389110355e-01
1.047000000000020e-01  9.945391359228585e-01
1.048000000000020e-01  9.945287230981054e-01
1.049000000000020e-01  9.945183004370873e-01
1.050000000000020e-01  9.945078679401157e-01
1.051000000000020e-01  9.944974256075023e-01
1.052000000000020e-01  9.944869734395592e-01
1.053000000000020e-01  9.944765114365985e-01
1.054000000000020e-01  9.944660395989331e-01
1.055000000000020e-01  9.944555579268757e-01
1.056000000000020e-01  9.944450664207396e-01
1.057000000000020e-01  9.944345650808382e-01
1.058000000000020e-01  9.944240539074852e-01
1.059000000000020e-01  9.944135329009949e-01
1.060000000000020e-01  9.944030020616814e-01
1.061000000000020e-01  9.943924613898596e-01
1.062000000000020e-01  9.943819108858443e-01
1.063000000000020e-01  9.943713505499506e-01
1.064000000000020e-01  9.943607803824943e-01
1.065000000000020e-01  9.943502003837911e-01
1.066000000000020e-01  9.943396105541570e-01
1.067000000000020e-01  9.943290108939085e-01
1.068000000000020e-01  9.943184014033623e-01
1.069000000000020e-01  9.943077820828352e-01
1.070000000000020e-01  9.942971529326448e-01
1.071000000000020e-01  9.942865139531084e-01
1.072000000000020e-01  9.942758651445440e-01
1.073000000000021e-01  9.942652065072697e-01
1.074000000000021e-01  9.942545380416039e-01
1.075000000000021e-01  9.942438597478653e-01
1.076000000000021e-01  9.942331716263730e-01
1.077000000000021e-01  9.942224736774463e-01
1.078000000000021e-01  9.942117659014048e-01
1.079000000000021e-01  9.942010482985684e-01
1.080000000000021e-01  9.941903208692572e-01
1.081000000000021e-01  9.941795836137918e-01
1.082000000000021e-01  9.941688365324929e-01
1.083000000000021e-01  9.941580796256816e-01
1.084000000000021e-01  9.941473128936792e-01
1.085000000000021e-01  9.941365363368074e-01
1.086000000000021e-01  9.941257499553882e-01
1.087000000000021e-01  9.941149537497437e-01
1.088000000000021e-01  9.941041477201964e-01
1.089000000000021e-01  9.940933318670692e-01
1.090000000000021e-01  9.940825061906852e-01
1.091000000000021e-01  9.940716706913677e-01
1.092000000000021e-01  9.940608253694405e-01
1.093000000000021e-01  9.940499702252275e-01
1.094000000000021e-01  9.940391052590529e-01
1.095000000000021e-01  9.940282304712413e-01
1.096000000000021e-01  9.940173458621177e-01
1.097000000000021e-01  9.940064514320070e-01
1.098000000000021e-01  9.939955471812348e-01
1.099000000000021e-01  9.939846331101267e-01
1.100000000000021e-01  9.939737092190088e-01
1.101000000000021e-01  9.939627755082074e-01
1.102000000000021e-01  9.939518319780491e-01
1.103000000000021e-01  9.939408786288607e-01
1.104000000000021e-01  9.939299154609694e-01
1.105000000000021e-01  9.939189424747027e-01
1.106000000000021e-01  9.939079596703884e-01
1.107000000000021e-01  9.938969670483544e-01
1.108000000000022e-01  9.938859646089292e-01
1.109000000000022e-01  9.938749523524413e-01
1.110000000000022e-01  9.938639302792197e-01
1.111000000000022e-01  9.938528983895936e-01
1.112000000000022e-01  9.938418566838925e-01
1.113000000000022e-01  9.938308051624462e-01
1.114000000000022e-01  9.938197438255847e-01
1.115000000000022e-01  9.938086726736385e-01
1.116000000000022e-01  9.937975917069382e-01
1.117000000000022e-01  9.937865009258147e-01
1.118000000000022e-01  9.937754003305993e-01
1.119000000000022e-01  9.937642899216236e-01
1.120000000000022e-01  9.937531696992193e-01
1.121000000000022e-01  9.937420396637187e-01
1.122000000000022e-01  9.937308998154540e-01
1.123000000000022e-01  9.937197501547581e-01
1.124000000000022e-01  9.937085906819638e-01
1.125000000000022e-01  9.936974213974046e-01
1.126000000000022e-01  9.936862423014139e-01
1.127000000000022e-01  9.936750533943256e-01
1.128000000000022e-01  9.936638546764739e-01
1.129000000000022e-01  9.936526461481932e-01
1.130000000000022e-01  9.936414278098181e-01
1.131000000000022e-01  9.936301996616839e-01
1.132000000000022e-01  9.936189617041257e-01
1.133000000000022e-01  9.936077139374792e-01
1.134000000000022e-01  9.935964563620803e-01
1.135000000000022e-01  9.935851889782651e-01
1.136000000000022e-01  9.935739117863702e-01
1.137000000000022e-01  9.935626247867323e-01
1.138000000000022e-01  9.935513279796885e-01
1.139000000000022e-01  9.935400213655761e-01
1.140000000000022e-01  9.935287049447327e-01
1.141000000000022e-01  9.935173787174963e-01
1.142000000000022e-01  9.935060426842052e-01
1.143000000000023e-01  9.934946968451978e-01
1.144000000000023e-01  9.934833412008128e-01
1.145000000000023e-01  9.934719757513895e-01
1.146000000000023e-01  9.934606004972671e-01
1.147000000000023e-01  9.934492154387854e-01
1.148000000000023e-01  9.934378205762843e-01
1.149000000000023e-01  9.934264159101040e-01
1.150000000000023e-01  9.934150014405853e-01
1.151000000000023e-01  9.934035771680687e-01
1.152000000000023e-01  9.933921430928955e-01
1.153000000000023e-01  9.933806992154071e-01
1.154000000000023e-01  9.933692455359451e-01
1.155000000000023e-01  9.933577820548516e-01
1.156000000000023e-01  9.933463087724689e-01
1.157000000000023e-01  9.933348256891394e-01
1.158000000000023e-01  9.933233328052062e-01
1.159000000000023e-01  9.933118301210123e-01
1.160000000000023e-01  9.933003176369012e-01
1.161000000000023e-01  9.932887953532166e-01
1.162000000000023e-01  9.932772632703025e-01
1.163000000000023e-01  9.932657213885033e-01
1.164000000000023e-01  9.932541697081636e-01
1.165000000000023e-01  9.932426082296282e-01
1.166000000000023e-01  9.932310369532423e-01
1.167000000000023e-01  9.932194558793515e-01
1.168000000000023e-01  9.932078650083014e-01
1.169000000000023e-01  9.931962643404381e-01
1.170000000000023e-01  9.931846538761079e-01
1.171000000000023e-01  9.931730336156576e-01
1.172000000000023e-01  9.931614035594339e-01
1.173000000000023e-01  9.931497637077842e-01
1.174000000000023e-01  9.931381140610559e-01
1.175000000000023e-01  9.931264546195968e-01
1.176000000000023e-01  9.931147853837551e-01
1.177000000000023e-01  9.931031063538790e-01
1.178000000000024e-01  9.930914175303172e-01
1.179000000000024e-01  9.930797189134186e-01
1.180000000000024e-01  9.930680105035327e-01
1.181000000000024e-01  9.930562923010087e-01
1.182000000000024e-01  9.930445643061966e-01
1.183000000000024e-01  9.930328265194465e-01
1.184000000000024e-01  9.930210789411087e-01
1.185000000000024e-01  9.930093215715340e-01
1.186000000000024e-01  9.929975544110734e-01
1.187000000000024e-01  9.929857774600781e-01
1.188000000000024e-01  9.929739907188997e-01
1.189000000000024e-01  9.929621941878900e-01
1.190000000000024e-01  9.929503878674011e-01
1.191000000000024e-01  9.929385717577854e-01
1.192000000000024e-01  9.929267458593958e-01
1.193000000000024e-01  9.929149101725852e-01
1.194000000000024e-01  9.929030646977068e-01
1.195000000000024e-01  9.928912094351143e-01
1.196000000000024e-01  9.928793443851616e-01
1.197000000000024e-01  9.928674695482027e-01
1.198000000000024e-01  9.928555849245922e-01
1.199000000000024e-01  9.928436905146849e-01
1.200000000000024e-01  9.928317863188356e-01
1.201000000000024e-01  9.928198723373998e-01
1.202000000000024e-01  9.928079485707330e-01
1.203000000000024e-01  9.927960150191911e-01
1.204000000000024e-01  9.927840716831304e-01
1.205000000000024e-01  9.927721185629074e-01
1.206000000000024e-01  9.927601556588787e-01
1.207000000000024e-01  9.927481829714014e-01
1.208000000000024e-01  9.927362005008330e-01
1.209000000000024e-01  9.927242082475309e-01
1.210000000000024e-01  9.927122062118532e-01
1.211000000000024e-01  9.927001943941580e-01
1.212000000000024e-01  9.926881727948039e-01
1.213000000000025e-01  9.926761414141496e-01
1.214000000000025e-01  9.926641002525542e-01
1.215000000000025e-01  9.926520493103772e-01
1.216000000000025e-01  9.926399885879781e-01
1.217000000000025e-01  9.926279180857168e-01
1.218000000000025e-01  9.926158378039537e-01
1.219000000000025e-01  9.926037477430493e-01
1.220000000000025e-01  9.925916479033643e-01
1.221000000000025e-01  9.925795382852599e-01
1.222000000000025e-01  9.925674188890975e-01
1.223000000000025e-01  9.925552897152387e-01
1.224000000000025e-01  9.925431507640454e-01
1.225000000000025e-01  9.925310020358801e-01
1.226000000000025e-01  9.925188435311051e-01
1.227000000000025e-01  9.925066752500834e-01
1.228000000000025e-01  9.924944971931781e-01
1.229000000000025e-01  9.924823093607525e-01
1.230000000000025e-01  9.924701117531705e-01
1.231000000000025e-01  9.924579043707958e-01
1.232000000000025e-01  9.924456872139931e-01
1.233000000000025e-01  9.924334602831266e-01
1.234000000000025e-01  9.924212235785613e-01
1.235000000000025e-01  9.924089771006623e-01
1.236000000000025e-01  9.923967208497951e-01
1.237000000000025e-01  9.923844548263254e-01
1.238000000000025e-01  9.923721790306193e-01
1.239000000000025e-01  9.923598934630429e-01
1.240000000000025e-01  9.923475981239629e-01
1.241000000000025e-01  9.923352930137461e-01
1.242000000000025e-01  9.923229781327598e-01
1.243000000000025e-01  9.923106534813714e-01
1.244000000000025e-01  9.922983190599486e-01
1.245000000000025e-01  9.922859748688595e-01
1.246000000000025e-01  9.922736209084724e-01
1.247000000000025e-01  9.922612571791558e-01
1.248000000000026e-01  9.922488836812788e-01
1.249000000000026e-01  9.922365004152105e-01
1.250000000000026e-01  9.922241073813203e-01
1.251000000000025e-01  9.922117045799780e-01
1.252000000000025e-01  9.921992920115537e-01
1.253000000000025e-01  9.921868696764177e-01
1.254000000000025e-01  9.921744375749406e-01
1.255000000000025e-01  9.921619957074934e-01
1.256000000000025e-01  9.921495440744473e-01
1.257000000000025e-01  9.921370826761737e-01
1.258000000000025e-01  9.921246115130445e-01
1.259000000000025e-01  9.921121305854317e-01
1.260000000000024e-01  9.920996398937076e-01
1.261000000000024e-01  9.920871394382450e-01
1.262000000000024e-01  9.920746292194167e-01
1.263000000000024e-01  9.920621092375960e-01
1.264000000000024e-01  9.920495794931563e-01
1.265000000000024e-01  9.920370399864715e-01
1.266000000000024e-01  9.920244907179157e-01
1.267000000000024e-01  9.920119316878632e-01
1.268000000000024e-01  9.919993628966887e-01
1.269000000000023e-01  9.919867843447672e-01
1.270000000000023e-01  9.919741960324738e-01
1.271000000000023e-01  9.919615979601842e-01
1.272000000000023e-01  9.919489901282742e-01
1.273000000000023e-01  9.919363725371197e-01
1.274000000000023e-01  9.919237451870974e-01
1.275000000000023e-01  9.919111080785836e-01
1.276000000000023e-01  9.918984612119556e-01
1.277000000000023e-01  9.918858045875905e-01
1.278000000000023e-01  9.918731382058659e-01
1.279000000000022e-01  9.918604620671596e-01
1.280000000000022e-01  9.918477761718497e-01
1.281000000000022e-01  9.918350805203147e-01
1.282000000000022e-01  9.918223751129331e-01
1.283000000000022e-01  9.918096599500842e-01
1.284000000000022e-01  9.917969350321470e-01
1.285000000000022e-01  9.917842003595012e-01
1.286000000000022e-01  9.917714559325266e-01
1.287000000000022e-01  9.917587017516033e-01
1.288000000000021e-01  9.917459378171117e-01
1.289000000000021e-01  9.917331641294327e-01
1.290000000000021e-01  9.917203806889471e-01
1.291000000000021e-01  9.917075874960362e-01
1.292000000000021e-01  9.916947845510816e-01
1.293000000000021e-01  9.916819718544653e-01
1.294000000000021e-01  9.916691494065691e-01
1.295000000000021e-01  9.916563172077758e-01
1.296000000000021e-01  9.916434752584680e-01
1.297000000000020e-01  9.916306235590286e-01
1.298000000000020e-01  9.916177621098411e-01
1.299000000000020e-01  9.916048909112889e-01
1.300000000000020e-01  9.915920099637560e-01
1.301000000000020e-01  9.915791192676264e-01
1.302000000000020e-01  9.915662188232848e-01
1.303000000000020e-01  9.915533086311157e-01
1.304000000000020e-01  9.915403886915042e-01
1.305000000000020e-01  9.915274590048356e-01
1.306000000000019e-01  9.915145195714956e-01
1.307000000000019e-01  9.915015703918700e-01
1.308000000000019e-01  9.914886114663450e-01
1.309000000000019e-01  9.914756427953071e-01
1.310000000000019e-01  9.914626643791429e-01
1.311000000000019e-01  9.914496762182395e-01
1.312000000000019e-01  9.914366783129843e-01
1.313000000000019e-01  9.914236706637648e-01
1.314000000000019e-01  9.914106532709690e-01
1.315000000000018e-01  9.913976261349850e-01
1.316000000000018e-01  9.913845892562014e-01
1.317000000000018e-01  9.913715426350068e-01
1.318000000000018e-01  9.913584862717904e-01
1.319000000000018e-01  9.913454201669413e-01
1.320000000000018e-01  9.913323443208493e-01
1.321000000000018e-01  9.913192587339043e-01
1.322000000000018e-01  9.913061634064964e-01
1.323000000000018e-01  9.912930583390162e-01
1.324000000000017e-01  9.912799435318543e-01
1.325000000000017e-01  9.912668189854019e-01
1.326000000000017e-01  9.912536847000504e-01
1.327000000000017e-01  9.912405406761913e-01
1.328000000000017e-01  9.912273869142165e-01
1.329000000000017e-01  9.912142234145183e-01
1.330000000000017e-01  9.912010501774890e-01
1.331000000000017e-01  9.911878672035217e-01
1.332000000000017e-01  9.911746744930092e-01
1.333000000000016e-01  9.911614720463450e-01
1.334000000000016e-01  9.911482598639226e-01
1.335000000000016e-01  9.911350379461360e-01
1.336000000000016e-01  9.911218062933794e-01
1.337000000000016e-01  9.911085649060474e-01
1.338000000000016e-01  9.910953137845345e-01
1.339000000000016e-01  9.910820529292361e-01
1.340000000000016e-01  9.910687823405474e-01
1.341000000000016e-01  9.910555020188640e-01
1.342000000000015e-01  9.910422119645820e-01
1.343000000000015e-01  9.910289121780974e-01
1.344000000000015e-01  9.910156026598068e-01
1.345000000000015e-01  9.910022834101071e-01
1.346000000000015e-01  9.909889544293953e-01
1.347000000000015e-01  9.909756157180687e-01
1.348000000000015e-01  9.909622672765249e-01
1.349000000000015e-01  9.909489091051620e-01
1.350000000000015e-01  9.909355412043781e-01
1.351000000000014e-01  9.909221635745719e-01
1.352000000000014e-01  9.909087762161419e-01
1.353000000000014e-01  9.908953791294874e-01
1.354000000000014e-01  9.908819723150079e-01
1.355000000000014e-01  9.908685557731027e-01
1.356000000000014e-01  9.908551295041720e-01
1.357000000000014e-01  9.908416935086160e-01
1.358000000000014e-01  9.908282477868351e-01
1.359000000000014e-01  9.908147923392302e-01
1.360000000000013e-01  9.908013271662023e-01
1.361000000000013e-01  9.907878522681528e-01
1.362000000000013e-01  9.907743676454834e-01
1.363000000000013e-01  9.907608732985961e-01
1.364000000000013e-01  9.907473692278930e-01
1.365000000000013e-01  9.907338554337767e-01
1.366000000000013e-01  9.907203319166500e-01
1.367000000000013e-01  9.907067986769160e-01
1.368000000000013e-01  9.906932557149781e-01
1.369000000000012e-01  9.906797030312400e-01
1.370000000000012e-01  9.906661406261055e-01
1.371000000000012e-01  9.906525684999788e-01
1.372000000000012e-01  9.906389866532647e-01
1.373000000000012e-01  9.906253950863678e-01
1.374000000000012e-01  9.906117937996933e-01
1.375000000000012e-01  9.905981827936465e-01
1.376000000000012e-01  9.905845620686331e-01
1.377000000000012e-01  9.905709316250590e-01
1.378000000000011e-01  9.905572914633306e-01
1.379000000000011e-01  9.905436415838542e-01
1.380000000000011e-01  9.905299819870368e-01
1.381000000000011e-01  9.905163126732853e-01
1.382000000000011e-01  9.905026336430073e-01
1.383000000000011e-01  9.904889448966103e-01
1.384000000000011e-01  9.904752464345024e-01
1.385000000000011e-01  9.904615382570917e-01
1.386000000000011e-01  9.904478203647868e-01
1.387000000000010e-01  9.904340927579965e-01
1.388000000000010e-01  9.904203554371300e-01
1.389000000000010e-01  9.904066084025965e-01
1.390000000000010e-01  9.903928516548058e-01
1.391000000000010e-01  9.903790851941678e-01
1.392000000000010e-01  9.903653090210928e-01
1.393000000000010e-01  9.903515231359912e-01
1.394000000000010e-01  9.903377275392738e-01
1.395000000000010e-01  9.903239222313519e-01
1.396000000000010e-01  9.903101072126368e-01
1.397000000000009e-01  9.902962824835401e-01
1.398000000000009e-01  9.902824480444737e-01
1.399000000000009e-01  9.902686038958500e-01
1.400000000000009e-01  9.902547500380815e-01
1.401000000000009e-01  9.902408864715809e-01
1.402000000000009e-01  9.902270131967614e-01
1.403000000000009e-01  9.902131302140365e-01
1.404000000000009e-01  9.901992375238196e-01
1.405000000000009e-01  9.901853351265247e-01
1.406000000000008e-01  9.901714230225662e-01
1.407000000000008e-01  9.901575012123586e-01
1.408000000000008e-01  9.901435696963166e-01
1.409000000000008e-01  9.901296284748552e-01
1.410000000000008e-01  9.901156775483900e-01
1.411000000000008e-01  9.901017169173366e-01
1.412000000000008e-01  9.900877465821110e-01
1.413000000000008e-01  9.900737665431292e-01
1.414000000000008e-01  9.900597768008079e-01
1.415000000000007e-01  9.900457773555640e-01
1.416000000000007e-01  9.900317682078144e-01
1.417000000000007e-01  9.900177493579765e-01
1.418000000000007e-01  9.900037208064680e-01
1.419000000000007e-01  9.899896825537070e-01
1.420000000000007e-01  9.899756346001116e-01
1.421000000000007e-01  9.899615769461003e-01
1.422000000000007e-01  9.899475095920919e-01
1.423000000000007e-01  9.899334325385055e-01
1.424000000000006e-01  9.899193457857605e-01
1.425000000000006e-01  9.899052493342765e-01
1.426000000000006e-01  9.898911431844735e-01
1.427000000000006e-01  9.898770273367716e-01
1.428000000000006e-01  9.898629017915915e-01
1.429000000000006e-01  9.898487665493539e-01
1.430000000000006e-01  9.898346216104800e-01
1.431000000000006e-01  9.898204669753910e-01
1.432000000000006e-01  9.898063026445085e-01
1.433000000000005e-01  9.897921286182546e-01
1.434000000000005e-01  9.897779448970515e-01
1.435000000000005e-01  9.897637514813217e-01
1.436000000000005e-01  9.897495483714879e-01
1.437000000000005e-01  9.897353355679732e-01
1.438000000000005e-01  9.897211130712011e-01
1.439000000000005e-01  9.897068808815952e-01
1.440000000000005e-01  9.896926389995793e-01
1.441000000000005e-01  9.896783874255777e-01
1.442000000000004e-01  9.896641261600149e-01
1.443000000000004e-01  9.896498552033156e-01
1.444000000000004e-01  9.896355745559050e-01
1.445000000000004e-01  9.896212842182084e-01
1.446000000000004e-01  9.896069841906514e-01
1.447000000000004e-01  9.895926744736601e-01
1.448000000000004e-01  9.895783550676605e-01
1.449000000000004e-01  9.895640259730790e-01
1.450000000000004e-01  9.895496871903426e-01
1.451000000000003e-01  9.895353387198784e-01
1.452000000000003e-01  9.895209805621136e-01
1.453000000000003e-01  9.895066127174759e-01
1.454000000000003e-01  9.894922351863931e-01
1.455000000000003e-01  9.894778479692935e-01
1.456000000000003e-01  9.894634510666055e-01
1.457000000000003e-01  9.894490444787579e-01
1.458000000000003e-01  9.894346282061799e-01
1.459000000000003e-01  9.894202022493006e-01
1.460000000000002e-01  9.894057666085498e-01
1.461000000000002e-01  9.893913212843574e-01
1.462000000000002e-01  9.893768662771534e-01
1.463000000000002e-01  9.893624015873684e-01
1.464000000000002e-01  9.893479272154332e-01
1.465000000000002e-01  9.893334431617787e-01
1.466000000000002e-01  9.893189494268364e-01
1.467000000000002e-01  9.893044460110378e-01
1.468000000000002e-01  9.892899329148148e-01
1.469000000000001e-01  9.892754101385997e-01
1.470000000000001e-01  9.892608776828247e-01
1.471000000000001e-01  9.892463355479227e-01
1.472000000000001e-01  9.892317837343269e-01
1.473000000000001e-01  9.892172222424703e-01
1.474000000000001e-01  9.892026510727867e-01
1.475000000000001e-01  9.891880702257099e-01
1.476000000000001e-01  9.891734797016740e-01
1.477000000000001e-01  9.891588795011136e-01
1.478000000000000e-01  9.891442696244633e-01
1.479000000000000e-01  9.891296500721583e-01
1.480000000000000e-01  9.891150208446337e-01
1.481000000000000e-01  9.891003819423252e-01
1.482000000000000e-01  9.890857333656686e-01
1.483000000000000e-01  9.890710751151002e-01
1.484000000000000e-01  9.890564071910563e-01
1.485000000000000e-01  9.890417295939735e-01
1.486000000000000e-01  9.890270423242891e-01
1.486999999999999e-01  9.890123453824401e-01
1.487999999999999e-01  9.889976387688643e-01
1.488999999999999e-01  9.889829224839993e-01
1.489999999999999e-01  9.889681965282835e-01
1.490999999999999e-01  9.889534609021552e-01
1.491999999999999e-01  9.889387156060532e-01
1.492999999999999e-01  9.889239606404163e-01
1.493999999999999e-01  9.889091960056839e-01
1.494999999999999e-01  9.888944217022956e-01
1.495999999999998e-01  9.888796377306911e-01
1.496999999999998e-01  9.888648440913106e-01
1.497999999999998e-01  9.888500407845946e-01
1.498999999999998e-01  9.888352278109837e-01
1.499999999999998e-01  9.888204051709187e-01
1.500999999999998e-01  9.888055728648412e-01
1.501999999999998e-01  9.887907308931925e-01
1.502999999999998e-01  9.887758792564144e-01
1.503999999999998e-01  9.887610179549492e-01
1.504999999999998e-01  9.887461469892391e-01
1.505999999999997e-01  9.887312663597270e-01
1.506999999999997e-01  9.887163760668556e-01
1.507999999999997e-01  9.887014761110683e-01
1.508999999999997e-01  9.886865664928085e-01
1.509999999999997e-01  9.886716472125201e-01
1.510999999999997e-01  9.886567182706472e-01
1.511999999999997e-01  9.886417796676341e-01
1.512999999999997e-01  9.886268314039255e-01
1.513999999999997e-01  9.886118734799664e-01
1.514999999999996e-01  9.885969058962019e-01
1.515999999999996e-01  9.885819286530775e-01
1.516999999999996e-01  9.885669417510391e-01
1.517999999999996e-01  9.885519451905327e-01
1.518999999999996e-01  9.885369389720047e-01
1.519999999999996e-01  9.885219230959017e-01
1.520999999999996e-01  9.885068975626706e-01
1.521999999999996e-01  9.884918623727587e-01
1.522999999999996e-01  9.884768175266133e-01
1.523999999999995e-01  9.884617630246824e-01
1.524999999999995e-01  9.884466988674139e-01
1.525999999999995e-01  9.884316250552562e-01
1.526999999999995e-01  9.884165415886578e-01
1.527999999999995e-01  9.884014484680678e-01
1.528999999999995e-01  9.883863456939351e-01
1.529999999999995e-01  9.883712332667095e-01
1.530999999999995e-01  9.883561111868405e-01
1.531999999999995e-01  9.883409794547783e-01
1.532999999999994e-01  9.883258380709731e-01
1.533999999999994e-01  9.883106870358754e-01
1.534999999999994e-01  9.882955263499363e-01
1.535999999999994e-01  9.882803560136069e-01
1.536999999999994e-01  9.882651760273385e-01
1.537999999999994e-01  9.882499863915830e-01
1.538999999999994e-01  9.882347871067924e-01
1.539999999999994e-01  9.882195781734188e-01
1.540999999999994e-01  9.882043595919149e-01
1.541999999999993e-01  9.881891313627336e-01
1.542999999999993e-01  9.881738934863280e-01
1.543999999999993e-01  9.881586459631515e-01
1.544999999999993e-01  9.881433887936578e-01
1.545999999999993e-01  9.881281219783009e-01
1.546999999999993e-01  9.881128455175351e-01
1.547999999999993e-01  9.880975594118150e-01
1.548999999999993e-01  9.880822636615952e-01
1.549999999999993e-01  9.880669582673312e-01
1.550999999999992e-01  9.880516432294780e-01
1.551999999999992e-01  9.880363185484915e-01
1.552999999999992e-01  9.880209842248276e-01
1.553999999999992e-01  9.880056402589427e-01
1.554999999999992e-01  9.879902866512931e-01
1.555999999999992e-01  9.879749234023356e-01
1.556999999999992e-01  9.879595505125275e-01
1.557999999999992e-01  9.879441679823260e-01
1.558999999999992e-01  9.879287758121889e-01
1.559999999999991e-01  9.879133740025740e-01
1.560999999999991e-01  9.878979625539395e-01
1.561999999999991e-01  9.878825414667440e-01
1.562999999999991e-01  9.878671107414463e-01
1.563999999999991e-01  9.878516703785054e-01
1.564999999999991e-01  9.878362203783807e-01
1.565999999999991e-01  9.878207607415318e-01
1.566999999999991e-01  9.878052914684186e-01
1.567999999999991e-01  9.877898125595013e-01
1.568999999999990e-01  9.877743240152403e-01
1.569999999999990e-01  9.877588258360965e-01
1.570999999999990e-01  9.877433180225309e-01
1.571999999999990e-01  9.877278005750048e-01
1.572999999999990e-01  9.877122734939797e-01
1.573999999999990e-01  9.876967367799177e-01
1.574999999999990e-01  9.876811904332807e-01
1.575999999999990e-01  9.876656344545314e-01
1.576999999999990e-01  9.876500688441324e-01
1.577999999999989e-01  9.876344936025467e-01
1.578999999999989e-01  9.876189087302377e-01
1.579999999999989e-01  9.876033142276689e-01
1.580999999999989e-01  9.875877100953041e-01
1.581999999999989e-01  9.875720963336075e-01
1.582999999999989e-01  9.875564729430435e-01
1.583999999999989e-01  9.875408399240768e-01
1.584999999999989e-01  9.875251972771725e-01
1.585999999999989e-01  9.875095450027956e-01
1.586999999999988e-01  9.874938831014120e-01
1.587999999999988e-01  9.874782115734871e-01
1.588999999999988e-01  9.874625304194874e-01
1.589999999999988e-01  9.874468396398790e-01
1.590999999999988e-01  9.874311392351287e-01
1.591999999999988e-01  9.874154292057035e-01
1.592999999999988e-01  9.873997095520705e-01
1.593999999999988e-01  9.873839802746973e-01
1.594999999999988e-01  9.873682413740518e-01
1.595999999999987e-01  9.873524928506019e-01
1.596999999999987e-01  9.873367347048160e-01
1.597999999999987e-01  9.873209669371628e-01
1.598999999999987e-01  9.873051895481111e-01
1.599999999999987e-01  9.872894025381302e-01
1.600999999999987e-01  9.872736059076896e-01
1.601999999999987e-01  9.872577996572590e-01
1.602999999999987e-01  9.872419837873085e-01
1.603999999999987e-01  9.872261582983084e-01
1.604999999999986e-01  9.872103231907293e-01
1.605999999999986e-01  9.871944784650422e-01
1.606999999999986e-01  9.871786241217180e-01
1.607999999999986e-01  9.871627601612284e-01
1.608999999999986e-01  9.871468865840450e-01
1.609999999999986e-01  9.871310033906399e-01
1.610999999999986e-01  9.871151105814853e-01
1.611999999999986e-01  9.870992081570538e-01
1.612999999999986e-01  9.870832961178183e-01
1.613999999999985e-01  9.870673744642520e-01
1.614999999999985e-01  9.870514431968281e-01
1.615999999999985e-01  9.870355023160206e-01
1.616999999999985e-01  9.870195518223032e-01
1.617999999999985e-01  9.870035917161502e-01
1.618999999999985e-01  9.869876219980361e-01
1.619999999999985e-01  9.869716426684360e-01
1.620999999999985e-01  9.869556537278247e-01
1.621999999999985e-01  9.869396551766777e-01
1.622999999999985e-01  9.869236470154708e-01
1.623999999999984e-01  9.869076292446797e-01
1.624999999999984e-01  9.868916018647808e-01
1.625999999999984e-01  9.868755648762505e-01
1.626999999999984e-01  9.868595182795656e-01
1.627999999999984e-01  9.868434620752032e-01
1.628999999999984e-01  9.868273962636407e-01
1.629999999999984e-01  9.868113208453555e-01
1.630999999999984e-01  9.867952358208257e-01
1.631999999999984e-01  9.867791411905295e-01
1.632999999999983e-01  9.867630369549453e-01
1.633999999999983e-01  9.867469231145518e-01
1.634999999999983e-01  9.867307996698281e-01
1.635999999999983e-01  9.867146666212535e-01
1.636999999999983e-01  9.866985239693076e-01
1.637999999999983e-01  9.866823717144702e-01
1.638999999999983e-01  9.866662098572214e-01
1.639999999999983e-01  9.866500383980419e-01
1.640999999999983e-01  9.866338573374122e-01
1.641999999999982e-01  9.866176666758133e-01
1.642999999999982e-01  9.866014664137265e-01
1.643999999999982e-01  9.865852565516333e-01
1.644999999999982e-01  9.865690370900156e-01
1.645999999999982e-01  9.865528080293555e-01
1.646999999999982e-01  9.865365693701353e-01
1.647999999999982e-01  9.865203211128378e-01
1.648999999999982e-01  9.865040632579459e-01
1.649999999999982e-01  9.864877958059428e-01
1.650999999999981e-01  9.864715187573120e-01
1.651999999999981e-01  9.864552321125373e-01
1.652999999999981e-01  9.864389358721027e-01
1.653999999999981e-01  9.864226300364928e-01
1.654999999999981e-01  9.864063146061920e-01
1.655999999999981e-01  9.863899895816852e-01
1.656999999999981e-01  9.863736549634577e-01
1.657999999999981e-01  9.863573107519950e-01
1.658999999999981e-01  9.863409569477827e-01
1.659999999999980e-01  9.863245935513069e-01
1.660999999999980e-01  9.863082205630539e-01
1.661999999999980e-01  9.862918379835104e-01
1.662999999999980e-01  9.862754458131631e-01
1.663999999999980e-01  9.862590440524992e-01
1.664999999999980e-01  9.862426327020062e-01
1.665999999999980e-01  9.862262117621717e-01
1.666999999999980e-01  9.862097812334838e-01
1.667999999999980e-01  9.861933411164306e-01
1.668999999999979e-01  9.861768914115008e-01
1.669999999999979e-01  9.861604321191831e-01
1.670999999999979e-01  9.861439632399668e-01
1.671999999999979e-01  9.861274847743411e-01
1.672999999999979e-01  9.861109967227957e-01
1.673999999999979e-01  9.860944990858205e-01
1.674999999999979e-01  9.860779918639058e-01
1.675999999999979e-01  9.860614750575420e-01
1.676999999999979e-01  9.860449486672200e-01
1.677999999999978e-01  9.860284126934309e-01
1.678999999999978e-01  9.860118671366659e-01
1.679999999999978e-01  9.859953119974166e-01
1.680999999999978e-01  9.859787472761751e-01
1.681999999999978e-01  9.859621729734334e-01
1.682999999999978e-01  9.859455890896840e-01
1.683999999999978e-01  9.859289956254196e-01
1.684999999999978e-01  9.859123925811333e-01
1.685999999999978e-01  9.858957799573183e-01
1.686999999999977e-01  9.858791577544682e-01
1.687999999999977e-01  9.858625259730769e-01
1.688999999999977e-01  9.858458846136384e-01
1.689999999999977e-01  9.858292336766473e-01
1.690999999999977e-01  9.858125731625982e-01
1.691999999999977e-01  9.857959030719861e-01
1.692999999999977e-01  9.857792234053061e-01
1.693999999999977e-01  9.857625341630538e-01
1.694999999999977e-01  9.857458353457251e-01
1.695999999999976e-01  9.857291269538160e-01
1.696999999999976e-01  9.857124089878229e-01
1.697999999999976e-01  9.856956814482424e-01
1.698999999999976e-01  9.856789443355713e-01
1.699999999999976e-01  9.856621976503070e-01
1.700999999999976e-01  9.856454413929470e-01
1.701999999999976e-01  9.856286755639889e-01
1.702999999999976e-01  9.856119001639309e-01
1.703999999999976e-01  9.855951151932710e-01
1.704999999999975e-01  9.855783206525082e-01
1.705999999999975e-01  9.855615165421411e-01
1.706999999999975e-01  9.855447028626688e-01
1.707999999999975e-01  9.855278796145910e-01
1.708999999999975e-01  9.855110467984072e-01
1.709999999999975e-01  9.854942044146174e-01
1.710999999999975e-01  9.854773524637219e-01
1.711999999999975e-01  9.854604909462212e-01
1.712999999999975e-01  9.854436198626162e-01
1.713999999999974e-01  9.854267392134080e-01
1.714999999999974e-01  9.854098489990978e-01
1.715999999999974e-01  9.853929492201875e-01
1.716999999999974e-01  9.853760398771789e-01
1.717999999999974e-01  9.853591209705742e-01
1.718999999999974e-01  9.853421925008760e-01
1.719999999999974e-01  9.853252544685869e-01
1.720999999999974e-01  9.853083068742100e-01
1.721999999999974e-01  9.852913497182487e-01
1.722999999999973e-01  9.852743830012066e-01
1.723999999999973e-01  9.852574067235875e-01
1.724999999999973e-01  9.852404208858956e-01
1.725999999999973e-01  9.852234254886353e-01
1.726999999999973e-01  9.852064205323113e-01
1.727999999999973e-01  9.851894060174288e-01
1.728999999999973e-01  9.851723819444927e-01
1.729999999999973e-01  9.851553483140090e-01
1.730999999999973e-01  9.851383051264831e-01
1.731999999999973e-01  9.851212523824214e-01
1.732999999999972e-01  9.851041900823302e-01
1.733999999999972e-01  9.850871182267160e-01
1.734999999999972e-01  9.850700368160860e-01
1.735999999999972e-01  9.850529458509472e-01
1.736999999999972e-01  9.850358453318072e-01
1.737999999999972e-01  9.850187352591738e-01
1.738999999999972e-01  9.850016156335550e-01
1.739999999999972e-01  9.849844864554592e-01
1.740999999999972e-01  9.849673477253948e-01
1.741999999999971e-01  9.849501994438710e-01
1.742999999999971e-01  9.849330416113966e-01
1.743999999999971e-01  9.849158742284814e-01
1.744999999999971e-01  9.848986972956348e-01
1.745999999999971e-01  9.848815108133671e-01
1.746999999999971e-01  9.848643147821883e-01
1.747999999999971e-01  9.848471092026090e-01
1.748999999999971e-01  9.848298940751401e-01
1.749999999999971e-01  9.848126694002928e-01
1.750999999999970e-01  9.847954351785783e-01
1.751999999999970e-01  9.847781914105083e-01
1.752999999999970e-01  9.847609380965947e-01
1.753999999999970e-01  9.847436752373498e-01
1.754999999999970e-01  9.847264028332862e-01
1.755999999999970e-01  9.847091208849165e-01
1.756999999999970e-01  9.846918293927537e-01
1.757999999999970e-01  9.846745283573113e-01
1.758999999999970e-01  9.846572177791028e-01
1.759999999999969e-01  9.846398976586420e-01
1.760999999999969e-01  9.846225679964432e-01
1.761999999999969e-01  9.846052287930208e-01
1.762999999999969e-01  9.845878800488895e-01
1.763999999999969e-01  9.845705217645643e-01
1.764999999999969e-01  9.845531539405603e-01
1.765999999999969e-01  9.845357765773932e-01
1.766999999999969e-01  9.845183896755788e-01
1.767999999999969e-01  9.845009932356332e-01
1.768999999999968e-01  9.844835872580728e-01
1.769999999999968e-01  9.844661717434142e-01
1.770999999999968e-01  9.844487466921744e-01
1.771999999999968e-01  9.844313121048704e-01
1.772999999999968e-01  9.844138679820199e-01
1.773999999999968e-01  9.843964143241406e-01
1.774999999999968e-01  9.843789511317504e-01
1.775999999999968e-01  9.843614784053678e-01
1.776999999999968e-01  9.843439961455114e-01
1.777999999999967e-01  9.843265043526999e-01
1.778999999999967e-01  9.843090030274525e-01
1.779999999999967e-01  9.842914921702887e-01
1.780999999999967e-01  9.842739717817280e-01
1.781999999999967e-01  9.842564418622906e-01
1.782999999999967e-01  9.842389024124966e-01
1.783999999999967e-01  9.842213534328665e-01
1.784999999999967e-01  9.842037949239213e-01
1.785999999999967e-01  9.841862268861818e-01
1.786999999999966e-01  9.841686493201697e-01
1.787999999999966e-01  9.841510622264064e-01
1.788999999999966e-01  9.841334656054137e-01
1.789999999999966e-01  9.841158594577141e-01
1.790999999999966e-01  9.840982437838298e-01
1.791999999999966e-01  9.840806185842836e-01
1.792999999999966e-01  9.840629838595986e-01
1.793999999999966e-01  9.840453396102979e-01
1.794999999999966e-01  9.840276858369054e-01
1.795999999999965e-01  9.840100225399446e-01
1.796999999999965e-01  9.839923497199398e-01
1.797999999999965e-01  9.839746673774153e-01
1.798999999999965e-01  9.839569755128958e-01
1.799999999999965e-01  9.839392741269064e-01
1.800999999999965e-01  9.839215632199722e-01
1.801999999999965e-01  9.839038427926186e-01
1.802999999999965e-01  9.838861128453714e-01
1.803999999999965e-01  9.838683733787568e-01
1.804999999999964e-01  9.838506243933011e-01
1.805999999999964e-01  9.838328658895308e-01
1.806999999999964e-01  9.838150978679728e-01
1.807999999999964e-01  9.837973203291543e-01
1.808999999999964e-01  9.837795332736028e-01
1.809999999999964e-01  9.837617367018459e-01
1.810999999999964e-01  9.837439306144116e-01
1.811999999999964e-01  9.837261150118282e-01
1.812999999999964e-01  9.837082898946241e-01
1.813999999999963e-01  9.836904552633283e-01
1.814999999999963e-01  9.836726111184698e-01
1.815999999999963e-01  9.836547574605781e-01
1.816999999999963e-01  9.836368942901825e-01
1.817999999999963e-01  9.836190216078132e-01
1.818999999999963e-01  9.836011394140004e-01
1.819999999999963e-01  9.835832477092744e-01
1.820999999999963e-01  9.835653464941660e-01
1.821999999999963e-01  9.835474357692063e-01
1.822999999999962e-01  9.835295155349266e-01
1.823999999999962e-01  9.835115857918584e-01
1.824999999999962e-01  9.834936465405335e-01
1.825999999999962e-01  9.834756977814841e-01
1.826999999999962e-01  9.834577395152426e-01
1.827999999999962e-01  9.834397717423417e-01
1.828999999999962e-01  9.834217944633142e-01
1.829999999999962e-01  9.834038076786935e-01
1.830999999999962e-01  9.833858113890130e-01
1.831999999999961e-01  9.833678055948065e-01
1.832999999999961e-01  9.833497902966081e-01
1.833999999999961e-01  9.833317654949519e-01
1.834999999999961e-01  9.833137311903728e-01
1.835999999999961e-01  9.832956873834054e-01
1.836999999999961e-01  9.832776340745851e-01
1.837999999999961e-01  9.832595712644472e-01
1.838999999999961e-01  9.832414989535273e-01
1.839999999999961e-01  9.832234171423615e-01
1.840999999999960e-01  9.832053258314861e-01
1.841999999999960e-01  9.831872250214375e-01
1.842999999999960e-01  9.831691147127526e-01
1.843999999999960e-01  9.831509949059685e-01
1.844999999999960e-01  9.831328656016224e-01
1.845999999999960e-01  9.831147268002520e-01
1.846999999999960e-01  9.830965785023953e-01
1.847999999999960e-01  9.830784207085903e-01
1.848999999999960e-01  9.830602534193756e-01
1.849999999999960e-01  9.830420766352899e-01
1.850999999999959e-01  9.830238903568721e-01
1.851999999999959e-01  9.830056945846616e-01
1.852999999999959e-01  9.829874893191979e-01
1.853999999999959e-01  9.829692745610208e-01
1.854999999999959e-01  9.829510503106704e-01
1.855999999999959e-01  9.829328165686871e-01
1.856999999999959e-01  9.829145733356116e-01
1.857999999999959e-01  9.828963206119847e-01
1.858999999999959e-01  9.828780583983477e-01
1.859999999999958e-01  9.828597866952421e-01
1.860999999999958e-01  9.828415055032096e-01
1.861999999999958e-01  9.828232148227922e-01
1.862999999999958e-01  9.828049146545322e-01
1.863999999999958e-01  9.827866049989722e-01
1.864999999999958e-01  9.827682858566550e-01
1.865999999999958e-01  9.827499572281237e-01
1.866999999999958e-01  9.827316191139219e-01
1.867999999999958e-01  9.827132715145931e-01
1.868999999999957e-01  9.826949144306812e-01
1.869999999999957e-01  9.826765478627305e-01
1.870999999999957e-01  9.826581718112855e-01
1.871999999999957e-01  9.826397862768909e-01
1.872999999999957e-01  9.826213912600917e-01
1.873999999999957e-01  9.826029867614334e-01
1.874999999999957e-01  9.825845727814615e-01
1.875999999999957e-01  9.825661493207218e-01
1.876999999999957e-01  9.825477163797606e-01
1.877999999999956e-01  9.825292739591241e-01
1.878999999999956e-01  9.825108220593592e-01
1.879999999999956e-01  9.824923606810128e-01
1.880999999999956e-01  9.824738898246319e-01
1.881999999999956e-01  9.824554094907643e-01
1.882999999999956e-01  9.824369196799576e-01
1.883999999999956e-01  9.824184203927601e-01
1.884999999999956e-01  9.823999116297198e-01
1.885999999999956e-01  9.823813933913856e-01
1.886999999999955e-01  9.823628656783063e-01
1.887999999999955e-01  9.823443284910309e-01
1.888999999999955e-01  9.823257818301090e-01
1.889999999999955e-01  9.823072256960902e-01
1.890999999999955e-01  9.822886600895245e-01
1.891999999999955e-01  9.822700850109622e-01
1.892999999999955e-01  9.822515004609539e-01
1.893999999999955e-01  9.822329064400501e-01
1.894999999999955e-01  9.822143029488022e-01
1.895999999999954e-01  9.821956899877613e-01
1.896999999999954e-01  9.821770675574791e-01
1.897999999999954e-01  9.821584356585076e-01
1.898999999999954e-01  9.821397942913987e-01
1.899999999999954e-01  9.821211434567052e-01
1.900999999999954e-01  9.821024831549795e-01
1.901999999999954e-01  9.820838133867748e-01
1.902999999999954e-01  9.820651341526442e-01
1.903999999999954e-01  9.820464454531412e-01
1.904999999999953e-01  9.820277472888198e-01
1.905999999999953e-01  9.820090396602340e-01
1.906999999999953e-01  9.819903225679381e-01
1.907999999999953e-01  9.819715960124867e-01
1.908999999999953e-01  9.819528599944348e-01
1.909999999999953e-01  9.819341145143375e-01
1.910999999999953e-01  9.819153595727503e-01
1.911999999999953e-01  9.818965951702289e-01
1.912999999999953e-01  9.818778213073293e-01
1.913999999999952e-01  9.818590379846076e-01
1.914999999999952e-01  9.818402452026206e-01
1.915999999999952e-01  9.818214429619250e-01
1.916999999999952e-01  9.818026312630779e-01
1.917999999999952e-01  9.817838101066365e-01
1.918999999999952e-01  9.817649794931587e-01
1.919999999999952e-01  9.817461394232022e-01
1.920999999999952e-01  9.817272898973253e-01
1.921999999999952e-01  9.817084309160864e-01
1.922999999999951e-01  9.816895624800442e-01
1.923999999999951e-01  9.816706845897577e-01
1.924999999999951e-01  9.816517972457862e-01
1.925999999999951e-01  9.816329004486892e-01
1.926999999999951e-01  9.816139941990266e-01
1.927999999999951e-01  9.815950784973584e-01
1.928999999999951e-01  9.815761533442450e-01
1.929999999999951e-01  9.815572187402469e-01
1.930999999999951e-01  9.815382746859252e-01
1.931999999999950e-01  9.815193211818410e-01
1.932999999999950e-01  9.815003582285559e-01
1.933999999999950e-01  9.814813858266312e-01
1.934999999999950e-01  9.814624039766293e-01
1.935999999999950e-01  9.814434126791124e-01
1.936999999999950e-01  9.814244119346429e-01
1.937999999999950e-01  9.814054017437838e-01
1.938999999999950e-01  9.813863821070979e-01
1.939999999999950e-01  9.813673530251489e-01
1.940999999999949e-01  9.813483144985002e-01
1.941999999999949e-01  9.813292665277158e-01
1.942999999999949e-01  9.813102091133599e-01
1.943999999999949e-01  9.812911422559968e-01
1.944999999999949e-01  9.812720659561913e-01
1.945999999999949e-01  9.812529802145085e-01
1.946999999999949e-01  9.812338850315135e-01
1.947999999999949e-01  9.812147804077720e-01
1.948999999999949e-01  9.811956663438497e-01
1.949999999999948e-01  9.811765428403126e-01
1.950999999999948e-01  9.811574098977273e-01
1.951999999999948e-01  9.811382675166601e-01
1.952999999999948e-01  9.811191156976782e-01
1.953999999999948e-01  9.810999544413486e-01
1.954999999999948e-01  9.810807837482388e-01
1.955999999999948e-01  9.810616036189166e-01
1.956999999999948e-01  9.810424140539498e-01
1.957999999999948e-01  9.810232150539068e-01
1.958999999999948e-01  9.810040066193560e-01
1.959999999999947e-01  9.809847887508664e-01
1.960999999999947e-01  9.809655614490068e-01
1.961999999999947e-01  9.809463247143468e-01
1.962999999999947e-01  9.809270785474560e-01
1.963999999999947e-01  9.809078229489041e-01
1.964999999999947e-01  9.808885579192614e-01
1.965999999999947e-01  9.808692834590983e-01
1.966999999999947e-01  9.808499995689854e-01
1.967999999999947e-01  9.808307062494939e-01
1.968999999999946e-01  9.808114035011949e-01
1.969999999999946e-01  9.807920913246599e-01
1.970999999999946e-01  9.807727697204609e-01
1.971999999999946e-01  9.807534386891698e-01
1.972999999999946e-01  9.807340982313588e-01
1.973999999999946e-01  9.807147483476008e-01
1.974999999999946e-01  9.806953890384684e-01
1.975999999999946e-01  9.806760203045349e-01
1.976999999999946e-01  9.806566421463737e-01
1.977999999999945e-01  9.806372545645585e-01
1.978999999999945e-01  9.806178575596632e-01
1.979999999999945e-01  9.805984511322622e-01
1.980999999999945e-01  9.805790352829298e-01
1.981999999999945e-01  9.805596100122408e-01
1.982999999999945e-01  9.805401753207703e-01
1.983999999999945e-01  9.805207312090937e-01
1.984999999999945e-01  9.805012776777865e-01
1.985999999999945e-01  9.804818147274246e-01
1.986999999999944e-01  9.804623423585841e-01
1.987999999999944e-01  9.804428605718414e-01
1.988999999999944e-01  9.804233693677732e-01
1.989999999999944e-01  9.804038687469565e-01
1.990999999999944e-01  9.803843587099684e-01
1.991999999999944e-01  9.803648392573865e-01
1.992999999999944e-01  9.803453103897884e-01
1.993999999999944e-01  9.803257721077524e-01
1.994999999999944e-01  9.803062244118566e-01
1.995999999999943e-01  9.802866673026795e-01
1.996999999999943e-01  9.802671007808001e-01
1.997999999999943e-01  9.802475248467976e-01
1.998999999999943e-01  9.802279395012511e-01
1.999999999999943e-01  9.802083447447405e-01
2.000999999999943e-01  9.801887405778456e-01
2.001999999999943e-01  9.801691270011466e-01
2.002999999999943e-01  9.801495040152239e-01
2.003999999999943e-01  9.801298716206586e-01
2.004999999999942e-01  9.801102298180313e-01
2.005999999999942e-01  9.800905786079235e-01
2.006999999999942e-01  9.800709179909166e-01
2.007999999999942e-01  9.800512479675926e-01
2.008999999999942e-01  9.800315685385333e-01
2.009999999999942e-01  9.800118797043215e-01
2.010999999999942e-01  9.799921814655395e-01
2.011999999999942e-01  9.799724738227702e-01
2.012999999999942e-01  9.799527567765969e-01
2.013999999999941e-01  9.799330303276029e-01
2.014999999999941e-01  9.799132944763721e-01
2.015999999999941e-01  9.798935492234884e-01
2.016999999999941e-01  9.798737945695360e-01
2.017999999999941e-01  9.798540305150996e-01
2.018999999999941e-01  9.798342570607638e-01
2.019999999999941e-01  9.798144742071138e-01
2.020999999999941e-01  9.797946819547347e-01
2.021999999999941e-01  9.797748803042124e-01
2.022999999999940e-01  9.797550692561326e-01
2.023999999999940e-01  9.797352488110816e-01
2.024999999999940e-01  9.797154189696458e-01
2.025999999999940e-01  9.796955797324116e-01
2.026999999999940e-01  9.796757310999662e-01
2.027999999999940e-01  9.796558730728968e-01
2.028999999999940e-01  9.796360056517909e-01
2.029999999999940e-01  9.796161288372363e-01
2.030999999999940e-01  9.795962426298208e-01
2.031999999999939e-01  9.795763470301330e-01
2.032999999999939e-01  9.795564420387614e-01
2.033999999999939e-01  9.795365276562947e-01
2.034999999999939e-01  9.795166038833222e-01
2.035999999999939e-01  9.794966707204331e-01
2.036999999999939e-01  9.794767281682173e-01
2.037999999999939e-01  9.794567762272645e-01
2.038999999999939e-01  9.794368148981649e-01
2.039999999999939e-01  9.794168441815091e-01
2.040999999999938e-01  9.793968640778878e-01
2.041999999999938e-01  9.793768745878920e-01
2.042999999999938e-01  9.793568757121129e-01
2.043999999999938e-01  9.793368674511421e-01
2.044999999999938e-01  9.793168498055714e-01
2.045999999999938e-01  9.792968227759930e-01
2.046999999999938e-01  9.792767863629990e-01
2.047999999999938e-01  9.792567405671821e-01
2.048999999999938e-01  9.792366853891353e-01
2.049999999999937e-01  9.792166208294517e-01
2.050999999999937e-01  9.791965468887247e-01
2.051999999999937e-01  9.791764635675481e-01
2.052999999999937e-01  9.791563708665156e-01
2.053999999999937e-01  9.791362687862217e-01
2.054999999999937e-01  9.791161573272609e-01
2.055999999999937e-01  9.790960364902278e-01
2.056999999999937e-01  9.790759062757176e-01
2.057999999999937e-01  9.790557666843255e-01
2.058999999999936e-01  9.790356177166472e-01
2.059999999999936e-01  9.790154593732784e-01
2.060999999999936e-01  9.789952916548152e-01
2.061999999999936e-01  9.789751145618543e-01
2.062999999999936e-01  9.789549280949920e-01
2.063999999999936e-01  9.789347322548254e-01
2.064999999999936e-01  9.789145270419517e-01
2.065999999999936e-01  9.788943124569682e-01
2.066999999999936e-01  9.788740885004729e-01
2.067999999999935e-01  9.788538551730636e-01
2.068999999999935e-01  9.788336124753386e-01
2.069999999999935e-01  9.788133604078965e-01
2.070999999999935e-01  9.787930989713360e-01
2.071999999999935e-01  9.787728281662563e-01
2.072999999999935e-01  9.787525479932567e-01
2.073999999999935e-01  9.787322584529369e-01
2.074999999999935e-01  9.787119595458965e-01
2.075999999999935e-01  9.786916512727359e-01
2.076999999999935e-01  9.786713336340556e-01
2.077999999999934e-01  9.786510066304560e-01
2.078999999999934e-01  9.786306702625382e-01
2.079999999999934e-01  9.786103245309035e-01
2.080999999999934e-01  9.785899694361532e-01
2.081999999999934e-01  9.785696049788892e-01
2.082999999999934e-01  9.785492311597136e-01
2.083999999999934e-01  9.785288479792286e-01
2.084999999999934e-01  9.785084554380367e-01
2.085999999999934e-01  9.784880535367407e-01
2.086999999999933e-01  9.784676422759440e-01
2.087999999999933e-01  9.784472216562496e-01
2.088999999999933e-01  9.784267916782614e-01
2.089999999999933e-01  9.784063523425832e-01
2.090999999999933e-01  9.783859036498193e-01
2.091999999999933e-01  9.783654456005739e-01
2.092999999999933e-01  9.783449781954520e-01
2.093999999999933e-01  9.783245014350583e-01
2.094999999999933e-01  9.783040153199983e-01
2.095999999999932e-01  9.782835198508774e-01
2.096999999999932e-01  9.782630150283013e-01
2.097999999999932e-01  9.782425008528761e-01
2.098999999999932e-01  9.782219773252082e-01
2.099999999999932e-01  9.782014444459042e-01
2.100999999999932e-01  9.781809022155709e-01
2.101999999999932e-01  9.781603506348153e-01
2.102999999999932e-01  9.781397897042450e-01
2.103999999999932e-01  9.781192194244674e-01
2.104999999999931e-01  9.780986397960908e-01
2.105999999999931e-01  9.780780508197231e-01
2.106999999999931e-01  9.780574524959729e-01
2.107999999999931e-01  9.780368448254487e-01
2.108999999999931e-01  9.780162278087599e-01
2.109999999999931e-01  9.779956014465153e-01
2.110999999999931e-01  9.779749657393247e-01
2.111999999999931e-01  9.779543206877980e-01
2.112999999999931e-01  9.779336662925451e-01
2.113999999999930e-01  9.779130025541763e-01
2.114999999999930e-01  9.778923294733024e-01
2.115999999999930e-01  9.778716470505341e-01
2.116999999999930e-01  9.778509552864825e-01
2.117999999999930e-01  9.778302541817591e-01
2.118999999999930e-01  9.778095437369755e-01
2.119999999999930e-01  9.777888239527437e-01
2.120999999999930e-01  9.777680948296759e-01
2.121999999999930e-01  9.777473563683845e-01
2.122999999999929e-01  9.777266085694823e-01
2.123999999999929e-01  9.777058514335825e-01
2.124999999999929e-01  9.776850849612980e-01
2.125999999999929e-01  9.776643091532426e-01
2.126999999999929e-01  9.776435240100301e-01
2.127999999999929e-01  9.776227295322744e-01
2.128999999999929e-01  9.776019257205899e-01
2.129999999999929e-01  9.775811125755913e-01
2.130999999999929e-01  9.775602900978935e-01
2.131999999999928e-01  9.775394582881115e-01
2.132999999999928e-01  9.775186171468608e-01
2.133999999999928e-01  9.774977666747571e-01
2.134999999999928e-01  9.774769068724163e-01
2.135999999999928e-01  9.774560377404545e-01
2.136999999999928e-01  9.774351592794884e-01
2.137999999999928e-01  9.774142714901346e-01
2.138999999999928e-01  9.773933743730101e-01
2.139999999999928e-01  9.773724679287322e-01
2.140999999999927e-01  9.773515521579186e-01
2.141999999999927e-01  9.773306270611869e-01
2.142999999999927e-01  9.773096926391552e-01
2.143999999999927e-01  9.772887488924420e-01
2.144999999999927e-01  9.772677958216658e-01
2.145999999999927e-01  9.772468334274454e-01
2.146999999999927e-01  9.772258617104000e-01
2.147999999999927e-01  9.772048806711491e-01
2.148999999999927e-01  9.771838903103123e-01
2.149999999999926e-01  9.771628906285095e-01
2.150999999999926e-01  9.771418816263610e-01
2.151999999999926e-01  9.771208633044872e-01
2.152999999999926e-01  9.770998356635089e-01
2.153999999999926e-01  9.770787987040470e-01
2.154999999999926e-01  9.770577524267229e-01
2.155999999999926e-01  9.770366968321581e-01
2.156999999999926e-01  9.770156319209744e-01
2.157999999999926e-01  9.769945576937938e-01
2.158999999999925e-01  9.769734741512388e-01
2.159999999999925e-01  9.769523812939319e-01
2.160999999999925e-01  9.769312791224960e-01
2.161999999999925e-01  9.769101676375541e-01
2.162999999999925e-01  9.768890468397298e-01
2.163999999999925e-01  9.768679167296467e-01
2.164999999999925e-01  9.768467773079287e-01
2.165999999999925e-01  9.768256285752000e-01
2.166999999999925e-01  9.768044705320850e-01
2.167999999999924e-01  9.767833031792086e-01
2.168999999999924e-01  9.767621265171956e-01
2.169999999999924e-01  9.767409405466715e-01
2.170999999999924e-01  9.767197452682617e-01
2.171999999999924e-01  9.766985406825919e-01
2.172999999999924e-01  9.766773267902883e-01
2.173999999999924e-01  9.766561035919772e-01
2.174999999999924e-01  9.766348710882851e-01
2.175999999999924e-01  9.766136292798389e-01
2.176999999999923e-01  9.765923781672657e-01
2.177999999999923e-01  9.765711177511930e-01
2.178999999999923e-01  9.765498480322483e-01
2.179999999999923e-01  9.765285690110597e-01
2.180999999999923e-01  9.765072806882552e-01
2.181999999999923e-01  9.764859830644634e-01
2.182999999999923e-01  9.764646761403130e-01
2.183999999999923e-01  9.764433599164328e-01
2.184999999999923e-01  9.764220343934522e-01
2.185999999999922e-01  9.764006995720007e-01
2.186999999999922e-01  9.763793554527080e-01
2.187999999999922e-01  9.763580020362043e-01
2.188999999999922e-01  9.763366393231198e-01
2.189999999999922e-01  9.763152673140850e-01
2.190999999999922e-01  9.762938860097309e-01
2.191999999999922e-01  9.762724954106884e-01
2.192999999999922e-01  9.762510955175890e-01
2.193999999999922e-01  9.762296863310643e-01
2.194999999999922e-01  9.762082678517462e-01
2.195999999999921e-01  9.761868400802668e-01
2.196999999999921e-01  9.761654030172586e-01
2.197999999999921e-01  9.761439566633543e-01
2.198999999999921e-01  9.761225010191869e-01
2.199999999999921e-01  9.761010360853895e-01
2.200999999999921e-01  9.760795618625956e-01
2.201999999999921e-01  9.760580783514390e-01
2.202999999999921e-01  9.760365855525537e-01
2.203999999999921e-01  9.760150834665740e-01
2.204999999999920e-01  9.759935720941344e-01
2.205999999999920e-01  9.759720514358697e-01
2.206999999999920e-01  9.759505214924150e-01
2.207999999999920e-01  9.759289822644057e-01
2.208999999999920e-01  9.759074337524773e-01
2.209999999999920e-01  9.758858759572657e-01
2.210999999999920e-01  9.758643088794071e-01
2.211999999999920e-01  9.758427325195378e-01
2.212999999999920e-01  9.758211468782945e-01
2.213999999999919e-01  9.757995519563141e-01
2.214999999999919e-01  9.757779477542338e-01
2.215999999999919e-01  9.757563342726910e-01
2.216999999999919e-01  9.757347115123236e-01
2.217999999999919e-01  9.757130794737694e-01
2.218999999999919e-01  9.756914381576667e-01
2.219999999999919e-01  9.756697875646540e-01
2.220999999999919e-01  9.756481276953700e-01
2.221999999999919e-01  9.756264585504539e-01
2.222999999999918e-01  9.756047801305450e-01
2.223999999999918e-01  9.755830924362827e-01
2.224999999999918e-01  9.755613954683069e-01
2.225999999999918e-01  9.755396892272578e-01
2.226999999999918e-01  9.755179737137756e-01
2.227999999999918e-01  9.754962489285010e-01
2.228999999999918e-01  9.754745148720748e-01
2.229999999999918e-01  9.754527715451383e-01
2.230999999999918e-01  9.754310189483328e-01
2.231999999999917e-01  9.754092570823001e-01
2.232999999999917e-01  9.753874859476820e-01
2.233999999999917e-01  9.753657055451208e-01
2.234999999999917e-01  9.753439158752589e-01
2.235999999999917e-01  9.753221169387392e-01
2.236999999999917e-01  9.753003087362044e-01
2.237999999999917e-01  9.752784912682980e-01
2.238999999999917e-01  9.752566645356634e-01
2.239999999999917e-01  9.752348285389445e-01
2.240999999999916e-01  9.752129832787853e-01
2.241999999999916e-01  9.751911287558300e-01
2.242999999999916e-01  9.751692649707233e-01
2.243999999999916e-01  9.751473919241100e-01
2.244999999999916e-01  9.751255096166352e-01
2.245999999999916e-01  9.751036180489443e-01
2.246999999999916e-01  9.750817172216829e-01
2.247999999999916e-01  9.750598071354969e-01
2.248999999999916e-01  9.750378877910325e-01
2.249999999999915e-01  9.750159591889361e-01
2.250999999999915e-01  9.749940213298544e-01
2.251999999999915e-01  9.749720742144342e-01
2.252999999999915e-01  9.749501178433229e-01
2.253999999999915e-01  9.749281522171679e-01
2.254999999999915e-01  9.749061773366169e-01
2.255999999999915e-01  9.748841932023179e-01
2.256999999999915e-01  9.748621998149193e-01
2.257999999999915e-01  9.748401971750694e-01
2.258999999999914e-01  9.748181852834172e-01
2.259999999999914e-01  9.747961641406117e-01
2.260999999999914e-01  9.747741337473020e-01
2.261999999999914e-01  9.747520941041380e-01
2.262999999999914e-01  9.747300452117693e-01
2.263999999999914e-01  9.747079870708462e-01
2.264999999999914e-01  9.746859196820189e-01
2.265999999999914e-01  9.746638430459381e-01
2.266999999999914e-01  9.746417571632547e-01
2.267999999999913e-01  9.746196620346198e-01
2.268999999999913e-01  9.745975576606849e-01
2.269999999999913e-01  9.745754440421016e-01
2.270999999999913e-01  9.745533211795219e-01
2.271999999999913e-01  9.745311890735979e-01
2.272999999999913e-01  9.745090477249821e-01
2.273999999999913e-01  9.744868971343273e-01
2.274999999999913e-01  9.744647373022866e-01
2.275999999999913e-01  9.744425682295129e-01
2.276999999999912e-01  9.744203899166600e-01
2.277999999999912e-01  9.743982023643816e-01
2.278999999999912e-01  9.743760055733317e-01
2.279999999999912e-01  9.743537995441647e-01
2.280999999999912e-01  9.743315842775351e-01
2.281999999999912e-01  9.743093597740977e-01
2.282999999999912e-01  9.742871260345076e-01
2.283999999999912e-01  9.742648830594203e-01
2.284999999999912e-01  9.742426308494911e-01
2.285999999999911e-01  9.742203694053763e-01
2.286999999999911e-01  9.741980987277317e-01
2.287999999999911e-01  9.741758188172137e-01
2.288999999999911e-01  9.741535296744792e-01
2.289999999999911e-01  9.741312313001850e-01
2.290999999999911e-01  9.741089236949882e-01
2.291999999999911e-01  9.740866068595464e-01
2.292999999999911e-01  9.740642807945172e-01
2.293999999999911e-01  9.740419455005587e-01
2.294999999999910e-01  9.740196009783288e-01
2.295999999999910e-01  9.739972472284864e-01
2.296999999999910e-01  9.739748842516900e-01
2.297999999999910e-01  9.739525120485987e-01
2.298999999999910e-01  9.739301306198718e-01
2.299999999999910e-01  9.739077399661689e-01
2.300999999999910e-01  9.738853400881496e-01
2.301999999999910e-01  9.738629309864743e-01
2.302999999999910e-01  9.738405126618029e-01
2.303999999999910e-01  9.738180851147963e-01
2.304999999999909e-01  9.737956483461152e-01
2.305999999999909e-01  9.737732023564208e-01
2.306999999999909e-01  9.737507471463746e-01
2.307999999999909e-01  9.737282827166379e-01
2.308999999999909e-01  9.737058090678729e-01
2.309999999999909e-01  9.736833262007415e-01
2.310999999999909e-01  9.736608341159062e-01
2.311999999999909e-01  9.736383328140298e-01
2.312999999999909e-01  9.736158222957751e-01
2.313999999999908e-01  9.735933025618054e-01
2.314999999999908e-01  9.735707736127841e-01
2.315999999999908e-01  9.735482354493750e-01
2.316999999999908e-01  9.735256880722419e-01
2.317999999999908e-01  9.735031314820493e-01
2.318999999999908e-01  9.734805656794615e-01
2.319999999999908e-01  9.734579906651434e-01
2.320999999999908e-01  9.734354064397599e-01
2.321999999999908e-01  9.734128130039764e-01
2.322999999999907e-01  9.733902103584585e-01
2.323999999999907e-01  9.733675985038719e-01
2.324999999999907e-01  9.733449774408827e-01
2.325999999999907e-01  9.733223471701572e-01
2.326999999999907e-01  9.732997076923621e-01
2.327999999999907e-01  9.732770590081641e-01
2.328999999999907e-01  9.732544011182304e-01
2.329999999999907e-01  9.732317340232283e-01
2.330999999999907e-01  9.732090577238255e-01
2.331999999999906e-01  9.731863722206899e-01
2.332999999999906e-01  9.731636775144897e-01
2.333999999999906e-01  9.731409736058934e-01
2.334999999999906e-01  9.731182604955694e-01
2.335999999999906e-01  9.730955381841868e-01
2.336999999999906e-01  9.730728066724148e-01
2.337999999999906e-01  9.730500659609229e-01
2.338999999999906e-01  9.730273160503807e-01
2.339999999999906e-01  9.730045569414583e-01
2.340999999999905e-01  9.729817886348259e-01
2.341999999999905e-01  9.729590111311539e-01
2.342999999999905e-01  9.729362244311132e-01
2.343999999999905e-01  9.729134285353748e-01
2.344999999999905e-01  9.728906234446099e-01
2.345999999999905e-01  9.728678091594901e-01
2.346999999999905e-01  9.728449856806872e-01
2.347999999999905e-01  9.728221530088733e-01
2.348999999999905e-01  9.727993111447206e-01
2.349999999999904e-01  9.727764600889018e-01
2.350999999999904e-01  9.727535998420898e-01
2.351999999999904e-01  9.727307304049575e-01
2.352999999999904e-01  9.727078517781784e-01
2.353999999999904e-01  9.726849639624261e-01
2.354999999999904e-01  9.726620669583744e-01
2.355999999999904e-01  9.726391607666975e-01
2.356999999999904e-01  9.726162453880699e-01
2.357999999999904e-01  9.725933208231661e-01
2.358999999999903e-01  9.725703870726611e-01
2.359999999999903e-01  9.725474441372300e-01
2.360999999999903e-01  9.725244920175484e-01
2.361999999999903e-01  9.725015307142919e-01
2.362999999999903e-01  9.724785602281364e-01
2.363999999999903e-01  9.724555805597582e-01
2.364999999999903e-01  9.724325917098338e-01
2.365999999999903e-01  9.724095936790398e-01
2.366999999999903e-01  9.723865864680533e-01
2.367999999999902e-01  9.723635700775516e-01
2.368999999999902e-01  9.723405445082122e-01
2.369999999999902e-01  9.723175097607127e-01
2.370999999999902e-01  9.722944658357314e-01
2.371999999999902e-01  9.722714127339465e-01
2.372999999999902e-01  9.722483504560364e-01
2.373999999999902e-01  9.722252790026801e-01
2.374999999999902e-01  9.722021983745566e-01
2.375999999999902e-01  9.721791085723451e-01
2.376999999999901e-01  9.721560095967254e-01
2.377999999999901e-01  9.721329014483773e-01
2.378999999999901e-01  9.721097841279809e-01
2.379999999999901e-01  9.720866576362165e-01
2.380999999999901e-01  9.720635219737648e-01
2.381999999999901e-01  9.720403771413065e-01
2.382999999999901e-01  9.720172231395230e-01
2.383999999999901e-01  9.719940599690956e-01
2.384999999999901e-01  9.719708876307059e-01
2.385999999999900e-01  9.719477061250359e-01
2.386999999999900e-01  9.719245154527677e-01
2.387999999999900e-01  9.719013156145838e-01
2.388999999999900e-01  9.718781066111669e-01
2.389999999999900e-01  9.718548884432000e-01
2.390999999999900e-01  9.718316611113662e-01
2.391999999999900e-01  9.718084246163491e-01
2.392999999999900e-01  9.717851789588323e-01
2.393999999999900e-01  9.717619241394998e-01
2.394999999999899e-01  9.717386601590359e-01
2.395999999999899e-01  9.717153870181251e-01
2.396999999999899e-01  9.716921047174522e-01
2.397999999999899e-01  9.716688132577020e-01
2.398999999999899e-01  9.716455126395601e-01
2.399999999999899e-01  9.716222028637119e-01
2.400999999999899e-01  9.715988839308431e-01
2.401999999999899e-01  9.715755558416400e-01
2.402999999999899e-01  9.715522185967888e-01
2.403999999999898e-01  9.715288721969759e-01
2.404999999999898e-01  9.715055166428883e-01
2.405999999999898e-01  9.714821519352130e-01
2.406999999999898e-01  9.714587780746374e-01
2.407999999999898e-01  9.714353950618492e-01
2.408999999999898e-01  9.714120028975360e-01
2.409999999999898e-01  9.713886015823863e-01
2.410999999999898e-01  9.713651911170881e-01
2.411999999999898e-01  9.713417715023303e-01
2.412999999999897e-01  9.713183427388016e-01
2.413999999999897e-01  9.712949048271913e-01
2.414999999999897e-01  9.712714577681888e-01
2.415999999999897e-01  9.712480015624837e-01
2.416999999999897e-01  9.712245362107660e-01
2.417999999999897e-01  9.712010617137258e-01
2.418999999999897e-01  9.711775780720535e-01
2.419999999999897e-01  9.711540852864400e-01
2.420999999999897e-01  9.711305833575761e-01
2.421999999999897e-01  9.711070722861530e-01
2.422999999999896e-01  9.710835520728622e-01
2.423999999999896e-01  9.710600227183955e-01
2.424999999999896e-01  9.710364842234448e-01
2.425999999999896e-01  9.710129365887024e-01
2.426999999999896e-01  9.709893798148607e-01
2.427999999999896e-01  9.709658139026126e-01
2.428999999999896e-01  9.709422388526511e-01
2.429999999999896e-01  9.709186546656693e-01
2.430999999999896e-01  9.708950613423609e-01
2.431999999999895e-01  9.708714588834196e-01
2.432999999999895e-01  9.708478472895395e-01
2.433999999999895e-01  9.708242265614150e-01
2.434999999999895e-01  9.708005966997405e-01
2.435999999999895e-01  9.707769577052109e-01
2.436999999999895e-01  9.707533095785212e-01
2.437999999999895e-01  9.707296523203668e-01
2.438999999999895e-01  9.707059859314432e-01
2.439999999999895e-01  9.706823104124463e-01
2.440999999999894e-01  9.706586257640722e-01
2.441999999999894e-01  9.706349319870173e-01
2.442999999999894e-01  9.706112290819782e-01
2.443999999999894e-01  9.705875170496517e-01
2.444999999999894e-01  9.705637958907350e-01
2.445999999999894e-01  9.705400656059255e-01
2.446999999999894e-01  9.705163261959208e-01
2.447999999999894e-01  9.704925776614187e-01
2.448999999999894e-01  9.704688200031175e-01
2.449999999999893e-01  9.704450532217156e-01
2.450999999999893e-01  9.704212773179116e-01
2.451999999999893e-01  9.703974922924046e-01
2.452999999999893e-01  9.703736981458936e-01
2.453999999999893e-01  9.703498948790781e-01
2.454999999999893e-01  9.703260824926577e-01
2.455999999999893e-01  9.703022609873325e-01
2.456999999999893e-01  9.702784303638027e-01
2.457999999999893e-01  9.702545906227686e-01
2.458999999999892e-01  9.702307417649312e-01
2.459999999999892e-01  9.702068837909912e-01
2.460999999999892e-01  9.701830167016500e-01
2.461999999999892e-01  9.701591404976090e-01
2.462999999999892e-01  9.701352551795699e-01
2.463999999999892e-01  9.701113607482348e-01
2.464999999999892e-01  9.700874572043060e-01
2.465999999999892e-01  9.700635445484859e-01
2.466999999999892e-01  9.700396227814773e-01
2.467999999999891e-01  9.700156919039833e-01
2.468999999999891e-01  9.699917519167071e-01
2.469999999999891e-01  9.699678028203522e-01
2.470999999999891e-01  9.699438446156226e-01
2.471999999999891e-01  9.699198773032222e-01
2.472999999999891e-01  9.698959008838552e-01
2.473999999999891e-01  9.698719153582264e-01
2.474999999999891e-01  9.698479207270404e-01
2.475999999999891e-01  9.698239169910025e-01
2.476999999999890e-01  9.697999041508177e-01
2.477999999999890e-01  9.697758822071919e-01
2.478999999999890e-01  9.697518511608308e-01
2.479999999999890e-01  9.697278110124405e-01
2.480999999999890e-01  9.697037617627274e-01
2.481999999999890e-01  9.696797034123981e-01
2.482999999999890e-01  9.696556359621594e-01
2.483999999999890e-01  9.696315594127185e-01
2.484999999999890e-01  9.696074737647827e-01
2.485999999999889e-01  9.695833790190597e-01
2.486999999999889e-01  9.695592751762573e-01
2.487999999999889e-01  9.695351622370837e-01
2.488999999999889e-01  9.695110402022472e-01
2.489999999999889e-01  9.694869090724566e-01
2.490999999999889e-01  9.694627688484208e-01
2.491999999999889e-01  9.694386195308488e-01
2.492999999999889e-01  9.694144611204500e-01
2.493999999999889e-01  9.693902936179343e-01
2.494999999999888e-01  9.693661170240114e-01
2.495999999999888e-01  9.693419313393917e-01
2.496999999999888e-01  9.693177365647855e-01
2.497999999999888e-01  9.692935327009035e-01
2.498999999999888e-01  9.692693197484565e-01
2.499999999999888e-01  9.692450977081560e-01
2.500999999999888e-01  9.692208665807134e-01
2.501999999999888e-01  9.691966263668402e-01
2.502999999999888e-01  9.691723770672486e-01
2.503999999999887e-01  9.691481186826506e-01
2.504999999999887e-01  9.691238512137588e-01
2.505999999999887e-01  9.690995746612858e-01
2.506999999999887e-01  9.690752890259449e-01
2.507999999999887e-01  9.690509943084490e-01
2.508999999999887e-01  9.690266905095117e-01
2.509999999999887e-01  9.690023776298469e-01
2.510999999999887e-01  9.689780556701684e-01
2.511999999999887e-01  9.689537246311904e-01
2.512999999999886e-01  9.689293845136278e-01
2.513999999999886e-01  9.689050353181949e-01
2.514999999999886e-01  9.688806770456070e-01
2.515999999999886e-01  9.688563096965793e-01
2.516999999999886e-01  9.688319332718274e-01
2.517999999999886e-01  9.688075477720669e-01
2.518999999999886e-01  9.687831531980140e-01
2.519999999999886e-01  9.687587495503850e-01
2.520999999999886e-01  9.687343368298963e-01
2.521999999999885e-01  9.687099150372648e-01
2.522999999999885e-01  9.686854841732075e-01
2.523999999999885e-01  9.686610442384419e-01
2.524999999999885e-01  9.686365952336853e-01
2.525999999999885e-01  9.686121371596557e-01
2.526999999999885e-01  9.685876700170710e-01
2.527999999999885e-01  9.685631938066497e-01
2.528999999999885e-01  9.685387085291103e-01
2.529999999999885e-01  9.685142141851716e-01
2.530999999999885e-01  9.684897107755527e-01
2.531999999999884e-01  9.684651983009730e-01
2.532999999999884e-01  9.684406767621521e-01
2.533999999999884e-01  9.684161461598096e-01
2.534999999999884e-01  9.683916064946659e-01
2.535999999999884e-01  9.683670577674413e-01
2.536999999999884e-01  9.683424999788562e-01
2.537999999999884e-01  9.683179331296318e-01
2.538999999999884e-01  9.682933572204889e-01
2.539999999999884e-01  9.682687722521491e-01
2.540999999999883e-01  9.682441782253339e-01
2.541999999999883e-01  9.682195751407652e-01
2.542999999999883e-01  9.681949629991651e-01
2.543999999999883e-01  9.681703418012560e-01
2.544999999999883e-01  9.681457115477606e-01
2.545999999999883e-01  9.681210722394017e-01
2.546999999999883e-01  9.680964238769024e-01
2.547999999999883e-01  9.680717664609862e-01
2.548999999999883e-01  9.680470999923768e-01
2.549999999999882e-01  9.680224244717980e-01
2.550999999999882e-01  9.679977398999740e-01
2.551999999999882e-01  9.679730462776291e-01
2.552999999999882e-01  9.679483436054881e-01
2.553999999999882e-01  9.679236318842759e-01
2.554999999999882e-01  9.678989111147176e-01
2.555999999999882e-01  9.678741812975387e-01
2.556999999999882e-01  9.678494424334647e-01
2.557999999999882e-01  9.678246945232217e-01
2.558999999999881e-01  9.677999375675358e-01
2.559999999999881e-01  9.677751715671334e-01
2.560999999999881e-01  9.677503965227413e-01
2.561999999999881e-01  9.677256124350864e-01
2.562999999999881e-01  9.677008193048958e-01
2.563999999999881e-01  9.676760171328971e-01
2.564999999999881e-01  9.676512059198178e-01
2.565999999999881e-01  9.676263856663859e-01
2.566999999999881e-01  9.676015563733297e-01
2.567999999999880e-01  9.675767180413776e-01
2.568999999999880e-01  9.675518706712583e-01
2.569999999999880e-01  9.675270142637007e-01
2.570999999999880e-01  9.675021488194341e-01
2.571999999999880e-01  9.674772743391880e-01
2.572999999999880e-01  9.674523908236919e-01
2.573999999999880e-01  9.674274982736760e-01
2.574999999999880e-01  9.674025966898705e-01
2.575999999999880e-01  9.673776860730058e-01
2.576999999999879e-01  9.673527664238125e-01
2.577999999999879e-01  9.673278377430218e-01
2.578999999999879e-01  9.673029000313648e-01
2.579999999999879e-01  9.672779532895730e-01
2.580999999999879e-01  9.672529975183781e-01
2.581999999999879e-01  9.672280327185122e-01
2.582999999999879e-01  9.672030588907075e-01
2.583999999999879e-01  9.671780760356963e-01
2.584999999999879e-01  9.671530841542115e-01
2.585999999999878e-01  9.671280832469862e-01
2.586999999999878e-01  9.671030733147534e-01
2.587999999999878e-01  9.670780543582468e-01
2.588999999999878e-01  9.670530263782000e-01
2.589999999999878e-01  9.670279893753471e-01
2.590999999999878e-01  9.670029433504223e-01
2.591999999999878e-01  9.669778883041601e-01
2.592999999999878e-01  9.669528242372952e-01
2.593999999999878e-01  9.669277511505627e-01
2.594999999999877e-01  9.669026690446979e-01
2.595999999999877e-01  9.668775779204362e-01
2.596999999999877e-01  9.668524777785134e-01
2.597999999999877e-01  9.668273686196655e-01
2.598999999999877e-01  9.668022504446288e-01
2.599999999999877e-01  9.667771232541397e-01
2.600999999999877e-01  9.667519870489351e-01
2.601999999999877e-01  9.667268418297519e-01
2.602999999999877e-01  9.667016875973274e-01
2.603999999999876e-01  9.666765243523993e-01
2.604999999999876e-01  9.666513520957051e-01
2.605999999999876e-01  9.666261708279830e-01
2.606999999999876e-01  9.666009805499712e-01
2.607999999999876e-01  9.665757812624083e-01
2.608999999999876e-01  9.665505729660330e-01
2.609999999999876e-01  9.665253556615843e-01
2.610999999999876e-01  9.665001293498015e-01
2.611999999999876e-01  9.664748940314242e-01
2.612999999999875e-01  9.664496497071920e-01
2.613999999999875e-01  9.664243963778452e-01
2.614999999999875e-01  9.663991340441238e-01
2.615999999999875e-01  9.663738627067685e-01
2.616999999999875e-01  9.663485823665201e-01
2.617999999999875e-01  9.663232930241196e-01
2.618999999999875e-01  9.662979946803082e-01
2.619999999999875e-01  9.662726873358275e-01
2.620999999999875e-01  9.662473709914193e-01
2.621999999999874e-01  9.662220456478257e-01
2.622999999999874e-01  9.661967113057888e-01
2.623999999999874e-01  9.661713679660512e-01
2.624999999999874e-01  9.661460156293558e-01
2.625999999999874e-01  9.661206542964454e-01
2.626999999999874e-01  9.660952839680637e-01
2.627999999999874e-01  9.660699046449538e-01
2.628999999999874e-01  9.660445163278597e-01
2.629999999999874e-01  9.660191190175255e-01
2.630999999999873e-01  9.659937127146953e-01
2.631999999999873e-01  9.659682974201137e-01
2.632999999999873e-01  9.659428731345256e-01
2.633999999999873e-01  9.659174398586761e-01
2.634999999999873e-01  9.658919975933102e-01
2.635999999999873e-01  9.658665463391737e-01
2.636999999999873e-01  9.658410860970121e-01
2.637999999999873e-01  9.658156168675718e-01
2.638999999999873e-01  9.657901386515988e-01
2.639999999999872e-01  9.657646514498398e-01
2.640999999999872e-01  9.657391552630415e-01
2.641999999999872e-01  9.657136500919511e-01
2.642999999999872e-01  9.656881359373156e-01
2.643999999999872e-01  9.656626127998827e-01
2.644999999999872e-01  9.656370806804003e-01
2.645999999999872e-01  9.656115395796163e-01
2.646999999999872e-01  9.655859894982790e-01
2.647999999999872e-01  9.655604304371370e-01
2.648999999999872e-01  9.655348623969391e-01
2.649999999999871e-01  9.655092853784342e-01
2.650999999999871e-01  9.654836993823717e-01
2.651999999999871e-01  9.654581044095011e-01
2.652999999999871e-01  9.654325004605722e-01
2.653999999999871e-01  9.654068875363350e-01
2.654999999999871e-01  9.653812656375398e-01
2.655999999999871e-01  9.653556347649371e-01
2.656999999999871e-01  9.653299949192777e-01
2.657999999999871e-01  9.653043461013128e-01
2.658999999999870e-01  9.652786883117934e-01
2.659999999999870e-01  9.652530215514712e-01
2.660999999999870e-01  9.652273458210979e-01
2.661999999999870e-01  9.652016611214256e-01
2.662999999999870e-01  9.651759674532066e-01
2.663999999999870e-01  9.651502648171932e-01
2.664999999999870e-01  9.651245532141385e-01
2.665999999999870e-01  9.650988326447953e-01
2.666999999999870e-01  9.650731031099170e-01
2.667999999999869e-01  9.650473646102571e-01
2.668999999999869e-01  9.650216171465693e-01
2.669999999999869e-01  9.649958607196076e-01
2.670999999999869e-01  9.649700953301265e-01
2.671999999999869e-01  9.649443209788802e-01
2.672999999999869e-01  9.649185376666236e-01
2.673999999999869e-01  9.648927453941117e-01
2.674999999999869e-01  9.648669441621000e-01
2.675999999999869e-01  9.648411339713436e-01
2.676999999999868e-01  9.648153148225985e-01
2.677999999999868e-01  9.647894867166207e-01
2.678999999999868e-01  9.647636496541664e-01
2.679999999999868e-01  9.647378036359922e-01
2.680999999999868e-01  9.647119486628547e-01
2.681999999999868e-01  9.646860847355111e-01
2.682999999999868e-01  9.646602118547185e-01
2.683999999999868e-01  9.646343300212344e-01
2.684999999999868e-01  9.646084392358166e-01
2.685999999999867e-01  9.645825394992231e-01
2.686999999999867e-01  9.645566308122122e-01
2.687999999999867e-01  9.645307131755423e-01
2.688999999999867e-01  9.645047865899721e-01
2.689999999999867e-01  9.644788510562606e-01
2.690999999999867e-01  9.644529065751672e-01
2.691999999999867e-01  9.644269531474513e-01
2.692999999999867e-01  9.644009907738725e-01
2.693999999999867e-01  9.643750194551910e-01
2.694999999999866e-01  9.643490391921669e-01
2.695999999999866e-01  9.643230499855606e-01
2.696999999999866e-01  9.642970518361330e-01
2.697999999999866e-01  9.642710447446450e-01
2.698999999999866e-01  9.642450287118578e-01
2.699999999999866e-01  9.642190037385329e-01
2.700999999999866e-01  9.641929698254319e-01
2.701999999999866e-01  9.641669269733170e-01
2.702999999999866e-01  9.641408751829501e-01
2.703999999999865e-01  9.641148144550940e-01
2.704999999999865e-01  9.640887447905111e-01
2.705999999999865e-01  9.640626661899645e-01
2.706999999999865e-01  9.640365786542174e-01
2.707999999999865e-01  9.640104821840333e-01
2.708999999999865e-01  9.639843767801758e-01
2.709999999999865e-01  9.639582624434088e-01
2.710999999999865e-01  9.639321391744965e-01
2.711999999999865e-01  9.639060069742035e-01
2.712999999999864e-01  9.638798658432943e-01
2.713999999999864e-01  9.638537157825340e-01
2.714999999999864e-01  9.638275567926876e-01
2.715999999999864e-01  9.638013888745207e-01
2.716999999999864e-01  9.637752120287989e-01
2.717999999999864e-01  9.637490262562881e-01
2.718999999999864e-01  9.637228315577545e-01
2.719999999999864e-01  9.636966279339645e-01
2.720999999999864e-01  9.636704153856847e-01
2.721999999999863e-01  9.636441939136821e-01
2.722999999999863e-01  9.636179635187238e-01
2.723999999999863e-01  9.635917242015771e-01
2.724999999999863e-01  9.635654759630099e-01
2.725999999999863e-01  9.635392188037899e-01
2.726999999999863e-01  9.635129527246853e-01
2.727999999999863e-01  9.634866777264645e-01
2.728999999999863e-01  9.634603938098961e-01
2.729999999999863e-01  9.634341009757490e-01
2.730999999999862e-01  9.634077992247924e-01
2.731999999999862e-01  9.633814885577955e-01
2.732999999999862e-01  9.633551689755281e-01
2.733999999999862e-01  9.633288404787600e-01
2.734999999999862e-01  9.633025030682613e-01
2.735999999999862e-01  9.632761567448024e-01
2.736999999999862e-01  9.632498015091538e-01
2.737999999999862e-01  9.632234373620865e-01
2.738999999999862e-01  9.631970643043715e-01
2.739999999999861e-01  9.631706823367802e-01
2.740999999999861e-01  9.631442914600842e-01
2.741999999999861e-01  9.631178916750552e-01
2.742999999999861e-01  9.630914829824655e-01
2.743999999999861e-01  9.630650653830873e-01
2.744999999999861e-01  9.630386388776933e-01
2.745999999999861e-01  9.630122034670561e-01
2.746999999999861e-01  9.629857591519488e-01
2.747999999999861e-01  9.629593059331449e-01
2.748999999999860e-01  9.629328438114179e-01
2.749999999999860e-01  9.629063727875414e-01
2.750999999999860e-01  9.628798928622898e-01
2.751999999999860e-01  9.628534040364372e-01
2.752999999999860e-01  9.628269063107581e-01
2.753999999999860e-01  9.628003996860274e-01
2.754999999999860e-01  9.627738841630200e-01
2.755999999999860e-01  9.627473597425114e-01
2.756999999999860e-01  9.627208264252769e-01
2.757999999999860e-01  9.626942842120924e-01
2.758999999999859e-01  9.626677331037338e-01
2.759999999999859e-01  9.626411731009774e-01
2.760999999999859e-01  9.626146042045999e-01
2.761999999999859e-01  9.625880264153778e-01
2.762999999999859e-01  9.625614397340881e-01
2.763999999999859e-01  9.625348441615083e-01
2.764999999999859e-01  9.625082396984156e-01
2.765999999999859e-01  9.624816263455880e-01
2.766999999999859e-01  9.624550041038032e-01
2.767999999999858e-01  9.624283729738397e-01
2.768999999999858e-01  9.624017329564757e-01
2.769999999999858e-01  9.623750840524902e-01
2.770999999999858e-01  9.623484262626619e-01
2.771999999999858e-01  9.623217595877702e-01
2.772999999999858e-01  9.622950840285944e-01
2.773999999999858e-01  9.622683995859144e-01
2.774999999999858e-01  9.622417062605099e-01
2.775999999999858e-01  9.622150040531612e-01
2.776999999999857e-01  9.621882929646487e-01
2.777999999999857e-01  9.621615729957531e-01
2.778999999999857e-01  9.621348441472553e-01
2.779999999999857e-01  9.621081064199364e-01
2.780999999999857e-01  9.620813598145779e-01
2.781999999999857e-01  9.620546043319614e-01
2.782999999999857e-01  9.620278399728689e-01
2.783999999999857e-01  9.620010667380825e-01
2.784999999999857e-01  9.619742846283845e-01
2.785999999999856e-01  9.619474936445577e-01
2.786999999999856e-01  9.619206937873848e-01
2.787999999999856e-01  9.618938850576490e-01
2.788999999999856e-01  9.618670674561335e-01
2.789999999999856e-01  9.618402409836221e-01
2.790999999999856e-01  9.618134056408987e-01
2.791999999999856e-01  9.617865614287472e-01
2.792999999999856e-01  9.617597083479521e-01
2.793999999999856e-01  9.617328463992979e-01
2.794999999999855e-01  9.617059755835695e-01
2.795999999999855e-01  9.616790959015520e-01
2.796999999999855e-01  9.616522073540306e-01
2.797999999999855e-01  9.616253099417909e-01
2.798999999999855e-01  9.615984036656187e-01
2.799999999999855e-01  9.615714885263000e-01
2.800999999999855e-01  9.615445645246213e-01
2.801999999999855e-01  9.615176316613690e-01
2.802999999999855e-01  9.614906899373299e-01
2.803999999999854e-01  9.614637393532910e-01
2.804999999999854e-01  9.614367799100395e-01
2.805999999999854e-01  9.614098116083630e-01
2.806999999999854e-01  9.613828344490493e-01
2.807999999999854e-01  9.613558484328862e-01
2.808999999999854e-01  9.613288535606622e-01
2.809999999999854e-01  9.613018498331657e-01
2.810999999999854e-01  9.612748372511853e-01
2.811999999999854e-01  9.612478158155102e-01
2.812999999999853e-01  9.612207855269295e-01
2.813999999999853e-01  9.611937463862326e-01
2.814999999999853e-01  9.611666983942092e-01
2.815999999999853e-01  9.611396415516494e-01
2.816999999999853e-01  9.611125758593433e-01
2.817999999999853e-01  9.610855013180813e-01
2.818999999999853e-01  9.610584179286542e-01
2.819999999999853e-01  9.610313256918528e-01
2.820999999999853e-01  9.610042246084682e-01
2.821999999999852e-01  9.609771146792920e-01
2.822999999999852e-01  9.609499959051158e-01
2.823999999999852e-01  9.609228682867313e-01
2.824999999999852e-01  9.608957318249309e-01
2.825999999999852e-01  9.608685865205069e-01
2.826999999999852e-01  9.608414323742518e-01
2.827999999999852e-01  9.608142693869586e-01
2.828999999999852e-01  9.607870975594203e-01
2.829999999999852e-01  9.607599168924303e-01
2.830999999999851e-01  9.607327273867823e-01
2.831999999999851e-01  9.607055290432700e-01
2.832999999999851e-01  9.606783218626875e-01
2.833999999999851e-01  9.606511058458291e-01
2.834999999999851e-01  9.606238809934895e-01
2.835999999999851e-01  9.605966473064633e-01
2.836999999999851e-01  9.605694047855458e-01
2.837999999999851e-01  9.605421534315320e-01
2.838999999999851e-01  9.605148932452177e-01
2.839999999999850e-01  9.604876242273984e-01
2.840999999999850e-01  9.604603463788703e-01
2.841999999999850e-01  9.604330597004297e-01
2.842999999999850e-01  9.604057641928730e-01
2.843999999999850e-01  9.603784598569970e-01
2.844999999999850e-01  9.603511466935987e-01
2.845999999999850e-01  9.603238247034752e-01
2.846999999999850e-01  9.602964938874241e-01
2.847999999999850e-01  9.602691542462432e-01
2.848999999999849e-01  9.602418057807303e-01
2.849999999999849e-01  9.602144484916836e-01
2.850999999999849e-01  9.601870823799016e-01
2.851999999999849e-01  9.601597074461830e-01
2.852999999999849e-01  9.601323236913266e-01
2.853999999999849e-01  9.601049311161317e-01
2.854999999999849e-01  9.600775297213977e-01
2.855999999999849e-01  9.600501195079242e-01
2.856999999999849e-01  9.600227004765111e-01
2.857999999999848e-01  9.599952726279585e-01
2.858999999999848e-01  9.599678359630668e-01
2.859999999999848e-01  9.599403904826366e-01
2.860999999999848e-01  9.599129361874688e-01
2.861999999999848e-01  9.598854730783645e-01
2.862999999999848e-01  9.598580011561250e-01
2.863999999999848e-01  9.598305204215518e-01
2.864999999999848e-01  9.598030308754469e-01
2.865999999999848e-01  9.597755325186124e-01
2.866999999999847e-01  9.597480253518503e-01
2.867999999999847e-01  9.597205093759635e-01
2.868999999999847e-01  9.596929845917547e-01
2.869999999999847e-01  9.596654510000268e-01
2.870999999999847e-01  9.596379086015830e-01
2.871999999999847e-01  9.596103573972271e-01
2.872999999999847e-01  9.595827973877626e-01
2.873999999999847e-01  9.595552285739937e-01
2.874999999999847e-01  9.595276509567244e-01
2.875999999999847e-01  9.595000645367594e-01
2.876999999999846e-01  9.594724693149034e-01
2.877999999999846e-01  9.594448652919612e-01
2.878999999999846e-01  9.594172524687381e-01
2.879999999999846e-01  9.593896308460396e-01
2.880999999999846e-01  9.593620004246712e-01
2.881999999999846e-01  9.593343612054390e-01
2.882999999999846e-01  9.593067131891491e-01
2.883999999999846e-01  9.592790563766078e-01
2.884999999999846e-01  9.592513907686219e-01
2.885999999999845e-01  9.592237163659982e-01
2.886999999999845e-01  9.591960331695439e-01
2.887999999999845e-01  9.591683411800663e-01
2.888999999999845e-01  9.591406403983731e-01
2.889999999999845e-01  9.591129308252719e-01
2.890999999999845e-01  9.590852124615711e-01
2.891999999999845e-01  9.590574853080788e-01
2.892999999999845e-01  9.590297493656037e-01
2.893999999999845e-01  9.590020046349546e-01
2.894999999999844e-01  9.589742511169405e-01
2.895999999999844e-01  9.589464888123707e-01
2.896999999999844e-01  9.589187177220546e-01
2.897999999999844e-01  9.588909378468022e-01
2.898999999999844e-01  9.588631491874234e-01
2.899999999999844e-01  9.588353517447284e-01
2.900999999999844e-01  9.588075455195278e-01
2.901999999999844e-01  9.587797305126323e-01
2.902999999999844e-01  9.587519067248529e-01
2.903999999999843e-01  9.587240741570007e-01
2.904999999999843e-01  9.586962328098871e-01
2.905999999999843e-01  9.586683826843240e-01
2.906999999999843e-01  9.586405237811232e-01
2.907999999999843e-01  9.586126561010969e-01
2.908999999999843e-01  9.585847796450575e-01
2.909999999999843e-01  9.585568944138176e-01
2.910999999999843e-01  9.585290004081902e-01
2.911999999999843e-01  9.585010976289884e-01
2.912999999999842e-01  9.584731860770255e-01
2.913999999999842e-01  9.584452657531151e-01
2.914999999999842e-01  9.584173366580710e-01
2.915999999999842e-01  9.583893987927075e-01
2.916999999999842e-01  9.583614521578386e-01
2.917999999999842e-01  9.583334967542791e-01
2.918999999999842e-01  9.583055325828439e-01
2.919999999999842e-01  9.582775596443478e-01
2.920999999999842e-01  9.582495779396062e-01
2.921999999999841e-01  9.582215874694345e-01
2.922999999999841e-01  9.581935882346487e-01
2.923999999999841e-01  9.581655802360647e-01
2.924999999999841e-01  9.581375634744986e-01
2.925999999999841e-01  9.581095379507670e-01
2.926999999999841e-01  9.580815036656866e-01
2.927999999999841e-01  9.580534606200742e-01
2.928999999999841e-01  9.580254088147473e-01
2.929999999999841e-01  9.579973482505231e-01
2.930999999999840e-01  9.579692789282194e-01
2.931999999999840e-01  9.579412008486540e-01
2.932999999999840e-01  9.579131140126451e-01
2.933999999999840e-01  9.578850184210111e-01
2.934999999999840e-01  9.578569140745706e-01
2.935999999999840e-01  9.578288009741426e-01
2.936999999999840e-01  9.578006791205460e-01
2.937999999999840e-01  9.577725485146003e-01
2.938999999999840e-01  9.577444091571249e-01
2.939999999999839e-01  9.577162610489398e-01
2.940999999999839e-01  9.576881041908649e-01
2.941999999999839e-01  9.576599385837207e-01
2.942999999999839e-01  9.576317642283275e-01
2.943999999999839e-01  9.576035811255063e-01
2.944999999999839e-01  9.575753892760779e-01
2.945999999999839e-01  9.575471886808637e-01
2.946999999999839e-01  9.575189793406852e-01
2.947999999999839e-01  9.574907612563640e-01
2.948999999999838e-01  9.574625344287222e-01
2.949999999999838e-01  9.574342988585819e-01
2.950999999999838e-01  9.574060545467655e-01
2.951999999999838e-01  9.573778014940959e-01
2.952999999999838e-01  9.573495397013958e-01
2.953999999999838e-01  9.573212691694885e-01
2.954999999999838e-01  9.572929898991972e-01
2.955999999999838e-01  9.572647018913457e-01
2.956999999999838e-01  9.572364051467578e-01
2.957999999999837e-01  9.572080996662576e-01
2.958999999999837e-01  9.571797854506695e-01
2.959999999999837e-01  9.571514625008181e-01
2.960999999999837e-01  9.571231308175281e-01
2.961999999999837e-01  9.570947904016246e-01
2.962999999999837e-01  9.570664412539329e-01
2.963999999999837e-01  9.570380833752785e-01
2.964999999999837e-01  9.570097167664873e-01
2.965999999999837e-01  9.569813414283852e-01
2.966999999999836e-01  9.569529573617984e-01
2.967999999999836e-01  9.569245645675535e-01
2.968999999999836e-01  9.568961630464771e-01
2.969999999999836e-01  9.568677527993962e-01
2.970999999999836e-01  9.568393338271380e-01
2.971999999999836e-01  9.568109061305300e-01
2.972999999999836e-01  9.567824697103998e-01
2.973999999999836e-01  9.567540245675753e-01
2.974999999999836e-01  9.567255707028847e-01
2.975999999999835e-01  9.566971081171562e-01
2.976999999999835e-01  9.566686368112187e-01
2.977999999999835e-01  9.566401567859009e-01
2.978999999999835e-01  9.566116680420318e-01
2.979999999999835e-01  9.565831705804408e-01
2.980999999999835e-01  9.565546644019576e-01
2.981999999999835e-01  9.565261495074118e-01
2.982999999999835e-01  9.564976258976334e-01
2.983999999999835e-01  9.564690935734529e-01
2.984999999999835e-01  9.564405525357007e-01
2.985999999999834e-01  9.564120027852075e-01
2.986999999999834e-01  9.563834443228044e-01
2.987999999999834e-01  9.563548771493225e-01
2.988999999999834e-01  9.563263012655934e-01
2.989999999999834e-01  9.562977166724486e-01
2.990999999999834e-01  9.562691233707200e-01
2.991999999999834e-01  9.562405213612399e-01
2.992999999999834e-01  9.562119106448408e-01
2.993999999999834e-01  9.561832912223552e-01
2.994999999999833e-01  9.561546630946160e-01
2.995999999999833e-01  9.561260262624564e-01
2.996999999999833e-01  9.560973807267096e-01
2.997999999999833e-01  9.560687264882092e-01
2.998999999999833e-01  9.560400635477890e-01
2.999999999999833e-01  9.560113919062833e-01
3.000999999999833e-01  9.559827115645261e-01
3.001999999999833e-01  9.559540225233520e-01
3.002999999999833e-01  9.559253247835959e-01
3.003999999999832e-01  9.558966183460926e-01
3.004999999999832e-01  9.558679032116775e-01
3.005999999999832e-01  9.558391793811860e-01
3.006999999999832e-01  9.558104468554538e-01
3.007999999999832e-01  9.557817056353168e-01
3.008999999999832e-01  9.557529557216113e-01
3.009999999999832e-01  9.557241971151736e-01
3.010999999999832e-01  9.556954298168405e-01
3.011999999999832e-01  9.556666538274488e-01
3.012999999999831e-01  9.556378691478354e-01
3.013999999999831e-01  9.556090757788380e-01
3.014999999999831e-01  9.555802737212941e-01
3.015999999999831e-01  9.555514629760413e-01
3.016999999999831e-01  9.555226435439179e-01
3.017999999999831e-01  9.554938154257622e-01
3.018999999999831e-01  9.554649786224126e-01
3.019999999999831e-01  9.554361331347080e-01
3.020999999999831e-01  9.554072789634873e-01
3.021999999999830e-01  9.553784161095898e-01
3.022999999999830e-01  9.553495445738550e-01
3.023999999999830e-01  9.553206643571226e-01
3.024999999999830e-01  9.552917754602325e-01
3.025999999999830e-01  9.552628778840248e-01
3.026999999999830e-01  9.552339716293400e-01
3.027999999999830e-01  9.552050566970187e-01
3.028999999999830e-01  9.551761330879020e-01
3.029999999999830e-01  9.551472008028307e-01
3.030999999999829e-01  9.551182598426463e-01
3.031999999999829e-01  9.550893102081904e-01
3.032999999999829e-01  9.550603519003049e-01
3.033999999999829e-01  9.550313849198317e-01
3.034999999999829e-01  9.550024092676133e-01
3.035999999999829e-01  9.549734249444920e-01
3.036999999999829e-01  9.549444319513107e-01
3.037999999999829e-01  9.549154302889123e-01
3.038999999999829e-01  9.548864199581402e-01
3.039999999999828e-01  9.548574009598376e-01
3.040999999999828e-01  9.548283732948485e-01
3.041999999999828e-01  9.547993369640166e-01
3.042999999999828e-01  9.547702919681862e-01
3.043999999999828e-01  9.547412383082016e-01
3.044999999999828e-01  9.547121759849074e-01
3.045999999999828e-01  9.546831049991487e-01
3.046999999999828e-01  9.546540253517704e-01
3.047999999999828e-01  9.546249370436178e-01
3.048999999999827e-01  9.545958400755368e-01
3.049999999999827e-01  9.545667344483729e-01
3.050999999999827e-01  9.545376201629723e-01
3.051999999999827e-01  9.545084972201810e-01
3.052999999999827e-01  9.544793656208459e-01
3.053999999999827e-01  9.544502253658135e-01
3.054999999999827e-01  9.544210764559308e-01
3.055999999999827e-01  9.543919188920450e-01
3.056999999999827e-01  9.543627526750037e-01
3.057999999999826e-01  9.543335778056544e-01
3.058999999999826e-01  9.543043942848451e-01
3.059999999999826e-01  9.542752021134240e-01
3.060999999999826e-01  9.542460012922394e-01
3.061999999999826e-01  9.542167918221398e-01
3.062999999999826e-01  9.541875737039742e-01
3.063999999999826e-01  9.541583469385917e-01
3.064999999999826e-01  9.541291115268415e-01
3.065999999999826e-01  9.540998674695732e-01
3.066999999999825e-01  9.540706147676365e-01
3.067999999999825e-01  9.540413534218817e-01
3.068999999999825e-01  9.540120834331587e-01
3.069999999999825e-01  9.539828048023181e-01
3.070999999999825e-01  9.539535175302107e-01
3.071999999999825e-01  9.539242216176874e-01
3.072999999999825e-01  9.538949170655994e-01
3.073999999999825e-01  9.538656038747979e-01
3.074999999999825e-01  9.538362820461348e-01
3.075999999999824e-01  9.538069515804619e-01
3.076999999999824e-01  9.537776124786314e-01
3.077999999999824e-01  9.537482647414954e-01
3.078999999999824e-01  9.537189083699067e-01
3.079999999999824e-01  9.536895433647180e-01
3.080999999999824e-01  9.536601697267824e-01
3.081999999999824e-01  9.536307874569531e-01
3.082999999999824e-01  9.536013965560837e-01
3.083999999999824e-01  9.535719970250278e-01
3.084999999999823e-01  9.535425888646396e-01
3.085999999999823e-01  9.535131720757731e-01
3.086999999999823e-01  9.534837466592829e-01
3.087999999999823e-01  9.534543126160235e-01
3.088999999999823e-01  9.534248699468499e-01
3.089999999999823e-01  9.533954186526172e-01
3.090999999999823e-01  9.533659587341808e-01
3.091999999999823e-01  9.533364901923964e-01
3.092999999999823e-01  9.533070130281197e-01
3.093999999999822e-01  9.532775272422067e-01
3.094999999999822e-01  9.532480328355138e-01
3.095999999999822e-01  9.532185298088975e-01
3.096999999999822e-01  9.531890181632147e-01
3.097999999999822e-01  9.531594978993222e-01
3.098999999999822e-01  9.531299690180772e-01
3.099999999999822e-01  9.531004315203374e-01
3.100999999999822e-01  9.530708854069603e-01
3.101999999999822e-01  9.530413306788038e-01
3.102999999999822e-01  9.530117673367261e-01
3.103999999999821e-01  9.529821953815857e-01
3.104999999999821e-01  9.529526148142411e-01
3.105999999999821e-01  9.529230256355511e-01
3.106999999999821e-01  9.528934278463749e-01
3.107999999999821e-01  9.528638214475716e-01
3.108999999999821e-01  9.528342064400010e-01
3.109999999999821e-01  9.528045828245228e-01
3.110999999999821e-01  9.527749506019970e-01
3.111999999999821e-01  9.527453097732838e-01
3.112999999999820e-01  9.527156603392436e-01
3.113999999999820e-01  9.526860023007372e-01
3.114999999999820e-01  9.526563356586255e-01
3.115999999999820e-01  9.526266604137698e-01
3.116999999999820e-01  9.525969765670312e-01
3.117999999999820e-01  9.525672841192716e-01
3.118999999999820e-01  9.525375830713527e-01
3.119999999999820e-01  9.525078734241367e-01
3.120999999999820e-01  9.524781551784859e-01
3.121999999999819e-01  9.524484283352628e-01
3.122999999999819e-01  9.524186928953301e-01
3.123999999999819e-01  9.523889488595509e-01
3.124999999999819e-01  9.523591962287886e-01
3.125999999999819e-01  9.523294350039064e-01
3.126999999999819e-01  9.522996651857683e-01
3.127999999999819e-01  9.522698867752379e-01
3.128999999999819e-01  9.522400997731796e-01
3.129999999999819e-01  9.522103041804577e-01
3.130999999999818e-01  9.521804999979369e-01
3.131999999999818e-01  9.521506872264819e-01
3.132999999999818e-01  9.521208658669580e-01
3.133999999999818e-01  9.520910359202304e-01
3.134999999999818e-01  9.520611973871647e-01
3.135999999999818e-01  9.520313502686266e-01
3.136999999999818e-01  9.520014945654822e-01
3.137999999999818e-01  9.519716302785977e-01
3.138999999999818e-01  9.519417574088395e-01
3.139999999999817e-01  9.519118759570744e-01
3.140999999999817e-01  9.518819859241693e-01
3.141999999999817e-01  9.518520873109914e-01
3.142999999999817e-01  9.518221801184080e-01
3.143999999999817e-01  9.517922643472869e-01
3.144999999999817e-01  9.517623399984958e-01
3.145999999999817e-01  9.517324070729029e-01
3.146999999999817e-01  9.517024655713764e-01
3.147999999999817e-01  9.516725154947848e-01
3.148999999999816e-01  9.516425568439970e-01
3.149999999999816e-01  9.516125896198820e-01
3.150999999999816e-01  9.515826138233090e-01
3.151999999999816e-01  9.515526294551474e-01
3.152999999999816e-01  9.515226365162670e-01
3.153999999999816e-01  9.514926350075377e-01
3.154999999999816e-01  9.514626249298296e-01
3.155999999999816e-01  9.514326062840130e-01
3.156999999999816e-01  9.514025790709587e-01
3.157999999999815e-01  9.513725432915374e-01
3.158999999999815e-01  9.513424989466203e-01
3.159999999999815e-01  9.513124460370785e-01
3.160999999999815e-01  9.512823845637838e-01
3.161999999999815e-01  9.512523145276077e-01
3.162999999999815e-01  9.512222359294223e-01
3.163999999999815e-01  9.511921487700999e-01
3.164999999999815e-01  9.511620530505128e-01
3.165999999999815e-01  9.511319487715337e-01
3.166999999999814e-01  9.511018359340356e-01
3.167999999999814e-01  9.510717145388916e-01
3.168999999999814e-01  9.510415845869750e-01
3.169999999999814e-01  9.510114460791594e-01
3.170999999999814e-01  9.509812990163188e-01
3.171999999999814e-01  9.509511433993270e-01
3.172999999999814e-01  9.509209792290584e-01
3.173999999999814e-01  9.508908065063875e-01
3.174999999999814e-01  9.508606252321890e-01
3.175999999999813e-01  9.508304354073378e-01
3.176999999999813e-01  9.508002370327092e-01
3.177999999999813e-01  9.507700301091787e-01
3.178999999999813e-01  9.507398146376218e-01
3.179999999999813e-01  9.507095906189145e-01
3.180999999999813e-01  9.506793580539328e-01
3.181999999999813e-01  9.506491169435530e-01
3.182999999999813e-01  9.506188672886519e-01
3.183999999999813e-01  9.505886090901060e-01
3.184999999999812e-01  9.505583423487926e-01
3.185999999999812e-01  9.505280670655888e-01
3.186999999999812e-01  9.504977832413721e-01
3.187999999999812e-01  9.504674908770202e-01
3.188999999999812e-01  9.504371899734111e-01
3.189999999999812e-01  9.504068805314229e-01
3.190999999999812e-01  9.503765625519339e-01
3.191999999999812e-01  9.503462360358229e-01
3.192999999999812e-01  9.503159009839687e-01
3.193999999999811e-01  9.502855573972503e-01
3.194999999999811e-01  9.502552052765470e-01
3.195999999999811e-01  9.502248446227385e-01
3.196999999999811e-01  9.501944754367043e-01
3.197999999999811e-01  9.501640977193246e-01
3.198999999999811e-01  9.501337114714796e-01
3.199999999999811e-01  9.501033166940497e-01
3.200999999999811e-01  9.500729133879154e-01
3.201999999999811e-01  9.500425015539579e-01
3.202999999999810e-01  9.500120811930581e-01
3.203999999999810e-01  9.499816523060975e-01
3.204999999999810e-01  9.499512148939576e-01
3.205999999999810e-01  9.499207689575203e-01
3.206999999999810e-01  9.498903144976676e-01
3.207999999999810e-01  9.498598515152816e-01
3.208999999999810e-01  9.498293800112451e-01
3.209999999999810e-01  9.497988999864405e-01
3.210999999999810e-01  9.497684114417510e-01
3.211999999999810e-01  9.497379143780595e-01
3.212999999999809e-01  9.497074087962497e-01
3.213999999999809e-01  9.496768946972051e-01
3.214999999999809e-01  9.496463720818095e-01
3.215999999999809e-01  9.496158409509471e-01
3.216999999999809e-01  9.495853013055021e-01
3.217999999999809e-01  9.495547531463591e-01
3.218999999999809e-01  9.495241964744028e-01
3.219999999999809e-01  9.494936312905182e-01
3.220999999999809e-01  9.494630575955907e-01
3.221999999999808e-01  9.494324753905056e-01
3.222999999999808e-01  9.494018846761485e-01
3.223999999999808e-01  9.493712854534054e-01
3.224999999999808e-01  9.493406777231624e-01
3.225999999999808e-01  9.493100614863059e-01
3.226999999999808e-01  9.492794367437224e-01
3.227999999999808e-01  9.492488034962987e-01
3.228999999999808e-01  9.492181617449218e-01
3.229999999999808e-01  9.491875114904791e-01
3.230999999999807e-01  9.491568527338580e-01
3.231999999999807e-01  9.491261854759462e-01
3.232999999999807e-01  9.490955097176316e-01
3.233999999999807e-01  9.490648254598024e-01
3.234999999999807e-01  9.490341327033470e-01
3.235999999999807e-01  9.490034314491541e-01
3.236999999999807e-01  9.489727216981124e-01
3.237999999999807e-01  9.489420034511110e-01
3.238999999999807e-01  9.489112767090393e-01
3.239999999999806e-01  9.488805414727867e-01
3.240999999999806e-01  9.488497977432430e-01
3.241999999999806e-01  9.488190455212981e-01
3.242999999999806e-01  9.487882848078424e-01
3.243999999999806e-01  9.487575156037661e-01
3.244999999999806e-01  9.487267379099599e-01
3.245999999999806e-01  9.486959517273147e-01
3.246999999999806e-01  9.486651570567216e-01
3.247999999999806e-01  9.486343538990720e-01
3.248999999999805e-01  9.486035422552573e-01
3.249999999999805e-01  9.485727221261695e-01
3.250999999999805e-01  9.485418935127004e-01
3.251999999999805e-01  9.485110564157423e-01
3.252999999999805e-01  9.484802108361876e-01
3.253999999999805e-01  9.484493567749291e-01
3.254999999999805e-01  9.484184942328597e-01
3.255999999999805e-01  9.483876232108724e-01
3.256999999999805e-01  9.483567437098607e-01
3.257999999999804e-01  9.483258557307180e-01
3.258999999999804e-01  9.482949592743384e-01
3.259999999999804e-01  9.482640543416156e-01
3.260999999999804e-01  9.482331409334441e-01
3.261999999999804e-01  9.482022190507183e-01
3.262999999999804e-01  9.481712886943329e-01
3.263999999999804e-01  9.481403498651828e-01
3.264999999999804e-01  9.481094025641632e-01
3.265999999999804e-01  9.480784467921695e-01
3.266999999999803e-01  9.480474825500972e-01
3.267999999999803e-01  9.480165098388422e-01
3.268999999999803e-01  9.479855286593007e-01
3.269999999999803e-01  9.479545390123689e-01
3.270999999999803e-01  9.479235408989433e-01
3.271999999999803e-01  9.478925343199205e-01
3.272999999999803e-01  9.478615192761976e-01
3.273999999999803e-01  9.478304957686716e-01
3.274999999999803e-01  9.477994637982402e-01
3.275999999999802e-01  9.477684233658008e-01
3.276999999999802e-01  9.477373744722514e-01
3.277999999999802e-01  9.477063171184900e-01
3.278999999999802e-01  9.476752513054149e-01
3.279999999999802e-01  9.476441770339246e-01
3.280999999999802e-01  9.476130943049178e-01
3.281999999999802e-01  9.475820031192936e-01
3.282999999999802e-01  9.475509034779512e-01
3.283999999999802e-01  9.475197953817901e-01
3.284999999999801e-01  9.474886788317097e-01
3.285999999999801e-01  9.474575538286101e-01
3.286999999999801e-01  9.474264203733913e-01
3.287999999999801e-01  9.473952784669536e-01
3.288999999999801e-01  9.473641281101975e-01
3.289999999999801e-01  9.473329693040240e-01
3.290999999999801e-01  9.473018020493339e-01
3.291999999999801e-01  9.472706263470284e-01
3.292999999999801e-01  9.472394421980090e-01
3.293999999999800e-01  9.472082496031775e-01
3.294999999999800e-01  9.471770485634355e-01
3.295999999999800e-01  9.471458390796854e-01
3.296999999999800e-01  9.471146211528293e-01
3.297999999999800e-01  9.470833947837699e-01
3.298999999999800e-01  9.470521599734100e-01
3.299999999999800e-01  9.470209167226524e-01
3.300999999999800e-01  9.469896650324006e-01
3.301999999999800e-01  9.469584049035579e-01
3.302999999999799e-01  9.469271363370280e-01
3.303999999999799e-01  9.468958593337148e-01
3.304999999999799e-01  9.468645738945224e-01
3.305999999999799e-01  9.468332800203552e-01
3.306999999999799e-01  9.468019777121177e-01
3.307999999999799e-01  9.467706669707148e-01
3.308999999999799e-01  9.467393477970514e-01
3.309999999999799e-01  9.467080201920328e-01
3.310999999999799e-01  9.466766841565645e-01
3.311999999999798e-01  9.466453396915521e-01
3.312999999999798e-01  9.466139867979014e-01
3.313999999999798e-01  9.465826254765188e-01
3.314999999999798e-01  9.465512557283106e-01
3.315999999999798e-01  9.465198775541832e-01
3.316999999999798e-01  9.464884909550435e-01
3.317999999999798e-01  9.464570959317985e-01
3.318999999999798e-01  9.464256924853555e-01
3.319999999999798e-01  9.463942806166219e-01
3.320999999999797e-01  9.463628603265054e-01
3.321999999999797e-01  9.463314316159139e-01
3.322999999999797e-01  9.462999944857556e-01
3.323999999999797e-01  9.462685489369389e-01
3.324999999999797e-01  9.462370949703722e-01
3.325999999999797e-01  9.462056325869644e-01
3.326999999999797e-01  9.461741617876246e-01
3.327999999999797e-01  9.461426825732620e-01
3.328999999999797e-01  9.461111949447859e-01
3.329999999999797e-01  9.460796989031062e-01
3.330999999999796e-01  9.460481944491327e-01
3.331999999999796e-01  9.460166815837756e-01
3.332999999999796e-01  9.459851603079452e-01
3.333999999999796e-01  9.459536306225521e-01
3.334999999999796e-01  9.459220925285071e-01
3.335999999999796e-01  9.458905460267213e-01
3.336999999999796e-01  9.458589911181058e-01
3.337999999999796e-01  9.458274278035722e-01
3.338999999999796e-01  9.457958560840322e-01
3.339999999999795e-01  9.457642759603975e-01
3.340999999999795e-01  9.457326874335804e-01
3.341999999999795e-01  9.457010905044932e-01
3.342999999999795e-01  9.456694851740486e-01
3.343999999999795e-01  9.456378714431593e-01
3.344999999999795e-01  9.456062493127382e-01
3.345999999999795e-01  9.455746187836986e-01
3.346999999999795e-01  9.455429798569541e-01
3.347999999999795e-01  9.455113325334183e-01
3.348999999999794e-01  9.454796768140051e-01
3.349999999999794e-01  9.454480126996286e-01
3.350999999999794e-01  9.454163401912032e-01
3.351999999999794e-01  9.453846592896434e-01
3.352999999999794e-01  9.453529699958640e-01
3.353999999999794e-01  9.453212723107801e-01
3.354999999999794e-01  9.452895662353068e-01
3.355999999999794e-01  9.452578517703596e-01
3.356999999999794e-01  9.452261289168542e-01
3.357999999999793e-01  9.451943976757065e-01
3.358999999999793e-01  9.451626580478325e-01
3.359999999999793e-01  9.451309100341487e-01
3.360999999999793e-01  9.450991536355716e-01
3.361999999999793e-01  9.450673888530179e-01
3.362999999999793e-01  9.450356156874047e-01
3.363999999999793e-01  9.450038341396492e-01
3.364999999999793e-01  9.449720442106687e-01
3.365999999999793e-01  9.449402459013810e-01
3.366999999999792e-01  9.449084392127040e-01
3.367999999999792e-01  9.448766241455556e-01
3.368999999999792e-01  9.448448007008544e-01
3.369999999999792e-01  9.448129688795188e-01
3.370999999999792e-01  9.447811286824676e-01
3.371999999999792e-01  9.447492801106196e-01
3.372999999999792e-01  9.447174231648943e-01
3.373999999999792e-01  9.446855578462109e-01
3.374999999999792e-01  9.446536841554891e-01
3.375999999999791e-01  9.446218020936489e-01
3.376999999999791e-01  9.445899116616102e-01
3.377999999999791e-01  9.445580128602934e-01
3.378999999999791e-01  9.445261056906190e-01
3.379999999999791e-01  9.444941901535078e-01
3.380999999999791e-01  9.444622662498806e-01
3.381999999999791e-01  9.444303339806587e-01
3.382999999999791e-01  9.443983933467635e-01
3.383999999999791e-01  9.443664443491165e-01
3.384999999999790e-01  9.443344869886398e-01
3.385999999999790e-01  9.443025212662551e-01
3.386999999999790e-01  9.442705471828851e-01
3.387999999999790e-01  9.442385647394520e-01
3.388999999999790e-01  9.442065739368787e-01
3.389999999999790e-01  9.441745747760879e-01
3.390999999999790e-01  9.441425672580029e-01
3.391999999999790e-01  9.441105513835473e-01
3.392999999999790e-01  9.440785271536444e-01
3.393999999999789e-01  9.440464945692181e-01
3.394999999999789e-01  9.440144536311924e-01
3.395999999999789e-01  9.439824043404916e-01
3.396999999999789e-01  9.439503466980402e-01
3.397999999999789e-01  9.439182807047629e-01
3.398999999999789e-01  9.438862063615846e-01
3.399999999999789e-01  9.438541236694303e-01
3.400999999999789e-01  9.438220326292256e-01
3.401999999999789e-01  9.437899332418959e-01
3.402999999999788e-01  9.437578255083670e-01
3.403999999999788e-01  9.437257094295649e-01
3.404999999999788e-01  9.436935850064160e-01
3.405999999999788e-01  9.436614522398465e-01
3.406999999999788e-01  9.436293111307833e-01
3.407999999999788e-01  9.435971616801531e-01
3.408999999999788e-01  9.435650038888830e-01
3.409999999999788e-01  9.435328377579004e-01
3.410999999999788e-01  9.435006632881329e-01
3.411999999999787e-01  9.434684804805081e-01
3.412999999999787e-01  9.434362893359541e-01
3.413999999999787e-01  9.434040898553991e-01
3.414999999999787e-01  9.433718820397715e-01
3.415999999999787e-01  9.433396658899998e-01
3.416999999999787e-01  9.433074414070131e-01
3.417999999999787e-01  9.432752085917402e-01
3.418999999999787e-01  9.432429674451105e-01
3.419999999999787e-01  9.432107179680536e-01
3.420999999999786e-01  9.431784601614991e-01
3.421999999999786e-01  9.431461940263770e-01
3.422999999999786e-01  9.431139195636175e-01
3.423999999999786e-01  9.430816367741508e-01
3.424999999999786e-01  9.430493456589076e-01
3.425999999999786e-01  9.430170462188188e-01
3.426999999999786e-01  9.429847384548153e-01
3.427999999999786e-01  9.429524223678285e-01
3.428999999999786e-01  9.429200979587897e-01
3.429999999999785e-01  9.428877652286307e-01
3.430999999999785e-01  9.428554241782834e-01
3.431999999999785e-01  9.428230748086799e-01
3.432999999999785e-01  9.427907171207525e-01
3.433999999999785e-01  9.427583511154337e-01
3.434999999999785e-01  9.427259767936564e-01
3.435999999999785e-01  9.426935941563536e-01
3.436999999999785e-01  9.426612032044583e-01
3.437999999999785e-01  9.426288039389042e-01
3.438999999999785e-01  9.425963963606249e-01
3.439999999999784e-01  9.425639804705540e-01
3.440999999999784e-01  9.425315562696258e-01
3.441999999999784e-01  9.424991237587745e-01
3.442999999999784e-01  9.424666829389348e-01
3.443999999999784e-01  9.424342338110412e-01
3.444999999999784e-01  9.424017763760287e-01
3.445999999999784e-01  9.423693106348325e-01
3.446999999999784e-01  9.423368365883881e-01
3.447999999999784e-01  9.423043542376308e-01
3.448999999999783e-01  9.422718635834967e-01
3.449999999999783e-01  9.422393646269217e-01
3.450999999999783e-01  9.422068573688420e-01
3.451999999999783e-01  9.421743418101942e-01
3.452999999999783e-01  9.421418179519149e-01
3.453999999999783e-01  9.421092857949410e-01
3.454999999999783e-01  9.420767453402097e-01
3.455999999999783e-01  9.420441965886582e-01
3.456999999999783e-01  9.420116395412241e-01
3.457999999999782e-01  9.419790741988452e-01
3.458999999999782e-01  9.419465005624594e-01
3.459999999999782e-01  9.419139186330050e-01
3.460999999999782e-01  9.418813284114202e-01
3.461999999999782e-01  9.418487298986439e-01
3.462999999999782e-01  9.418161230956148e-01
3.463999999999782e-01  9.417835080032720e-01
3.464999999999782e-01  9.417508846225549e-01
3.465999999999782e-01  9.417182529544027e-01
3.466999999999781e-01  9.416856129997553e-01
3.467999999999781e-01  9.416529647595526e-01
3.468999999999781e-01  9.416203082347347e-01
3.469999999999781e-01  9.415876434262421e-01
3.470999999999781e-01  9.415549703350152e-01
3.471999999999781e-01  9.415222889619949e-01
3.472999999999781e-01  9.414895993081221e-01
3.473999999999781e-01  9.414569013743381e-01
3.474999999999781e-01  9.414241951615844e-01
3.475999999999780e-01  9.413914806708025e-01
3.476999999999780e-01  9.413587579029343e-01
3.477999999999780e-01  9.413260268589221e-01
3.478999999999780e-01  9.412932875397080e-01
3.479999999999780e-01  9.412605399462345e-01
3.480999999999780e-01  9.412277840794444e-01
3.481999999999780e-01  9.411950199402807e-01
3.482999999999780e-01  9.411622475296864e-01
3.483999999999780e-01  9.411294668486049e-01
3.484999999999779e-01  9.410966778979799e-01
3.485999999999779e-01  9.410638806787551e-01
3.486999999999779e-01  9.410310751918747e-01
3.487999999999779e-01  9.409982614382827e-01
3.488999999999779e-01  9.409654394189237e-01
3.489999999999779e-01  9.409326091347424e-01
3.490999999999779e-01  9.408997705866836e-01
3.491999999999779e-01  9.408669237756925e-01
3.492999999999779e-01  9.408340687027142e-01
3.493999999999778e-01  9.408012053686945e-01
3.494999999999778e-01  9.407683337745789e-01
3.495999999999778e-01  9.407354539213135e-01
3.496999999999778e-01  9.407025658098445e-01
3.497999999999778e-01  9.406696694411181e-01
3.498999999999778e-01  9.406367648160810e-01
3.499999999999778e-01  9.406038519356802e-01
3.500999999999778e-01  9.405709308008624e-01
3.501999999999778e-01  9.405380014125750e-01
3.502999999999777e-01  9.405050637717656e-01
3.503999999999777e-01  9.404721178793817e-01
3.504999999999777e-01  9.404391637363712e-01
3.505999999999777e-01  9.404062013436822e-01
3.506999999999777e-01  9.403732307022631e-01
3.507999999999777e-01  9.403402518130624e-01
3.508999999999777e-01  9.403072646770287e-01
3.509999999999777e-01  9.402742692951113e-01
3.510999999999777e-01  9.402412656682590e-01
3.511999999999776e-01  9.402082537974215e-01
3.512999999999776e-01  9.401752336835480e-01
3.513999999999776e-01  9.401422053275887e-01
3.514999999999776e-01  9.401091687304935e-01
3.515999999999776e-01  9.400761238932127e-01
3.516999999999776e-01  9.400430708166966e-01
3.517999999999776e-01  9.400100095018960e-01
3.518999999999776e-01  9.399769399497617e-01
3.519999999999776e-01  9.399438621612449e-01
3.520999999999775e-01  9.399107761372969e-01
3.521999999999775e-01  9.398776818788691e-01
3.522999999999775e-01  9.398445793869133e-01
3.523999999999775e-01  9.398114686623815e-01
3.524999999999775e-01  9.397783497062259e-01
3.525999999999775e-01  9.397452225193987e-01
3.526999999999775e-01  9.397120871028527e-01
3.527999999999775e-01  9.396789434575405e-01
3.528999999999775e-01  9.396457915844154e-01
3.529999999999774e-01  9.396126314844304e-01
3.530999999999774e-01  9.395794631585390e-01
3.531999999999774e-01  9.395462866076949e-01
3.532999999999774e-01  9.395131018328520e-01
3.533999999999774e-01  9.394799088349642e-01
3.534999999999774e-01  9.394467076149860e-01
3.535999999999774e-01  9.394134981738719e-01
3.536999999999774e-01  9.393802805125765e-01
3.537999999999774e-01  9.393470546320548e-01
3.538999999999773e-01  9.393138205332620e-01
3.539999999999773e-01  9.392805782171533e-01
3.540999999999773e-01  9.392473276846843e-01
3.541999999999773e-01  9.392140689368110e-01
3.542999999999773e-01  9.391808019744893e-01
3.543999999999773e-01  9.391475267986753e-01
3.544999999999773e-01  9.391142434103256e-01
3.545999999999773e-01  9.390809518103966e-01
3.546999999999773e-01  9.390476519998454e-01
3.547999999999772e-01  9.390143439796290e-01
3.548999999999772e-01  9.389810277507046e-01
3.549999999999772e-01  9.389477033140297e-01
3.550999999999772e-01  9.389143706705620e-01
3.551999999999772e-01  9.388810298212595e-01
3.552999999999772e-01  9.388476807670803e-01
3.553999999999772e-01  9.388143235089826e-01
3.554999999999772e-01  9.387809580479252e-01
3.555999999999772e-01  9.387475843848666e-01
3.556999999999772e-01  9.387142025207659e-01
3.557999999999771e-01  9.386808124565822e-01
3.558999999999771e-01  9.386474141932750e-01
3.559999999999771e-01  9.386140077318039e-01
3.560999999999771e-01  9.385805930731287e-01
3.561999999999771e-01  9.385471702182093e-01
3.562999999999771e-01  9.385137391680062e-01
3.563999999999771e-01  9.384802999234796e-01
3.564999999999771e-01  9.384468524855903e-01
3.565999999999771e-01  9.384133968552992e-01
3.566999999999770e-01  9.383799330335674e-01
3.567999999999770e-01  9.383464610213561e-01
3.568999999999770e-01  9.383129808196269e-01
3.569999999999770e-01  9.382794924293414e-01
3.570999999999770e-01  9.382459958514616e-01
3.571999999999770e-01  9.382124910869498e-01
3.572999999999770e-01  9.381789781367682e-01
3.573999999999770e-01  9.381454570018793e-01
3.574999999999770e-01  9.381119276832461e-01
3.575999999999769e-01  9.380783901818315e-01
3.576999999999769e-01  9.380448444985986e-01
3.577999999999769e-01  9.380112906345108e-01
3.578999999999769e-01  9.379777285905320e-01
3.579999999999769e-01  9.379441583676257e-01
3.580999999999769e-01  9.379105799667561e-01
3.581999999999769e-01  9.378769933888875e-01
3.582999999999769e-01  9.378433986349843e-01
3.583999999999769e-01  9.378097957060112e-01
3.584999999999768e-01  9.377761846029331e-01
3.585999999999768e-01  9.377425653267151e-01
3.586999999999768e-01  9.377089378783224e-01
3.587999999999768e-01  9.376753022587208e-01
3.588999999999768e-01  9.376416584688757e-01
3.589999999999768e-01  9.376080065097533e-01
3.590999999999768e-01  9.375743463823196e-01
3.591999999999768e-01  9.375406780875410e-01
3.592999999999768e-01  9.375070016263841e-01
3.593999999999767e-01  9.374733169998157e-01
3.594999999999767e-01  9.374396242088028e-01
3.595999999999767e-01  9.374059232543125e-01
3.596999999999767e-01  9.373722141373123e-01
3.597999999999767e-01  9.373384968587698e-01
3.598999999999767e-01  9.373047714196528e-01
3.599999999999767e-01  9.372710378209295e-01
3.600999999999767e-01  9.372372960635679e-01
3.601999999999767e-01  9.372035461485366e-01
3.602999999999766e-01  9.371697880768044e-01
3.603999999999766e-01  9.371360218493400e-01
3.604999999999766e-01  9.371022474671126e-01
3.605999999999766e-01  9.370684649310914e-01
3.606999999999766e-01  9.370346742422460e-01
3.607999999999766e-01  9.370008754015461e-01
3.608999999999766e-01  9.369670684099616e-01
3.609999999999766e-01  9.369332532684627e-01
3.610999999999766e-01  9.368994299780197e-01
3.611999999999765e-01  9.368655985396032e-01
3.612999999999765e-01  9.368317589541839e-01
3.613999999999765e-01  9.367979112227329e-01
3.614999999999765e-01  9.367640553462213e-01
3.615999999999765e-01  9.367301913256205e-01
3.616999999999765e-01  9.366963191619022e-01
3.617999999999765e-01  9.366624388560382e-01
3.618999999999765e-01  9.366285504090004e-01
3.619999999999765e-01  9.365946538217611e-01
3.620999999999764e-01  9.365607490952927e-01
3.621999999999764e-01  9.365268362305680e-01
3.622999999999764e-01  9.364929152285597e-01
3.623999999999764e-01  9.364589860902410e-01
3.624999999999764e-01  9.364250488165852e-01
3.625999999999764e-01  9.363911034085656e-01
3.626999999999764e-01  9.363571498671560e-01
3.627999999999764e-01  9.363231881933304e-01
3.628999999999764e-01  9.362892183880627e-01
3.629999999999763e-01  9.362552404523273e-01
3.630999999999763e-01  9.362212543870989e-01
3.631999999999763e-01  9.361872601933521e-01
3.632999999999763e-01  9.361532578720618e-01
3.633999999999763e-01  9.361192474242034e-01
3.634999999999763e-01  9.360852288507520e-01
3.635999999999763e-01  9.360512021526832e-01
3.636999999999763e-01  9.360171673309730e-01
3.637999999999763e-01  9.359831243865971e-01
3.638999999999762e-01  9.359490733205320e-01
3.639999999999762e-01  9.359150141337539e-01
3.640999999999762e-01  9.358809468272394e-01
3.641999999999762e-01  9.358468714019654e-01
3.642999999999762e-01  9.358127878589090e-01
3.643999999999762e-01  9.357786961990473e-01
3.644999999999762e-01  9.357445964233578e-01
3.645999999999762e-01  9.357104885328182e-01
3.646999999999762e-01  9.356763725284063e-01
3.647999999999761e-01  9.356422484111002e-01
3.648999999999761e-01  9.356081161818782e-01
3.649999999999761e-01  9.355739758417188e-01
3.650999999999761e-01  9.355398273916006e-01
3.651999999999761e-01  9.355056708325025e-01
3.652999999999761e-01  9.354715061654036e-01
3.653999999999761e-01  9.354373333912834e-01
3.654999999999761e-01  9.354031525111213e-01
3.655999999999761e-01  9.353689635258970e-01
3.656999999999760e-01  9.353347664365905e-01
3.657999999999760e-01  9.353005612441819e-01
3.658999999999760e-01  9.352663479496516e-01
3.659999999999760e-01  9.352321265539801e-01
3.660999999999760e-01  9.351978970581483e-01
3.661999999999760e-01  9.351636594631370e-01
3.662999999999760e-01  9.351294137699274e-01
3.663999999999760e-01  9.350951599795010e-01
3.664999999999760e-01  9.350608980928393e-01
3.665999999999760e-01  9.350266281109242e-01
3.666999999999759e-01  9.349923500347377e-01
3.667999999999759e-01  9.349580638652619e-01
3.668999999999759e-01  9.349237696034793e-01
3.669999999999759e-01  9.348894672503726e-01
3.670999999999759e-01  9.348551568069245e-01
3.671999999999759e-01  9.348208382741182e-01
3.672999999999759e-01  9.347865116529368e-01
3.673999999999759e-01  9.347521769443637e-01
3.674999999999759e-01  9.347178341493828e-01
3.675999999999758e-01  9.346834832689778e-01
3.676999999999758e-01  9.346491243041328e-01
3.677999999999758e-01  9.346147572558322e-01
3.678999999999758e-01  9.345803821250603e-01
3.679999999999758e-01  9.345459989128020e-01
3.680999999999758e-01  9.345116076200420e-01
3.681999999999758e-01  9.344772082477656e-01
3.682999999999758e-01  9.344428007969580e-01
3.683999999999758e-01  9.344083852686046e-01
3.684999999999757e-01  9.343739616636912e-01
3.685999999999757e-01  9.343395299832039e-01
3.686999999999757e-01  9.343050902281287e-01
3.687999999999757e-01  9.342706423994520e-01
3.688999999999757e-01  9.342361864981603e-01
3.689999999999757e-01  9.342017225252404e-01
3.690999999999757e-01  9.341672504816791e-01
3.691999999999757e-01  9.341327703684639e-01
3.692999999999757e-01  9.340982821865819e-01
3.693999999999756e-01  9.340637859370207e-01
3.694999999999756e-01  9.340292816207681e-01
3.695999999999756e-01  9.339947692388123e-01
3.696999999999756e-01  9.339602487921412e-01
3.697999999999756e-01  9.339257202817434e-01
3.698999999999756e-01  9.338911837086074e-01
3.699999999999756e-01  9.338566390737220e-01
3.700999999999756e-01  9.338220863780763e-01
3.701999999999756e-01  9.337875256226594e-01
3.702999999999755e-01  9.337529568084609e-01
3.703999999999755e-01  9.337183799364703e-01
3.704999999999755e-01  9.336837950076775e-01
3.705999999999755e-01  9.336492020230724e-01
3.706999999999755e-01  9.336146009836455e-01
3.707999999999755e-01  9.335799918903870e-01
3.708999999999755e-01  9.335453747442877e-01
3.709999999999755e-01  9.335107495463384e-01
3.710999999999755e-01  9.334761162975302e-01
3.711999999999754e-01  9.334414749988544e-01
3.712999999999754e-01  9.334068256513025e-01
3.713999999999754e-01  9.333721682558661e-01
3.714999999999754e-01  9.333375028135371e-01
3.715999999999754e-01  9.333028293253076e-01
3.716999999999754e-01  9.332681477921699e-01
3.717999999999754e-01  9.332334582151165e-01
3.718999999999754e-01  9.331987605951401e-01
3.719999999999754e-01  9.331640549332335e-01
3.720999999999753e-01  9.331293412303900e-01
3.721999999999753e-01  9.330946194876029e-01
3.722999999999753e-01  9.330598897058655e-01
3.723999999999753e-01  9.330251518861717e-01
3.724999999999753e-01  9.329904060295156e-01
3.725999999999753e-01  9.329556521368909e-01
3.726999999999753e-01  9.329208902092923e-01
3.727999999999753e-01  9.328861202477141e-01
3.728999999999753e-01  9.328513422531513e-01
3.729999999999752e-01  9.328165562265986e-01
3.730999999999752e-01  9.327817621690514e-01
3.731999999999752e-01  9.327469600815048e-01
3.732999999999752e-01  9.327121499649546e-01
3.733999999999752e-01  9.326773318203964e-01
3.734999999999752e-01  9.326425056488262e-01
3.735999999999752e-01  9.326076714512402e-01
3.736999999999752e-01  9.325728292286348e-01
3.737999999999752e-01  9.325379789820065e-01
3.738999999999751e-01  9.325031207123522e-01
3.739999999999751e-01  9.324682544206687e-01
3.740999999999751e-01  9.324333801079534e-01
3.741999999999751e-01  9.323984977752036e-01
3.742999999999751e-01  9.323636074234168e-01
3.743999999999751e-01  9.323287090535910e-01
3.744999999999751e-01  9.322938026667240e-01
3.745999999999751e-01  9.322588882638142e-01
3.746999999999751e-01  9.322239658458599e-01
3.747999999999750e-01  9.321890354138597e-01
3.748999999999750e-01  9.321540969688124e-01
3.749999999999750e-01  9.321191505117170e-01
3.750999999999750e-01  9.320841960435728e-01
3.751999999999750e-01  9.320492335653793e-01
3.752999999999750e-01  9.320142630781360e-01
3.753999999999750e-01  9.319792845828426e-01
3.754999999999750e-01  9.319442980804994e-01
3.755999999999750e-01  9.319093035721064e-01
3.756999999999749e-01  9.318743010586643e-01
3.757999999999749e-01  9.318392905411735e-01
3.758999999999749e-01  9.318042720206350e-01
3.759999999999749e-01  9.317692454980497e-01
3.760999999999749e-01  9.317342109744190e-01
3.761999999999749e-01  9.316991684507443e-01
3.762999999999749e-01  9.316641179280272e-01
3.763999999999749e-01  9.316290594072696e-01
3.764999999999749e-01  9.315939928894735e-01
3.765999999999748e-01  9.315589183756412e-01
3.766999999999748e-01  9.315238358667751e-01
3.767999999999748e-01  9.314887453638780e-01
3.768999999999748e-01  9.314536468679527e-01
3.769999999999748e-01  9.314185403800023e-01
3.770999999999748e-01  9.313834259010300e-01
3.771999999999748e-01  9.313483034320392e-01
3.772999999999748e-01  9.313131729740338e-01
3.773999999999748e-01  9.312780345280175e-01
3.774999999999747e-01  9.312428880949944e-01
3.775999999999747e-01  9.312077336759689e-01
3.776999999999747e-01  9.311725712719453e-01
3.777999999999747e-01  9.311374008839284e-01
3.778999999999747e-01  9.311022225129230e-01
3.779999999999747e-01  9.310670361599342e-01
3.780999999999747e-01  9.310318418259674e-01
3.781999999999747e-01  9.309966395120280e-01
3.782999999999747e-01  9.309614292191217e-01
3.783999999999747e-01  9.309262109482543e-01
3.784999999999746e-01  9.308909847004321e-01
3.785999999999746e-01  9.308557504766611e-01
3.786999999999746e-01  9.308205082779480e-01
3.787999999999746e-01  9.307852581052996e-01
3.788999999999746e-01  9.307499999597225e-01
3.789999999999746e-01  9.307147338422240e-01
3.790999999999746e-01  9.306794597538114e-01
3.791999999999746e-01  9.306441776954921e-01
3.792999999999746e-01  9.306088876682739e-01
3.793999999999745e-01  9.305735896731646e-01
3.794999999999745e-01  9.305382837111724e-01
3.795999999999745e-01  9.305029697833056e-01
3.796999999999745e-01  9.304676478905727e-01
3.797999999999745e-01  9.304323180339823e-01
3.798999999999745e-01  9.303969802145433e-01
3.799999999999745e-01  9.303616344332649e-01
3.800999999999745e-01  9.303262806911564e-01
3.801999999999745e-01  9.302909189892273e-01
3.802999999999744e-01  9.302555493284873e-01
3.803999999999744e-01  9.302201717099463e-01
3.804999999999744e-01  9.301847861346144e-01
3.805999999999744e-01  9.301493926035020e-01
3.806999999999744e-01  9.301139911176196e-01
3.807999999999744e-01  9.300785816779777e-01
3.808999999999744e-01  9.300431642855874e-01
3.809999999999744e-01  9.300077389414598e-01
3.810999999999744e-01  9.299723056466062e-01
3.811999999999743e-01  9.299368644020379e-01
3.812999999999743e-01  9.299014152087669e-01
3.813999999999743e-01  9.298659580678050e-01
3.814999999999743e-01  9.298304929801643e-01
3.815999999999743e-01  9.297950199468571e-01
3.816999999999743e-01  9.297595389688960e-01
3.817999999999743e-01  9.297240500472935e-01
3.818999999999743e-01  9.296885531830628e-01
3.819999999999743e-01  9.296530483772167e-01
3.820999999999742e-01  9.296175356307688e-01
3.821999999999742e-01  9.295820149447324e-01
3.822999999999742e-01  9.295464863201212e-01
3.823999999999742e-01  9.295109497579491e-01
3.824999999999742e-01  9.294754052592303e-01
3.825999999999742e-01  9.294398528249792e-01
3.826999999999742e-01  9.294042924562101e-01
3.827999999999742e-01  9.293687241539379e-01
3.828999999999742e-01  9.293331479191773e-01
3.829999999999741e-01  9.292975637529435e-01
3.830999999999741e-01  9.292619716562518e-01
3.831999999999741e-01  9.292263716301177e-01
3.832999999999741e-01  9.291907636755569e-01
3.833999999999741e-01  9.291551477935852e-01
3.834999999999741e-01  9.291195239852188e-01
3.835999999999741e-01  9.290838922514739e-01
3.836999999999741e-01  9.290482525933672e-01
3.837999999999741e-01  9.290126050119152e-01
3.838999999999740e-01  9.289769495081348e-01
3.839999999999740e-01  9.289412860830432e-01
3.840999999999740e-01  9.289056147376575e-01
3.841999999999740e-01  9.288699354729955e-01
3.842999999999740e-01  9.288342482900745e-01
3.843999999999740e-01  9.287985531899128e-01
3.844999999999740e-01  9.287628501735281e-01
3.845999999999740e-01  9.287271392419390e-01
3.846999999999740e-01  9.286914203961637e-01
3.847999999999739e-01  9.286556936372211e-01
3.848999999999739e-01  9.286199589661299e-01
3.849999999999739e-01  9.285842163839093e-01
3.850999999999739e-01  9.285484658915786e-01
3.851999999999739e-01  9.285127074901571e-01
3.852999999999739e-01  9.284769411806646e-01
3.853999999999739e-01  9.284411669641209e-01
3.854999999999739e-01  9.284053848415461e-01
3.855999999999739e-01  9.283695948139604e-01
3.856999999999738e-01  9.283337968823844e-01
3.857999999999738e-01  9.282979910478386e-01
3.858999999999738e-01  9.282621773113440e-01
3.859999999999738e-01  9.282263556739215e-01
3.860999999999738e-01  9.281905261365925e-01
3.861999999999738e-01  9.281546887003783e-01
3.862999999999738e-01  9.281188433663007e-01
3.863999999999738e-01  9.280829901353814e-01
3.864999999999738e-01  9.280471290086426e-01
3.865999999999737e-01  9.280112599871064e-01
3.866999999999737e-01  9.279753830717953e-01
3.867999999999737e-01  9.279394982637319e-01
3.868999999999737e-01  9.279036055639390e-01
3.869999999999737e-01  9.278677049734397e-01
3.870999999999737e-01  9.278317964932573e-01
3.871999999999737e-01  9.277958801244150e-01
3.872999999999737e-01  9.277599558679366e-01
3.873999999999737e-01  9.277240237248459e-01
3.874999999999736e-01  9.276880836961667e-01
3.875999999999736e-01  9.276521357829235e-01
3.876999999999736e-01  9.276161799861405e-01
3.877999999999736e-01  9.275802163068425e-01
3.878999999999736e-01  9.275442447460541e-01
3.879999999999736e-01  9.275082653048005e-01
3.880999999999736e-01  9.274722779841066e-01
3.881999999999736e-01  9.274362827849980e-01
3.882999999999736e-01  9.274002797085003e-01
3.883999999999735e-01  9.273642687556392e-01
3.884999999999735e-01  9.273282499274407e-01
3.885999999999735e-01  9.272922232249310e-01
3.886999999999735e-01  9.272561886491365e-01
3.887999999999735e-01  9.272201462010837e-01
3.888999999999735e-01  9.271840958817994e-01
3.889999999999735e-01  9.271480376923106e-01
3.890999999999735e-01  9.271119716336443e-01
3.891999999999735e-01  9.270758977068281e-01
3.892999999999735e-01  9.270398159128893e-01
3.893999999999734e-01  9.270037262528559e-01
3.894999999999734e-01  9.269676287277556e-01
3.895999999999734e-01  9.269315233386167e-01
3.896999999999734e-01  9.268954100864675e-01
3.897999999999734e-01  9.268592889723364e-01
3.898999999999734e-01  9.268231599972523e-01
3.899999999999734e-01  9.267870231622440e-01
3.900999999999734e-01  9.267508784683407e-01
3.901999999999734e-01  9.267147259165717e-01
3.902999999999733e-01  9.266785655079665e-01
3.903999999999733e-01  9.266423972435547e-01
3.904999999999733e-01  9.266062211243663e-01
3.905999999999733e-01  9.265700371514314e-01
3.906999999999733e-01  9.265338453257802e-01
3.907999999999733e-01  9.264976456484433e-01
3.908999999999733e-01  9.264614381204513e-01
3.909999999999733e-01  9.264252227428352e-01
3.910999999999733e-01  9.263889995166260e-01
3.911999999999732e-01  9.263527684428550e-01
3.912999999999732e-01  9.263165295225535e-01
3.913999999999732e-01  9.262802827567533e-01
3.914999999999732e-01  9.262440281464862e-01
3.915999999999732e-01  9.262077656927843e-01
3.916999999999732e-01  9.261714953966798e-01
3.917999999999732e-01  9.261352172592051e-01
3.918999999999732e-01  9.260989312813929e-01
3.919999999999732e-01  9.260626374642760e-01
3.920999999999731e-01  9.260263358088874e-01
3.921999999999731e-01  9.259900263162603e-01
3.922999999999731e-01  9.259537089874281e-01
3.923999999999731e-01  9.259173838234246e-01
3.924999999999731e-01  9.258810508252834e-01
3.925999999999731e-01  9.258447099940385e-01
3.926999999999731e-01  9.258083613307241e-01
3.927999999999731e-01  9.257720048363747e-01
3.928999999999731e-01  9.257356405120247e-01
3.929999999999730e-01  9.256992683587090e-01
3.930999999999730e-01  9.256628883774625e-01
3.931999999999730e-01  9.256265005693204e-01
3.932999999999730e-01  9.255901049353180e-01
3.933999999999730e-01  9.255537014764909e-01
3.934999999999730e-01  9.255172901938747e-01
3.935999999999730e-01  9.254808710885056e-01
3.936999999999730e-01  9.254444441614196e-01
3.937999999999730e-01  9.254080094136530e-01
3.938999999999729e-01  9.253715668462422e-01
3.939999999999729e-01  9.253351164602241e-01
3.940999999999729e-01  9.252986582566356e-01
3.941999999999729e-01  9.252621922365137e-01
3.942999999999729e-01  9.252257184008957e-01
3.943999999999729e-01  9.251892367508192e-01
3.944999999999729e-01  9.251527472873218e-01
3.945999999999729e-01  9.251162500114413e-01
3.946999999999729e-01  9.250797449242159e-01
3.947999999999728e-01  9.250432320266837e-01
3.948999999999728e-01  9.250067113198833e-01
3.949999999999728e-01  9.249701828048533e-01
3.950999999999728e-01  9.249336464826325e-01
3.951999999999728e-01  9.248971023542600e-01
3.952999999999728e-01  9.248605504207750e-01
3.953999999999728e-01  9.248239906832169e-01
3.954999999999728e-01  9.247874231426252e-01
3.955999999999728e-01  9.247508478000399e-01
3.956999999999727e-01  9.247142646565010e-01
3.957999999999727e-01  9.246776737130485e-01
3.958999999999727e-01  9.246410749707230e-01
3.959999999999727e-01  9.246044684305649e-01
3.960999999999727e-01  9.245678540936150e-01
3.961999999999727e-01  9.245312319609144e-01
3.962999999999727e-01  9.244946020335041e-01
3.963999999999727e-01  9.244579643124256e-01
3.964999999999727e-01  9.244213187987202e-01
3.965999999999726e-01  9.243846654934299e-01
3.966999999999726e-01  9.243480043975965e-01
3.967999999999726e-01  9.243113355122620e-01
3.968999999999726e-01  9.242746588384688e-01
3.969999999999726e-01  9.242379743772595e-01
3.970999999999726e-01  9.242012821296768e-01
3.971999999999726e-01  9.241645820967634e-01
3.972999999999726e-01  9.241278742795626e-01
3.973999999999726e-01  9.240911586791174e-01
3.974999999999725e-01  9.240544352964715e-01
3.975999999999725e-01  9.240177041326685e-01
3.976999999999725e-01  9.239809651887522e-01
3.977999999999725e-01  9.239442184657666e-01
3.978999999999725e-01  9.239074639647560e-01
3.979999999999725e-01  9.238707016867648e-01
3.980999999999725e-01  9.238339316328377e-01
3.981999999999725e-01  9.237971538040194e-01
3.982999999999725e-01  9.237603682013549e-01
3.983999999999724e-01  9.237235748258894e-01
3.984999999999724e-01  9.236867736786684e-01
3.985999999999724e-01  9.236499647607372e-01
3.986999999999724e-01  9.236131480731419e-01
3.987999999999724e-01  9.235763236169282e-01
3.988999999999724e-01  9.235394913931424e-01
3.989999999999724e-01  9.235026514028307e-01
3.990999999999724e-01  9.234658036470398e-01
3.991999999999724e-01  9.234289481268162e-01
3.992999999999723e-01  9.233920848432070e-01
3.993999999999723e-01  9.233552137972593e-01
3.994999999999723e-01  9.233183349900203e-01
3.995999999999723e-01  9.232814484225375e-01
3.996999999999723e-01  9.232445540958585e-01
3.997999999999723e-01  9.232076520110313e-01
3.998999999999723e-01  9.231707421691039e-01
3.999999999999723e-01  9.231338245711246e-01
4.000999999999723e-01  9.230968992181418e-01
4.001999999999722e-01  9.230599661112040e-01
4.002999999999722e-01  9.230230252513603e-01
4.003999999999722e-01  9.229860766396595e-01
4.004999999999722e-01  9.229491202771508e-01
4.005999999999722e-01  9.229121561648838e-01
4.006999999999722e-01  9.228751843039078e-01
4.007999999999722e-01  9.228382046952728e-01
4.008999999999722e-01  9.228012173400286e-01
4.009999999999722e-01  9.227642222392255e-01
4.010999999999722e-01  9.227272193939137e-01
4.011999999999721e-01  9.226902088051437e-01
4.012999999999721e-01  9.226531904739664e-01
4.013999999999721e-01  9.226161644014327e-01
4.014999999999721e-01  9.225791305885936e-01
4.015999999999721e-01  9.225420890365005e-01
4.016999999999721e-01  9.225050397462048e-01
4.017999999999721e-01  9.224679827187582e-01
4.018999999999721e-01  9.224309179552126e-01
4.019999999999721e-01  9.223938454566200e-01
4.020999999999720e-01  9.223567652240326e-01
4.021999999999720e-01  9.223196772585030e-01
4.022999999999720e-01  9.222825815610836e-01
4.023999999999720e-01  9.222454781328273e-01
4.024999999999720e-01  9.222083669747873e-01
4.025999999999720e-01  9.221712480880165e-01
4.026999999999720e-01  9.221341214735685e-01
4.027999999999720e-01  9.220969871324968e-01
4.028999999999720e-01  9.220598450658550e-01
4.029999999999719e-01  9.220226952746974e-01
4.030999999999719e-01  9.219855377600779e-01
4.031999999999719e-01  9.219483725230507e-01
4.032999999999719e-01  9.219111995646706e-01
4.033999999999719e-01  9.218740188859922e-01
4.034999999999719e-01  9.218368304880703e-01
4.035999999999719e-01  9.217996343719601e-01
4.036999999999719e-01  9.217624305387169e-01
4.037999999999719e-01  9.217252189893961e-01
4.038999999999718e-01  9.216879997250533e-01
4.039999999999718e-01  9.216507727467445e-01
4.040999999999718e-01  9.216135380555255e-01
4.041999999999718e-01  9.215762956524527e-01
4.042999999999718e-01  9.215390455385825e-01
4.043999999999718e-01  9.215017877149714e-01
4.044999999999718e-01  9.214645221826762e-01
4.045999999999718e-01  9.214272489427539e-01
4.046999999999718e-01  9.213899679962616e-01
4.047999999999717e-01  9.213526793442568e-01
4.048999999999717e-01  9.213153829877969e-01
4.049999999999717e-01  9.212780789279398e-01
4.050999999999717e-01  9.212407671657432e-01
4.051999999999717e-01  9.212034477022654e-01
4.052999999999717e-01  9.211661205385645e-01
4.053999999999717e-01  9.211287856756991e-01
4.054999999999717e-01  9.210914431147278e-01
4.055999999999717e-01  9.210540928567095e-01
4.056999999999716e-01  9.210167349027032e-01
4.057999999999716e-01  9.209793692537682e-01
4.058999999999716e-01  9.209419959109639e-01
4.059999999999716e-01  9.209046148753499e-01
4.060999999999716e-01  9.208672261479860e-01
4.061999999999716e-01  9.208298297299321e-01
4.062999999999716e-01  9.207924256222485e-01
4.063999999999716e-01  9.207550138259954e-01
4.064999999999716e-01  9.207175943422335e-01
4.065999999999715e-01  9.206801671720235e-01
4.066999999999715e-01  9.206427323164262e-01
4.067999999999715e-01  9.206052897765029e-01
4.068999999999715e-01  9.205678395533148e-01
4.069999999999715e-01  9.205303816479233e-01
4.070999999999715e-01  9.204929160613903e-01
4.071999999999715e-01  9.204554427947774e-01
4.072999999999715e-01  9.204179618491468e-01
4.073999999999715e-01  9.203804732255607e-01
4.074999999999714e-01  9.203429769250815e-01
4.075999999999714e-01  9.203054729487717e-01
4.076999999999714e-01  9.202679612976944e-01
4.077999999999714e-01  9.202304419729123e-01
4.078999999999714e-01  9.201929149754886e-01
4.079999999999714e-01  9.201553803064868e-01
4.080999999999714e-01  9.201178379669703e-01
4.081999999999714e-01  9.200802879580029e-01
4.082999999999714e-01  9.200427302806484e-01
4.083999999999713e-01  9.200051649359711e-01
4.084999999999713e-01  9.199675919250351e-01
4.085999999999713e-01  9.199300112489049e-01
4.086999999999713e-01  9.198924229086454e-01
4.087999999999713e-01  9.198548269053210e-01
4.088999999999713e-01  9.198172232399972e-01
4.089999999999713e-01  9.197796119137389e-01
4.090999999999713e-01  9.197419929276116e-01
4.091999999999713e-01  9.197043662826809e-01
4.092999999999712e-01  9.196667319800127e-01
4.093999999999712e-01  9.196290900206727e-01
4.094999999999712e-01  9.195914404057273e-01
4.095999999999712e-01  9.195537831362427e-01
4.096999999999712e-01  9.195161182132854e-01
4.097999999999712e-01  9.194784456379221e-01
4.098999999999712e-01  9.194407654112199e-01
4.099999999999712e-01  9.194030775342457e-01
4.100999999999712e-01  9.193653820080667e-01
4.101999999999711e-01  9.193276788337506e-01
4.102999999999711e-01  9.192899680123648e-01
4.103999999999711e-01  9.192522495449773e-01
4.104999999999711e-01  9.192145234326560e-01
4.105999999999711e-01  9.191767896764691e-01
4.106999999999711e-01  9.191390482774849e-01
4.107999999999711e-01  9.191012992367722e-01
4.108999999999711e-01  9.190635425553996e-01
4.109999999999711e-01  9.190257782344360e-01
4.110999999999710e-01  9.189880062749506e-01
4.111999999999710e-01  9.189502266780126e-01
4.112999999999710e-01  9.189124394446916e-01
4.113999999999710e-01  9.188746445760573e-01
4.114999999999710e-01  9.188368420731794e-01
4.115999999999710e-01  9.187990319371281e-01
4.116999999999710e-01  9.187612141689736e-01
4.117999999999710e-01  9.187233887697863e-01
4.118999999999710e-01  9.186855557406368e-01
4.119999999999710e-01  9.186477150825959e-01
4.120999999999709e-01  9.186098667967345e-01
4.121999999999709e-01  9.185720108841238e-01
4.122999999999709e-01  9.185341473458352e-01
4.123999999999709e-01  9.184962761829400e-01
4.124999999999709e-01  9.184583973965103e-01
4.125999999999709e-01  9.184205109876177e-01
4.126999999999709e-01  9.183826169573344e-01
4.127999999999709e-01  9.183447153067326e-01
4.128999999999709e-01  9.183068060368847e-01
4.129999999999708e-01  9.182688891488635e-01
4.130999999999708e-01  9.182309646437417e-01
4.131999999999708e-01  9.181930325225922e-01
4.132999999999708e-01  9.181550927864883e-01
4.133999999999708e-01  9.181171454365035e-01
4.134999999999708e-01  9.180791904737111e-01
4.135999999999708e-01  9.180412278991851e-01
4.136999999999708e-01  9.180032577139992e-01
4.137999999999708e-01  9.179652799192275e-01
4.138999999999707e-01  9.179272945159445e-01
4.139999999999707e-01  9.178893015052244e-01
4.140999999999707e-01  9.178513008881420e-01
4.141999999999707e-01  9.178132926657723e-01
4.142999999999707e-01  9.177752768391900e-01
4.143999999999707e-01  9.177372534094705e-01
4.144999999999707e-01  9.176992223776893e-01
4.145999999999707e-01  9.176611837449218e-01
4.146999999999707e-01  9.176231375122437e-01
4.147999999999706e-01  9.175850836807310e-01
4.148999999999706e-01  9.175470222514599e-01
4.149999999999706e-01  9.175089532255067e-01
4.150999999999706e-01  9.174708766039479e-01
4.151999999999706e-01  9.174327923878600e-01
4.152999999999706e-01  9.173947005783201e-01
4.153999999999706e-01  9.173566011764050e-01
4.154999999999706e-01  9.173184941831922e-01
4.155999999999706e-01  9.172803795997589e-01
4.156999999999705e-01  9.172422574271828e-01
4.157999999999705e-01  9.172041276665416e-01
4.158999999999705e-01  9.171659903189132e-01
4.159999999999705e-01  9.171278453853758e-01
4.160999999999705e-01  9.170896928670078e-01
4.161999999999705e-01  9.170515327648876e-01
4.162999999999705e-01  9.170133650800939e-01
4.163999999999705e-01  9.169751898137056e-01
4.164999999999705e-01  9.169370069668018e-01
4.165999999999704e-01  9.168988165404617e-01
4.166999999999704e-01  9.168606185357646e-01
4.167999999999704e-01  9.168224129537902e-01
4.168999999999704e-01  9.167841997956183e-01
4.169999999999704e-01  9.167459790623288e-01
4.170999999999704e-01  9.167077507550019e-01
4.171999999999704e-01  9.166695148747179e-01
4.172999999999704e-01  9.166312714225574e-01
4.173999999999704e-01  9.165930203996009e-01
4.174999999999703e-01  9.165547618069294e-01
4.175999999999703e-01  9.165164956456240e-01
4.176999999999703e-01  9.164782219167659e-01
4.177999999999703e-01  9.164399406214364e-01
4.178999999999703e-01  9.164016517607172e-01
4.179999999999703e-01  9.163633553356901e-01
4.180999999999703e-01  9.163250513474371e-01
4.181999999999703e-01  9.162867397970403e-01
4.182999999999703e-01  9.162484206855820e-01
4.183999999999702e-01  9.162100940141447e-01
4.184999999999702e-01  9.161717597838112e-01
4.185999999999702e-01  9.161334179956642e-01
4.186999999999702e-01  9.160950686507868e-01
4.187999999999702e-01  9.160567117502624e-01
4.188999999999702e-01  9.160183472951743e-01
4.189999999999702e-01  9.159799752866061e-01
4.190999999999702e-01  9.159415957256416e-01
4.191999999999702e-01  9.159032086133647e-01
4.192999999999701e-01  9.158648139508596e-01
4.193999999999701e-01  9.158264117392106e-01
4.194999999999701e-01  9.157880019795023e-01
4.195999999999701e-01  9.157495846728192e-01
4.196999999999701e-01  9.157111598202463e-01
4.197999999999701e-01  9.156727274228686e-01
4.198999999999701e-01  9.156342874817714e-01
4.199999999999701e-01  9.155958399980401e-01
4.200999999999701e-01  9.155573849727602e-01
4.201999999999700e-01  9.155189224070175e-01
4.202999999999700e-01  9.154804523018979e-01
4.203999999999700e-01  9.154419746584876e-01
4.204999999999700e-01  9.154034894778730e-01
4.205999999999700e-01  9.153649967611405e-01
4.206999999999700e-01  9.153264965093767e-01
4.207999999999700e-01  9.152879887236686e-01
4.208999999999700e-01  9.152494734051031e-01
4.209999999999700e-01  9.152109505547674e-01
4.210999999999699e-01  9.151724201737491e-01
4.211999999999699e-01  9.151338822631356e-01
4.212999999999699e-01  9.150953368240147e-01
4.213999999999699e-01  9.150567838574742e-01
4.214999999999699e-01  9.150182233646025e-01
4.215999999999699e-01  9.149796553464876e-01
4.216999999999699e-01  9.149410798042182e-01
4.217999999999699e-01  9.149024967388829e-01
4.218999999999699e-01  9.148639061515704e-01
4.219999999999698e-01  9.148253080433699e-01
4.220999999999698e-01  9.147867024153705e-01
4.221999999999698e-01  9.147480892686616e-01
4.222999999999698e-01  9.147094686043327e-01
4.223999999999698e-01  9.146708404234735e-01
4.224999999999698e-01  9.146322047271740e-01
4.225999999999698e-01  9.145935615165243e-01
4.226999999999698e-01  9.145549107926145e-01
4.227999999999698e-01  9.145162525565353e-01
4.228999999999697e-01  9.144775868093773e-01
4.229999999999697e-01  9.144389135522312e-01
4.230999999999697e-01  9.144002327861879e-01
4.231999999999697e-01  9.143615445123386e-01
4.232999999999697e-01  9.143228487317748e-01
4.233999999999697e-01  9.142841454455880e-01
4.234999999999697e-01  9.142454346548698e-01
4.235999999999697e-01  9.142067163607123e-01
4.236999999999697e-01  9.141679905642073e-01
4.237999999999697e-01  9.141292572664471e-01
4.238999999999696e-01  9.140905164685241e-01
4.239999999999696e-01  9.140517681715310e-01
4.240999999999696e-01  9.140130123765605e-01
4.241999999999696e-01  9.139742490847056e-01
4.242999999999696e-01  9.139354782970595e-01
4.243999999999696e-01  9.138967000147153e-01
4.244999999999696e-01  9.138579142387667e-01
4.245999999999696e-01  9.138191209703073e-01
4.246999999999696e-01  9.137803202104309e-01
4.247999999999695e-01  9.137415119602316e-01
4.248999999999695e-01  9.137026962208035e-01
4.249999999999695e-01  9.136638729932410e-01
4.250999999999695e-01  9.136250422786388e-01
4.251999999999695e-01  9.135862040780915e-01
4.252999999999695e-01  9.135473583926942e-01
4.253999999999695e-01  9.135085052235418e-01
4.254999999999695e-01  9.134696445717295e-01
4.255999999999695e-01  9.134307764383530e-01
4.256999999999694e-01  9.133919008245078e-01
4.257999999999694e-01  9.133530177312897e-01
4.258999999999694e-01  9.133141271597948e-01
4.259999999999694e-01  9.132752291111190e-01
4.260999999999694e-01  9.132363235863589e-01
4.261999999999694e-01  9.131974105866109e-01
4.262999999999694e-01  9.131584901129717e-01
4.263999999999694e-01  9.131195621665381e-01
4.264999999999694e-01  9.130806267484073e-01
4.265999999999693e-01  9.130416838596764e-01
4.266999999999693e-01  9.130027335014430e-01
4.267999999999693e-01  9.129637756748045e-01
4.268999999999693e-01  9.129248103808587e-01
4.269999999999693e-01  9.128858376207035e-01
4.270999999999693e-01  9.128468573954371e-01
4.271999999999693e-01  9.128078697061578e-01
4.272999999999693e-01  9.127688745539639e-01
4.273999999999693e-01  9.127298719399543e-01
4.274999999999692e-01  9.126908618652275e-01
4.275999999999692e-01  9.126518443308828e-01
4.276999999999692e-01  9.126128193380192e-01
4.277999999999692e-01  9.125737868877360e-01
4.278999999999692e-01  9.125347469811330e-01
4.279999999999692e-01  9.124956996193097e-01
4.280999999999692e-01  9.124566448033660e-01
4.281999999999692e-01  9.124175825344020e-01
4.282999999999692e-01  9.123785128135179e-01
4.283999999999691e-01  9.123394356418141e-01
4.284999999999691e-01  9.123003510203912e-01
4.285999999999691e-01  9.122612589503499e-01
4.286999999999691e-01  9.122221594327913e-01
4.287999999999691e-01  9.121830524688164e-01
4.288999999999691e-01  9.121439380595265e-01
4.289999999999691e-01  9.121048162060231e-01
4.290999999999691e-01  9.120656869094079e-01
4.291999999999691e-01  9.120265501707826e-01
4.292999999999690e-01  9.119874059912493e-01
4.293999999999690e-01  9.119482543719101e-01
4.294999999999690e-01  9.119090953138673e-01
4.295999999999690e-01  9.118699288182236e-01
4.296999999999690e-01  9.118307548860816e-01
4.297999999999690e-01  9.117915735185441e-01
4.298999999999690e-01  9.117523847167143e-01
4.299999999999690e-01  9.117131884816952e-01
4.300999999999690e-01  9.116739848145905e-01
4.301999999999689e-01  9.116347737165036e-01
4.302999999999689e-01  9.115955551885383e-01
4.303999999999689e-01  9.115563292317985e-01
4.304999999999689e-01  9.115170958473884e-01
4.305999999999689e-01  9.114778550364121e-01
4.306999999999689e-01  9.114386067999742e-01
4.307999999999689e-01  9.113993511391794e-01
4.308999999999689e-01  9.113600880551322e-01
4.309999999999689e-01  9.113208175489379e-01
4.310999999999688e-01  9.112815396217016e-01
4.311999999999688e-01  9.112422542745284e-01
4.312999999999688e-01  9.112029615085241e-01
4.313999999999688e-01  9.111636613247942e-01
4.314999999999688e-01  9.111243537244447e-01
4.315999999999688e-01  9.110850387085815e-01
4.316999999999688e-01  9.110457162783108e-01
4.317999999999688e-01  9.110063864347391e-01
4.318999999999688e-01  9.109670491789729e-01
4.319999999999687e-01  9.109277045121188e-01
4.320999999999687e-01  9.108883524352839e-01
4.321999999999687e-01  9.108489929495751e-01
4.322999999999687e-01  9.108096260560998e-01
4.323999999999687e-01  9.107702517559654e-01
4.324999999999687e-01  9.107308700502794e-01
4.325999999999687e-01  9.106914809401497e-01
4.326999999999687e-01  9.106520844266842e-01
4.327999999999687e-01  9.106126805109911e-01
4.328999999999686e-01  9.105732691941786e-01
4.329999999999686e-01  9.105338504773551e-01
4.330999999999686e-01  9.104944243616294e-01
4.331999999999686e-01  9.104549908481103e-01
4.332999999999686e-01  9.104155499379067e-01
4.333999999999686e-01  9.103761016321279e-01
4.334999999999686e-01  9.103366459318831e-01
4.335999999999686e-01  9.102971828382820e-01
4.336999999999686e-01  9.102577123524341e-01
4.337999999999685e-01  9.102182344754494e-01
4.338999999999685e-01  9.101787492084378e-01
4.339999999999685e-01  9.101392565525096e-01
4.340999999999685e-01  9.100997565087752e-01
4.341999999999685e-01  9.100602490783452e-01
4.342999999999685e-01  9.100207342623302e-01
4.343999999999685e-01  9.099812120618412e-01
4.344999999999685e-01  9.099416824779892e-01
4.345999999999685e-01  9.099021455118855e-01
4.346999999999684e-01  9.098626011646416e-01
4.347999999999684e-01  9.098230494373689e-01
4.348999999999684e-01  9.097834903311793e-01
4.349999999999684e-01  9.097439238471848e-01
4.350999999999684e-01  9.097043499864975e-01
4.351999999999684e-01  9.096647687502296e-01
4.352999999999684e-01  9.096251801394936e-01
4.353999999999684e-01  9.095855841554021e-01
4.354999999999684e-01  9.095459807990680e-01
4.355999999999684e-01  9.095063700716042e-01
4.356999999999683e-01  9.094667519741239e-01
4.357999999999683e-01  9.094271265077404e-01
4.358999999999683e-01  9.093874936735672e-01
4.359999999999683e-01  9.093478534727180e-01
4.360999999999683e-01  9.093082059063066e-01
4.361999999999683e-01  9.092685509754470e-01
4.362999999999683e-01  9.092288886812535e-01
4.363999999999683e-01  9.091892190248404e-01
4.364999999999683e-01  9.091495420073221e-01
4.365999999999682e-01  9.091098576298136e-01
4.366999999999682e-01  9.090701658934295e-01
4.367999999999682e-01  9.090304667992849e-01
4.368999999999682e-01  9.089907603484951e-01
4.369999999999682e-01  9.089510465421755e-01
4.370999999999682e-01  9.089113253814416e-01
4.371999999999682e-01  9.088715968674091e-01
4.372999999999682e-01  9.088318610011941e-01
4.373999999999682e-01  9.087921177839124e-01
4.374999999999681e-01  9.087523672166806e-01
4.375999999999681e-01  9.087126093006149e-01
4.376999999999681e-01  9.086728440368319e-01
4.377999999999681e-01  9.086330714264484e-01
4.378999999999681e-01  9.085932914705814e-01
4.379999999999681e-01  9.085535041703480e-01
4.380999999999681e-01  9.085137095268653e-01
4.381999999999681e-01  9.084739075412509e-01
4.382999999999681e-01  9.084340982146224e-01
4.383999999999680e-01  9.083942815480976e-01
4.384999999999680e-01  9.083544575427945e-01
4.385999999999680e-01  9.083146261998313e-01
4.386999999999680e-01  9.082747875203262e-01
4.387999999999680e-01  9.082349415053976e-01
4.388999999999680e-01  9.081950881561643e-01
4.389999999999680e-01  9.081552274737452e-01
4.390999999999680e-01  9.081153594592591e-01
4.391999999999680e-01  9.080754841138253e-01
4.392999999999679e-01  9.080356014385631e-01
4.393999999999679e-01  9.079957114345919e-01
4.394999999999679e-01  9.079558141030315e-01
4.395999999999679e-01  9.079159094450017e-01
4.396999999999679e-01  9.078759974616225e-01
4.397999999999679e-01  9.078360781540141e-01
4.398999999999679e-01  9.077961515232970e-01
4.399999999999679e-01  9.077562175705914e-01
4.400999999999679e-01  9.077162762970183e-01
4.401999999999678e-01  9.076763277036985e-01
4.402999999999678e-01  9.076363717917530e-01
4.403999999999678e-01  9.075964085623031e-01
4.404999999999678e-01  9.075564380164700e-01
4.405999999999678e-01  9.075164601553753e-01
4.406999999999678e-01  9.074764749801410e-01
4.407999999999678e-01  9.074364824918886e-01
4.408999999999678e-01  9.073964826917403e-01
4.409999999999678e-01  9.073564755808184e-01
4.410999999999677e-01  9.073164611602453e-01
4.411999999999677e-01  9.072764394311436e-01
4.412999999999677e-01  9.072364103946359e-01
4.413999999999677e-01  9.071963740518452e-01
4.414999999999677e-01  9.071563304038945e-01
4.415999999999677e-01  9.071162794519072e-01
4.416999999999677e-01  9.070762211970066e-01
4.417999999999677e-01  9.070361556403164e-01
4.418999999999677e-01  9.069960827829602e-01
4.419999999999676e-01  9.069560026260620e-01
4.420999999999676e-01  9.069159151707460e-01
4.421999999999676e-01  9.068758204181363e-01
4.422999999999676e-01  9.068357183693574e-01
4.423999999999676e-01  9.067956090255339e-01
4.424999999999676e-01  9.067554923877906e-01
4.425999999999676e-01  9.067153684572524e-01
4.426999999999676e-01  9.066752372350445e-01
4.427999999999676e-01  9.066350987222921e-01
4.428999999999675e-01  9.065949529201207e-01
4.429999999999675e-01  9.065547998296559e-01
4.430999999999675e-01  9.065146394520235e-01
4.431999999999675e-01  9.064744717883494e-01
4.432999999999675e-01  9.064342968397597e-01
4.433999999999675e-01  9.063941146073808e-01
4.434999999999675e-01  9.063539250923391e-01
4.435999999999675e-01  9.063137282957613e-01
4.436999999999675e-01  9.062735242187740e-01
4.437999999999674e-01  9.062333128625044e-01
4.438999999999674e-01  9.061930942280796e-01
4.439999999999674e-01  9.061528683166268e-01
4.440999999999674e-01  9.061126351292735e-01
4.441999999999674e-01  9.060723946671474e-01
4.442999999999674e-01  9.060321469313762e-01
4.443999999999674e-01  9.059918919230880e-01
4.444999999999674e-01  9.059516296434110e-01
4.445999999999674e-01  9.059113600934734e-01
4.446999999999673e-01  9.058710832744037e-01
4.447999999999673e-01  9.058307991873304e-01
4.448999999999673e-01  9.057905078333826e-01
4.449999999999673e-01  9.057502092136891e-01
4.450999999999673e-01  9.057099033293791e-01
4.451999999999673e-01  9.056695901815819e-01
4.452999999999673e-01  9.056292697714270e-01
4.453999999999673e-01  9.055889421000440e-01
4.454999999999673e-01  9.055486071685629e-01
4.455999999999672e-01  9.055082649781135e-01
4.456999999999672e-01  9.054679155298261e-01
4.457999999999672e-01  9.054275588248310e-01
4.458999999999672e-01  9.053871948642586e-01
4.459999999999672e-01  9.053468236492396e-01
4.460999999999672e-01  9.053064451809049e-01
4.461999999999672e-01  9.052660594603853e-01
4.462999999999672e-01  9.052256664888122e-01
4.463999999999672e-01  9.051852662673168e-01
4.464999999999672e-01  9.051448587970305e-01
4.465999999999671e-01  9.051044440790853e-01
4.466999999999671e-01  9.050640221146127e-01
4.467999999999671e-01  9.050235929047448e-01
4.468999999999671e-01  9.049831564506138e-01
4.469999999999671e-01  9.049427127533520e-01
4.470999999999671e-01  9.049022618140920e-01
4.471999999999671e-01  9.048618036339663e-01
4.472999999999671e-01  9.048213382141078e-01
4.473999999999671e-01  9.047808655556495e-01
4.474999999999670e-01  9.047403856597246e-01
4.475999999999670e-01  9.046998985274664e-01
4.476999999999670e-01  9.046594041600082e-01
4.477999999999670e-01  9.046189025584840e-01
4.478999999999670e-01  9.045783937240274e-01
4.479999999999670e-01  9.045378776577725e-01
4.480999999999670e-01  9.044973543608534e-01
4.481999999999670e-01  9.044568238344045e-01
4.482999999999670e-01  9.044162860795603e-01
4.483999999999669e-01  9.043757410974553e-01
4.484999999999669e-01  9.043351888892245e-01
4.485999999999669e-01  9.042946294560028e-01
4.486999999999669e-01  9.042540627989254e-01
4.487999999999669e-01  9.042134889191276e-01
4.488999999999669e-01  9.041729078177448e-01
4.489999999999669e-01  9.041323194959129e-01
4.490999999999669e-01  9.040917239547676e-01
4.491999999999669e-01  9.040511211954447e-01
4.492999999999668e-01  9.040105112190806e-01
4.493999999999668e-01  9.039698940268115e-01
4.494999999999668e-01  9.039292696197739e-01
4.495999999999668e-01  9.038886379991046e-01
4.496999999999668e-01  9.038479991659402e-01
4.497999999999668e-01  9.038073531214177e-01
4.498999999999668e-01  9.037666998666742e-01
4.499999999999668e-01  9.037260394028472e-01
4.500999999999668e-01  9.036853717310741e-01
4.501999999999667e-01  9.036446968524925e-01
4.502999999999667e-01  9.036040147682401e-01
4.503999999999667e-01  9.035633254794552e-01
4.504999999999667e-01  9.035226289872755e-01
4.505999999999667e-01  9.034819252928397e-01
4.506999999999667e-01  9.034412143972860e-01
4.507999999999667e-01  9.034004963017531e-01
4.508999999999667e-01  9.033597710073799e-01
4.509999999999667e-01  9.033190385153052e-01
4.510999999999666e-01  9.032782988266681e-01
4.511999999999666e-01  9.032375519426080e-01
4.512999999999666e-01  9.031967978642643e-01
4.513999999999666e-01  9.031560365927767e-01
4.514999999999666e-01  9.031152681292849e-01
4.515999999999666e-01  9.030744924749289e-01
4.516999999999666e-01  9.030337096308487e-01
4.517999999999666e-01  9.029929195981847e-01
4.518999999999666e-01  9.029521223780773e-01
4.519999999999665e-01  9.029113179716670e-01
4.520999999999665e-01  9.028705063800947e-01
4.521999999999665e-01  9.028296876045012e-01
4.522999999999665e-01  9.027888616460278e-01
4.523999999999665e-01  9.027480285058155e-01
4.524999999999665e-01  9.027071881850058e-01
4.525999999999665e-01  9.026663406847405e-01
4.526999999999665e-01  9.026254860061611e-01
4.527999999999665e-01  9.025846241504096e-01
4.528999999999664e-01  9.025437551186280e-01
4.529999999999664e-01  9.025028789119587e-01
4.530999999999664e-01  9.024619955315439e-01
4.531999999999664e-01  9.024211049785265e-01
4.532999999999664e-01  9.023802072540489e-01
4.533999999999664e-01  9.023393023592541e-01
4.534999999999664e-01  9.022983902952851e-01
4.535999999999664e-01  9.022574710632852e-01
4.536999999999664e-01  9.022165446643978e-01
4.537999999999663e-01  9.021756110997664e-01
4.538999999999663e-01  9.021346703705347e-01
4.539999999999663e-01  9.020937224778466e-01
4.540999999999663e-01  9.020527674228461e-01
4.541999999999663e-01  9.020118052066775e-01
4.542999999999663e-01  9.019708358304850e-01
4.543999999999663e-01  9.019298592954132e-01
4.544999999999663e-01  9.018888756026069e-01
4.545999999999663e-01  9.018478847532108e-01
4.546999999999662e-01  9.018068867483698e-01
4.547999999999662e-01  9.017658815892294e-01
4.548999999999662e-01  9.017248692769347e-01
4.549999999999662e-01  9.016838498126313e-01
4.550999999999662e-01  9.016428231974648e-01
4.551999999999662e-01  9.016017894325811e-01
4.552999999999662e-01  9.015607485191260e-01
4.553999999999662e-01  9.015197004582459e-01
4.554999999999662e-01  9.014786452510870e-01
4.555999999999661e-01  9.014375828987958e-01
4.556999999999661e-01  9.013965134025189e-01
4.557999999999661e-01  9.013554367634031e-01
4.558999999999661e-01  9.013143529825954e-01
4.559999999999661e-01  9.012732620612429e-01
4.560999999999661e-01  9.012321640004929e-01
4.561999999999661e-01  9.011910588014929e-01
4.562999999999661e-01  9.011499464653904e-01
4.563999999999661e-01  9.011088269933332e-01
4.564999999999660e-01  9.010677003864692e-01
4.565999999999660e-01  9.010265666459466e-01
4.566999999999660e-01  9.009854257729135e-01
4.567999999999660e-01  9.009442777685185e-01
4.568999999999660e-01  9.009031226339100e-01
4.569999999999660e-01  9.008619603702369e-01
4.570999999999660e-01  9.008207909786480e-01
4.571999999999660e-01  9.007796144602923e-01
4.572999999999660e-01  9.007384308163192e-01
4.573999999999659e-01  9.006972400478780e-01
4.574999999999659e-01  9.006560421561182e-01
4.575999999999659e-01  9.006148371421895e-01
4.576999999999659e-01  9.005736250072418e-01
4.577999999999659e-01  9.005324057524252e-01
4.578999999999659e-01  9.004911793788899e-01
4.579999999999659e-01  9.004499458877862e-01
4.580999999999659e-01  9.004087052802645e-01
4.581999999999659e-01  9.003674575574756e-01
4.582999999999659e-01  9.003262027205703e-01
4.583999999999658e-01  9.002849407706996e-01
4.584999999999658e-01  9.002436717090148e-01
4.585999999999658e-01  9.002023955366669e-01
4.586999999999658e-01  9.001611122548077e-01
4.587999999999658e-01  9.001198218645885e-01
4.588999999999658e-01  9.000785243671614e-01
4.589999999999658e-01  9.000372197636782e-01
4.590999999999658e-01  8.999959080552911e-01
4.591999999999658e-01  8.999545892431522e-01
4.592999999999657e-01  8.999132633284141e-01
4.593999999999657e-01  8.998719303122295e-01
4.594999999999657e-01  8.998305901957510e-01
4.595999999999657e-01  8.997892429801314e-01
4.596999999999657e-01  8.997478886665240e-01
4.597999999999657e-01  8.997065272560820e-01
4.598999999999657e-01  8.996651587499588e-01
4.599999999999657e-01  8.996237831493079e-01
4.600999999999657e-01  8.995824004552830e-01
4.601999999999656e-01  8.995410106690381e-01
4.602999999999656e-01  8.994996137917272e-01
4.603999999999656e-01  8.994582098245043e-01
4.604999999999656e-01  8.994167987685240e-01
4.605999999999656e-01  8.993753806249407e-01
4.606999999999656e-01  8.993339553949091e-01
4.607999999999656e-01  8.992925230795841e-01
4.608999999999656e-01  8.992510836801205e-01
4.609999999999656e-01  8.992096371976737e-01
4.610999999999655e-01  8.991681836333989e-01
4.611999999999655e-01  8.991267229884515e-01
4.612999999999655e-01  8.990852552639873e-01
4.613999999999655e-01  8.990437804611620e-01
4.614999999999655e-01  8.990022985811315e-01
4.615999999999655e-01  8.989608096250520e-01
4.616999999999655e-01  8.989193135940797e-01
4.617999999999655e-01  8.988778104893711e-01
4.618999999999655e-01  8.988363003120827e-01
4.619999999999654e-01  8.987947830633713e-01
4.620999999999654e-01  8.987532587443938e-01
4.621999999999654e-01  8.987117273563072e-01
4.622999999999654e-01  8.986701889002688e-01
4.623999999999654e-01  8.986286433774360e-01
4.624999999999654e-01  8.985870907889663e-01
4.625999999999654e-01  8.985455311360173e-01
4.626999999999654e-01  8.985039644197470e-01
4.627999999999654e-01  8.984623906413133e-01
4.628999999999653e-01  8.984208098018744e-01
4.629999999999653e-01  8.983792219025887e-01
4.630999999999653e-01  8.983376269446146e-01
4.631999999999653e-01  8.982960249291108e-01
4.632999999999653e-01  8.982544158572361e-01
4.633999999999653e-01  8.982127997301494e-01
4.634999999999653e-01  8.981711765490099e-01
4.635999999999653e-01  8.981295463149769e-01
4.636999999999653e-01  8.980879090292098e-01
4.637999999999652e-01  8.980462646928681e-01
4.638999999999652e-01  8.980046133071117e-01
4.639999999999652e-01  8.979629548731004e-01
4.640999999999652e-01  8.979212893919943e-01
4.641999999999652e-01  8.978796168649537e-01
4.642999999999652e-01  8.978379372931388e-01
4.643999999999652e-01  8.977962506777103e-01
4.644999999999652e-01  8.977545570198289e-01
4.645999999999652e-01  8.977128563206553e-01
4.646999999999651e-01  8.976711485813507e-01
4.647999999999651e-01  8.976294338030761e-01
4.648999999999651e-01  8.975877119869929e-01
4.649999999999651e-01  8.975459831342627e-01
4.650999999999651e-01  8.975042472460469e-01
4.651999999999651e-01  8.974625043235075e-01
4.652999999999651e-01  8.974207543678063e-01
4.653999999999651e-01  8.973789973801056e-01
4.654999999999651e-01  8.973372333615676e-01
4.655999999999650e-01  8.972954623133546e-01
4.656999999999650e-01  8.972536842366292e-01
4.657999999999650e-01  8.972118991325543e-01
4.658999999999650e-01  8.971701070022927e-01
4.659999999999650e-01  8.971283078470075e-01
4.660999999999650e-01  8.970865016678619e-01
4.661999999999650e-01  8.970446884660191e-01
4.662999999999650e-01  8.970028682426429e-01
4.663999999999650e-01  8.969610409988967e-01
4.664999999999649e-01  8.969192067359445e-01
4.665999999999649e-01  8.968773654549502e-01
4.666999999999649e-01  8.968355171570781e-01
4.667999999999649e-01  8.967936618434924e-01
4.668999999999649e-01  8.967517995153576e-01
4.669999999999649e-01  8.967099301738382e-01
4.670999999999649e-01  8.966680538200991e-01
4.671999999999649e-01  8.966261704553051e-01
4.672999999999649e-01  8.965842800806214e-01
4.673999999999648e-01  8.965423826972132e-01
4.674999999999648e-01  8.965004783062459e-01
4.675999999999648e-01  8.964585669088850e-01
4.676999999999648e-01  8.964166485062963e-01
4.677999999999648e-01  8.963747230996457e-01
4.678999999999648e-01  8.963327906900991e-01
4.679999999999648e-01  8.962908512788227e-01
4.680999999999648e-01  8.962489048669828e-01
4.681999999999648e-01  8.962069514557460e-01
4.682999999999647e-01  8.961649910462789e-01
4.683999999999647e-01  8.961230236397482e-01
4.684999999999647e-01  8.960810492373209e-01
4.685999999999647e-01  8.960390678401642e-01
4.686999999999647e-01  8.959970794494452e-01
4.687999999999647e-01  8.959550840663314e-01
4.688999999999647e-01  8.959130816919904e-01
4.689999999999647e-01  8.958710723275898e-01
4.690999999999647e-01  8.958290559742976e-01
4.691999999999647e-01  8.957870326332819e-01
4.692999999999646e-01  8.957450023057107e-01
4.693999999999646e-01  8.957029649927526e-01
4.694999999999646e-01  8.956609206955758e-01
4.695999999999646e-01  8.956188694153492e-01
4.696999999999646e-01  8.955768111532414e-01
4.697999999999646e-01  8.955347459104215e-01
4.698999999999646e-01  8.954926736880586e-01
4.699999999999646e-01  8.954505944873220e-01
4.700999999999646e-01  8.954085083093811e-01
4.701999999999645e-01  8.953664151554055e-01
4.702999999999645e-01  8.953243150265648e-01
4.703999999999645e-01  8.952822079240291e-01
4.704999999999645e-01  8.952400938489684e-01
4.705999999999645e-01  8.951979728025529e-01
4.706999999999645e-01  8.951558447859528e-01
4.707999999999645e-01  8.951137098003387e-01
4.708999999999645e-01  8.950715678468812e-01
4.709999999999645e-01  8.950294189267514e-01
4.710999999999644e-01  8.949872630411199e-01
4.711999999999644e-01  8.949451001911580e-01
4.712999999999644e-01  8.949029303780370e-01
4.713999999999644e-01  8.948607536029283e-01
4.714999999999644e-01  8.948185698670035e-01
4.715999999999644e-01  8.947763791714343e-01
4.716999999999644e-01  8.947341815173926e-01
4.717999999999644e-01  8.946919769060504e-01
4.718999999999644e-01  8.946497653385800e-01
4.719999999999643e-01  8.946075468161536e-01
4.720999999999643e-01  8.945653213399439e-01
4.721999999999643e-01  8.945230889111234e-01
4.722999999999643e-01  8.944808495308650e-01
4.723999999999643e-01  8.944386032003417e-01
4.724999999999643e-01  8.943963499207266e-01
4.725999999999643e-01  8.943540896931929e-01
4.726999999999643e-01  8.943118225189140e-01
4.727999999999643e-01  8.942695483990635e-01
4.728999999999642e-01  8.942272673348152e-01
4.729999999999642e-01  8.941849793273429e-01
4.730999999999642e-01  8.941426843778206e-01
4.731999999999642e-01  8.941003824874227e-01
4.732999999999642e-01  8.940580736573235e-01
4.733999999999642e-01  8.940157578886972e-01
4.734999999999642e-01  8.939734351827188e-01
4.735999999999642e-01  8.939311055405629e-01
4.736999999999642e-01  8.938887689634045e-01
4.737999999999641e-01  8.938464254524188e-01
4.738999999999641e-01  8.938040750087808e-01
4.739999999999641e-01  8.937617176336661e-01
4.740999999999641e-01  8.937193533282503e-01
4.741999999999641e-01  8.936769820937089e-01
4.742999999999641e-01  8.936346039312181e-01
4.743999999999641e-01  8.935922188419536e-01
4.744999999999641e-01  8.935498268270917e-01
4.745999999999641e-01  8.935074278878088e-01
4.746999999999640e-01  8.934650220252812e-01
4.747999999999640e-01  8.934226092406857e-01
4.748999999999640e-01  8.933801895351989e-01
4.749999999999640e-01  8.933377629099979e-01
4.750999999999640e-01  8.932953293662597e-01
4.751999999999640e-01  8.932528889051615e-01
4.752999999999640e-01  8.932104415278808e-01
4.753999999999640e-01  8.931679872355950e-01
4.754999999999640e-01  8.931255260294818e-01
4.755999999999639e-01  8.930830579107191e-01
4.756999999999639e-01  8.930405828804848e-01
4.757999999999639e-01  8.929981009399572e-01
4.758999999999639e-01  8.929556120903145e-01
4.759999999999639e-01  8.929131163327351e-01
4.760999999999639e-01  8.928706136683976e-01
4.761999999999639e-01  8.928281040984808e-01
4.762999999999639e-01  8.927855876241636e-01
4.763999999999639e-01  8.927430642466251e-01
4.764999999999638e-01  8.927005339670444e-01
4.765999999999638e-01  8.926579967866008e-01
4.766999999999638e-01  8.926154527064740e-01
4.767999999999638e-01  8.925729017278435e-01
4.768999999999638e-01  8.925303438518891e-01
4.769999999999638e-01  8.924877790797908e-01
4.770999999999638e-01  8.924452074127287e-01
4.771999999999638e-01  8.924026288518830e-01
4.772999999999638e-01  8.923600433984342e-01
4.773999999999637e-01  8.923174510535629e-01
4.774999999999637e-01  8.922748518184496e-01
4.775999999999637e-01  8.922322456942753e-01
4.776999999999637e-01  8.921896326822210e-01
4.777999999999637e-01  8.921470127834678e-01
4.778999999999637e-01  8.921043859991970e-01
4.779999999999637e-01  8.920617523305900e-01
4.780999999999637e-01  8.920191117788286e-01
4.781999999999637e-01  8.919764643450945e-01
4.782999999999636e-01  8.919338100305695e-01
4.783999999999636e-01  8.918911488364357e-01
4.784999999999636e-01  8.918484807638754e-01
4.785999999999636e-01  8.918058058140708e-01
4.786999999999636e-01  8.917631239882045e-01
4.787999999999636e-01  8.917204352874591e-01
4.788999999999636e-01  8.916777397130176e-01
4.789999999999636e-01  8.916350372660627e-01
4.790999999999636e-01  8.915923279477777e-01
4.791999999999635e-01  8.915496117593457e-01
4.792999999999635e-01  8.915068887019502e-01
4.793999999999635e-01  8.914641587767747e-01
4.794999999999635e-01  8.914214219850028e-01
4.795999999999635e-01  8.913786783278187e-01
4.796999999999635e-01  8.913359278064061e-01
4.797999999999635e-01  8.912931704219492e-01
4.798999999999635e-01  8.912504061756323e-01
4.799999999999635e-01  8.912076350686400e-01
4.800999999999634e-01  8.911648571021566e-01
4.801999999999634e-01  8.911220722773672e-01
4.802999999999634e-01  8.910792805954564e-01
4.803999999999634e-01  8.910364820576093e-01
4.804999999999634e-01  8.909936766650113e-01
4.805999999999634e-01  8.909508644188475e-01
4.806999999999634e-01  8.909080453203035e-01
4.807999999999634e-01  8.908652193705650e-01
4.808999999999634e-01  8.908223865708176e-01
4.809999999999634e-01  8.907795469222474e-01
4.810999999999633e-01  8.907367004260404e-01
4.811999999999633e-01  8.906938470833828e-01
4.812999999999633e-01  8.906509868954612e-01
4.813999999999633e-01  8.906081198634619e-01
4.814999999999633e-01  8.905652459885717e-01
4.815999999999633e-01  8.905223652719774e-01
4.816999999999633e-01  8.904794777148659e-01
4.817999999999633e-01  8.904365833184243e-01
4.818999999999633e-01  8.903936820838401e-01
4.819999999999632e-01  8.903507740123004e-01
4.820999999999632e-01  8.903078591049931e-01
4.821999999999632e-01  8.902649373631056e-01
4.822999999999632e-01  8.902220087878260e-01
4.823999999999632e-01  8.901790733803422e-01
4.824999999999632e-01  8.901361311418423e-01
4.825999999999632e-01  8.900931820735147e-01
4.826999999999632e-01  8.900502261765478e-01
4.827999999999632e-01  8.900072634521303e-01
4.828999999999631e-01  8.899642939014508e-01
4.829999999999631e-01  8.899213175256984e-01
4.830999999999631e-01  8.898783343260619e-01
4.831999999999631e-01  8.898353443037306e-01
4.832999999999631e-01  8.897923474598938e-01
4.833999999999631e-01  8.897493437957410e-01
4.834999999999631e-01  8.897063333124620e-01
4.835999999999631e-01  8.896633160112463e-01
4.836999999999631e-01  8.896202918932840e-01
4.837999999999630e-01  8.895772609597651e-01
4.838999999999630e-01  8.895342232118798e-01
4.839999999999630e-01  8.894911786508186e-01
4.840999999999630e-01  8.894481272777719e-01
4.841999999999630e-01  8.894050690939304e-01
4.842999999999630e-01  8.893620041004848e-01
4.843999999999630e-01  8.893189322986262e-01
4.844999999999630e-01  8.892758536895456e-01
4.845999999999630e-01  8.892327682744344e-01
4.846999999999629e-01  8.891896760544838e-01
4.847999999999629e-01  8.891465770308855e-01
4.848999999999629e-01  8.891034712048310e-01
4.849999999999629e-01  8.890603585775123e-01
4.850999999999629e-01  8.890172391501213e-01
4.851999999999629e-01  8.889741129238502e-01
4.852999999999629e-01  8.889309798998911e-01
4.853999999999629e-01  8.888878400794366e-01
4.854999999999629e-01  8.888446934636791e-01
4.855999999999628e-01  8.888015400538114e-01
4.856999999999628e-01  8.887583798510263e-01
4.857999999999628e-01  8.887152128565170e-01
4.858999999999628e-01  8.886720390714764e-01
4.859999999999628e-01  8.886288584970979e-01
4.860999999999628e-01  8.885856711345750e-01
4.861999999999628e-01  8.885424769851011e-01
4.862999999999628e-01  8.884992760498701e-01
4.863999999999628e-01  8.884560683300758e-01
4.864999999999627e-01  8.884128538269123e-01
4.865999999999627e-01  8.883696325415736e-01
4.866999999999627e-01  8.883264044752541e-01
4.867999999999627e-01  8.882831696291483e-01
4.868999999999627e-01  8.882399280044507e-01
4.869999999999627e-01  8.881966796023562e-01
4.870999999999627e-01  8.881534244240595e-01
4.871999999999627e-01  8.881101624707558e-01
4.872999999999627e-01  8.880668937436402e-01
4.873999999999626e-01  8.880236182439081e-01
4.874999999999626e-01  8.879803359727548e-01
4.875999999999626e-01  8.879370469313762e-01
4.876999999999626e-01  8.878937511209678e-01
4.877999999999626e-01  8.878504485427257e-01
4.878999999999626e-01  8.878071391978457e-01
4.879999999999626e-01  8.877638230875242e-01
4.880999999999626e-01  8.877205002129576e-01
4.881999999999626e-01  8.876771705753421e-01
4.882999999999625e-01  8.876338341758746e-01
4.883999999999625e-01  8.875904910157518e-01
4.884999999999625e-01  8.875471410961706e-01
4.885999999999625e-01  8.875037844183281e-01
4.886999999999625e-01  8.874604209834215e-01
4.887999999999625e-01  8.874170507926480e-01
4.888999999999625e-01  8.873736738472052e-01
4.889999999999625e-01  8.873302901482908e-01
4.890999999999625e-01  8.872868996971025e-01
4.891999999999624e-01  8.872435024948383e-01
4.892999999999624e-01  8.872000985426962e-01
4.893999999999624e-01  8.871566878418745e-01
4.894999999999624e-01  8.871132703935716e-01
4.895999999999624e-01  8.870698461989858e-01
4.896999999999624e-01  8.870264152593159e-01
4.897999999999624e-01  8.869829775757606e-01
4.898999999999624e-01  8.869395331495189e-01
4.899999999999624e-01  8.868960819817899e-01
4.900999999999623e-01  8.868526240737729e-01
4.901999999999623e-01  8.868091594266670e-01
4.902999999999623e-01  8.867656880416720e-01
4.903999999999623e-01  8.867222099199873e-01
4.904999999999623e-01  8.866787250628129e-01
4.905999999999623e-01  8.866352334713485e-01
4.906999999999623e-01  8.865917351467945e-01
4.907999999999623e-01  8.865482300903508e-01
4.908999999999623e-01  8.865047183032180e-01
4.909999999999622e-01  8.864611997865964e-01
4.910999999999622e-01  8.864176745416870e-01
4.911999999999622e-01  8.863741425696903e-01
4.912999999999622e-01  8.863306038718073e-01
4.913999999999622e-01  8.862870584492390e-01
4.914999999999622e-01  8.862435063031868e-01
4.915999999999622e-01  8.861999474348520e-01
4.916999999999622e-01  8.861563818454361e-01
4.917999999999622e-01  8.861128095361408e-01
4.918999999999622e-01  8.860692305081678e-01
4.919999999999621e-01  8.860256447627191e-01
4.920999999999621e-01  8.859820523009967e-01
4.921999999999621e-01  8.859384531242029e-01
4.922999999999621e-01  8.858948472335402e-01
4.923999999999621e-01  8.858512346302109e-01
4.924999999999621e-01  8.858076153154176e-01
4.925999999999621e-01  8.857639892903634e-01
4.926999999999621e-01  8.857203565562509e-01
4.927999999999621e-01  8.856767171142834e-01
4.928999999999620e-01  8.856330709656640e-01
4.929999999999620e-01  8.855894181115961e-01
4.930999999999620e-01  8.855457585532832e-01
4.931999999999620e-01  8.855020922919290e-01
4.932999999999620e-01  8.854584193287371e-01
4.933999999999620e-01  8.854147396649117e-01
4.934999999999620e-01  8.853710533016567e-01
4.935999999999620e-01  8.853273602401762e-01
4.936999999999620e-01  8.852836604816747e-01
4.937999999999619e-01  8.852399540273568e-01
4.938999999999619e-01  8.851962408784269e-01
4.939999999999619e-01  8.851525210360899e-01
4.940999999999619e-01  8.851087945015507e-01
4.941999999999619e-01  8.850650612760144e-01
4.942999999999619e-01  8.850213213606861e-01
4.943999999999619e-01  8.849775747567713e-01
4.944999999999619e-01  8.849338214654753e-01
4.945999999999619e-01  8.848900614880039e-01
4.946999999999618e-01  8.848462948255627e-01
4.947999999999618e-01  8.848025214793577e-01
4.948999999999618e-01  8.847587414505949e-01
4.949999999999618e-01  8.847149547404805e-01
4.950999999999618e-01  8.846711613502208e-01
4.951999999999618e-01  8.846273612810224e-01
4.952999999999618e-01  8.845835545340918e-01
4.953999999999618e-01  8.845397411106357e-01
4.954999999999618e-01  8.844959210118611e-01
4.955999999999617e-01  8.844520942389750e-01
4.956999999999617e-01  8.844082607931845e-01
4.957999999999617e-01  8.843644206756970e-01
4.958999999999617e-01  8.843205738877199e-01
4.959999999999617e-01  8.842767204304608e-01
4.960999999999617e-01  8.842328603051275e-01
4.961999999999617e-01  8.841889935129278e-01
4.962999999999617e-01  8.841451200550697e-01
4.963999999999617e-01  8.841012399327614e-01
4.964999999999616e-01  8.840573531472111e-01
4.965999999999616e-01  8.840134596996274e-01
4.966999999999616e-01  8.839695595912187e-01
4.967999999999616e-01  8.839256528231938e-01
4.968999999999616e-01  8.838817393967615e-01
4.969999999999616e-01  8.838378193131309e-01
4.970999999999616e-01  8.837938925735110e-01
4.971999999999616e-01  8.837499591791113e-01
4.972999999999616e-01  8.837060191311409e-01
4.973999999999615e-01  8.836620724308095e-01
4.974999999999615e-01  8.836181190793269e-01
4.975999999999615e-01  8.835741590779027e-01
4.976999999999615e-01  8.835301924277470e-01
4.977999999999615e-01  8.834862191300699e-01
4.978999999999615e-01  8.834422391860816e-01
4.979999999999615e-01  8.833982525969925e-01
4.980999999999615e-01  8.833542593640131e-01
4.981999999999615e-01  8.833102594883542e-01
4.982999999999614e-01  8.832662529712265e-01
4.983999999999614e-01  8.832222398138410e-01
4.984999999999614e-01  8.831782200174086e-01
4.985999999999614e-01  8.831341935831408e-01
4.986999999999614e-01  8.830901605122488e-01
4.987999999999614e-01  8.830461208059440e-01
4.988999999999614e-01  8.830020744654382e-01
4.989999999999614e-01  8.829580214919431e-01
4.990999999999614e-01  8.829139618866707e-01
4.991999999999613e-01  8.828698956508330e-01
4.992999999999613e-01  8.828258227856420e-01
4.993999999999613e-01  8.827817432923103e-01
4.994999999999613e-01  8.827376571720503e-01
4.995999999999613e-01  8.826935644260746e-01
4.996999999999613e-01  8.826494650555958e-01
4.997999999999613e-01  8.826053590618270e-01
4.998999999999613e-01  8.825612464459811e-01
4.999999999999613e-01  8.825171272092712e-01
