   0.0000000e+00   0.0000000e+00   0.0000000e+00
   4.0196305e-05   0.0000000e+00   0.0000000e+00
   2.4117783e-04   0.0000000e+00   0.0000000e+00
   1.2460855e-03   0.0000000e+00   0.0000000e+00
   6.2706236e-03   0.0000000e+00   0.0000000e+00
   1.6270624e-02   0.0000000e+00   0.0000000e+00
   1.7729996e-02   0.0000000e+00   0.0000000e+00
   1.7729996e-02   1.0000000e+00   8.7478441e-02
   1.7729996e-02   1.0000000e+00   8.7478441e-02
   2.7729996e-02   1.0000000e+00   8.7478441e-02
   3.7729996e-02   1.0000000e+00   8.7478441e-02
   4.7729996e-02   1.0000000e+00   8.7478441e-02
   5.3030304e-02   1.0000000e+00   8.7478441e-02
   5.3030304e-02   2.0000000e+00   1.7188427e-01
   5.3030304e-02   2.0000000e+00   1.7188427e-01
   6.3030304e-02   2.0000000e+00   1.7188427e-01
   7.3030304e-02   2.0000000e+00   1.7188427e-01
   8.3030304e-02   2.0000000e+00   1.7188427e-01
   9.3030304e-02   2.0000000e+00   1.7188427e-01
   1.0303030e-01   2.0000000e+00   1.7188427e-01
   1.0574027e-01   2.0000000e+00   1.7188427e-01
   1.0574027e-01   3.0000000e+00   2.5331047e-01
   1.0574027e-01   3.0000000e+00   2.5331047e-01
   1.1574027e-01   3.0000000e+00   2.5331047e-01
   1.2574027e-01   3.0000000e+00   2.5331047e-01
   1.3574027e-01   3.0000000e+00   2.5331047e-01
   1.4574027e-01   3.0000000e+00   2.5331047e-01
   1.5574027e-01   3.0000000e+00   2.5331047e-01
   1.6574027e-01   3.0000000e+00   2.5331047e-01
   1.7569843e-01   3.0000000e+00   2.5331047e-01
   1.7569843e-01   4.0000000e+00   3.3184373e-01
   1.7569843e-01   4.0000000e+00   3.3184373e-01
   1.8569843e-01   4.0000000e+00   3.3184373e-01
   1.9569843e-01   4.0000000e+00   3.3184373e-01
   2.0569843e-01   4.0000000e+00   3.3184373e-01
   2.1569843e-01   4.0000000e+00   3.3184373e-01
   2.2569843e-01   4.0000000e+00   3.3184373e-01
   2.3569843e-01   4.0000000e+00   3.3184373e-01
   2.4569843e-01   4.0000000e+00   3.3184373e-01
   2.5569843e-01   4.0000000e+00   3.3184373e-01
   2.6274257e-01   4.0000000e+00   3.3184373e-01
   2.6274257e-01   5.0000000e+00   4.0756495e-01
   2.6274257e-01   5.0000000e+00   4.0756495e-01
   2.7274257e-01   5.0000000e+00   4.0756495e-01
   2.8274257e-01   5.0000000e+00   4.0756495e-01
   2.9274257e-01   5.0000000e+00   4.0756495e-01
   3.0274257e-01   5.0000000e+00   4.0756495e-01
   3.1274257e-01   5.0000000e+00   4.0756495e-01
   3.2274257e-01   5.0000000e+00   4.0756495e-01
   3.3274257e-01   5.0000000e+00   4.0756495e-01
   3.4274257e-01   5.0000000e+00   4.0756495e-01
   3.5274257e-01   5.0000000e+00   4.0756495e-01
   3.6274257e-01   5.0000000e+00   4.0756495e-01
   3.6670990e-01   5.0000000e+00   4.0756495e-01
   3.6670990e-01   6.0000000e+00   4.8054969e-01
   3.6670990e-01   6.0000000e+00   4.8054969e-01
   3.7670990e-01   6.0000000e+00   4.8054969e-01
   3.8670990e-01   6.0000000e+00   4.8054969e-01
   3.9670990e-01   6.0000000e+00   4.8054969e-01
   4.0670990e-01   6.0000000e+00   4.8054969e-01
   4.1670990e-01   6.0000000e+00   4.8054969e-01
   4.2670990e-01   6.0000000e+00   4.8054969e-01
   4.3670990e-01   6.0000000e+00   4.8054969e-01
   4.4670990e-01   6.0000000e+00   4.8054969e-01
   4.5670990e-01   6.0000000e+00   4.8054969e-01
   4.6670990e-01   6.0000000e+00   4.8054969e-01
   4.7670990e-01   6.0000000e+00   4.8054969e-01
   4.8670990e-01   6.0000000e+00   4.8054969e-01
   4.8743707e-01   6.0000000e+00   4.8054969e-01
   4.8743707e-01   7.0000000e+00   5.5086854e-01
   4.8743707e-01   7.0000000e+00   5.5086854e-01
   4.9743707e-01   7.0000000e+00   5.5086854e-01
   5.0743707e-01   7.0000000e+00   5.5086854e-01
   5.1743707e-01   7.0000000e+00   5.5086854e-01
   5.2743707e-01   7.0000000e+00   5.5086854e-01
   5.3743707e-01   7.0000000e+00   5.5086854e-01
   5.4743707e-01   7.0000000e+00   5.5086854e-01
   5.5743707e-01   7.0000000e+00   5.5086854e-01
   5.6743707e-01   7.0000000e+00   5.5086854e-01
   5.7743707e-01   7.0000000e+00   5.5086854e-01
   5.8743707e-01   7.0000000e+00   5.5086854e-01
   5.9743707e-01   7.0000000e+00   5.5086854e-01
   6.0743707e-01   7.0000000e+00   5.5086854e-01
   6.1743707e-01   7.0000000e+00   5.5086854e-01
   6.2476032e-01   7.0000000e+00   5.5086854e-01
   6.2476032e-01   8.0000000e+00   6.1858754e-01
   6.2476032e-01   8.0000000e+00   6.1858754e-01
   6.3476032e-01   8.0000000e+00   6.1858754e-01
   6.4476032e-01   8.0000000e+00   6.1858754e-01
   6.5476032e-01   8.0000000e+00   6.1858754e-01
   6.6476032e-01   8.0000000e+00   6.1858754e-01
   6.7476032e-01   8.0000000e+00   6.1858754e-01
   6.8476032e-01   8.0000000e+00   6.1858754e-01
   6.9476032e-01   8.0000000e+00   6.1858754e-01
   7.0476032e-01   8.0000000e+00   6.1858754e-01
   7.1476032e-01   8.0000000e+00   6.1858754e-01
   7.2476032e-01   8.0000000e+00   6.1858754e-01
   7.3476032e-01   8.0000000e+00   6.1858754e-01
   7.4476032e-01   8.0000000e+00   6.1858754e-01
   7.5476032e-01   8.0000000e+00   6.1858754e-01
   7.6476032e-01   8.0000000e+00   6.1858754e-01
   7.7476032e-01   8.0000000e+00   6.1858754e-01
   7.7851548e-01   8.0000000e+00   6.1858754e-01
   7.7851548e-01   9.0000000e+00   6.8376847e-01
   7.7851548e-01   9.0000000e+00   6.8376847e-01
   7.8851548e-01   9.0000000e+00   6.8376847e-01
   7.9851548e-01   9.0000000e+00   6.8376847e-01
   8.0851548e-01   9.0000000e+00   6.8376847e-01
   8.1851548e-01   9.0000000e+00   6.8376847e-01
   8.2851548e-01   9.0000000e+00   6.8376847e-01
   8.3851548e-01   9.0000000e+00   6.8376847e-01
   8.4851548e-01   9.0000000e+00   6.8376847e-01
   8.5851548e-01   9.0000000e+00   6.8376847e-01
   8.6851548e-01   9.0000000e+00   6.8376847e-01
   8.7851548e-01   9.0000000e+00   6.8376847e-01
   8.8851548e-01   9.0000000e+00   6.8376847e-01
   8.9851548e-01   9.0000000e+00   6.8376847e-01
   9.0851548e-01   9.0000000e+00   6.8376847e-01
   9.1851548e-01   9.0000000e+00   6.8376847e-01
   9.2851548e-01   9.0000000e+00   6.8376847e-01
   9.3851548e-01   9.0000000e+00   6.8376847e-01
   9.4851548e-01   9.0000000e+00   6.8376847e-01
   9.4853808e-01   9.0000000e+00   6.8376847e-01
   9.4853808e-01   1.0000000e+01   7.4646921e-01
   9.4853808e-01   1.0000000e+01   7.4646921e-01
   9.5853808e-01   1.0000000e+01   7.4646921e-01
   9.6853808e-01   1.0000000e+01   7.4646921e-01
   9.7853808e-01   1.0000000e+01   7.4646921e-01
   9.8853808e-01   1.0000000e+01   7.4646921e-01
   9.9853808e-01   1.0000000e+01   7.4646921e-01
   1.0085381e+00   1.0000000e+01   7.4646921e-01
   1.0185381e+00   1.0000000e+01   7.4646921e-01
   1.0285381e+00   1.0000000e+01   7.4646921e-01
   1.0385381e+00   1.0000000e+01   7.4646921e-01
   1.0485381e+00   1.0000000e+01   7.4646921e-01
   1.0585381e+00   1.0000000e+01   7.4646921e-01
   1.0685381e+00   1.0000000e+01   7.4646921e-01
   1.0785381e+00   1.0000000e+01   7.4646921e-01
   1.0885381e+00   1.0000000e+01   7.4646921e-01
   1.0985381e+00   1.0000000e+01   7.4646921e-01
   1.1085381e+00   1.0000000e+01   7.4646921e-01
   1.1185381e+00   1.0000000e+01   7.4646921e-01
   1.1285381e+00   1.0000000e+01   7.4646921e-01
   1.1346634e+00   1.0000000e+01   7.4646921e-01
   1.1346634e+00   1.1000000e+01   8.0674397e-01
   1.1346634e+00   1.1000000e+01   8.0674397e-01
   1.1446634e+00   1.1000000e+01   8.0674397e-01
   1.1546634e+00   1.1000000e+01   8.0674397e-01
   1.1646634e+00   1.1000000e+01   8.0674397e-01
   1.1746634e+00   1.1000000e+01   8.0674397e-01
   1.1846634e+00   1.1000000e+01   8.0674397e-01
   1.1946634e+00   1.1000000e+01   8.0674397e-01
   1.2046634e+00   1.1000000e+01   8.0674397e-01
   1.2146634e+00   1.1000000e+01   8.0674397e-01
   1.2246634e+00   1.1000000e+01   8.0674397e-01
   1.2346634e+00   1.1000000e+01   8.0674397e-01
   1.2446634e+00   1.1000000e+01   8.0674397e-01
   1.2546634e+00   1.1000000e+01   8.0674397e-01
   1.2646634e+00   1.1000000e+01   8.0674397e-01
   1.2746634e+00   1.1000000e+01   8.0674397e-01
   1.2846634e+00   1.1000000e+01   8.0674397e-01
   1.2946634e+00   1.1000000e+01   8.0674397e-01
   1.3046634e+00   1.1000000e+01   8.0674397e-01
   1.3146634e+00   1.1000000e+01   8.0674397e-01
   1.3246634e+00   1.1000000e+01   8.0674397e-01
   1.3346634e+00   1.1000000e+01   8.0674397e-01
   1.3367264e+00   1.1000000e+01   8.0674397e-01
   1.3367264e+00   1.2000000e+01   8.6464361e-01
   1.3367264e+00   1.2000000e+01   8.6464361e-01
   1.3467264e+00   1.2000000e+01   8.6464361e-01
   1.3567264e+00   1.2000000e+01   8.6464361e-01
   1.3667264e+00   1.2000000e+01   8.6464361e-01
   1.3767264e+00   1.2000000e+01   8.6464361e-01
   1.3867264e+00   1.2000000e+01   8.6464361e-01
   1.3967264e+00   1.2000000e+01   8.6464361e-01
   1.4067264e+00   1.2000000e+01   8.6464361e-01
   1.4167264e+00   1.2000000e+01   8.6464361e-01
   1.4267264e+00   1.2000000e+01   8.6464361e-01
   1.4367264e+00   1.2000000e+01   8.6464361e-01
   1.4467264e+00   1.2000000e+01   8.6464361e-01
   1.4567264e+00   1.2000000e+01   8.6464361e-01
   1.4667264e+00   1.2000000e+01   8.6464361e-01
   1.4767264e+00   1.2000000e+01   8.6464361e-01
   1.4867264e+00   1.2000000e+01   8.6464361e-01
   1.4967264e+00   1.2000000e+01   8.6464361e-01
   1.5067264e+00   1.2000000e+01   8.6464361e-01
   1.5167264e+00   1.2000000e+01   8.6464361e-01
   1.5267264e+00   1.2000000e+01   8.6464361e-01
   1.5367264e+00   1.2000000e+01   8.6464361e-01
   1.5467264e+00   1.2000000e+01   8.6464361e-01
   1.5545620e+00   1.2000000e+01   8.6464361e-01
   1.5545620e+00   1.3000000e+01   9.2021584e-01
   1.5545620e+00   1.3000000e+01   9.2021584e-01
   1.5645620e+00   1.3000000e+01   9.2021584e-01
   1.5745620e+00   1.3000000e+01   9.2021584e-01
   1.5845620e+00   1.3000000e+01   9.2021584e-01
   1.5945620e+00   1.3000000e+01   9.2021584e-01
   1.6045620e+00   1.3000000e+01   9.2021584e-01
   1.6145620e+00   1.3000000e+01   9.2021584e-01
   1.6245620e+00   1.3000000e+01   9.2021584e-01
   1.6345620e+00   1.3000000e+01   9.2021584e-01
   1.6445620e+00   1.3000000e+01   9.2021584e-01
   1.6545620e+00   1.3000000e+01   9.2021584e-01
   1.6645620e+00   1.3000000e+01   9.2021584e-01
   1.6745620e+00   1.3000000e+01   9.2021584e-01
   1.6845620e+00   1.3000000e+01   9.2021584e-01
   1.6945620e+00   1.3000000e+01   9.2021584e-01
   1.7045620e+00   1.3000000e+01   9.2021584e-01
   1.7145620e+00   1.3000000e+01   9.2021584e-01
   1.7245620e+00   1.3000000e+01   9.2021584e-01
   1.7345620e+00   1.3000000e+01   9.2021584e-01
   1.7445620e+00   1.3000000e+01   9.2021584e-01
   1.7545620e+00   1.3000000e+01   9.2021584e-01
   1.7645620e+00   1.3000000e+01   9.2021584e-01
   1.7745620e+00   1.3000000e+01   9.2021584e-01
   1.7845620e+00   1.3000000e+01   9.2021584e-01
   1.7880047e+00   1.3000000e+01   9.2021584e-01
   1.7880047e+00   1.4000000e+01   9.7350546e-01
   1.7880047e+00   1.4000000e+01   9.7350546e-01
   1.7980047e+00   1.4000000e+01   9.7350546e-01
   1.8080047e+00   1.4000000e+01   9.7350546e-01
   1.8180047e+00   1.4000000e+01   9.7350546e-01
   1.8280047e+00   1.4000000e+01   9.7350546e-01
   1.8380047e+00   1.4000000e+01   9.7350546e-01
   1.8480047e+00   1.4000000e+01   9.7350546e-01
   1.8580047e+00   1.4000000e+01   9.7350546e-01
   1.8680047e+00   1.4000000e+01   9.7350546e-01
   1.8780047e+00   1.4000000e+01   9.7350546e-01
   1.8880047e+00   1.4000000e+01   9.7350546e-01
   1.8980047e+00   1.4000000e+01   9.7350546e-01
   1.9080047e+00   1.4000000e+01   9.7350546e-01
   1.9180047e+00   1.4000000e+01   9.7350546e-01
   1.9280047e+00   1.4000000e+01   9.7350546e-01
   1.9380047e+00   1.4000000e+01   9.7350546e-01
   1.9480047e+00   1.4000000e+01   9.7350546e-01
   1.9580047e+00   1.4000000e+01   9.7350546e-01
   1.9680047e+00   1.4000000e+01   9.7350546e-01
   1.9780047e+00   1.4000000e+01   9.7350546e-01
   1.9880047e+00   1.4000000e+01   9.7350546e-01
   1.9980047e+00   1.4000000e+01   9.7350546e-01
   2.0080047e+00   1.4000000e+01   9.7350546e-01
   2.0180047e+00   1.4000000e+01   9.7350546e-01
   2.0280047e+00   1.4000000e+01   9.7350546e-01
   2.0368892e+00   1.4000000e+01   9.7350546e-01
   2.0368892e+00   1.5000000e+01   1.0245546e+00
   2.0368892e+00   1.5000000e+01   1.0245546e+00
   2.0468892e+00   1.5000000e+01   1.0245546e+00
   2.0568892e+00   1.5000000e+01   1.0245546e+00
   2.0668892e+00   1.5000000e+01   1.0245546e+00
   2.0768892e+00   1.5000000e+01   1.0245546e+00
   2.0868892e+00   1.5000000e+01   1.0245546e+00
   2.0968892e+00   1.5000000e+01   1.0245546e+00
   2.1068892e+00   1.5000000e+01   1.0245546e+00
   2.1168892e+00   1.5000000e+01   1.0245546e+00
   2.1268892e+00   1.5000000e+01   1.0245546e+00
   2.1368892e+00   1.5000000e+01   1.0245546e+00
   2.1468892e+00   1.5000000e+01   1.0245546e+00
   2.1568892e+00   1.5000000e+01   1.0245546e+00
   2.1668892e+00   1.5000000e+01   1.0245546e+00
   2.1768892e+00   1.5000000e+01   1.0245546e+00
   2.1868892e+00   1.5000000e+01   1.0245546e+00
   2.1968892e+00   1.5000000e+01   1.0245546e+00
   2.2068892e+00   1.5000000e+01   1.0245546e+00
   2.2168892e+00   1.5000000e+01   1.0245546e+00
   2.2268892e+00   1.5000000e+01   1.0245546e+00
   2.2368892e+00   1.5000000e+01   1.0245546e+00
   2.2468892e+00   1.5000000e+01   1.0245546e+00
   2.2568892e+00   1.5000000e+01   1.0245546e+00
   2.2668892e+00   1.5000000e+01   1.0245546e+00
   2.2768892e+00   1.5000000e+01   1.0245546e+00
   2.2868892e+00   1.5000000e+01   1.0245546e+00
   2.2968892e+00   1.5000000e+01   1.0245546e+00
   2.3010498e+00   1.5000000e+01   1.0245546e+00
   2.3010498e+00   1.6000000e+01   1.0734027e+00
   2.3010498e+00   1.6000000e+01   1.0734027e+00
   2.3110498e+00   1.6000000e+01   1.0734027e+00
   2.3210498e+00   1.6000000e+01   1.0734027e+00
   2.3310498e+00   1.6000000e+01   1.0734027e+00
   2.3410498e+00   1.6000000e+01   1.0734027e+00
   2.3510498e+00   1.6000000e+01   1.0734027e+00
   2.3610498e+00   1.6000000e+01   1.0734027e+00
   2.3710498e+00   1.6000000e+01   1.0734027e+00
   2.3810498e+00   1.6000000e+01   1.0734027e+00
   2.3910498e+00   1.6000000e+01   1.0734027e+00
   2.4010498e+00   1.6000000e+01   1.0734027e+00
   2.4110498e+00   1.6000000e+01   1.0734027e+00
   2.4210498e+00   1.6000000e+01   1.0734027e+00
   2.4310498e+00   1.6000000e+01   1.0734027e+00
   2.4410498e+00   1.6000000e+01   1.0734027e+00
   2.4510498e+00   1.6000000e+01   1.0734027e+00
   2.4610498e+00   1.6000000e+01   1.0734027e+00
   2.4710498e+00   1.6000000e+01   1.0734027e+00
   2.4810498e+00   1.6000000e+01   1.0734027e+00
   2.4910498e+00   1.6000000e+01   1.0734027e+00
   2.5010498e+00   1.6000000e+01   1.0734027e+00
   2.5110498e+00   1.6000000e+01   1.0734027e+00
   2.5210498e+00   1.6000000e+01   1.0734027e+00
   2.5310498e+00   1.6000000e+01   1.0734027e+00
   2.5410498e+00   1.6000000e+01   1.0734027e+00
   2.5510498e+00   1.6000000e+01   1.0734027e+00
   2.5610498e+00   1.6000000e+01   1.0734027e+00
   2.5710498e+00   1.6000000e+01   1.0734027e+00
   2.5803208e+00   1.6000000e+01   1.0734027e+00
   2.5803208e+00   1.7000000e+01   1.1200872e+00
   2.5803208e+00   1.7000000e+01   1.1200872e+00
   2.5903208e+00   1.7000000e+01   1.1200872e+00
   2.6003208e+00   1.7000000e+01   1.1200872e+00
   2.6103208e+00   1.7000000e+01   1.1200872e+00
   2.6203208e+00   1.7000000e+01   1.1200872e+00
   2.6303208e+00   1.7000000e+01   1.1200872e+00
   2.6403208e+00   1.7000000e+01   1.1200872e+00
   2.6503208e+00   1.7000000e+01   1.1200872e+00
   2.6603208e+00   1.7000000e+01   1.1200872e+00
   2.6703208e+00   1.7000000e+01   1.1200872e+00
   2.6803208e+00   1.7000000e+01   1.1200872e+00
   2.6903208e+00   1.7000000e+01   1.1200872e+00
   2.7003208e+00   1.7000000e+01   1.1200872e+00
   2.7103208e+00   1.7000000e+01   1.1200872e+00
   2.7203208e+00   1.7000000e+01   1.1200872e+00
   2.7303208e+00   1.7000000e+01   1.1200872e+00
   2.7403208e+00   1.7000000e+01   1.1200872e+00
   2.7503208e+00   1.7000000e+01   1.1200872e+00
   2.7603208e+00   1.7000000e+01   1.1200872e+00
   2.7703208e+00   1.7000000e+01   1.1200872e+00
   2.7803208e+00   1.7000000e+01   1.1200872e+00
   2.7903208e+00   1.7000000e+01   1.1200872e+00
   2.8003208e+00   1.7000000e+01   1.1200872e+00
   2.8103208e+00   1.7000000e+01   1.1200872e+00
   2.8203208e+00   1.7000000e+01   1.1200872e+00
   2.8303208e+00   1.7000000e+01   1.1200872e+00
   2.8403208e+00   1.7000000e+01   1.1200872e+00
   2.8503208e+00   1.7000000e+01   1.1200872e+00
   2.8603208e+00   1.7000000e+01   1.1200872e+00
   2.8703208e+00   1.7000000e+01   1.1200872e+00
   2.8745361e+00   1.7000000e+01   1.1200872e+00
   2.8745361e+00   1.8000000e+01   1.1646430e+00
   2.8745361e+00   1.8000000e+01   1.1646430e+00
   2.8845361e+00   1.8000000e+01   1.1646430e+00
   2.8945361e+00   1.8000000e+01   1.1646430e+00
   2.9045361e+00   1.8000000e+01   1.1646430e+00
   2.9145361e+00   1.8000000e+01   1.1646430e+00
   2.9245361e+00   1.8000000e+01   1.1646430e+00
   2.9345361e+00   1.8000000e+01   1.1646430e+00
   2.9445361e+00   1.8000000e+01   1.1646430e+00
   2.9545361e+00   1.8000000e+01   1.1646430e+00
   2.9645361e+00   1.8000000e+01   1.1646430e+00
   2.9745361e+00   1.8000000e+01   1.1646430e+00
   2.9845361e+00   1.8000000e+01   1.1646430e+00
   2.9945361e+00   1.8000000e+01   1.1646430e+00
   3.0045361e+00   1.8000000e+01   1.1646430e+00
   3.0145361e+00   1.8000000e+01   1.1646430e+00
   3.0245361e+00   1.8000000e+01   1.1646430e+00
   3.0345361e+00   1.8000000e+01   1.1646430e+00
   3.0445361e+00   1.8000000e+01   1.1646430e+00
   3.0545361e+00   1.8000000e+01   1.1646430e+00
   3.0645361e+00   1.8000000e+01   1.1646430e+00
   3.0745361e+00   1.8000000e+01   1.1646430e+00
   3.0845361e+00   1.8000000e+01   1.1646430e+00
   3.0945361e+00   1.8000000e+01   1.1646430e+00
   3.1045361e+00   1.8000000e+01   1.1646430e+00
   3.1145361e+00   1.8000000e+01   1.1646430e+00
   3.1245361e+00   1.8000000e+01   1.1646430e+00
   3.1345361e+00   1.8000000e+01   1.1646430e+00
   3.1445361e+00   1.8000000e+01   1.1646430e+00
   3.1545361e+00   1.8000000e+01   1.1646430e+00
   3.1645361e+00   1.8000000e+01   1.1646430e+00
   3.1745361e+00   1.8000000e+01   1.1646430e+00
   3.1835300e+00   1.8000000e+01   1.1646430e+00
   3.1835300e+00   1.9000000e+01   1.2071032e+00
   3.1835300e+00   1.9000000e+01   1.2071032e+00
   3.1935300e+00   1.9000000e+01   1.2071032e+00
   3.2035300e+00   1.9000000e+01   1.2071032e+00
   3.2135300e+00   1.9000000e+01   1.2071032e+00
   3.2235300e+00   1.9000000e+01   1.2071032e+00
   3.2335300e+00   1.9000000e+01   1.2071032e+00
   3.2435300e+00   1.9000000e+01   1.2071032e+00
   3.2535300e+00   1.9000000e+01   1.2071032e+00
   3.2635300e+00   1.9000000e+01   1.2071032e+00
   3.2735300e+00   1.9000000e+01   1.2071032e+00
   3.2835300e+00   1.9000000e+01   1.2071032e+00
   3.2935300e+00   1.9000000e+01   1.2071032e+00
   3.3035300e+00   1.9000000e+01   1.2071032e+00
   3.3135300e+00   1.9000000e+01   1.2071032e+00
   3.3235300e+00   1.9000000e+01   1.2071032e+00
   3.3335300e+00   1.9000000e+01   1.2071032e+00
   3.3435300e+00   1.9000000e+01   1.2071032e+00
   3.3535300e+00   1.9000000e+01   1.2071032e+00
   3.3635300e+00   1.9000000e+01   1.2071032e+00
   3.3735300e+00   1.9000000e+01   1.2071032e+00
   3.3835300e+00   1.9000000e+01   1.2071032e+00
   3.3935300e+00   1.9000000e+01   1.2071032e+00
   3.4035300e+00   1.9000000e+01   1.2071032e+00
   3.4135300e+00   1.9000000e+01   1.2071032e+00
   3.4235300e+00   1.9000000e+01   1.2071032e+00
   3.4335300e+00   1.9000000e+01   1.2071032e+00
   3.4435300e+00   1.9000000e+01   1.2071032e+00
   3.4535300e+00   1.9000000e+01   1.2071032e+00
   3.4635300e+00   1.9000000e+01   1.2071032e+00
   3.4735300e+00   1.9000000e+01   1.2071032e+00
   3.4835300e+00   1.9000000e+01   1.2071032e+00
   3.4935300e+00   1.9000000e+01   1.2071032e+00
   3.5035300e+00   1.9000000e+01   1.2071032e+00
   3.5071362e+00   1.9000000e+01   1.2071032e+00
   3.5071362e+00   2.0000000e+01   1.2474989e+00
   3.5071362e+00   2.0000000e+01   1.2474989e+00
   3.5171362e+00   2.0000000e+01   1.2474989e+00
   3.5271362e+00   2.0000000e+01   1.2474989e+00
   3.5371362e+00   2.0000000e+01   1.2474989e+00
   3.5471362e+00   2.0000000e+01   1.2474989e+00
   3.5571362e+00   2.0000000e+01   1.2474989e+00
   3.5671362e+00   2.0000000e+01   1.2474989e+00
   3.5771362e+00   2.0000000e+01   1.2474989e+00
   3.5871362e+00   2.0000000e+01   1.2474989e+00
   3.5971362e+00   2.0000000e+01   1.2474989e+00
   3.6071362e+00   2.0000000e+01   1.2474989e+00
   3.6171362e+00   2.0000000e+01   1.2474989e+00
   3.6271362e+00   2.0000000e+01   1.2474989e+00
   3.6371362e+00   2.0000000e+01   1.2474989e+00
   3.6471362e+00   2.0000000e+01   1.2474989e+00
   3.6571362e+00   2.0000000e+01   1.2474989e+00
   3.6671362e+00   2.0000000e+01   1.2474989e+00
   3.6771362e+00   2.0000000e+01   1.2474989e+00
   3.6871362e+00   2.0000000e+01   1.2474989e+00
   3.6971362e+00   2.0000000e+01   1.2474989e+00
   3.7071362e+00   2.0000000e+01   1.2474989e+00
   3.7171362e+00   2.0000000e+01   1.2474989e+00
   3.7271362e+00   2.0000000e+01   1.2474989e+00
   3.7371362e+00   2.0000000e+01   1.2474989e+00
   3.7471362e+00   2.0000000e+01   1.2474989e+00
   3.7571362e+00   2.0000000e+01   1.2474989e+00
   3.7671362e+00   2.0000000e+01   1.2474989e+00
   3.7771362e+00   2.0000000e+01   1.2474989e+00
   3.7871362e+00   2.0000000e+01   1.2474989e+00
   3.7971362e+00   2.0000000e+01   1.2474989e+00
   3.8071362e+00   2.0000000e+01   1.2474989e+00
   3.8171362e+00   2.0000000e+01   1.2474989e+00
   3.8271362e+00   2.0000000e+01   1.2474989e+00
   3.8371362e+00   2.0000000e+01   1.2474989e+00
   3.8451884e+00   2.0000000e+01   1.2474989e+00
   3.8451884e+00   2.1000000e+01   1.2858595e+00
   3.8451884e+00   2.1000000e+01   1.2858595e+00
   3.8551884e+00   2.1000000e+01   1.2858595e+00
   3.8651884e+00   2.1000000e+01   1.2858595e+00
   3.8751884e+00   2.1000000e+01   1.2858595e+00
   3.8851884e+00   2.1000000e+01   1.2858595e+00
   3.8951884e+00   2.1000000e+01   1.2858595e+00
   3.9051884e+00   2.1000000e+01   1.2858595e+00
   3.9151884e+00   2.1000000e+01   1.2858595e+00
   3.9251884e+00   2.1000000e+01   1.2858595e+00
   3.9351884e+00   2.1000000e+01   1.2858595e+00
   3.9451884e+00   2.1000000e+01   1.2858595e+00
   3.9551884e+00   2.1000000e+01   1.2858595e+00
   3.9651884e+00   2.1000000e+01   1.2858595e+00
   3.9751884e+00   2.1000000e+01   1.2858595e+00
   3.9851884e+00   2.1000000e+01   1.2858595e+00
   3.9951884e+00   2.1000000e+01   1.2858595e+00
   4.0051884e+00   2.1000000e+01   1.2858595e+00
   4.0151884e+00   2.1000000e+01   1.2858595e+00
   4.0251884e+00   2.1000000e+01   1.2858595e+00
   4.0351884e+00   2.1000000e+01   1.2858595e+00
   4.0451884e+00   2.1000000e+01   1.2858595e+00
   4.0551884e+00   2.1000000e+01   1.2858595e+00
   4.0651884e+00   2.1000000e+01   1.2858595e+00
   4.0751884e+00   2.1000000e+01   1.2858595e+00
   4.0851884e+00   2.1000000e+01   1.2858595e+00
   4.0951884e+00   2.1000000e+01   1.2858595e+00
   4.1051884e+00   2.1000000e+01   1.2858595e+00
   4.1151884e+00   2.1000000e+01   1.2858595e+00
   4.1251884e+00   2.1000000e+01   1.2858595e+00
   4.1351884e+00   2.1000000e+01   1.2858595e+00
   4.1451884e+00   2.1000000e+01   1.2858595e+00
   4.1551884e+00   2.1000000e+01   1.2858595e+00
   4.1651884e+00   2.1000000e+01   1.2858595e+00
   4.1751884e+00   2.1000000e+01   1.2858595e+00
   4.1851884e+00   2.1000000e+01   1.2858595e+00
   4.1951884e+00   2.1000000e+01   1.2858595e+00
   4.1975202e+00   2.1000000e+01   1.2858595e+00
   4.1975202e+00   2.2000000e+01   1.3222128e+00
   4.1975202e+00   2.2000000e+01   1.3222128e+00
   4.2075202e+00   2.2000000e+01   1.3222128e+00
   4.2175202e+00   2.2000000e+01   1.3222128e+00
   4.2275202e+00   2.2000000e+01   1.3222128e+00
   4.2375202e+00   2.2000000e+01   1.3222128e+00
   4.2475202e+00   2.2000000e+01   1.3222128e+00
   4.2575202e+00   2.2000000e+01   1.3222128e+00
   4.2675202e+00   2.2000000e+01   1.3222128e+00
   4.2775202e+00   2.2000000e+01   1.3222128e+00
   4.2875202e+00   2.2000000e+01   1.3222128e+00
   4.2975202e+00   2.2000000e+01   1.3222128e+00
   4.3075202e+00   2.2000000e+01   1.3222128e+00
   4.3175202e+00   2.2000000e+01   1.3222128e+00
   4.3275202e+00   2.2000000e+01   1.3222128e+00
   4.3375202e+00   2.2000000e+01   1.3222128e+00
   4.3475202e+00   2.2000000e+01   1.3222128e+00
   4.3575202e+00   2.2000000e+01   1.3222128e+00
   4.3675202e+00   2.2000000e+01   1.3222128e+00
   4.3775202e+00   2.2000000e+01   1.3222128e+00
   4.3875202e+00   2.2000000e+01   1.3222128e+00
   4.3975202e+00   2.2000000e+01   1.3222128e+00
   4.4075202e+00   2.2000000e+01   1.3222128e+00
   4.4175202e+00   2.2000000e+01   1.3222128e+00
   4.4275202e+00   2.2000000e+01   1.3222128e+00
   4.4375202e+00   2.2000000e+01   1.3222128e+00
   4.4475202e+00   2.2000000e+01   1.3222128e+00
   4.4575202e+00   2.2000000e+01   1.3222128e+00
   4.4675202e+00   2.2000000e+01   1.3222128e+00
   4.4775202e+00   2.2000000e+01   1.3222128e+00
   4.4875202e+00   2.2000000e+01   1.3222128e+00
   4.4975202e+00   2.2000000e+01   1.3222128e+00
   4.5075202e+00   2.2000000e+01   1.3222128e+00
   4.5175202e+00   2.2000000e+01   1.3222128e+00
   4.5275202e+00   2.2000000e+01   1.3222128e+00
   4.5375202e+00   2.2000000e+01   1.3222128e+00
   4.5475202e+00   2.2000000e+01   1.3222128e+00
   4.5575202e+00   2.2000000e+01   1.3222128e+00
   4.5639649e+00   2.2000000e+01   1.3222128e+00
   4.5639649e+00   2.3000000e+01   1.3565848e+00
   4.5639649e+00   2.3000000e+01   1.3565848e+00
   4.5739649e+00   2.3000000e+01   1.3565848e+00
   4.5839649e+00   2.3000000e+01   1.3565848e+00
   4.5939649e+00   2.3000000e+01   1.3565848e+00
   4.6039649e+00   2.3000000e+01   1.3565848e+00
   4.6139649e+00   2.3000000e+01   1.3565848e+00
   4.6239649e+00   2.3000000e+01   1.3565848e+00
   4.6339649e+00   2.3000000e+01   1.3565848e+00
   4.6439649e+00   2.3000000e+01   1.3565848e+00
   4.6539649e+00   2.3000000e+01   1.3565848e+00
   4.6639649e+00   2.3000000e+01   1.3565848e+00
   4.6739649e+00   2.3000000e+01   1.3565848e+00
   4.6839649e+00   2.3000000e+01   1.3565848e+00
   4.6939649e+00   2.3000000e+01   1.3565848e+00
   4.7039649e+00   2.3000000e+01   1.3565848e+00
   4.7139649e+00   2.3000000e+01   1.3565848e+00
   4.7239649e+00   2.3000000e+01   1.3565848e+00
   4.7339649e+00   2.3000000e+01   1.3565848e+00
   4.7439649e+00   2.3000000e+01   1.3565848e+00
   4.7539649e+00   2.3000000e+01   1.3565848e+00
   4.7639649e+00   2.3000000e+01   1.3565848e+00
   4.7739649e+00   2.3000000e+01   1.3565848e+00
   4.7839649e+00   2.3000000e+01   1.3565848e+00
   4.7939649e+00   2.3000000e+01   1.3565848e+00
   4.8039649e+00   2.3000000e+01   1.3565848e+00
   4.8139649e+00   2.3000000e+01   1.3565848e+00
   4.8239649e+00   2.3000000e+01   1.3565848e+00
   4.8339649e+00   2.3000000e+01   1.3565848e+00
   4.8439649e+00   2.3000000e+01   1.3565848e+00
   4.8539649e+00   2.3000000e+01   1.3565848e+00
   4.8639649e+00   2.3000000e+01   1.3565848e+00
   4.8739649e+00   2.3000000e+01   1.3565848e+00
   4.8839649e+00   2.3000000e+01   1.3565848e+00
   4.8939649e+00   2.3000000e+01   1.3565848e+00
   4.9039649e+00   2.3000000e+01   1.3565848e+00
   4.9139649e+00   2.3000000e+01   1.3565848e+00
   4.9239649e+00   2.3000000e+01   1.3565848e+00
   4.9339649e+00   2.3000000e+01   1.3565848e+00
   4.9439649e+00   2.3000000e+01   1.3565848e+00
   4.9443558e+00   2.3000000e+01   1.3565848e+00
   4.9443558e+00   2.4000000e+01   1.3890005e+00
   4.9443558e+00   2.4000000e+01   1.3890005e+00
   4.9543558e+00   2.4000000e+01   1.3890005e+00
   4.9643558e+00   2.4000000e+01   1.3890005e+00
   4.9743558e+00   2.4000000e+01   1.3890005e+00
   4.9843558e+00   2.4000000e+01   1.3890005e+00
   4.9943558e+00   2.4000000e+01   1.3890005e+00
   5.0043558e+00   2.4000000e+01   1.3890005e+00
   5.0143558e+00   2.4000000e+01   1.3890005e+00
   5.0243558e+00   2.4000000e+01   1.3890005e+00
   5.0343558e+00   2.4000000e+01   1.3890005e+00
   5.0443558e+00   2.4000000e+01   1.3890005e+00
   5.0543558e+00   2.4000000e+01   1.3890005e+00
   5.0643558e+00   2.4000000e+01   1.3890005e+00
   5.0743558e+00   2.4000000e+01   1.3890005e+00
   5.0843558e+00   2.4000000e+01   1.3890005e+00
   5.0943558e+00   2.4000000e+01   1.3890005e+00
   5.1043558e+00   2.4000000e+01   1.3890005e+00
   5.1143558e+00   2.4000000e+01   1.3890005e+00
   5.1243558e+00   2.4000000e+01   1.3890005e+00
   5.1343558e+00   2.4000000e+01   1.3890005e+00
   5.1443558e+00   2.4000000e+01   1.3890005e+00
   5.1543558e+00   2.4000000e+01   1.3890005e+00
   5.1643558e+00   2.4000000e+01   1.3890005e+00
   5.1743558e+00   2.4000000e+01   1.3890005e+00
   5.1843558e+00   2.4000000e+01   1.3890005e+00
   5.1943558e+00   2.4000000e+01   1.3890005e+00
   5.2043558e+00   2.4000000e+01   1.3890005e+00
   5.2143558e+00   2.4000000e+01   1.3890005e+00
   5.2243558e+00   2.4000000e+01   1.3890005e+00
   5.2343558e+00   2.4000000e+01   1.3890005e+00
   5.2443558e+00   2.4000000e+01   1.3890005e+00
   5.2543558e+00   2.4000000e+01   1.3890005e+00
   5.2643558e+00   2.4000000e+01   1.3890005e+00
   5.2743558e+00   2.4000000e+01   1.3890005e+00
   5.2843558e+00   2.4000000e+01   1.3890005e+00
   5.2943558e+00   2.4000000e+01   1.3890005e+00
   5.3043558e+00   2.4000000e+01   1.3890005e+00
   5.3143558e+00   2.4000000e+01   1.3890005e+00
   5.3243558e+00   2.4000000e+01   1.3890005e+00
   5.3343558e+00   2.4000000e+01   1.3890005e+00
   5.3385257e+00   2.4000000e+01   1.3890005e+00
   5.3385257e+00   2.5000000e+01   1.4194833e+00
   5.3385257e+00   2.5000000e+01   1.4194833e+00
   5.3485257e+00   2.5000000e+01   1.4194833e+00
   5.3585257e+00   2.5000000e+01   1.4194833e+00
   5.3685257e+00   2.5000000e+01   1.4194833e+00
   5.3785257e+00   2.5000000e+01   1.4194833e+00
   5.3885257e+00   2.5000000e+01   1.4194833e+00
   5.3985257e+00   2.5000000e+01   1.4194833e+00
   5.4085257e+00   2.5000000e+01   1.4194833e+00
   5.4185257e+00   2.5000000e+01   1.4194833e+00
   5.4285257e+00   2.5000000e+01   1.4194833e+00
   5.4385257e+00   2.5000000e+01   1.4194833e+00
   5.4485257e+00   2.5000000e+01   1.4194833e+00
   5.4585257e+00   2.5000000e+01   1.4194833e+00
   5.4685257e+00   2.5000000e+01   1.4194833e+00
   5.4785257e+00   2.5000000e+01   1.4194833e+00
   5.4885257e+00   2.5000000e+01   1.4194833e+00
   5.4985257e+00   2.5000000e+01   1.4194833e+00
   5.5085257e+00   2.5000000e+01   1.4194833e+00
   5.5185257e+00   2.5000000e+01   1.4194833e+00
   5.5285257e+00   2.5000000e+01   1.4194833e+00
   5.5385257e+00   2.5000000e+01   1.4194833e+00
   5.5485257e+00   2.5000000e+01   1.4194833e+00
   5.5585257e+00   2.5000000e+01   1.4194833e+00
   5.5685257e+00   2.5000000e+01   1.4194833e+00
   5.5785257e+00   2.5000000e+01   1.4194833e+00
   5.5885257e+00   2.5000000e+01   1.4194833e+00
   5.5985257e+00   2.5000000e+01   1.4194833e+00
   5.6085257e+00   2.5000000e+01   1.4194833e+00
   5.6185257e+00   2.5000000e+01   1.4194833e+00
   5.6285257e+00   2.5000000e+01   1.4194833e+00
   5.6385257e+00   2.5000000e+01   1.4194833e+00
   5.6485257e+00   2.5000000e+01   1.4194833e+00
   5.6585257e+00   2.5000000e+01   1.4194833e+00
   5.6685257e+00   2.5000000e+01   1.4194833e+00
   5.6785257e+00   2.5000000e+01   1.4194833e+00
   5.6885257e+00   2.5000000e+01   1.4194833e+00
   5.6985257e+00   2.5000000e+01   1.4194833e+00
   5.7085257e+00   2.5000000e+01   1.4194833e+00
   5.7185257e+00   2.5000000e+01   1.4194833e+00
   5.7285257e+00   2.5000000e+01   1.4194833e+00
   5.7385257e+00   2.5000000e+01   1.4194833e+00
   5.7463072e+00   2.5000000e+01   1.4194833e+00
   5.7463072e+00   2.6000000e+01   1.4480553e+00
   5.7463072e+00   2.6000000e+01   1.4480553e+00
   5.7563072e+00   2.6000000e+01   1.4480553e+00
   5.7663072e+00   2.6000000e+01   1.4480553e+00
   5.7763072e+00   2.6000000e+01   1.4480553e+00
   5.7863072e+00   2.6000000e+01   1.4480553e+00
   5.7963072e+00   2.6000000e+01   1.4480553e+00
   5.8063072e+00   2.6000000e+01   1.4480553e+00
   5.8163072e+00   2.6000000e+01   1.4480553e+00
   5.8263072e+00   2.6000000e+01   1.4480553e+00
   5.8363072e+00   2.6000000e+01   1.4480553e+00
   5.8463072e+00   2.6000000e+01   1.4480553e+00
   5.8563072e+00   2.6000000e+01   1.4480553e+00
   5.8663072e+00   2.6000000e+01   1.4480553e+00
   5.8763072e+00   2.6000000e+01   1.4480553e+00
   5.8863072e+00   2.6000000e+01   1.4480553e+00
   5.8963072e+00   2.6000000e+01   1.4480553e+00
   5.9063072e+00   2.6000000e+01   1.4480553e+00
   5.9163072e+00   2.6000000e+01   1.4480553e+00
   5.9263072e+00   2.6000000e+01   1.4480553e+00
   5.9363072e+00   2.6000000e+01   1.4480553e+00
   5.9463072e+00   2.6000000e+01   1.4480553e+00
   5.9563072e+00   2.6000000e+01   1.4480553e+00
   5.9663072e+00   2.6000000e+01   1.4480553e+00
   5.9763072e+00   2.6000000e+01   1.4480553e+00
   5.9863072e+00   2.6000000e+01   1.4480553e+00
   5.9963072e+00   2.6000000e+01   1.4480553e+00
   6.0063072e+00   2.6000000e+01   1.4480553e+00
   6.0163072e+00   2.6000000e+01   1.4480553e+00
   6.0263072e+00   2.6000000e+01   1.4480553e+00
   6.0363072e+00   2.6000000e+01   1.4480553e+00
   6.0463072e+00   2.6000000e+01   1.4480553e+00
   6.0563072e+00   2.6000000e+01   1.4480553e+00
   6.0663072e+00   2.6000000e+01   1.4480553e+00
   6.0763072e+00   2.6000000e+01   1.4480553e+00
   6.0863072e+00   2.6000000e+01   1.4480553e+00
   6.0963072e+00   2.6000000e+01   1.4480553e+00
   6.1063072e+00   2.6000000e+01   1.4480553e+00
   6.1163072e+00   2.6000000e+01   1.4480553e+00
   6.1263072e+00   2.6000000e+01   1.4480553e+00
   6.1363072e+00   2.6000000e+01   1.4480553e+00
   6.1463072e+00   2.6000000e+01   1.4480553e+00
   6.1563072e+00   2.6000000e+01   1.4480553e+00
   6.1663072e+00   2.6000000e+01   1.4480553e+00
   6.1675329e+00   2.6000000e+01   1.4480553e+00
   6.1675329e+00   2.7000000e+01   1.4747377e+00
   6.1675329e+00   2.7000000e+01   1.4747377e+00
   6.1775329e+00   2.7000000e+01   1.4747377e+00
   6.1875329e+00   2.7000000e+01   1.4747377e+00
   6.1975329e+00   2.7000000e+01   1.4747377e+00
   6.2075329e+00   2.7000000e+01   1.4747377e+00
   6.2175329e+00   2.7000000e+01   1.4747377e+00
   6.2275329e+00   2.7000000e+01   1.4747377e+00
   6.2375329e+00   2.7000000e+01   1.4747377e+00
   6.2475329e+00   2.7000000e+01   1.4747377e+00
   6.2575329e+00   2.7000000e+01   1.4747377e+00
   6.2675329e+00   2.7000000e+01   1.4747377e+00
   6.2775329e+00   2.7000000e+01   1.4747377e+00
   6.2875329e+00   2.7000000e+01   1.4747377e+00
   6.2975329e+00   2.7000000e+01   1.4747377e+00
   6.3075329e+00   2.7000000e+01   1.4747377e+00
   6.3175329e+00   2.7000000e+01   1.4747377e+00
   6.3275329e+00   2.7000000e+01   1.4747377e+00
   6.3375329e+00   2.7000000e+01   1.4747377e+00
   6.3475329e+00   2.7000000e+01   1.4747377e+00
   6.3575329e+00   2.7000000e+01   1.4747377e+00
   6.3675329e+00   2.7000000e+01   1.4747377e+00
   6.3775329e+00   2.7000000e+01   1.4747377e+00
   6.3875329e+00   2.7000000e+01   1.4747377e+00
   6.3975329e+00   2.7000000e+01   1.4747377e+00
   6.4075329e+00   2.7000000e+01   1.4747377e+00
   6.4175329e+00   2.7000000e+01   1.4747377e+00
   6.4275329e+00   2.7000000e+01   1.4747377e+00
   6.4375329e+00   2.7000000e+01   1.4747377e+00
   6.4475329e+00   2.7000000e+01   1.4747377e+00
   6.4575329e+00   2.7000000e+01   1.4747377e+00
   6.4675329e+00   2.7000000e+01   1.4747377e+00
   6.4775329e+00   2.7000000e+01   1.4747377e+00
   6.4875329e+00   2.7000000e+01   1.4747377e+00
   6.4975329e+00   2.7000000e+01   1.4747377e+00
   6.5075329e+00   2.7000000e+01   1.4747377e+00
   6.5175329e+00   2.7000000e+01   1.4747377e+00
   6.5275329e+00   2.7000000e+01   1.4747377e+00
   6.5375329e+00   2.7000000e+01   1.4747377e+00
   6.5475329e+00   2.7000000e+01   1.4747377e+00
   6.5575329e+00   2.7000000e+01   1.4747377e+00
   6.5675329e+00   2.7000000e+01   1.4747377e+00
   6.5775329e+00   2.7000000e+01   1.4747377e+00
   6.5875329e+00   2.7000000e+01   1.4747377e+00
   6.5975329e+00   2.7000000e+01   1.4747377e+00
   6.6020346e+00   2.7000000e+01   1.4747377e+00
   6.6020346e+00   2.8000000e+01   1.4995505e+00
   6.6020346e+00   2.8000000e+01   1.4995505e+00
   6.6120346e+00   2.8000000e+01   1.4995505e+00
   6.6220346e+00   2.8000000e+01   1.4995505e+00
   6.6320346e+00   2.8000000e+01   1.4995505e+00
   6.6420346e+00   2.8000000e+01   1.4995505e+00
   6.6520346e+00   2.8000000e+01   1.4995505e+00
   6.6620346e+00   2.8000000e+01   1.4995505e+00
   6.6720346e+00   2.8000000e+01   1.4995505e+00
   6.6820346e+00   2.8000000e+01   1.4995505e+00
   6.6920346e+00   2.8000000e+01   1.4995505e+00
   6.7020346e+00   2.8000000e+01   1.4995505e+00
   6.7120346e+00   2.8000000e+01   1.4995505e+00
   6.7220346e+00   2.8000000e+01   1.4995505e+00
   6.7320346e+00   2.8000000e+01   1.4995505e+00
   6.7420346e+00   2.8000000e+01   1.4995505e+00
   6.7520346e+00   2.8000000e+01   1.4995505e+00
   6.7620346e+00   2.8000000e+01   1.4995505e+00
   6.7720346e+00   2.8000000e+01   1.4995505e+00
   6.7820346e+00   2.8000000e+01   1.4995505e+00
   6.7920346e+00   2.8000000e+01   1.4995505e+00
   6.8020346e+00   2.8000000e+01   1.4995505e+00
   6.8120346e+00   2.8000000e+01   1.4995505e+00
   6.8220346e+00   2.8000000e+01   1.4995505e+00
   6.8320346e+00   2.8000000e+01   1.4995505e+00
   6.8420346e+00   2.8000000e+01   1.4995505e+00
   6.8520346e+00   2.8000000e+01   1.4995505e+00
   6.8620346e+00   2.8000000e+01   1.4995505e+00
   6.8720346e+00   2.8000000e+01   1.4995505e+00
   6.8820346e+00   2.8000000e+01   1.4995505e+00
   6.8920346e+00   2.8000000e+01   1.4995505e+00
   6.9020346e+00   2.8000000e+01   1.4995505e+00
   6.9120346e+00   2.8000000e+01   1.4995505e+00
   6.9220346e+00   2.8000000e+01   1.4995505e+00
   6.9320346e+00   2.8000000e+01   1.4995505e+00
   6.9420346e+00   2.8000000e+01   1.4995505e+00
   6.9520346e+00   2.8000000e+01   1.4995505e+00
   6.9620346e+00   2.8000000e+01   1.4995505e+00
   6.9720346e+00   2.8000000e+01   1.4995505e+00
   6.9820346e+00   2.8000000e+01   1.4995505e+00
   6.9920346e+00   2.8000000e+01   1.4995505e+00
   7.0020346e+00   2.8000000e+01   1.4995505e+00
   7.0120346e+00   2.8000000e+01   1.4995505e+00
   7.0220346e+00   2.8000000e+01   1.4995505e+00
   7.0320346e+00   2.8000000e+01   1.4995505e+00
   7.0420346e+00   2.8000000e+01   1.4995505e+00
   7.0496440e+00   2.8000000e+01   1.4995505e+00
   7.0496440e+00   2.9000000e+01   1.5225127e+00
   7.0496440e+00   2.9000000e+01   1.5225127e+00
   7.0596440e+00   2.9000000e+01   1.5225127e+00
   7.0696440e+00   2.9000000e+01   1.5225127e+00
   7.0796440e+00   2.9000000e+01   1.5225127e+00
   7.0896440e+00   2.9000000e+01   1.5225127e+00
   7.0996440e+00   2.9000000e+01   1.5225127e+00
   7.1096440e+00   2.9000000e+01   1.5225127e+00
   7.1196440e+00   2.9000000e+01   1.5225127e+00
   7.1296440e+00   2.9000000e+01   1.5225127e+00
   7.1396440e+00   2.9000000e+01   1.5225127e+00
   7.1496440e+00   2.9000000e+01   1.5225127e+00
   7.1596440e+00   2.9000000e+01   1.5225127e+00
   7.1696440e+00   2.9000000e+01   1.5225127e+00
   7.1796440e+00   2.9000000e+01   1.5225127e+00
   7.1896440e+00   2.9000000e+01   1.5225127e+00
   7.1996440e+00   2.9000000e+01   1.5225127e+00
   7.2096440e+00   2.9000000e+01   1.5225127e+00
   7.2196440e+00   2.9000000e+01   1.5225127e+00
   7.2296440e+00   2.9000000e+01   1.5225127e+00
   7.2396440e+00   2.9000000e+01   1.5225127e+00
   7.2496440e+00   2.9000000e+01   1.5225127e+00
   7.2596440e+00   2.9000000e+01   1.5225127e+00
   7.2696440e+00   2.9000000e+01   1.5225127e+00
   7.2796440e+00   2.9000000e+01   1.5225127e+00
   7.2896440e+00   2.9000000e+01   1.5225127e+00
   7.2996440e+00   2.9000000e+01   1.5225127e+00
   7.3096440e+00   2.9000000e+01   1.5225127e+00
   7.3196440e+00   2.9000000e+01   1.5225127e+00
   7.3296440e+00   2.9000000e+01   1.5225127e+00
   7.3396440e+00   2.9000000e+01   1.5225127e+00
   7.3496440e+00   2.9000000e+01   1.5225127e+00
   7.3596440e+00   2.9000000e+01   1.5225127e+00
   7.3696440e+00   2.9000000e+01   1.5225127e+00
   7.3796440e+00   2.9000000e+01   1.5225127e+00
   7.3896440e+00   2.9000000e+01   1.5225127e+00
   7.3996440e+00   2.9000000e+01   1.5225127e+00
   7.4096440e+00   2.9000000e+01   1.5225127e+00
   7.4196440e+00   2.9000000e+01   1.5225127e+00
   7.4296440e+00   2.9000000e+01   1.5225127e+00
   7.4396440e+00   2.9000000e+01   1.5225127e+00
   7.4496440e+00   2.9000000e+01   1.5225127e+00
   7.4596440e+00   2.9000000e+01   1.5225127e+00
   7.4696440e+00   2.9000000e+01   1.5225127e+00
   7.4796440e+00   2.9000000e+01   1.5225127e+00
   7.4896440e+00   2.9000000e+01   1.5225127e+00
   7.4996440e+00   2.9000000e+01   1.5225127e+00
   7.5096440e+00   2.9000000e+01   1.5225127e+00
   7.5101924e+00   2.9000000e+01   1.5225127e+00
   7.5101924e+00   3.0000000e+01   1.5436424e+00
   7.5101924e+00   3.0000000e+01   1.5436424e+00
   7.5201924e+00   3.0000000e+01   1.5436424e+00
   7.5301924e+00   3.0000000e+01   1.5436424e+00
   7.5401924e+00   3.0000000e+01   1.5436424e+00
   7.5501924e+00   3.0000000e+01   1.5436424e+00
   7.5601924e+00   3.0000000e+01   1.5436424e+00
   7.5701924e+00   3.0000000e+01   1.5436424e+00
   7.5801924e+00   3.0000000e+01   1.5436424e+00
   7.5901924e+00   3.0000000e+01   1.5436424e+00
   7.6001924e+00   3.0000000e+01   1.5436424e+00
   7.6101924e+00   3.0000000e+01   1.5436424e+00
   7.6201924e+00   3.0000000e+01   1.5436424e+00
   7.6301924e+00   3.0000000e+01   1.5436424e+00
   7.6401924e+00   3.0000000e+01   1.5436424e+00
   7.6501924e+00   3.0000000e+01   1.5436424e+00
   7.6601924e+00   3.0000000e+01   1.5436424e+00
   7.6701924e+00   3.0000000e+01   1.5436424e+00
   7.6801924e+00   3.0000000e+01   1.5436424e+00
   7.6901924e+00   3.0000000e+01   1.5436424e+00
   7.7001924e+00   3.0000000e+01   1.5436424e+00
   7.7101924e+00   3.0000000e+01   1.5436424e+00
   7.7201924e+00   3.0000000e+01   1.5436424e+00
   7.7301924e+00   3.0000000e+01   1.5436424e+00
   7.7401924e+00   3.0000000e+01   1.5436424e+00
   7.7501924e+00   3.0000000e+01   1.5436424e+00
   7.7601924e+00   3.0000000e+01   1.5436424e+00
   7.7701924e+00   3.0000000e+01   1.5436424e+00
   7.7801924e+00   3.0000000e+01   1.5436424e+00
   7.7901924e+00   3.0000000e+01   1.5436424e+00
   7.8001924e+00   3.0000000e+01   1.5436424e+00
   7.8101924e+00   3.0000000e+01   1.5436424e+00
   7.8201924e+00   3.0000000e+01   1.5436424e+00
   7.8301924e+00   3.0000000e+01   1.5436424e+00
   7.8401924e+00   3.0000000e+01   1.5436424e+00
   7.8501924e+00   3.0000000e+01   1.5436424e+00
   7.8601924e+00   3.0000000e+01   1.5436424e+00
   7.8701924e+00   3.0000000e+01   1.5436424e+00
   7.8801924e+00   3.0000000e+01   1.5436424e+00
   7.8901924e+00   3.0000000e+01   1.5436424e+00
   7.9001924e+00   3.0000000e+01   1.5436424e+00
   7.9101924e+00   3.0000000e+01   1.5436424e+00
   7.9201924e+00   3.0000000e+01   1.5436424e+00
   7.9301924e+00   3.0000000e+01   1.5436424e+00
   7.9401924e+00   3.0000000e+01   1.5436424e+00
   7.9501924e+00   3.0000000e+01   1.5436424e+00
   7.9601924e+00   3.0000000e+01   1.5436424e+00
   7.9701924e+00   3.0000000e+01   1.5436424e+00
   7.9801924e+00   3.0000000e+01   1.5436424e+00
   7.9835105e+00   3.0000000e+01   1.5436424e+00
   7.9835105e+00   3.1000000e+01   1.5629567e+00
   7.9835105e+00   3.1000000e+01   1.5629567e+00
   7.9935105e+00   3.1000000e+01   1.5629567e+00
   8.0035105e+00   3.1000000e+01   1.5629567e+00
   8.0135105e+00   3.1000000e+01   1.5629567e+00
   8.0235105e+00   3.1000000e+01   1.5629567e+00
   8.0335105e+00   3.1000000e+01   1.5629567e+00
   8.0435105e+00   3.1000000e+01   1.5629567e+00
   8.0535105e+00   3.1000000e+01   1.5629567e+00
   8.0635105e+00   3.1000000e+01   1.5629567e+00
   8.0735105e+00   3.1000000e+01   1.5629567e+00
   8.0835105e+00   3.1000000e+01   1.5629567e+00
   8.0935105e+00   3.1000000e+01   1.5629567e+00
   8.1035105e+00   3.1000000e+01   1.5629567e+00
   8.1135105e+00   3.1000000e+01   1.5629567e+00
   8.1235105e+00   3.1000000e+01   1.5629567e+00
   8.1335105e+00   3.1000000e+01   1.5629567e+00
   8.1435105e+00   3.1000000e+01   1.5629567e+00
   8.1535105e+00   3.1000000e+01   1.5629567e+00
   8.1635105e+00   3.1000000e+01   1.5629567e+00
   8.1735105e+00   3.1000000e+01   1.5629567e+00
   8.1835105e+00   3.1000000e+01   1.5629567e+00
   8.1935105e+00   3.1000000e+01   1.5629567e+00
   8.2035105e+00   3.1000000e+01   1.5629567e+00
   8.2135105e+00   3.1000000e+01   1.5629567e+00
   8.2235105e+00   3.1000000e+01   1.5629567e+00
   8.2335105e+00   3.1000000e+01   1.5629567e+00
   8.2435105e+00   3.1000000e+01   1.5629567e+00
   8.2535105e+00   3.1000000e+01   1.5629567e+00
   8.2635105e+00   3.1000000e+01   1.5629567e+00
   8.2735105e+00   3.1000000e+01   1.5629567e+00
   8.2835105e+00   3.1000000e+01   1.5629567e+00
   8.2935105e+00   3.1000000e+01   1.5629567e+00
   8.3035105e+00   3.1000000e+01   1.5629567e+00
   8.3135105e+00   3.1000000e+01   1.5629567e+00
   8.3235105e+00   3.1000000e+01   1.5629567e+00
   8.3335105e+00   3.1000000e+01   1.5629567e+00
   8.3435105e+00   3.1000000e+01   1.5629567e+00
   8.3535105e+00   3.1000000e+01   1.5629567e+00
   8.3635105e+00   3.1000000e+01   1.5629567e+00
   8.3735105e+00   3.1000000e+01   1.5629567e+00
   8.3835105e+00   3.1000000e+01   1.5629567e+00
   8.3935105e+00   3.1000000e+01   1.5629567e+00
   8.4035105e+00   3.1000000e+01   1.5629567e+00
   8.4135105e+00   3.1000000e+01   1.5629567e+00
   8.4235105e+00   3.1000000e+01   1.5629567e+00
   8.4335105e+00   3.1000000e+01   1.5629567e+00
   8.4435105e+00   3.1000000e+01   1.5629567e+00
   8.4535105e+00   3.1000000e+01   1.5629567e+00
   8.4635105e+00   3.1000000e+01   1.5629567e+00
   8.4694286e+00   3.1000000e+01   1.5629567e+00
   8.4694286e+00   3.2000000e+01   1.5804722e+00
   8.4694286e+00   3.2000000e+01   1.5804722e+00
   8.4794286e+00   3.2000000e+01   1.5804722e+00
   8.4894286e+00   3.2000000e+01   1.5804722e+00
   8.4994286e+00   3.2000000e+01   1.5804722e+00
   8.5094286e+00   3.2000000e+01   1.5804722e+00
   8.5194286e+00   3.2000000e+01   1.5804722e+00
   8.5294286e+00   3.2000000e+01   1.5804722e+00
   8.5394286e+00   3.2000000e+01   1.5804722e+00
   8.5494286e+00   3.2000000e+01   1.5804722e+00
   8.5594286e+00   3.2000000e+01   1.5804722e+00
   8.5694286e+00   3.2000000e+01   1.5804722e+00
   8.5794286e+00   3.2000000e+01   1.5804722e+00
   8.5894286e+00   3.2000000e+01   1.5804722e+00
   8.5994286e+00   3.2000000e+01   1.5804722e+00
   8.6094286e+00   3.2000000e+01   1.5804722e+00
   8.6194286e+00   3.2000000e+01   1.5804722e+00
   8.6294286e+00   3.2000000e+01   1.5804722e+00
   8.6394286e+00   3.2000000e+01   1.5804722e+00
   8.6494286e+00   3.2000000e+01   1.5804722e+00
   8.6594286e+00   3.2000000e+01   1.5804722e+00
   8.6694286e+00   3.2000000e+01   1.5804722e+00
   8.6794286e+00   3.2000000e+01   1.5804722e+00
   8.6894286e+00   3.2000000e+01   1.5804722e+00
   8.6994286e+00   3.2000000e+01   1.5804722e+00
   8.7094286e+00   3.2000000e+01   1.5804722e+00
   8.7194286e+00   3.2000000e+01   1.5804722e+00
   8.7294286e+00   3.2000000e+01   1.5804722e+00
   8.7394286e+00   3.2000000e+01   1.5804722e+00
   8.7494286e+00   3.2000000e+01   1.5804722e+00
   8.7594286e+00   3.2000000e+01   1.5804722e+00
   8.7694286e+00   3.2000000e+01   1.5804722e+00
   8.7794286e+00   3.2000000e+01   1.5804722e+00
   8.7894286e+00   3.2000000e+01   1.5804722e+00
   8.7994286e+00   3.2000000e+01   1.5804722e+00
   8.8094286e+00   3.2000000e+01   1.5804722e+00
   8.8194286e+00   3.2000000e+01   1.5804722e+00
   8.8294286e+00   3.2000000e+01   1.5804722e+00
   8.8394286e+00   3.2000000e+01   1.5804722e+00
   8.8494286e+00   3.2000000e+01   1.5804722e+00
   8.8594286e+00   3.2000000e+01   1.5804722e+00
   8.8694286e+00   3.2000000e+01   1.5804722e+00
   8.8794286e+00   3.2000000e+01   1.5804722e+00
   8.8894286e+00   3.2000000e+01   1.5804722e+00
   8.8994286e+00   3.2000000e+01   1.5804722e+00
   8.9094286e+00   3.2000000e+01   1.5804722e+00
   8.9194286e+00   3.2000000e+01   1.5804722e+00
   8.9294286e+00   3.2000000e+01   1.5804722e+00
   8.9394286e+00   3.2000000e+01   1.5804722e+00
   8.9494286e+00   3.2000000e+01   1.5804722e+00
   8.9594286e+00   3.2000000e+01   1.5804722e+00
   8.9677763e+00   3.2000000e+01   1.5804722e+00
   8.9677763e+00   3.3000000e+01   1.5962046e+00
   8.9677763e+00   3.3000000e+01   1.5962046e+00
   8.9777763e+00   3.3000000e+01   1.5962046e+00
   8.9877763e+00   3.3000000e+01   1.5962046e+00
   8.9977763e+00   3.3000000e+01   1.5962046e+00
   9.0077763e+00   3.3000000e+01   1.5962046e+00
   9.0177763e+00   3.3000000e+01   1.5962046e+00
   9.0277763e+00   3.3000000e+01   1.5962046e+00
   9.0377763e+00   3.3000000e+01   1.5962046e+00
   9.0477763e+00   3.3000000e+01   1.5962046e+00
   9.0577763e+00   3.3000000e+01   1.5962046e+00
   9.0677763e+00   3.3000000e+01   1.5962046e+00
   9.0777763e+00   3.3000000e+01   1.5962046e+00
   9.0877763e+00   3.3000000e+01   1.5962046e+00
   9.0977763e+00   3.3000000e+01   1.5962046e+00
   9.1077763e+00   3.3000000e+01   1.5962046e+00
   9.1177763e+00   3.3000000e+01   1.5962046e+00
   9.1277763e+00   3.3000000e+01   1.5962046e+00
   9.1377763e+00   3.3000000e+01   1.5962046e+00
   9.1477763e+00   3.3000000e+01   1.5962046e+00
   9.1577763e+00   3.3000000e+01   1.5962046e+00
   9.1677763e+00   3.3000000e+01   1.5962046e+00
   9.1777763e+00   3.3000000e+01   1.5962046e+00
   9.1877763e+00   3.3000000e+01   1.5962046e+00
   9.1977763e+00   3.3000000e+01   1.5962046e+00
   9.2077763e+00   3.3000000e+01   1.5962046e+00
   9.2177763e+00   3.3000000e+01   1.5962046e+00
   9.2277763e+00   3.3000000e+01   1.5962046e+00
   9.2377763e+00   3.3000000e+01   1.5962046e+00
   9.2477763e+00   3.3000000e+01   1.5962046e+00
   9.2577763e+00   3.3000000e+01   1.5962046e+00
   9.2677763e+00   3.3000000e+01   1.5962046e+00
   9.2777763e+00   3.3000000e+01   1.5962046e+00
   9.2877763e+00   3.3000000e+01   1.5962046e+00
   9.2977763e+00   3.3000000e+01   1.5962046e+00
   9.3077763e+00   3.3000000e+01   1.5962046e+00
   9.3177763e+00   3.3000000e+01   1.5962046e+00
   9.3277763e+00   3.3000000e+01   1.5962046e+00
   9.3377763e+00   3.3000000e+01   1.5962046e+00
   9.3477763e+00   3.3000000e+01   1.5962046e+00
   9.3577763e+00   3.3000000e+01   1.5962046e+00
   9.3677763e+00   3.3000000e+01   1.5962046e+00
   9.3777763e+00   3.3000000e+01   1.5962046e+00
   9.3877763e+00   3.3000000e+01   1.5962046e+00
   9.3977763e+00   3.3000000e+01   1.5962046e+00
   9.4077763e+00   3.3000000e+01   1.5962046e+00
   9.4177763e+00   3.3000000e+01   1.5962046e+00
   9.4277763e+00   3.3000000e+01   1.5962046e+00
   9.4377763e+00   3.3000000e+01   1.5962046e+00
   9.4477763e+00   3.3000000e+01   1.5962046e+00
   9.4577763e+00   3.3000000e+01   1.5962046e+00
   9.4677763e+00   3.3000000e+01   1.5962046e+00
   9.4777763e+00   3.3000000e+01   1.5962046e+00
   9.4783827e+00   3.3000000e+01   1.5962046e+00
   9.4783827e+00   3.4000000e+01   1.6101688e+00
   9.4783827e+00   3.4000000e+01   1.6101688e+00
   9.4883827e+00   3.4000000e+01   1.6101688e+00
   9.4983827e+00   3.4000000e+01   1.6101688e+00
   9.5083827e+00   3.4000000e+01   1.6101688e+00
   9.5183827e+00   3.4000000e+01   1.6101688e+00
   9.5283827e+00   3.4000000e+01   1.6101688e+00
   9.5383827e+00   3.4000000e+01   1.6101688e+00
   9.5483827e+00   3.4000000e+01   1.6101688e+00
   9.5583827e+00   3.4000000e+01   1.6101688e+00
   9.5683827e+00   3.4000000e+01   1.6101688e+00
   9.5783827e+00   3.4000000e+01   1.6101688e+00
   9.5883827e+00   3.4000000e+01   1.6101688e+00
   9.5983827e+00   3.4000000e+01   1.6101688e+00
   9.6083827e+00   3.4000000e+01   1.6101688e+00
   9.6183827e+00   3.4000000e+01   1.6101688e+00
   9.6283827e+00   3.4000000e+01   1.6101688e+00
   9.6383827e+00   3.4000000e+01   1.6101688e+00
   9.6483827e+00   3.4000000e+01   1.6101688e+00
   9.6583827e+00   3.4000000e+01   1.6101688e+00
   9.6683827e+00   3.4000000e+01   1.6101688e+00
   9.6783827e+00   3.4000000e+01   1.6101688e+00
   9.6883827e+00   3.4000000e+01   1.6101688e+00
   9.6983827e+00   3.4000000e+01   1.6101688e+00
   9.7083827e+00   3.4000000e+01   1.6101688e+00
   9.7183827e+00   3.4000000e+01   1.6101688e+00
   9.7283827e+00   3.4000000e+01   1.6101688e+00
   9.7383827e+00   3.4000000e+01   1.6101688e+00
   9.7483827e+00   3.4000000e+01   1.6101688e+00
   9.7583827e+00   3.4000000e+01   1.6101688e+00
   9.7683827e+00   3.4000000e+01   1.6101688e+00
   9.7783827e+00   3.4000000e+01   1.6101688e+00
   9.7883827e+00   3.4000000e+01   1.6101688e+00
   9.7983827e+00   3.4000000e+01   1.6101688e+00
   9.8083827e+00   3.4000000e+01   1.6101688e+00
   9.8183827e+00   3.4000000e+01   1.6101688e+00
   9.8283827e+00   3.4000000e+01   1.6101688e+00
   9.8383827e+00   3.4000000e+01   1.6101688e+00
   9.8483827e+00   3.4000000e+01   1.6101688e+00
   9.8583827e+00   3.4000000e+01   1.6101688e+00
   9.8683827e+00   3.4000000e+01   1.6101688e+00
   9.8783827e+00   3.4000000e+01   1.6101688e+00
   9.8883827e+00   3.4000000e+01   1.6101688e+00
   9.8983827e+00   3.4000000e+01   1.6101688e+00
   9.9083827e+00   3.4000000e+01   1.6101688e+00
   9.9183827e+00   3.4000000e+01   1.6101688e+00
   9.9283827e+00   3.4000000e+01   1.6101688e+00
   9.9383827e+00   3.4000000e+01   1.6101688e+00
   9.9483827e+00   3.4000000e+01   1.6101688e+00
   9.9583827e+00   3.4000000e+01   1.6101688e+00
   9.9683827e+00   3.4000000e+01   1.6101688e+00
   9.9783827e+00   3.4000000e+01   1.6101688e+00
   9.9883827e+00   3.4000000e+01   1.6101688e+00
   9.9983827e+00   3.4000000e+01   1.6101688e+00
   1.0001076e+01   3.4000000e+01   1.6101688e+00
   1.0001076e+01   3.5000000e+01   1.6223794e+00
   1.0001076e+01   3.5000000e+01   1.6223794e+00
   1.0011076e+01   3.5000000e+01   1.6223794e+00
   1.0021076e+01   3.5000000e+01   1.6223794e+00
   1.0031076e+01   3.5000000e+01   1.6223794e+00
   1.0041076e+01   3.5000000e+01   1.6223794e+00
   1.0051076e+01   3.5000000e+01   1.6223794e+00
   1.0061076e+01   3.5000000e+01   1.6223794e+00
   1.0071076e+01   3.5000000e+01   1.6223794e+00
   1.0081076e+01   3.5000000e+01   1.6223794e+00
   1.0091076e+01   3.5000000e+01   1.6223794e+00
   1.0101076e+01   3.5000000e+01   1.6223794e+00
   1.0111076e+01   3.5000000e+01   1.6223794e+00
   1.0121076e+01   3.5000000e+01   1.6223794e+00
   1.0131076e+01   3.5000000e+01   1.6223794e+00
   1.0141076e+01   3.5000000e+01   1.6223794e+00
   1.0151076e+01   3.5000000e+01   1.6223794e+00
   1.0161076e+01   3.5000000e+01   1.6223794e+00
   1.0171076e+01   3.5000000e+01   1.6223794e+00
   1.0181076e+01   3.5000000e+01   1.6223794e+00
   1.0191076e+01   3.5000000e+01   1.6223794e+00
   1.0201076e+01   3.5000000e+01   1.6223794e+00
   1.0211076e+01   3.5000000e+01   1.6223794e+00
   1.0221076e+01   3.5000000e+01   1.6223794e+00
   1.0231076e+01   3.5000000e+01   1.6223794e+00
   1.0241076e+01   3.5000000e+01   1.6223794e+00
   1.0251076e+01   3.5000000e+01   1.6223794e+00
   1.0261076e+01   3.5000000e+01   1.6223794e+00
   1.0271076e+01   3.5000000e+01   1.6223794e+00
   1.0281076e+01   3.5000000e+01   1.6223794e+00
   1.0291076e+01   3.5000000e+01   1.6223794e+00
   1.0301076e+01   3.5000000e+01   1.6223794e+00
   1.0311076e+01   3.5000000e+01   1.6223794e+00
   1.0321076e+01   3.5000000e+01   1.6223794e+00
   1.0331076e+01   3.5000000e+01   1.6223794e+00
   1.0341076e+01   3.5000000e+01   1.6223794e+00
   1.0351076e+01   3.5000000e+01   1.6223794e+00
   1.0361076e+01   3.5000000e+01   1.6223794e+00
   1.0371076e+01   3.5000000e+01   1.6223794e+00
   1.0381076e+01   3.5000000e+01   1.6223794e+00
   1.0391076e+01   3.5000000e+01   1.6223794e+00
   1.0401076e+01   3.5000000e+01   1.6223794e+00
   1.0411076e+01   3.5000000e+01   1.6223794e+00
   1.0421076e+01   3.5000000e+01   1.6223794e+00
   1.0431076e+01   3.5000000e+01   1.6223794e+00
   1.0441076e+01   3.5000000e+01   1.6223794e+00
   1.0451076e+01   3.5000000e+01   1.6223794e+00
   1.0461076e+01   3.5000000e+01   1.6223794e+00
   1.0471076e+01   3.5000000e+01   1.6223794e+00
   1.0481076e+01   3.5000000e+01   1.6223794e+00
   1.0491076e+01   3.5000000e+01   1.6223794e+00
   1.0501076e+01   3.5000000e+01   1.6223794e+00
   1.0511076e+01   3.5000000e+01   1.6223794e+00
   1.0521076e+01   3.5000000e+01   1.6223794e+00
   1.0531076e+01   3.5000000e+01   1.6223794e+00
   1.0535684e+01   3.5000000e+01   1.6223794e+00
   1.0535684e+01   3.6000000e+01   1.6328501e+00
   1.0535684e+01   3.6000000e+01   1.6328501e+00
   1.0545684e+01   3.6000000e+01   1.6328501e+00
   1.0555684e+01   3.6000000e+01   1.6328501e+00
   1.0565684e+01   3.6000000e+01   1.6328501e+00
   1.0575684e+01   3.6000000e+01   1.6328501e+00
   1.0585684e+01   3.6000000e+01   1.6328501e+00
   1.0595684e+01   3.6000000e+01   1.6328501e+00
   1.0605684e+01   3.6000000e+01   1.6328501e+00
   1.0615684e+01   3.6000000e+01   1.6328501e+00
   1.0625684e+01   3.6000000e+01   1.6328501e+00
   1.0635684e+01   3.6000000e+01   1.6328501e+00
   1.0645684e+01   3.6000000e+01   1.6328501e+00
   1.0655684e+01   3.6000000e+01   1.6328501e+00
   1.0665684e+01   3.6000000e+01   1.6328501e+00
   1.0675684e+01   3.6000000e+01   1.6328501e+00
   1.0685684e+01   3.6000000e+01   1.6328501e+00
   1.0695684e+01   3.6000000e+01   1.6328501e+00
   1.0705684e+01   3.6000000e+01   1.6328501e+00
   1.0715684e+01   3.6000000e+01   1.6328501e+00
   1.0725684e+01   3.6000000e+01   1.6328501e+00
   1.0735684e+01   3.6000000e+01   1.6328501e+00
   1.0745684e+01   3.6000000e+01   1.6328501e+00
   1.0755684e+01   3.6000000e+01   1.6328501e+00
   1.0765684e+01   3.6000000e+01   1.6328501e+00
   1.0775684e+01   3.6000000e+01   1.6328501e+00
   1.0785684e+01   3.6000000e+01   1.6328501e+00
   1.0795684e+01   3.6000000e+01   1.6328501e+00
   1.0805684e+01   3.6000000e+01   1.6328501e+00
   1.0815684e+01   3.6000000e+01   1.6328501e+00
   1.0825684e+01   3.6000000e+01   1.6328501e+00
   1.0835684e+01   3.6000000e+01   1.6328501e+00
   1.0845684e+01   3.6000000e+01   1.6328501e+00
   1.0855684e+01   3.6000000e+01   1.6328501e+00
   1.0865684e+01   3.6000000e+01   1.6328501e+00
   1.0875684e+01   3.6000000e+01   1.6328501e+00
   1.0885684e+01   3.6000000e+01   1.6328501e+00
   1.0895684e+01   3.6000000e+01   1.6328501e+00
   1.0905684e+01   3.6000000e+01   1.6328501e+00
   1.0915684e+01   3.6000000e+01   1.6328501e+00
   1.0925684e+01   3.6000000e+01   1.6328501e+00
   1.0935684e+01   3.6000000e+01   1.6328501e+00
   1.0945684e+01   3.6000000e+01   1.6328501e+00
   1.0955684e+01   3.6000000e+01   1.6328501e+00
   1.0965684e+01   3.6000000e+01   1.6328501e+00
   1.0975684e+01   3.6000000e+01   1.6328501e+00
   1.0985684e+01   3.6000000e+01   1.6328501e+00
   1.0995684e+01   3.6000000e+01   1.6328501e+00
   1.1005684e+01   3.6000000e+01   1.6328501e+00
   1.1015684e+01   3.6000000e+01   1.6328501e+00
   1.1025684e+01   3.6000000e+01   1.6328501e+00
   1.1035684e+01   3.6000000e+01   1.6328501e+00
   1.1045684e+01   3.6000000e+01   1.6328501e+00
   1.1055684e+01   3.6000000e+01   1.6328501e+00
   1.1065684e+01   3.6000000e+01   1.6328501e+00
   1.1075684e+01   3.6000000e+01   1.6328501e+00
   1.1082034e+01   3.6000000e+01   1.6328501e+00
   1.1082034e+01   3.7000000e+01   1.6415942e+00
   1.1082034e+01   3.7000000e+01   1.6415942e+00
   1.1092034e+01   3.7000000e+01   1.6415942e+00
   1.1102034e+01   3.7000000e+01   1.6415942e+00
   1.1112034e+01   3.7000000e+01   1.6415942e+00
   1.1122034e+01   3.7000000e+01   1.6415942e+00
   1.1132034e+01   3.7000000e+01   1.6415942e+00
   1.1142034e+01   3.7000000e+01   1.6415942e+00
   1.1152034e+01   3.7000000e+01   1.6415942e+00
   1.1162034e+01   3.7000000e+01   1.6415942e+00
   1.1172034e+01   3.7000000e+01   1.6415942e+00
   1.1182034e+01   3.7000000e+01   1.6415942e+00
   1.1192034e+01   3.7000000e+01   1.6415942e+00
   1.1202034e+01   3.7000000e+01   1.6415942e+00
   1.1212034e+01   3.7000000e+01   1.6415942e+00
   1.1222034e+01   3.7000000e+01   1.6415942e+00
   1.1232034e+01   3.7000000e+01   1.6415942e+00
   1.1242034e+01   3.7000000e+01   1.6415942e+00
   1.1252034e+01   3.7000000e+01   1.6415942e+00
   1.1262034e+01   3.7000000e+01   1.6415942e+00
   1.1272034e+01   3.7000000e+01   1.6415942e+00
   1.1282034e+01   3.7000000e+01   1.6415942e+00
   1.1292034e+01   3.7000000e+01   1.6415942e+00
   1.1302034e+01   3.7000000e+01   1.6415942e+00
   1.1312034e+01   3.7000000e+01   1.6415942e+00
   1.1322034e+01   3.7000000e+01   1.6415942e+00
   1.1332034e+01   3.7000000e+01   1.6415942e+00
   1.1342034e+01   3.7000000e+01   1.6415942e+00
   1.1352034e+01   3.7000000e+01   1.6415942e+00
   1.1362034e+01   3.7000000e+01   1.6415942e+00
   1.1372034e+01   3.7000000e+01   1.6415942e+00
   1.1382034e+01   3.7000000e+01   1.6415942e+00
   1.1392034e+01   3.7000000e+01   1.6415942e+00
   1.1402034e+01   3.7000000e+01   1.6415942e+00
   1.1412034e+01   3.7000000e+01   1.6415942e+00
   1.1422034e+01   3.7000000e+01   1.6415942e+00
   1.1432034e+01   3.7000000e+01   1.6415942e+00
   1.1442034e+01   3.7000000e+01   1.6415942e+00
   1.1452034e+01   3.7000000e+01   1.6415942e+00
   1.1462034e+01   3.7000000e+01   1.6415942e+00
   1.1472034e+01   3.7000000e+01   1.6415942e+00
   1.1482034e+01   3.7000000e+01   1.6415942e+00
   1.1492034e+01   3.7000000e+01   1.6415942e+00
   1.1502034e+01   3.7000000e+01   1.6415942e+00
   1.1512034e+01   3.7000000e+01   1.6415942e+00
   1.1522034e+01   3.7000000e+01   1.6415942e+00
   1.1532034e+01   3.7000000e+01   1.6415942e+00
   1.1542034e+01   3.7000000e+01   1.6415942e+00
   1.1552034e+01   3.7000000e+01   1.6415942e+00
   1.1562034e+01   3.7000000e+01   1.6415942e+00
   1.1572034e+01   3.7000000e+01   1.6415942e+00
   1.1582034e+01   3.7000000e+01   1.6415942e+00
   1.1592034e+01   3.7000000e+01   1.6415942e+00
   1.1602034e+01   3.7000000e+01   1.6415942e+00
   1.1612034e+01   3.7000000e+01   1.6415942e+00
   1.1622034e+01   3.7000000e+01   1.6415942e+00
   1.1632034e+01   3.7000000e+01   1.6415942e+00
   1.1639952e+01   3.7000000e+01   1.6415942e+00
   1.1639952e+01   3.8000000e+01   1.6486246e+00
   1.1639952e+01   3.8000000e+01   1.6486246e+00
   1.1649952e+01   3.8000000e+01   1.6486246e+00
   1.1659952e+01   3.8000000e+01   1.6486246e+00
   1.1669952e+01   3.8000000e+01   1.6486246e+00
   1.1679952e+01   3.8000000e+01   1.6486246e+00
   1.1689952e+01   3.8000000e+01   1.6486246e+00
   1.1699952e+01   3.8000000e+01   1.6486246e+00
   1.1709952e+01   3.8000000e+01   1.6486246e+00
   1.1719952e+01   3.8000000e+01   1.6486246e+00
   1.1729952e+01   3.8000000e+01   1.6486246e+00
   1.1739952e+01   3.8000000e+01   1.6486246e+00
   1.1749952e+01   3.8000000e+01   1.6486246e+00
   1.1759952e+01   3.8000000e+01   1.6486246e+00
   1.1769952e+01   3.8000000e+01   1.6486246e+00
   1.1779952e+01   3.8000000e+01   1.6486246e+00
   1.1789952e+01   3.8000000e+01   1.6486246e+00
   1.1799952e+01   3.8000000e+01   1.6486246e+00
   1.1809952e+01   3.8000000e+01   1.6486246e+00
   1.1819952e+01   3.8000000e+01   1.6486246e+00
   1.1829952e+01   3.8000000e+01   1.6486246e+00
   1.1839952e+01   3.8000000e+01   1.6486246e+00
   1.1849952e+01   3.8000000e+01   1.6486246e+00
   1.1859952e+01   3.8000000e+01   1.6486246e+00
   1.1869952e+01   3.8000000e+01   1.6486246e+00
   1.1879952e+01   3.8000000e+01   1.6486246e+00
   1.1889952e+01   3.8000000e+01   1.6486246e+00
   1.1899952e+01   3.8000000e+01   1.6486246e+00
   1.1909952e+01   3.8000000e+01   1.6486246e+00
   1.1919952e+01   3.8000000e+01   1.6486246e+00
   1.1929952e+01   3.8000000e+01   1.6486246e+00
   1.1939952e+01   3.8000000e+01   1.6486246e+00
   1.1949952e+01   3.8000000e+01   1.6486246e+00
   1.1959952e+01   3.8000000e+01   1.6486246e+00
   1.1969952e+01   3.8000000e+01   1.6486246e+00
   1.1979952e+01   3.8000000e+01   1.6486246e+00
   1.1989952e+01   3.8000000e+01   1.6486246e+00
   1.1999952e+01   3.8000000e+01   1.6486246e+00
   1.2009952e+01   3.8000000e+01   1.6486246e+00
   1.2019952e+01   3.8000000e+01   1.6486246e+00
   1.2029952e+01   3.8000000e+01   1.6486246e+00
   1.2039952e+01   3.8000000e+01   1.6486246e+00
   1.2049952e+01   3.8000000e+01   1.6486246e+00
   1.2059952e+01   3.8000000e+01   1.6486246e+00
   1.2069952e+01   3.8000000e+01   1.6486246e+00
   1.2079952e+01   3.8000000e+01   1.6486246e+00
   1.2089952e+01   3.8000000e+01   1.6486246e+00
   1.2099952e+01   3.8000000e+01   1.6486246e+00
   1.2109952e+01   3.8000000e+01   1.6486246e+00
   1.2119952e+01   3.8000000e+01   1.6486246e+00
   1.2129952e+01   3.8000000e+01   1.6486246e+00
   1.2139952e+01   3.8000000e+01   1.6486246e+00
   1.2149952e+01   3.8000000e+01   1.6486246e+00
   1.2159952e+01   3.8000000e+01   1.6486246e+00
   1.2169952e+01   3.8000000e+01   1.6486246e+00
   1.2179952e+01   3.8000000e+01   1.6486246e+00
   1.2189952e+01   3.8000000e+01   1.6486246e+00
   1.2199952e+01   3.8000000e+01   1.6486246e+00
   1.2209263e+01   3.8000000e+01   1.6486246e+00
   1.2209263e+01   3.9000000e+01   1.6539538e+00
   1.2209263e+01   3.9000000e+01   1.6539538e+00
   1.2219263e+01   3.9000000e+01   1.6539538e+00
   1.2229263e+01   3.9000000e+01   1.6539538e+00
   1.2239263e+01   3.9000000e+01   1.6539538e+00
   1.2249263e+01   3.9000000e+01   1.6539538e+00
   1.2259263e+01   3.9000000e+01   1.6539538e+00
   1.2269263e+01   3.9000000e+01   1.6539538e+00
   1.2279263e+01   3.9000000e+01   1.6539538e+00
   1.2289263e+01   3.9000000e+01   1.6539538e+00
   1.2299263e+01   3.9000000e+01   1.6539538e+00
   1.2309263e+01   3.9000000e+01   1.6539538e+00
   1.2319263e+01   3.9000000e+01   1.6539538e+00
   1.2329263e+01   3.9000000e+01   1.6539538e+00
   1.2339263e+01   3.9000000e+01   1.6539538e+00
   1.2349263e+01   3.9000000e+01   1.6539538e+00
   1.2359263e+01   3.9000000e+01   1.6539538e+00
   1.2369263e+01   3.9000000e+01   1.6539538e+00
   1.2379263e+01   3.9000000e+01   1.6539538e+00
   1.2389263e+01   3.9000000e+01   1.6539538e+00
   1.2399263e+01   3.9000000e+01   1.6539538e+00
   1.2409263e+01   3.9000000e+01   1.6539538e+00
   1.2419263e+01   3.9000000e+01   1.6539538e+00
   1.2429263e+01   3.9000000e+01   1.6539538e+00
   1.2439263e+01   3.9000000e+01   1.6539538e+00
   1.2449263e+01   3.9000000e+01   1.6539538e+00
   1.2459263e+01   3.9000000e+01   1.6539538e+00
   1.2469263e+01   3.9000000e+01   1.6539538e+00
   1.2479263e+01   3.9000000e+01   1.6539538e+00
   1.2489263e+01   3.9000000e+01   1.6539538e+00
   1.2499263e+01   3.9000000e+01   1.6539538e+00
   1.2509263e+01   3.9000000e+01   1.6539538e+00
   1.2519263e+01   3.9000000e+01   1.6539538e+00
   1.2529263e+01   3.9000000e+01   1.6539538e+00
   1.2539263e+01   3.9000000e+01   1.6539538e+00
   1.2549263e+01   3.9000000e+01   1.6539538e+00
   1.2559263e+01   3.9000000e+01   1.6539538e+00
   1.2569263e+01   3.9000000e+01   1.6539538e+00
   1.2579263e+01   3.9000000e+01   1.6539538e+00
   1.2589263e+01   3.9000000e+01   1.6539538e+00
   1.2599263e+01   3.9000000e+01   1.6539538e+00
   1.2609263e+01   3.9000000e+01   1.6539538e+00
   1.2619263e+01   3.9000000e+01   1.6539538e+00
   1.2629263e+01   3.9000000e+01   1.6539538e+00
   1.2639263e+01   3.9000000e+01   1.6539538e+00
   1.2649263e+01   3.9000000e+01   1.6539538e+00
   1.2659263e+01   3.9000000e+01   1.6539538e+00
   1.2669263e+01   3.9000000e+01   1.6539538e+00
   1.2679263e+01   3.9000000e+01   1.6539538e+00
   1.2689263e+01   3.9000000e+01   1.6539538e+00
   1.2699263e+01   3.9000000e+01   1.6539538e+00
   1.2709263e+01   3.9000000e+01   1.6539538e+00
   1.2719263e+01   3.9000000e+01   1.6539538e+00
   1.2729263e+01   3.9000000e+01   1.6539538e+00
   1.2739263e+01   3.9000000e+01   1.6539538e+00
   1.2749263e+01   3.9000000e+01   1.6539538e+00
   1.2759263e+01   3.9000000e+01   1.6539538e+00
   1.2769263e+01   3.9000000e+01   1.6539538e+00
   1.2779263e+01   3.9000000e+01   1.6539538e+00
   1.2789263e+01   3.9000000e+01   1.6539538e+00
   1.2789791e+01   3.9000000e+01   1.6539538e+00
   1.2789791e+01   4.0000000e+01   1.6575937e+00
   1.2789791e+01   4.0000000e+01   1.6575937e+00
   1.2799791e+01   4.0000000e+01   1.6575937e+00
   1.2809791e+01   4.0000000e+01   1.6575937e+00
   1.2819791e+01   4.0000000e+01   1.6575937e+00
   1.2829791e+01   4.0000000e+01   1.6575937e+00
   1.2839791e+01   4.0000000e+01   1.6575937e+00
   1.2849791e+01   4.0000000e+01   1.6575937e+00
   1.2859791e+01   4.0000000e+01   1.6575937e+00
   1.2869791e+01   4.0000000e+01   1.6575937e+00
   1.2879791e+01   4.0000000e+01   1.6575937e+00
   1.2889791e+01   4.0000000e+01   1.6575937e+00
   1.2899791e+01   4.0000000e+01   1.6575937e+00
   1.2909791e+01   4.0000000e+01   1.6575937e+00
   1.2919791e+01   4.0000000e+01   1.6575937e+00
   1.2929791e+01   4.0000000e+01   1.6575937e+00
   1.2939791e+01   4.0000000e+01   1.6575937e+00
   1.2949791e+01   4.0000000e+01   1.6575937e+00
   1.2959791e+01   4.0000000e+01   1.6575937e+00
   1.2969791e+01   4.0000000e+01   1.6575937e+00
   1.2979791e+01   4.0000000e+01   1.6575937e+00
   1.2989791e+01   4.0000000e+01   1.6575937e+00
   1.2999791e+01   4.0000000e+01   1.6575937e+00
   1.3009791e+01   4.0000000e+01   1.6575937e+00
   1.3019791e+01   4.0000000e+01   1.6575937e+00
   1.3029791e+01   4.0000000e+01   1.6575937e+00
   1.3039791e+01   4.0000000e+01   1.6575937e+00
   1.3049791e+01   4.0000000e+01   1.6575937e+00
   1.3059791e+01   4.0000000e+01   1.6575937e+00
   1.3069791e+01   4.0000000e+01   1.6575937e+00
   1.3079791e+01   4.0000000e+01   1.6575937e+00
   1.3089791e+01   4.0000000e+01   1.6575937e+00
   1.3099791e+01   4.0000000e+01   1.6575937e+00
   1.3109791e+01   4.0000000e+01   1.6575937e+00
   1.3119791e+01   4.0000000e+01   1.6575937e+00
   1.3129791e+01   4.0000000e+01   1.6575937e+00
   1.3139791e+01   4.0000000e+01   1.6575937e+00
   1.3149791e+01   4.0000000e+01   1.6575937e+00
   1.3159791e+01   4.0000000e+01   1.6575937e+00
   1.3169791e+01   4.0000000e+01   1.6575937e+00
   1.3179791e+01   4.0000000e+01   1.6575937e+00
   1.3189791e+01   4.0000000e+01   1.6575937e+00
   1.3199791e+01   4.0000000e+01   1.6575937e+00
   1.3209791e+01   4.0000000e+01   1.6575937e+00
   1.3219791e+01   4.0000000e+01   1.6575937e+00
   1.3229791e+01   4.0000000e+01   1.6575937e+00
   1.3239791e+01   4.0000000e+01   1.6575937e+00
   1.3249791e+01   4.0000000e+01   1.6575937e+00
   1.3259791e+01   4.0000000e+01   1.6575937e+00
   1.3269791e+01   4.0000000e+01   1.6575937e+00
   1.3279791e+01   4.0000000e+01   1.6575937e+00
   1.3289791e+01   4.0000000e+01   1.6575937e+00
   1.3299791e+01   4.0000000e+01   1.6575937e+00
   1.3309791e+01   4.0000000e+01   1.6575937e+00
   1.3319791e+01   4.0000000e+01   1.6575937e+00
   1.3329791e+01   4.0000000e+01   1.6575937e+00
   1.3339791e+01   4.0000000e+01   1.6575937e+00
   1.3349791e+01   4.0000000e+01   1.6575937e+00
   1.3359791e+01   4.0000000e+01   1.6575937e+00
   1.3369791e+01   4.0000000e+01   1.6575937e+00
   1.3379791e+01   4.0000000e+01   1.6575937e+00
   1.3381359e+01   4.0000000e+01   1.6575937e+00
   1.3381359e+01   4.1000000e+01   1.6595562e+00
   1.3381359e+01   4.1000000e+01   1.6595562e+00
   1.3391359e+01   4.1000000e+01   1.6595562e+00
   1.3401359e+01   4.1000000e+01   1.6595562e+00
   1.3411359e+01   4.1000000e+01   1.6595562e+00
   1.3421359e+01   4.1000000e+01   1.6595562e+00
   1.3431359e+01   4.1000000e+01   1.6595562e+00
   1.3441359e+01   4.1000000e+01   1.6595562e+00
   1.3451359e+01   4.1000000e+01   1.6595562e+00
   1.3461359e+01   4.1000000e+01   1.6595562e+00
   1.3471359e+01   4.1000000e+01   1.6595562e+00
   1.3481359e+01   4.1000000e+01   1.6595562e+00
   1.3491359e+01   4.1000000e+01   1.6595562e+00
   1.3501359e+01   4.1000000e+01   1.6595562e+00
   1.3511359e+01   4.1000000e+01   1.6595562e+00
   1.3521359e+01   4.1000000e+01   1.6595562e+00
   1.3531359e+01   4.1000000e+01   1.6595562e+00
   1.3541359e+01   4.1000000e+01   1.6595562e+00
   1.3551359e+01   4.1000000e+01   1.6595562e+00
   1.3561359e+01   4.1000000e+01   1.6595562e+00
   1.3571359e+01   4.1000000e+01   1.6595562e+00
   1.3581359e+01   4.1000000e+01   1.6595562e+00
   1.3591359e+01   4.1000000e+01   1.6595562e+00
   1.3601359e+01   4.1000000e+01   1.6595562e+00
   1.3611359e+01   4.1000000e+01   1.6595562e+00
   1.3621359e+01   4.1000000e+01   1.6595562e+00
   1.3631359e+01   4.1000000e+01   1.6595562e+00
   1.3641359e+01   4.1000000e+01   1.6595562e+00
   1.3651359e+01   4.1000000e+01   1.6595562e+00
   1.3661359e+01   4.1000000e+01   1.6595562e+00
   1.3671359e+01   4.1000000e+01   1.6595562e+00
   1.3681359e+01   4.1000000e+01   1.6595562e+00
   1.3691359e+01   4.1000000e+01   1.6595562e+00
   1.3701359e+01   4.1000000e+01   1.6595562e+00
   1.3711359e+01   4.1000000e+01   1.6595562e+00
   1.3721359e+01   4.1000000e+01   1.6595562e+00
   1.3731359e+01   4.1000000e+01   1.6595562e+00
   1.3741359e+01   4.1000000e+01   1.6595562e+00
   1.3751359e+01   4.1000000e+01   1.6595562e+00
   1.3761359e+01   4.1000000e+01   1.6595562e+00
   1.3771359e+01   4.1000000e+01   1.6595562e+00
   1.3781359e+01   4.1000000e+01   1.6595562e+00
   1.3791359e+01   4.1000000e+01   1.6595562e+00
   1.3801359e+01   4.1000000e+01   1.6595562e+00
   1.3811359e+01   4.1000000e+01   1.6595562e+00
   1.3821359e+01   4.1000000e+01   1.6595562e+00
   1.3831359e+01   4.1000000e+01   1.6595562e+00
   1.3841359e+01   4.1000000e+01   1.6595562e+00
   1.3851359e+01   4.1000000e+01   1.6595562e+00
   1.3861359e+01   4.1000000e+01   1.6595562e+00
   1.3871359e+01   4.1000000e+01   1.6595562e+00
   1.3881359e+01   4.1000000e+01   1.6595562e+00
   1.3891359e+01   4.1000000e+01   1.6595562e+00
   1.3901359e+01   4.1000000e+01   1.6595562e+00
   1.3911359e+01   4.1000000e+01   1.6595562e+00
   1.3921359e+01   4.1000000e+01   1.6595562e+00
   1.3931359e+01   4.1000000e+01   1.6595562e+00
   1.3941359e+01   4.1000000e+01   1.6595562e+00
   1.3951359e+01   4.1000000e+01   1.6595562e+00
   1.3961359e+01   4.1000000e+01   1.6595562e+00
   1.3971359e+01   4.1000000e+01   1.6595562e+00
   1.3981359e+01   4.1000000e+01   1.6595562e+00
   1.3983789e+01   4.1000000e+01   1.6595562e+00
   1.3983789e+01   4.2000000e+01   1.6598525e+00
   1.3983789e+01   4.2000000e+01   1.6598525e+00
   1.3993789e+01   4.2000000e+01   1.6598525e+00
   1.4003789e+01   4.2000000e+01   1.6598525e+00
   1.4013789e+01   4.2000000e+01   1.6598525e+00
   1.4023789e+01   4.2000000e+01   1.6598525e+00
   1.4033789e+01   4.2000000e+01   1.6598525e+00
   1.4043789e+01   4.2000000e+01   1.6598525e+00
   1.4053789e+01   4.2000000e+01   1.6598525e+00
   1.4063789e+01   4.2000000e+01   1.6598525e+00
   1.4073789e+01   4.2000000e+01   1.6598525e+00
   1.4083789e+01   4.2000000e+01   1.6598525e+00
   1.4093789e+01   4.2000000e+01   1.6598525e+00
   1.4103789e+01   4.2000000e+01   1.6598525e+00
   1.4113789e+01   4.2000000e+01   1.6598525e+00
   1.4123789e+01   4.2000000e+01   1.6598525e+00
   1.4133789e+01   4.2000000e+01   1.6598525e+00
   1.4143789e+01   4.2000000e+01   1.6598525e+00
   1.4153789e+01   4.2000000e+01   1.6598525e+00
   1.4163789e+01   4.2000000e+01   1.6598525e+00
   1.4173789e+01   4.2000000e+01   1.6598525e+00
   1.4183789e+01   4.2000000e+01   1.6598525e+00
   1.4193789e+01   4.2000000e+01   1.6598525e+00
   1.4203789e+01   4.2000000e+01   1.6598525e+00
   1.4213789e+01   4.2000000e+01   1.6598525e+00
   1.4223789e+01   4.2000000e+01   1.6598525e+00
   1.4233789e+01   4.2000000e+01   1.6598525e+00
   1.4243789e+01   4.2000000e+01   1.6598525e+00
   1.4253789e+01   4.2000000e+01   1.6598525e+00
   1.4263789e+01   4.2000000e+01   1.6598525e+00
   1.4273789e+01   4.2000000e+01   1.6598525e+00
   1.4283789e+01   4.2000000e+01   1.6598525e+00
   1.4293789e+01   4.2000000e+01   1.6598525e+00
   1.4303789e+01   4.2000000e+01   1.6598525e+00
   1.4313789e+01   4.2000000e+01   1.6598525e+00
   1.4323789e+01   4.2000000e+01   1.6598525e+00
   1.4333789e+01   4.2000000e+01   1.6598525e+00
   1.4343789e+01   4.2000000e+01   1.6598525e+00
   1.4353789e+01   4.2000000e+01   1.6598525e+00
   1.4363789e+01   4.2000000e+01   1.6598525e+00
   1.4373789e+01   4.2000000e+01   1.6598525e+00
   1.4383789e+01   4.2000000e+01   1.6598525e+00
   1.4393789e+01   4.2000000e+01   1.6598525e+00
   1.4403789e+01   4.2000000e+01   1.6598525e+00
   1.4413789e+01   4.2000000e+01   1.6598525e+00
   1.4423789e+01   4.2000000e+01   1.6598525e+00
   1.4433789e+01   4.2000000e+01   1.6598525e+00
   1.4443789e+01   4.2000000e+01   1.6598525e+00
   1.4453789e+01   4.2000000e+01   1.6598525e+00
   1.4463789e+01   4.2000000e+01   1.6598525e+00
   1.4473789e+01   4.2000000e+01   1.6598525e+00
   1.4483789e+01   4.2000000e+01   1.6598525e+00
   1.4493789e+01   4.2000000e+01   1.6598525e+00
   1.4503789e+01   4.2000000e+01   1.6598525e+00
   1.4513789e+01   4.2000000e+01   1.6598525e+00
   1.4523789e+01   4.2000000e+01   1.6598525e+00
   1.4533789e+01   4.2000000e+01   1.6598525e+00
   1.4543789e+01   4.2000000e+01   1.6598525e+00
   1.4553789e+01   4.2000000e+01   1.6598525e+00
   1.4563789e+01   4.2000000e+01   1.6598525e+00
   1.4573789e+01   4.2000000e+01   1.6598525e+00
   1.4583789e+01   4.2000000e+01   1.6598525e+00
   1.4593789e+01   4.2000000e+01   1.6598525e+00
   1.4596903e+01   4.2000000e+01   1.6598525e+00
   1.4596903e+01   4.3000000e+01   1.6584939e+00
   1.4596903e+01   4.3000000e+01   1.6584939e+00
   1.4606903e+01   4.3000000e+01   1.6584939e+00
   1.4616903e+01   4.3000000e+01   1.6584939e+00
   1.4626903e+01   4.3000000e+01   1.6584939e+00
   1.4636903e+01   4.3000000e+01   1.6584939e+00
   1.4646903e+01   4.3000000e+01   1.6584939e+00
   1.4656903e+01   4.3000000e+01   1.6584939e+00
   1.4666903e+01   4.3000000e+01   1.6584939e+00
   1.4676903e+01   4.3000000e+01   1.6584939e+00
   1.4686903e+01   4.3000000e+01   1.6584939e+00
   1.4696903e+01   4.3000000e+01   1.6584939e+00
   1.4706903e+01   4.3000000e+01   1.6584939e+00
   1.4716903e+01   4.3000000e+01   1.6584939e+00
   1.4726903e+01   4.3000000e+01   1.6584939e+00
   1.4736903e+01   4.3000000e+01   1.6584939e+00
   1.4746903e+01   4.3000000e+01   1.6584939e+00
   1.4756903e+01   4.3000000e+01   1.6584939e+00
   1.4766903e+01   4.3000000e+01   1.6584939e+00
   1.4776903e+01   4.3000000e+01   1.6584939e+00
   1.4786903e+01   4.3000000e+01   1.6584939e+00
   1.4796903e+01   4.3000000e+01   1.6584939e+00
   1.4806903e+01   4.3000000e+01   1.6584939e+00
   1.4816903e+01   4.3000000e+01   1.6584939e+00
   1.4826903e+01   4.3000000e+01   1.6584939e+00
   1.4836903e+01   4.3000000e+01   1.6584939e+00
   1.4846903e+01   4.3000000e+01   1.6584939e+00
   1.4856903e+01   4.3000000e+01   1.6584939e+00
   1.4866903e+01   4.3000000e+01   1.6584939e+00
   1.4876903e+01   4.3000000e+01   1.6584939e+00
   1.4886903e+01   4.3000000e+01   1.6584939e+00
   1.4896903e+01   4.3000000e+01   1.6584939e+00
   1.4906903e+01   4.3000000e+01   1.6584939e+00
   1.4916903e+01   4.3000000e+01   1.6584939e+00
   1.4926903e+01   4.3000000e+01   1.6584939e+00
   1.4936903e+01   4.3000000e+01   1.6584939e+00
   1.4946903e+01   4.3000000e+01   1.6584939e+00
   1.4956903e+01   4.3000000e+01   1.6584939e+00
   1.4966903e+01   4.3000000e+01   1.6584939e+00
   1.4976903e+01   4.3000000e+01   1.6584939e+00
   1.4986903e+01   4.3000000e+01   1.6584939e+00
   1.4996903e+01   4.3000000e+01   1.6584939e+00
   1.5006903e+01   4.3000000e+01   1.6584939e+00
   1.5016903e+01   4.3000000e+01   1.6584939e+00
   1.5026903e+01   4.3000000e+01   1.6584939e+00
   1.5036903e+01   4.3000000e+01   1.6584939e+00
   1.5046903e+01   4.3000000e+01   1.6584939e+00
   1.5056903e+01   4.3000000e+01   1.6584939e+00
   1.5066903e+01   4.3000000e+01   1.6584939e+00
   1.5076903e+01   4.3000000e+01   1.6584939e+00
   1.5086903e+01   4.3000000e+01   1.6584939e+00
   1.5096903e+01   4.3000000e+01   1.6584939e+00
   1.5106903e+01   4.3000000e+01   1.6584939e+00
   1.5116903e+01   4.3000000e+01   1.6584939e+00
   1.5126903e+01   4.3000000e+01   1.6584939e+00
   1.5136903e+01   4.3000000e+01   1.6584939e+00
   1.5146903e+01   4.3000000e+01   1.6584939e+00
   1.5156903e+01   4.3000000e+01   1.6584939e+00
   1.5166903e+01   4.3000000e+01   1.6584939e+00
   1.5176903e+01   4.3000000e+01   1.6584939e+00
   1.5186903e+01   4.3000000e+01   1.6584939e+00
   1.5196903e+01   4.3000000e+01   1.6584939e+00
   1.5206903e+01   4.3000000e+01   1.6584939e+00
   1.5216903e+01   4.3000000e+01   1.6584939e+00
   1.5220520e+01   4.3000000e+01   1.6584939e+00
   1.5220520e+01   4.4000000e+01   1.6554913e+00
   1.5220520e+01   4.4000000e+01   1.6554913e+00
   1.5230520e+01   4.4000000e+01   1.6554913e+00
   1.5240520e+01   4.4000000e+01   1.6554913e+00
   1.5250520e+01   4.4000000e+01   1.6554913e+00
   1.5260520e+01   4.4000000e+01   1.6554913e+00
   1.5270520e+01   4.4000000e+01   1.6554913e+00
   1.5280520e+01   4.4000000e+01   1.6554913e+00
   1.5290520e+01   4.4000000e+01   1.6554913e+00
   1.5300520e+01   4.4000000e+01   1.6554913e+00
   1.5310520e+01   4.4000000e+01   1.6554913e+00
   1.5320520e+01   4.4000000e+01   1.6554913e+00
   1.5330520e+01   4.4000000e+01   1.6554913e+00
   1.5340520e+01   4.4000000e+01   1.6554913e+00
   1.5350520e+01   4.4000000e+01   1.6554913e+00
   1.5360520e+01   4.4000000e+01   1.6554913e+00
   1.5370520e+01   4.4000000e+01   1.6554913e+00
   1.5380520e+01   4.4000000e+01   1.6554913e+00
   1.5390520e+01   4.4000000e+01   1.6554913e+00
   1.5400520e+01   4.4000000e+01   1.6554913e+00
   1.5410520e+01   4.4000000e+01   1.6554913e+00
   1.5420520e+01   4.4000000e+01   1.6554913e+00
   1.5430520e+01   4.4000000e+01   1.6554913e+00
   1.5440520e+01   4.4000000e+01   1.6554913e+00
   1.5450520e+01   4.4000000e+01   1.6554913e+00
   1.5460520e+01   4.4000000e+01   1.6554913e+00
   1.5470520e+01   4.4000000e+01   1.6554913e+00
   1.5480520e+01   4.4000000e+01   1.6554913e+00
   1.5490520e+01   4.4000000e+01   1.6554913e+00
   1.5500520e+01   4.4000000e+01   1.6554913e+00
   1.5510520e+01   4.4000000e+01   1.6554913e+00
   1.5520520e+01   4.4000000e+01   1.6554913e+00
   1.5530520e+01   4.4000000e+01   1.6554913e+00
   1.5540520e+01   4.4000000e+01   1.6554913e+00
   1.5550520e+01   4.4000000e+01   1.6554913e+00
   1.5560520e+01   4.4000000e+01   1.6554913e+00
   1.5570520e+01   4.4000000e+01   1.6554913e+00
   1.5580520e+01   4.4000000e+01   1.6554913e+00
   1.5590520e+01   4.4000000e+01   1.6554913e+00
   1.5600520e+01   4.4000000e+01   1.6554913e+00
   1.5610520e+01   4.4000000e+01   1.6554913e+00
   1.5620520e+01   4.4000000e+01   1.6554913e+00
   1.5630520e+01   4.4000000e+01   1.6554913e+00
   1.5640520e+01   4.4000000e+01   1.6554913e+00
   1.5650520e+01   4.4000000e+01   1.6554913e+00
   1.5660520e+01   4.4000000e+01   1.6554913e+00
   1.5670520e+01   4.4000000e+01   1.6554913e+00
   1.5680520e+01   4.4000000e+01   1.6554913e+00
   1.5690520e+01   4.4000000e+01   1.6554913e+00
   1.5700520e+01   4.4000000e+01   1.6554913e+00
   1.5710520e+01   4.4000000e+01   1.6554913e+00
   1.5720520e+01   4.4000000e+01   1.6554913e+00
   1.5730520e+01   4.4000000e+01   1.6554913e+00
   1.5740520e+01   4.4000000e+01   1.6554913e+00
   1.5750520e+01   4.4000000e+01   1.6554913e+00
   1.5760520e+01   4.4000000e+01   1.6554913e+00
   1.5770520e+01   4.4000000e+01   1.6554913e+00
   1.5780520e+01   4.4000000e+01   1.6554913e+00
   1.5790520e+01   4.4000000e+01   1.6554913e+00
   1.5800520e+01   4.4000000e+01   1.6554913e+00
   1.5810520e+01   4.4000000e+01   1.6554913e+00
   1.5820520e+01   4.4000000e+01   1.6554913e+00
   1.5830520e+01   4.4000000e+01   1.6554913e+00
   1.5840520e+01   4.4000000e+01   1.6554913e+00
   1.5850520e+01   4.4000000e+01   1.6554913e+00
   1.5854459e+01   4.4000000e+01   1.6554913e+00
   1.5854459e+01   4.5000000e+01   1.6508555e+00
   1.5854459e+01   4.5000000e+01   1.6508555e+00
   1.5864459e+01   4.5000000e+01   1.6508555e+00
   1.5874459e+01   4.5000000e+01   1.6508555e+00
   1.5884459e+01   4.5000000e+01   1.6508555e+00
   1.5894459e+01   4.5000000e+01   1.6508555e+00
   1.5904459e+01   4.5000000e+01   1.6508555e+00
   1.5914459e+01   4.5000000e+01   1.6508555e+00
   1.5924459e+01   4.5000000e+01   1.6508555e+00
   1.5934459e+01   4.5000000e+01   1.6508555e+00
   1.5944459e+01   4.5000000e+01   1.6508555e+00
   1.5954459e+01   4.5000000e+01   1.6508555e+00
   1.5964459e+01   4.5000000e+01   1.6508555e+00
   1.5974459e+01   4.5000000e+01   1.6508555e+00
   1.5984459e+01   4.5000000e+01   1.6508555e+00
   1.5994459e+01   4.5000000e+01   1.6508555e+00
   1.6004459e+01   4.5000000e+01   1.6508555e+00
   1.6014459e+01   4.5000000e+01   1.6508555e+00
   1.6024459e+01   4.5000000e+01   1.6508555e+00
   1.6034459e+01   4.5000000e+01   1.6508555e+00
   1.6044459e+01   4.5000000e+01   1.6508555e+00
   1.6054459e+01   4.5000000e+01   1.6508555e+00
   1.6064459e+01   4.5000000e+01   1.6508555e+00
   1.6074459e+01   4.5000000e+01   1.6508555e+00
   1.6084459e+01   4.5000000e+01   1.6508555e+00
   1.6094459e+01   4.5000000e+01   1.6508555e+00
   1.6104459e+01   4.5000000e+01   1.6508555e+00
   1.6114459e+01   4.5000000e+01   1.6508555e+00
   1.6124459e+01   4.5000000e+01   1.6508555e+00
   1.6134459e+01   4.5000000e+01   1.6508555e+00
   1.6144459e+01   4.5000000e+01   1.6508555e+00
   1.6154459e+01   4.5000000e+01   1.6508555e+00
   1.6164459e+01   4.5000000e+01   1.6508555e+00
   1.6174459e+01   4.5000000e+01   1.6508555e+00
   1.6184459e+01   4.5000000e+01   1.6508555e+00
   1.6194459e+01   4.5000000e+01   1.6508555e+00
   1.6204459e+01   4.5000000e+01   1.6508555e+00
   1.6214459e+01   4.5000000e+01   1.6508555e+00
   1.6224459e+01   4.5000000e+01   1.6508555e+00
   1.6234459e+01   4.5000000e+01   1.6508555e+00
   1.6244459e+01   4.5000000e+01   1.6508555e+00
   1.6254459e+01   4.5000000e+01   1.6508555e+00
   1.6264459e+01   4.5000000e+01   1.6508555e+00
   1.6274459e+01   4.5000000e+01   1.6508555e+00
   1.6284459e+01   4.5000000e+01   1.6508555e+00
   1.6294459e+01   4.5000000e+01   1.6508555e+00
   1.6304459e+01   4.5000000e+01   1.6508555e+00
   1.6314459e+01   4.5000000e+01   1.6508555e+00
   1.6324459e+01   4.5000000e+01   1.6508555e+00
   1.6334459e+01   4.5000000e+01   1.6508555e+00
   1.6344459e+01   4.5000000e+01   1.6508555e+00
   1.6354459e+01   4.5000000e+01   1.6508555e+00
   1.6364459e+01   4.5000000e+01   1.6508555e+00
   1.6374459e+01   4.5000000e+01   1.6508555e+00
   1.6384459e+01   4.5000000e+01   1.6508555e+00
   1.6394459e+01   4.5000000e+01   1.6508555e+00
   1.6404459e+01   4.5000000e+01   1.6508555e+00
   1.6414459e+01   4.5000000e+01   1.6508555e+00
   1.6424459e+01   4.5000000e+01   1.6508555e+00
   1.6434459e+01   4.5000000e+01   1.6508555e+00
   1.6444459e+01   4.5000000e+01   1.6508555e+00
   1.6454459e+01   4.5000000e+01   1.6508555e+00
   1.6464459e+01   4.5000000e+01   1.6508555e+00
   1.6474459e+01   4.5000000e+01   1.6508555e+00
   1.6484459e+01   4.5000000e+01   1.6508555e+00
   1.6494459e+01   4.5000000e+01   1.6508555e+00
   1.6498536e+01   4.5000000e+01   1.6508555e+00
   1.6498536e+01   4.6000000e+01   1.6445972e+00
   1.6498536e+01   4.6000000e+01   1.6445972e+00
   1.6508536e+01   4.6000000e+01   1.6445972e+00
   1.6518536e+01   4.6000000e+01   1.6445972e+00
   1.6528536e+01   4.6000000e+01   1.6445972e+00
   1.6538536e+01   4.6000000e+01   1.6445972e+00
   1.6548536e+01   4.6000000e+01   1.6445972e+00
   1.6558536e+01   4.6000000e+01   1.6445972e+00
   1.6568536e+01   4.6000000e+01   1.6445972e+00
   1.6578536e+01   4.6000000e+01   1.6445972e+00
   1.6588536e+01   4.6000000e+01   1.6445972e+00
   1.6598536e+01   4.6000000e+01   1.6445972e+00
   1.6608536e+01   4.6000000e+01   1.6445972e+00
   1.6618536e+01   4.6000000e+01   1.6445972e+00
   1.6628536e+01   4.6000000e+01   1.6445972e+00
   1.6638536e+01   4.6000000e+01   1.6445972e+00
   1.6648536e+01   4.6000000e+01   1.6445972e+00
   1.6658536e+01   4.6000000e+01   1.6445972e+00
   1.6668536e+01   4.6000000e+01   1.6445972e+00
   1.6678536e+01   4.6000000e+01   1.6445972e+00
   1.6688536e+01   4.6000000e+01   1.6445972e+00
   1.6698536e+01   4.6000000e+01   1.6445972e+00
   1.6708536e+01   4.6000000e+01   1.6445972e+00
   1.6718536e+01   4.6000000e+01   1.6445972e+00
   1.6728536e+01   4.6000000e+01   1.6445972e+00
   1.6738536e+01   4.6000000e+01   1.6445972e+00
   1.6748536e+01   4.6000000e+01   1.6445972e+00
   1.6758536e+01   4.6000000e+01   1.6445972e+00
   1.6768536e+01   4.6000000e+01   1.6445972e+00
   1.6778536e+01   4.6000000e+01   1.6445972e+00
   1.6788536e+01   4.6000000e+01   1.6445972e+00
   1.6798536e+01   4.6000000e+01   1.6445972e+00
   1.6808536e+01   4.6000000e+01   1.6445972e+00
   1.6818536e+01   4.6000000e+01   1.6445972e+00
   1.6828536e+01   4.6000000e+01   1.6445972e+00
   1.6838536e+01   4.6000000e+01   1.6445972e+00
   1.6848536e+01   4.6000000e+01   1.6445972e+00
   1.6858536e+01   4.6000000e+01   1.6445972e+00
   1.6868536e+01   4.6000000e+01   1.6445972e+00
   1.6878536e+01   4.6000000e+01   1.6445972e+00
   1.6888536e+01   4.6000000e+01   1.6445972e+00
   1.6898536e+01   4.6000000e+01   1.6445972e+00
   1.6908536e+01   4.6000000e+01   1.6445972e+00
   1.6918536e+01   4.6000000e+01   1.6445972e+00
   1.6928536e+01   4.6000000e+01   1.6445972e+00
   1.6938536e+01   4.6000000e+01   1.6445972e+00
   1.6948536e+01   4.6000000e+01   1.6445972e+00
   1.6958536e+01   4.6000000e+01   1.6445972e+00
   1.6968536e+01   4.6000000e+01   1.6445972e+00
   1.6978536e+01   4.6000000e+01   1.6445972e+00
   1.6988536e+01   4.6000000e+01   1.6445972e+00
   1.6998536e+01   4.6000000e+01   1.6445972e+00
   1.7008536e+01   4.6000000e+01   1.6445972e+00
   1.7018536e+01   4.6000000e+01   1.6445972e+00
   1.7028536e+01   4.6000000e+01   1.6445972e+00
   1.7038536e+01   4.6000000e+01   1.6445972e+00
   1.7048536e+01   4.6000000e+01   1.6445972e+00
   1.7058536e+01   4.6000000e+01   1.6445972e+00
   1.7068536e+01   4.6000000e+01   1.6445972e+00
   1.7078536e+01   4.6000000e+01   1.6445972e+00
   1.7088536e+01   4.6000000e+01   1.6445972e+00
   1.7098536e+01   4.6000000e+01   1.6445972e+00
   1.7108536e+01   4.6000000e+01   1.6445972e+00
   1.7118536e+01   4.6000000e+01   1.6445972e+00
   1.7128536e+01   4.6000000e+01   1.6445972e+00
   1.7138536e+01   4.6000000e+01   1.6445972e+00
   1.7148536e+01   4.6000000e+01   1.6445972e+00
   1.7152568e+01   4.6000000e+01   1.6445972e+00
   1.7152568e+01   4.7000000e+01   1.6367269e+00
   1.7152568e+01   4.7000000e+01   1.6367269e+00
   1.7162568e+01   4.7000000e+01   1.6367269e+00
   1.7172568e+01   4.7000000e+01   1.6367269e+00
   1.7182568e+01   4.7000000e+01   1.6367269e+00
   1.7192568e+01   4.7000000e+01   1.6367269e+00
   1.7202568e+01   4.7000000e+01   1.6367269e+00
   1.7212568e+01   4.7000000e+01   1.6367269e+00
   1.7222568e+01   4.7000000e+01   1.6367269e+00
   1.7232568e+01   4.7000000e+01   1.6367269e+00
   1.7242568e+01   4.7000000e+01   1.6367269e+00
   1.7252568e+01   4.7000000e+01   1.6367269e+00
   1.7262568e+01   4.7000000e+01   1.6367269e+00
   1.7272568e+01   4.7000000e+01   1.6367269e+00
   1.7282568e+01   4.7000000e+01   1.6367269e+00
   1.7292568e+01   4.7000000e+01   1.6367269e+00
   1.7302568e+01   4.7000000e+01   1.6367269e+00
   1.7312568e+01   4.7000000e+01   1.6367269e+00
   1.7322568e+01   4.7000000e+01   1.6367269e+00
   1.7332568e+01   4.7000000e+01   1.6367269e+00
   1.7342568e+01   4.7000000e+01   1.6367269e+00
   1.7352568e+01   4.7000000e+01   1.6367269e+00
   1.7362568e+01   4.7000000e+01   1.6367269e+00
   1.7372568e+01   4.7000000e+01   1.6367269e+00
   1.7382568e+01   4.7000000e+01   1.6367269e+00
   1.7392568e+01   4.7000000e+01   1.6367269e+00
   1.7402568e+01   4.7000000e+01   1.6367269e+00
   1.7412568e+01   4.7000000e+01   1.6367269e+00
   1.7422568e+01   4.7000000e+01   1.6367269e+00
   1.7432568e+01   4.7000000e+01   1.6367269e+00
   1.7442568e+01   4.7000000e+01   1.6367269e+00
   1.7452568e+01   4.7000000e+01   1.6367269e+00
   1.7462568e+01   4.7000000e+01   1.6367269e+00
   1.7472568e+01   4.7000000e+01   1.6367269e+00
   1.7482568e+01   4.7000000e+01   1.6367269e+00
   1.7492568e+01   4.7000000e+01   1.6367269e+00
   1.7502568e+01   4.7000000e+01   1.6367269e+00
   1.7512568e+01   4.7000000e+01   1.6367269e+00
   1.7522568e+01   4.7000000e+01   1.6367269e+00
   1.7532568e+01   4.7000000e+01   1.6367269e+00
   1.7542568e+01   4.7000000e+01   1.6367269e+00
   1.7552568e+01   4.7000000e+01   1.6367269e+00
   1.7562568e+01   4.7000000e+01   1.6367269e+00
   1.7572568e+01   4.7000000e+01   1.6367269e+00
   1.7582568e+01   4.7000000e+01   1.6367269e+00
   1.7592568e+01   4.7000000e+01   1.6367269e+00
   1.7602568e+01   4.7000000e+01   1.6367269e+00
   1.7612568e+01   4.7000000e+01   1.6367269e+00
   1.7622568e+01   4.7000000e+01   1.6367269e+00
   1.7632568e+01   4.7000000e+01   1.6367269e+00
   1.7642568e+01   4.7000000e+01   1.6367269e+00
   1.7652568e+01   4.7000000e+01   1.6367269e+00
   1.7662568e+01   4.7000000e+01   1.6367269e+00
   1.7672568e+01   4.7000000e+01   1.6367269e+00
   1.7682568e+01   4.7000000e+01   1.6367269e+00
   1.7692568e+01   4.7000000e+01   1.6367269e+00
   1.7702568e+01   4.7000000e+01   1.6367269e+00
   1.7712568e+01   4.7000000e+01   1.6367269e+00
   1.7722568e+01   4.7000000e+01   1.6367269e+00
   1.7732568e+01   4.7000000e+01   1.6367269e+00
   1.7742568e+01   4.7000000e+01   1.6367269e+00
   1.7752568e+01   4.7000000e+01   1.6367269e+00
   1.7762568e+01   4.7000000e+01   1.6367269e+00
   1.7772568e+01   4.7000000e+01   1.6367269e+00
   1.7782568e+01   4.7000000e+01   1.6367269e+00
   1.7792568e+01   4.7000000e+01   1.6367269e+00
   1.7802568e+01   4.7000000e+01   1.6367269e+00
   1.7812568e+01   4.7000000e+01   1.6367269e+00
   1.7816368e+01   4.7000000e+01   1.6367269e+00
   1.7816368e+01   4.8000000e+01   1.6272553e+00
   1.7816368e+01   4.8000000e+01   1.6272553e+00
   1.7826368e+01   4.8000000e+01   1.6272553e+00
   1.7836368e+01   4.8000000e+01   1.6272553e+00
   1.7846368e+01   4.8000000e+01   1.6272553e+00
   1.7856368e+01   4.8000000e+01   1.6272553e+00
   1.7866368e+01   4.8000000e+01   1.6272553e+00
   1.7876368e+01   4.8000000e+01   1.6272553e+00
   1.7886368e+01   4.8000000e+01   1.6272553e+00
   1.7896368e+01   4.8000000e+01   1.6272553e+00
   1.7906368e+01   4.8000000e+01   1.6272553e+00
   1.7916368e+01   4.8000000e+01   1.6272553e+00
   1.7926368e+01   4.8000000e+01   1.6272553e+00
   1.7936368e+01   4.8000000e+01   1.6272553e+00
   1.7946368e+01   4.8000000e+01   1.6272553e+00
   1.7956368e+01   4.8000000e+01   1.6272553e+00
   1.7966368e+01   4.8000000e+01   1.6272553e+00
   1.7976368e+01   4.8000000e+01   1.6272553e+00
   1.7986368e+01   4.8000000e+01   1.6272553e+00
   1.7996368e+01   4.8000000e+01   1.6272553e+00
   1.8006368e+01   4.8000000e+01   1.6272553e+00
   1.8016368e+01   4.8000000e+01   1.6272553e+00
   1.8026368e+01   4.8000000e+01   1.6272553e+00
   1.8036368e+01   4.8000000e+01   1.6272553e+00
   1.8046368e+01   4.8000000e+01   1.6272553e+00
   1.8056368e+01   4.8000000e+01   1.6272553e+00
   1.8066368e+01   4.8000000e+01   1.6272553e+00
   1.8076368e+01   4.8000000e+01   1.6272553e+00
   1.8086368e+01   4.8000000e+01   1.6272553e+00
   1.8096368e+01   4.8000000e+01   1.6272553e+00
   1.8106368e+01   4.8000000e+01   1.6272553e+00
   1.8116368e+01   4.8000000e+01   1.6272553e+00
   1.8126368e+01   4.8000000e+01   1.6272553e+00
   1.8136368e+01   4.8000000e+01   1.6272553e+00
   1.8146368e+01   4.8000000e+01   1.6272553e+00
   1.8156368e+01   4.8000000e+01   1.6272553e+00
   1.8166368e+01   4.8000000e+01   1.6272553e+00
   1.8176368e+01   4.8000000e+01   1.6272553e+00
   1.8186368e+01   4.8000000e+01   1.6272553e+00
   1.8196368e+01   4.8000000e+01   1.6272553e+00
   1.8206368e+01   4.8000000e+01   1.6272553e+00
   1.8216368e+01   4.8000000e+01   1.6272553e+00
   1.8226368e+01   4.8000000e+01   1.6272553e+00
   1.8236368e+01   4.8000000e+01   1.6272553e+00
   1.8246368e+01   4.8000000e+01   1.6272553e+00
   1.8256368e+01   4.8000000e+01   1.6272553e+00
   1.8266368e+01   4.8000000e+01   1.6272553e+00
   1.8276368e+01   4.8000000e+01   1.6272553e+00
   1.8286368e+01   4.8000000e+01   1.6272553e+00
   1.8296368e+01   4.8000000e+01   1.6272553e+00
   1.8306368e+01   4.8000000e+01   1.6272553e+00
   1.8316368e+01   4.8000000e+01   1.6272553e+00
   1.8326368e+01   4.8000000e+01   1.6272553e+00
   1.8336368e+01   4.8000000e+01   1.6272553e+00
   1.8346368e+01   4.8000000e+01   1.6272553e+00
   1.8356368e+01   4.8000000e+01   1.6272553e+00
   1.8366368e+01   4.8000000e+01   1.6272553e+00
   1.8376368e+01   4.8000000e+01   1.6272553e+00
   1.8386368e+01   4.8000000e+01   1.6272553e+00
   1.8396368e+01   4.8000000e+01   1.6272553e+00
   1.8406368e+01   4.8000000e+01   1.6272553e+00
   1.8416368e+01   4.8000000e+01   1.6272553e+00
   1.8426368e+01   4.8000000e+01   1.6272553e+00
   1.8436368e+01   4.8000000e+01   1.6272553e+00
   1.8446368e+01   4.8000000e+01   1.6272553e+00
   1.8456368e+01   4.8000000e+01   1.6272553e+00
   1.8466368e+01   4.8000000e+01   1.6272553e+00
   1.8476368e+01   4.8000000e+01   1.6272553e+00
   1.8486368e+01   4.8000000e+01   1.6272553e+00
   1.8489750e+01   4.8000000e+01   1.6272553e+00
   1.8489750e+01   4.9000000e+01   1.6161928e+00
   1.8489750e+01   4.9000000e+01   1.6161928e+00
   1.8499750e+01   4.9000000e+01   1.6161928e+00
   1.8509750e+01   4.9000000e+01   1.6161928e+00
   1.8519750e+01   4.9000000e+01   1.6161928e+00
   1.8529750e+01   4.9000000e+01   1.6161928e+00
   1.8539750e+01   4.9000000e+01   1.6161928e+00
   1.8549750e+01   4.9000000e+01   1.6161928e+00
   1.8559750e+01   4.9000000e+01   1.6161928e+00
   1.8569750e+01   4.9000000e+01   1.6161928e+00
   1.8579750e+01   4.9000000e+01   1.6161928e+00
   1.8589750e+01   4.9000000e+01   1.6161928e+00
   1.8599750e+01   4.9000000e+01   1.6161928e+00
   1.8609750e+01   4.9000000e+01   1.6161928e+00
   1.8619750e+01   4.9000000e+01   1.6161928e+00
   1.8629750e+01   4.9000000e+01   1.6161928e+00
   1.8639750e+01   4.9000000e+01   1.6161928e+00
   1.8649750e+01   4.9000000e+01   1.6161928e+00
   1.8659750e+01   4.9000000e+01   1.6161928e+00
   1.8669750e+01   4.9000000e+01   1.6161928e+00
   1.8679750e+01   4.9000000e+01   1.6161928e+00
   1.8689750e+01   4.9000000e+01   1.6161928e+00
   1.8699750e+01   4.9000000e+01   1.6161928e+00
   1.8709750e+01   4.9000000e+01   1.6161928e+00
   1.8719750e+01   4.9000000e+01   1.6161928e+00
   1.8729750e+01   4.9000000e+01   1.6161928e+00
   1.8739750e+01   4.9000000e+01   1.6161928e+00
   1.8749750e+01   4.9000000e+01   1.6161928e+00
   1.8759750e+01   4.9000000e+01   1.6161928e+00
   1.8769750e+01   4.9000000e+01   1.6161928e+00
   1.8779750e+01   4.9000000e+01   1.6161928e+00
   1.8789750e+01   4.9000000e+01   1.6161928e+00
   1.8799750e+01   4.9000000e+01   1.6161928e+00
   1.8809750e+01   4.9000000e+01   1.6161928e+00
   1.8819750e+01   4.9000000e+01   1.6161928e+00
   1.8829750e+01   4.9000000e+01   1.6161928e+00
   1.8839750e+01   4.9000000e+01   1.6161928e+00
   1.8849750e+01   4.9000000e+01   1.6161928e+00
   1.8859750e+01   4.9000000e+01   1.6161928e+00
   1.8869750e+01   4.9000000e+01   1.6161928e+00
   1.8879750e+01   4.9000000e+01   1.6161928e+00
   1.8889750e+01   4.9000000e+01   1.6161928e+00
   1.8899750e+01   4.9000000e+01   1.6161928e+00
   1.8909750e+01   4.9000000e+01   1.6161928e+00
   1.8919750e+01   4.9000000e+01   1.6161928e+00
   1.8929750e+01   4.9000000e+01   1.6161928e+00
   1.8939750e+01   4.9000000e+01   1.6161928e+00
   1.8949750e+01   4.9000000e+01   1.6161928e+00
   1.8959750e+01   4.9000000e+01   1.6161928e+00
   1.8969750e+01   4.9000000e+01   1.6161928e+00
   1.8979750e+01   4.9000000e+01   1.6161928e+00
   1.8989750e+01   4.9000000e+01   1.6161928e+00
   1.8999750e+01   4.9000000e+01   1.6161928e+00
   1.9009750e+01   4.9000000e+01   1.6161928e+00
   1.9019750e+01   4.9000000e+01   1.6161928e+00
   1.9029750e+01   4.9000000e+01   1.6161928e+00
   1.9039750e+01   4.9000000e+01   1.6161928e+00
   1.9049750e+01   4.9000000e+01   1.6161928e+00
   1.9059750e+01   4.9000000e+01   1.6161928e+00
   1.9069750e+01   4.9000000e+01   1.6161928e+00
   1.9079750e+01   4.9000000e+01   1.6161928e+00
   1.9089750e+01   4.9000000e+01   1.6161928e+00
   1.9099750e+01   4.9000000e+01   1.6161928e+00
   1.9109750e+01   4.9000000e+01   1.6161928e+00
   1.9119750e+01   4.9000000e+01   1.6161928e+00
   1.9129750e+01   4.9000000e+01   1.6161928e+00
   1.9139750e+01   4.9000000e+01   1.6161928e+00
   1.9149750e+01   4.9000000e+01   1.6161928e+00
   1.9159750e+01   4.9000000e+01   1.6161928e+00
   1.9169750e+01   4.9000000e+01   1.6161928e+00
   1.9172524e+01   4.9000000e+01   1.6161928e+00
   1.9172524e+01   5.0000000e+01   1.6035500e+00
   1.9172524e+01   5.0000000e+01   1.6035500e+00
   1.9182524e+01   5.0000000e+01   1.6035500e+00
   1.9192524e+01   5.0000000e+01   1.6035500e+00
   1.9202524e+01   5.0000000e+01   1.6035500e+00
   1.9212524e+01   5.0000000e+01   1.6035500e+00
   1.9222524e+01   5.0000000e+01   1.6035500e+00
   1.9232524e+01   5.0000000e+01   1.6035500e+00
   1.9242524e+01   5.0000000e+01   1.6035500e+00
   1.9252524e+01   5.0000000e+01   1.6035500e+00
   1.9262524e+01   5.0000000e+01   1.6035500e+00
   1.9272524e+01   5.0000000e+01   1.6035500e+00
   1.9282524e+01   5.0000000e+01   1.6035500e+00
   1.9292524e+01   5.0000000e+01   1.6035500e+00
   1.9302524e+01   5.0000000e+01   1.6035500e+00
   1.9312524e+01   5.0000000e+01   1.6035500e+00
   1.9322524e+01   5.0000000e+01   1.6035500e+00
   1.9332524e+01   5.0000000e+01   1.6035500e+00
   1.9342524e+01   5.0000000e+01   1.6035500e+00
   1.9352524e+01   5.0000000e+01   1.6035500e+00
   1.9362524e+01   5.0000000e+01   1.6035500e+00
   1.9372524e+01   5.0000000e+01   1.6035500e+00
   1.9382524e+01   5.0000000e+01   1.6035500e+00
   1.9392524e+01   5.0000000e+01   1.6035500e+00
   1.9402524e+01   5.0000000e+01   1.6035500e+00
   1.9412524e+01   5.0000000e+01   1.6035500e+00
   1.9422524e+01   5.0000000e+01   1.6035500e+00
   1.9432524e+01   5.0000000e+01   1.6035500e+00
   1.9442524e+01   5.0000000e+01   1.6035500e+00
   1.9452524e+01   5.0000000e+01   1.6035500e+00
   1.9462524e+01   5.0000000e+01   1.6035500e+00
   1.9472524e+01   5.0000000e+01   1.6035500e+00
   1.9482524e+01   5.0000000e+01   1.6035500e+00
   1.9492524e+01   5.0000000e+01   1.6035500e+00
   1.9502524e+01   5.0000000e+01   1.6035500e+00
   1.9512524e+01   5.0000000e+01   1.6035500e+00
   1.9522524e+01   5.0000000e+01   1.6035500e+00
   1.9532524e+01   5.0000000e+01   1.6035500e+00
   1.9542524e+01   5.0000000e+01   1.6035500e+00
   1.9552524e+01   5.0000000e+01   1.6035500e+00
   1.9562524e+01   5.0000000e+01   1.6035500e+00
   1.9572524e+01   5.0000000e+01   1.6035500e+00
   1.9582524e+01   5.0000000e+01   1.6035500e+00
   1.9592524e+01   5.0000000e+01   1.6035500e+00
   1.9602524e+01   5.0000000e+01   1.6035500e+00
   1.9612524e+01   5.0000000e+01   1.6035500e+00
   1.9622524e+01   5.0000000e+01   1.6035500e+00
   1.9632524e+01   5.0000000e+01   1.6035500e+00
   1.9642524e+01   5.0000000e+01   1.6035500e+00
   1.9652524e+01   5.0000000e+01   1.6035500e+00
   1.9662524e+01   5.0000000e+01   1.6035500e+00
   1.9672524e+01   5.0000000e+01   1.6035500e+00
   1.9682524e+01   5.0000000e+01   1.6035500e+00
   1.9692524e+01   5.0000000e+01   1.6035500e+00
   1.9702524e+01   5.0000000e+01   1.6035500e+00
   1.9712524e+01   5.0000000e+01   1.6035500e+00
   1.9722524e+01   5.0000000e+01   1.6035500e+00
   1.9732524e+01   5.0000000e+01   1.6035500e+00
   1.9742524e+01   5.0000000e+01   1.6035500e+00
   1.9752524e+01   5.0000000e+01   1.6035500e+00
   1.9762524e+01   5.0000000e+01   1.6035500e+00
   1.9772524e+01   5.0000000e+01   1.6035500e+00
   1.9782524e+01   5.0000000e+01   1.6035500e+00
   1.9792524e+01   5.0000000e+01   1.6035500e+00
   1.9802524e+01   5.0000000e+01   1.6035500e+00
   1.9812524e+01   5.0000000e+01   1.6035500e+00
   1.9822524e+01   5.0000000e+01   1.6035500e+00
   1.9832524e+01   5.0000000e+01   1.6035500e+00
   1.9842524e+01   5.0000000e+01   1.6035500e+00
   1.9852524e+01   5.0000000e+01   1.6035500e+00
   1.9862524e+01   5.0000000e+01   1.6035500e+00
   1.9864501e+01   5.0000000e+01   1.6035500e+00
   1.9864501e+01   5.1000000e+01   1.5893377e+00
   1.9864501e+01   5.1000000e+01   1.5893377e+00
   1.9874501e+01   5.1000000e+01   1.5893377e+00
   1.9884501e+01   5.1000000e+01   1.5893377e+00
   1.9894501e+01   5.1000000e+01   1.5893377e+00
   1.9904501e+01   5.1000000e+01   1.5893377e+00
   1.9914501e+01   5.1000000e+01   1.5893377e+00
   1.9924501e+01   5.1000000e+01   1.5893377e+00
   1.9934501e+01   5.1000000e+01   1.5893377e+00
   1.9944501e+01   5.1000000e+01   1.5893377e+00
   1.9954501e+01   5.1000000e+01   1.5893377e+00
   1.9964501e+01   5.1000000e+01   1.5893377e+00
   1.9974501e+01   5.1000000e+01   1.5893377e+00
   1.9984501e+01   5.1000000e+01   1.5893377e+00
   1.9994501e+01   5.1000000e+01   1.5893377e+00
   2.0004501e+01   5.1000000e+01   1.5893377e+00
   2.0014501e+01   5.1000000e+01   1.5893377e+00
   2.0024501e+01   5.1000000e+01   1.5893377e+00
   2.0034501e+01   5.1000000e+01   1.5893377e+00
   2.0044501e+01   5.1000000e+01   1.5893377e+00
   2.0054501e+01   5.1000000e+01   1.5893377e+00
   2.0064501e+01   5.1000000e+01   1.5893377e+00
   2.0074501e+01   5.1000000e+01   1.5893377e+00
   2.0084501e+01   5.1000000e+01   1.5893377e+00
   2.0094501e+01   5.1000000e+01   1.5893377e+00
   2.0104501e+01   5.1000000e+01   1.5893377e+00
   2.0114501e+01   5.1000000e+01   1.5893377e+00
   2.0124501e+01   5.1000000e+01   1.5893377e+00
   2.0134501e+01   5.1000000e+01   1.5893377e+00
   2.0144501e+01   5.1000000e+01   1.5893377e+00
   2.0154501e+01   5.1000000e+01   1.5893377e+00
   2.0164501e+01   5.1000000e+01   1.5893377e+00
   2.0174501e+01   5.1000000e+01   1.5893377e+00
   2.0184501e+01   5.1000000e+01   1.5893377e+00
   2.0194501e+01   5.1000000e+01   1.5893377e+00
   2.0204501e+01   5.1000000e+01   1.5893377e+00
   2.0214501e+01   5.1000000e+01   1.5893377e+00
   2.0224501e+01   5.1000000e+01   1.5893377e+00
   2.0234501e+01   5.1000000e+01   1.5893377e+00
   2.0244501e+01   5.1000000e+01   1.5893377e+00
   2.0254501e+01   5.1000000e+01   1.5893377e+00
   2.0264501e+01   5.1000000e+01   1.5893377e+00
   2.0274501e+01   5.1000000e+01   1.5893377e+00
   2.0284501e+01   5.1000000e+01   1.5893377e+00
   2.0294501e+01   5.1000000e+01   1.5893377e+00
   2.0304501e+01   5.1000000e+01   1.5893377e+00
   2.0314501e+01   5.1000000e+01   1.5893377e+00
   2.0324501e+01   5.1000000e+01   1.5893377e+00
   2.0334501e+01   5.1000000e+01   1.5893377e+00
   2.0344501e+01   5.1000000e+01   1.5893377e+00
   2.0354501e+01   5.1000000e+01   1.5893377e+00
   2.0364501e+01   5.1000000e+01   1.5893377e+00
   2.0374501e+01   5.1000000e+01   1.5893377e+00
   2.0384501e+01   5.1000000e+01   1.5893377e+00
   2.0394501e+01   5.1000000e+01   1.5893377e+00
   2.0404501e+01   5.1000000e+01   1.5893377e+00
   2.0414501e+01   5.1000000e+01   1.5893377e+00
   2.0424501e+01   5.1000000e+01   1.5893377e+00
   2.0434501e+01   5.1000000e+01   1.5893377e+00
   2.0444501e+01   5.1000000e+01   1.5893377e+00
   2.0454501e+01   5.1000000e+01   1.5893377e+00
   2.0464501e+01   5.1000000e+01   1.5893377e+00
   2.0474501e+01   5.1000000e+01   1.5893377e+00
   2.0484501e+01   5.1000000e+01   1.5893377e+00
   2.0494501e+01   5.1000000e+01   1.5893377e+00
   2.0504501e+01   5.1000000e+01   1.5893377e+00
   2.0514501e+01   5.1000000e+01   1.5893377e+00
   2.0524501e+01   5.1000000e+01   1.5893377e+00
   2.0534501e+01   5.1000000e+01   1.5893377e+00
   2.0544501e+01   5.1000000e+01   1.5893377e+00
   2.0554501e+01   5.1000000e+01   1.5893377e+00
   2.0564501e+01   5.1000000e+01   1.5893377e+00
   2.0565488e+01   5.1000000e+01   1.5893377e+00
   2.0565488e+01   5.2000000e+01   1.5735667e+00
   2.0565488e+01   5.2000000e+01   1.5735667e+00
   2.0575488e+01   5.2000000e+01   1.5735667e+00
   2.0585488e+01   5.2000000e+01   1.5735667e+00
   2.0595488e+01   5.2000000e+01   1.5735667e+00
   2.0605488e+01   5.2000000e+01   1.5735667e+00
   2.0615488e+01   5.2000000e+01   1.5735667e+00
   2.0625488e+01   5.2000000e+01   1.5735667e+00
   2.0635488e+01   5.2000000e+01   1.5735667e+00
   2.0645488e+01   5.2000000e+01   1.5735667e+00
   2.0655488e+01   5.2000000e+01   1.5735667e+00
   2.0665488e+01   5.2000000e+01   1.5735667e+00
   2.0675488e+01   5.2000000e+01   1.5735667e+00
   2.0685488e+01   5.2000000e+01   1.5735667e+00
   2.0695488e+01   5.2000000e+01   1.5735667e+00
   2.0705488e+01   5.2000000e+01   1.5735667e+00
   2.0715488e+01   5.2000000e+01   1.5735667e+00
   2.0725488e+01   5.2000000e+01   1.5735667e+00
   2.0735488e+01   5.2000000e+01   1.5735667e+00
   2.0745488e+01   5.2000000e+01   1.5735667e+00
   2.0755488e+01   5.2000000e+01   1.5735667e+00
   2.0765488e+01   5.2000000e+01   1.5735667e+00
   2.0775488e+01   5.2000000e+01   1.5735667e+00
   2.0785488e+01   5.2000000e+01   1.5735667e+00
   2.0795488e+01   5.2000000e+01   1.5735667e+00
   2.0805488e+01   5.2000000e+01   1.5735667e+00
   2.0815488e+01   5.2000000e+01   1.5735667e+00
   2.0825488e+01   5.2000000e+01   1.5735667e+00
   2.0835488e+01   5.2000000e+01   1.5735667e+00
   2.0845488e+01   5.2000000e+01   1.5735667e+00
   2.0855488e+01   5.2000000e+01   1.5735667e+00
   2.0865488e+01   5.2000000e+01   1.5735667e+00
   2.0875488e+01   5.2000000e+01   1.5735667e+00
   2.0885488e+01   5.2000000e+01   1.5735667e+00
   2.0895488e+01   5.2000000e+01   1.5735667e+00
   2.0905488e+01   5.2000000e+01   1.5735667e+00
   2.0915488e+01   5.2000000e+01   1.5735667e+00
   2.0925488e+01   5.2000000e+01   1.5735667e+00
   2.0935488e+01   5.2000000e+01   1.5735667e+00
   2.0945488e+01   5.2000000e+01   1.5735667e+00
   2.0955488e+01   5.2000000e+01   1.5735667e+00
   2.0965488e+01   5.2000000e+01   1.5735667e+00
   2.0975488e+01   5.2000000e+01   1.5735667e+00
   2.0985488e+01   5.2000000e+01   1.5735667e+00
   2.0995488e+01   5.2000000e+01   1.5735667e+00
   2.1005488e+01   5.2000000e+01   1.5735667e+00
   2.1015488e+01   5.2000000e+01   1.5735667e+00
   2.1025488e+01   5.2000000e+01   1.5735667e+00
   2.1035488e+01   5.2000000e+01   1.5735667e+00
   2.1045488e+01   5.2000000e+01   1.5735667e+00
   2.1055488e+01   5.2000000e+01   1.5735667e+00
   2.1065488e+01   5.2000000e+01   1.5735667e+00
   2.1075488e+01   5.2000000e+01   1.5735667e+00
   2.1085488e+01   5.2000000e+01   1.5735667e+00
   2.1095488e+01   5.2000000e+01   1.5735667e+00
   2.1105488e+01   5.2000000e+01   1.5735667e+00
   2.1115488e+01   5.2000000e+01   1.5735667e+00
   2.1125488e+01   5.2000000e+01   1.5735667e+00
   2.1135488e+01   5.2000000e+01   1.5735667e+00
   2.1145488e+01   5.2000000e+01   1.5735667e+00
   2.1155488e+01   5.2000000e+01   1.5735667e+00
   2.1165488e+01   5.2000000e+01   1.5735667e+00
   2.1175488e+01   5.2000000e+01   1.5735667e+00
   2.1185488e+01   5.2000000e+01   1.5735667e+00
   2.1195488e+01   5.2000000e+01   1.5735667e+00
   2.1205488e+01   5.2000000e+01   1.5735667e+00
   2.1215488e+01   5.2000000e+01   1.5735667e+00
   2.1225488e+01   5.2000000e+01   1.5735667e+00
   2.1235488e+01   5.2000000e+01   1.5735667e+00
   2.1245488e+01   5.2000000e+01   1.5735667e+00
   2.1255488e+01   5.2000000e+01   1.5735667e+00
   2.1265488e+01   5.2000000e+01   1.5735667e+00
   2.1275290e+01   5.2000000e+01   1.5735667e+00
   2.1275290e+01   5.3000000e+01   1.5562479e+00
   2.1275290e+01   5.3000000e+01   1.5562479e+00
   2.1285290e+01   5.3000000e+01   1.5562479e+00
   2.1295290e+01   5.3000000e+01   1.5562479e+00
   2.1305290e+01   5.3000000e+01   1.5562479e+00
   2.1315290e+01   5.3000000e+01   1.5562479e+00
   2.1325290e+01   5.3000000e+01   1.5562479e+00
   2.1335290e+01   5.3000000e+01   1.5562479e+00
   2.1345290e+01   5.3000000e+01   1.5562479e+00
   2.1355290e+01   5.3000000e+01   1.5562479e+00
   2.1365290e+01   5.3000000e+01   1.5562479e+00
   2.1375290e+01   5.3000000e+01   1.5562479e+00
   2.1385290e+01   5.3000000e+01   1.5562479e+00
   2.1395290e+01   5.3000000e+01   1.5562479e+00
   2.1405290e+01   5.3000000e+01   1.5562479e+00
   2.1415290e+01   5.3000000e+01   1.5562479e+00
   2.1425290e+01   5.3000000e+01   1.5562479e+00
   2.1435290e+01   5.3000000e+01   1.5562479e+00
   2.1445290e+01   5.3000000e+01   1.5562479e+00
   2.1455290e+01   5.3000000e+01   1.5562479e+00
   2.1465290e+01   5.3000000e+01   1.5562479e+00
   2.1475290e+01   5.3000000e+01   1.5562479e+00
   2.1485290e+01   5.3000000e+01   1.5562479e+00
   2.1495290e+01   5.3000000e+01   1.5562479e+00
   2.1505290e+01   5.3000000e+01   1.5562479e+00
   2.1515290e+01   5.3000000e+01   1.5562479e+00
   2.1525290e+01   5.3000000e+01   1.5562479e+00
   2.1535290e+01   5.3000000e+01   1.5562479e+00
   2.1545290e+01   5.3000000e+01   1.5562479e+00
   2.1555290e+01   5.3000000e+01   1.5562479e+00
   2.1565290e+01   5.3000000e+01   1.5562479e+00
   2.1575290e+01   5.3000000e+01   1.5562479e+00
   2.1585290e+01   5.3000000e+01   1.5562479e+00
   2.1595290e+01   5.3000000e+01   1.5562479e+00
   2.1605290e+01   5.3000000e+01   1.5562479e+00
   2.1615290e+01   5.3000000e+01   1.5562479e+00
   2.1625290e+01   5.3000000e+01   1.5562479e+00
   2.1635290e+01   5.3000000e+01   1.5562479e+00
   2.1645290e+01   5.3000000e+01   1.5562479e+00
   2.1655290e+01   5.3000000e+01   1.5562479e+00
   2.1665290e+01   5.3000000e+01   1.5562479e+00
   2.1675290e+01   5.3000000e+01   1.5562479e+00
   2.1685290e+01   5.3000000e+01   1.5562479e+00
   2.1695290e+01   5.3000000e+01   1.5562479e+00
   2.1705290e+01   5.3000000e+01   1.5562479e+00
   2.1715290e+01   5.3000000e+01   1.5562479e+00
   2.1725290e+01   5.3000000e+01   1.5562479e+00
   2.1735290e+01   5.3000000e+01   1.5562479e+00
   2.1745290e+01   5.3000000e+01   1.5562479e+00
   2.1755290e+01   5.3000000e+01   1.5562479e+00
   2.1765290e+01   5.3000000e+01   1.5562479e+00
   2.1775290e+01   5.3000000e+01   1.5562479e+00
   2.1785290e+01   5.3000000e+01   1.5562479e+00
   2.1795290e+01   5.3000000e+01   1.5562479e+00
   2.1805290e+01   5.3000000e+01   1.5562479e+00
   2.1815290e+01   5.3000000e+01   1.5562479e+00
   2.1825290e+01   5.3000000e+01   1.5562479e+00
   2.1835290e+01   5.3000000e+01   1.5562479e+00
   2.1845290e+01   5.3000000e+01   1.5562479e+00
   2.1855290e+01   5.3000000e+01   1.5562479e+00
   2.1865290e+01   5.3000000e+01   1.5562479e+00
   2.1875290e+01   5.3000000e+01   1.5562479e+00
   2.1885290e+01   5.3000000e+01   1.5562479e+00
   2.1895290e+01   5.3000000e+01   1.5562479e+00
   2.1905290e+01   5.3000000e+01   1.5562479e+00
   2.1915290e+01   5.3000000e+01   1.5562479e+00
   2.1925290e+01   5.3000000e+01   1.5562479e+00
   2.1935290e+01   5.3000000e+01   1.5562479e+00
   2.1945290e+01   5.3000000e+01   1.5562479e+00
   2.1955290e+01   5.3000000e+01   1.5562479e+00
   2.1965290e+01   5.3000000e+01   1.5562479e+00
   2.1975290e+01   5.3000000e+01   1.5562479e+00
   2.1985290e+01   5.3000000e+01   1.5562479e+00
   2.1993713e+01   5.3000000e+01   1.5562479e+00
   2.1993713e+01   5.4000000e+01   1.5373926e+00
   2.1993713e+01   5.4000000e+01   1.5373926e+00
   2.2003713e+01   5.4000000e+01   1.5373926e+00
   2.2013713e+01   5.4000000e+01   1.5373926e+00
   2.2023713e+01   5.4000000e+01   1.5373926e+00
   2.2033713e+01   5.4000000e+01   1.5373926e+00
   2.2043713e+01   5.4000000e+01   1.5373926e+00
   2.2053713e+01   5.4000000e+01   1.5373926e+00
   2.2063713e+01   5.4000000e+01   1.5373926e+00
   2.2073713e+01   5.4000000e+01   1.5373926e+00
   2.2083713e+01   5.4000000e+01   1.5373926e+00
   2.2093713e+01   5.4000000e+01   1.5373926e+00
   2.2103713e+01   5.4000000e+01   1.5373926e+00
   2.2113713e+01   5.4000000e+01   1.5373926e+00
   2.2123713e+01   5.4000000e+01   1.5373926e+00
   2.2133713e+01   5.4000000e+01   1.5373926e+00
   2.2143713e+01   5.4000000e+01   1.5373926e+00
   2.2153713e+01   5.4000000e+01   1.5373926e+00
   2.2163713e+01   5.4000000e+01   1.5373926e+00
   2.2173713e+01   5.4000000e+01   1.5373926e+00
   2.2183713e+01   5.4000000e+01   1.5373926e+00
   2.2193713e+01   5.4000000e+01   1.5373926e+00
   2.2203713e+01   5.4000000e+01   1.5373926e+00
   2.2213713e+01   5.4000000e+01   1.5373926e+00
   2.2223713e+01   5.4000000e+01   1.5373926e+00
   2.2233713e+01   5.4000000e+01   1.5373926e+00
   2.2243713e+01   5.4000000e+01   1.5373926e+00
   2.2253713e+01   5.4000000e+01   1.5373926e+00
   2.2263713e+01   5.4000000e+01   1.5373926e+00
   2.2273713e+01   5.4000000e+01   1.5373926e+00
   2.2283713e+01   5.4000000e+01   1.5373926e+00
   2.2293713e+01   5.4000000e+01   1.5373926e+00
   2.2303713e+01   5.4000000e+01   1.5373926e+00
   2.2313713e+01   5.4000000e+01   1.5373926e+00
   2.2323713e+01   5.4000000e+01   1.5373926e+00
   2.2333713e+01   5.4000000e+01   1.5373926e+00
   2.2343713e+01   5.4000000e+01   1.5373926e+00
   2.2353713e+01   5.4000000e+01   1.5373926e+00
   2.2363713e+01   5.4000000e+01   1.5373926e+00
   2.2373713e+01   5.4000000e+01   1.5373926e+00
   2.2383713e+01   5.4000000e+01   1.5373926e+00
   2.2393713e+01   5.4000000e+01   1.5373926e+00
   2.2403713e+01   5.4000000e+01   1.5373926e+00
   2.2413713e+01   5.4000000e+01   1.5373926e+00
   2.2423713e+01   5.4000000e+01   1.5373926e+00
   2.2433713e+01   5.4000000e+01   1.5373926e+00
   2.2443713e+01   5.4000000e+01   1.5373926e+00
   2.2453713e+01   5.4000000e+01   1.5373926e+00
   2.2463713e+01   5.4000000e+01   1.5373926e+00
   2.2473713e+01   5.4000000e+01   1.5373926e+00
   2.2483713e+01   5.4000000e+01   1.5373926e+00
   2.2493713e+01   5.4000000e+01   1.5373926e+00
   2.2503713e+01   5.4000000e+01   1.5373926e+00
   2.2513713e+01   5.4000000e+01   1.5373926e+00
   2.2523713e+01   5.4000000e+01   1.5373926e+00
   2.2533713e+01   5.4000000e+01   1.5373926e+00
   2.2543713e+01   5.4000000e+01   1.5373926e+00
   2.2553713e+01   5.4000000e+01   1.5373926e+00
   2.2563713e+01   5.4000000e+01   1.5373926e+00
   2.2573713e+01   5.4000000e+01   1.5373926e+00
   2.2583713e+01   5.4000000e+01   1.5373926e+00
   2.2593713e+01   5.4000000e+01   1.5373926e+00
   2.2603713e+01   5.4000000e+01   1.5373926e+00
   2.2613713e+01   5.4000000e+01   1.5373926e+00
   2.2623713e+01   5.4000000e+01   1.5373926e+00
   2.2633713e+01   5.4000000e+01   1.5373926e+00
   2.2643713e+01   5.4000000e+01   1.5373926e+00
   2.2653713e+01   5.4000000e+01   1.5373926e+00
   2.2663713e+01   5.4000000e+01   1.5373926e+00
   2.2673713e+01   5.4000000e+01   1.5373926e+00
   2.2683713e+01   5.4000000e+01   1.5373926e+00
   2.2693713e+01   5.4000000e+01   1.5373926e+00
   2.2703713e+01   5.4000000e+01   1.5373926e+00
   2.2713713e+01   5.4000000e+01   1.5373926e+00
   2.2720558e+01   5.4000000e+01   1.5373926e+00
   2.2720558e+01   5.5000000e+01   1.5170124e+00
   2.2720558e+01   5.5000000e+01   1.5170124e+00
   2.2730558e+01   5.5000000e+01   1.5170124e+00
   2.2740558e+01   5.5000000e+01   1.5170124e+00
   2.2750558e+01   5.5000000e+01   1.5170124e+00
   2.2760558e+01   5.5000000e+01   1.5170124e+00
   2.2770558e+01   5.5000000e+01   1.5170124e+00
   2.2780558e+01   5.5000000e+01   1.5170124e+00
   2.2790558e+01   5.5000000e+01   1.5170124e+00
   2.2800558e+01   5.5000000e+01   1.5170124e+00
   2.2810558e+01   5.5000000e+01   1.5170124e+00
   2.2820558e+01   5.5000000e+01   1.5170124e+00
   2.2830558e+01   5.5000000e+01   1.5170124e+00
   2.2840558e+01   5.5000000e+01   1.5170124e+00
   2.2850558e+01   5.5000000e+01   1.5170124e+00
   2.2860558e+01   5.5000000e+01   1.5170124e+00
   2.2870558e+01   5.5000000e+01   1.5170124e+00
   2.2880558e+01   5.5000000e+01   1.5170124e+00
   2.2890558e+01   5.5000000e+01   1.5170124e+00
   2.2900558e+01   5.5000000e+01   1.5170124e+00
   2.2910558e+01   5.5000000e+01   1.5170124e+00
   2.2920558e+01   5.5000000e+01   1.5170124e+00
   2.2930558e+01   5.5000000e+01   1.5170124e+00
   2.2940558e+01   5.5000000e+01   1.5170124e+00
   2.2950558e+01   5.5000000e+01   1.5170124e+00
   2.2960558e+01   5.5000000e+01   1.5170124e+00
   2.2970558e+01   5.5000000e+01   1.5170124e+00
   2.2980558e+01   5.5000000e+01   1.5170124e+00
   2.2990558e+01   5.5000000e+01   1.5170124e+00
   2.3000558e+01   5.5000000e+01   1.5170124e+00
   2.3010558e+01   5.5000000e+01   1.5170124e+00
   2.3020558e+01   5.5000000e+01   1.5170124e+00
   2.3030558e+01   5.5000000e+01   1.5170124e+00
   2.3040558e+01   5.5000000e+01   1.5170124e+00
   2.3050558e+01   5.5000000e+01   1.5170124e+00
   2.3060558e+01   5.5000000e+01   1.5170124e+00
   2.3070558e+01   5.5000000e+01   1.5170124e+00
   2.3080558e+01   5.5000000e+01   1.5170124e+00
   2.3090558e+01   5.5000000e+01   1.5170124e+00
   2.3100558e+01   5.5000000e+01   1.5170124e+00
   2.3110558e+01   5.5000000e+01   1.5170124e+00
   2.3120558e+01   5.5000000e+01   1.5170124e+00
   2.3130558e+01   5.5000000e+01   1.5170124e+00
   2.3140558e+01   5.5000000e+01   1.5170124e+00
   2.3150558e+01   5.5000000e+01   1.5170124e+00
   2.3160558e+01   5.5000000e+01   1.5170124e+00
   2.3170558e+01   5.5000000e+01   1.5170124e+00
   2.3180558e+01   5.5000000e+01   1.5170124e+00
   2.3190558e+01   5.5000000e+01   1.5170124e+00
   2.3200558e+01   5.5000000e+01   1.5170124e+00
   2.3210558e+01   5.5000000e+01   1.5170124e+00
   2.3220558e+01   5.5000000e+01   1.5170124e+00
   2.3230558e+01   5.5000000e+01   1.5170124e+00
   2.3240558e+01   5.5000000e+01   1.5170124e+00
   2.3250558e+01   5.5000000e+01   1.5170124e+00
   2.3260558e+01   5.5000000e+01   1.5170124e+00
   2.3270558e+01   5.5000000e+01   1.5170124e+00
   2.3280558e+01   5.5000000e+01   1.5170124e+00
   2.3290558e+01   5.5000000e+01   1.5170124e+00
   2.3300558e+01   5.5000000e+01   1.5170124e+00
   2.3310558e+01   5.5000000e+01   1.5170124e+00
   2.3320558e+01   5.5000000e+01   1.5170124e+00
   2.3330558e+01   5.5000000e+01   1.5170124e+00
   2.3340558e+01   5.5000000e+01   1.5170124e+00
   2.3350558e+01   5.5000000e+01   1.5170124e+00
   2.3360558e+01   5.5000000e+01   1.5170124e+00
   2.3370558e+01   5.5000000e+01   1.5170124e+00
   2.3380558e+01   5.5000000e+01   1.5170124e+00
   2.3390558e+01   5.5000000e+01   1.5170124e+00
   2.3400558e+01   5.5000000e+01   1.5170124e+00
   2.3410558e+01   5.5000000e+01   1.5170124e+00
   2.3420558e+01   5.5000000e+01   1.5170124e+00
   2.3430558e+01   5.5000000e+01   1.5170124e+00
   2.3440558e+01   5.5000000e+01   1.5170124e+00
   2.3450558e+01   5.5000000e+01   1.5170124e+00
   2.3455625e+01   5.5000000e+01   1.5170124e+00
   2.3455625e+01   5.6000000e+01   1.4951192e+00
   2.3455625e+01   5.6000000e+01   1.4951192e+00
   2.3465625e+01   5.6000000e+01   1.4951192e+00
   2.3475625e+01   5.6000000e+01   1.4951192e+00
   2.3485625e+01   5.6000000e+01   1.4951192e+00
   2.3495625e+01   5.6000000e+01   1.4951192e+00
   2.3505625e+01   5.6000000e+01   1.4951192e+00
   2.3515625e+01   5.6000000e+01   1.4951192e+00
   2.3525625e+01   5.6000000e+01   1.4951192e+00
   2.3535625e+01   5.6000000e+01   1.4951192e+00
   2.3545625e+01   5.6000000e+01   1.4951192e+00
   2.3555625e+01   5.6000000e+01   1.4951192e+00
   2.3565625e+01   5.6000000e+01   1.4951192e+00
   2.3575625e+01   5.6000000e+01   1.4951192e+00
   2.3585625e+01   5.6000000e+01   1.4951192e+00
   2.3595625e+01   5.6000000e+01   1.4951192e+00
   2.3605625e+01   5.6000000e+01   1.4951192e+00
   2.3615625e+01   5.6000000e+01   1.4951192e+00
   2.3625625e+01   5.6000000e+01   1.4951192e+00
   2.3635625e+01   5.6000000e+01   1.4951192e+00
   2.3645625e+01   5.6000000e+01   1.4951192e+00
   2.3655625e+01   5.6000000e+01   1.4951192e+00
   2.3665625e+01   5.6000000e+01   1.4951192e+00
   2.3675625e+01   5.6000000e+01   1.4951192e+00
   2.3685625e+01   5.6000000e+01   1.4951192e+00
   2.3695625e+01   5.6000000e+01   1.4951192e+00
   2.3705625e+01   5.6000000e+01   1.4951192e+00
   2.3715625e+01   5.6000000e+01   1.4951192e+00
   2.3725625e+01   5.6000000e+01   1.4951192e+00
   2.3735625e+01   5.6000000e+01   1.4951192e+00
   2.3745625e+01   5.6000000e+01   1.4951192e+00
   2.3755625e+01   5.6000000e+01   1.4951192e+00
   2.3765625e+01   5.6000000e+01   1.4951192e+00
   2.3775625e+01   5.6000000e+01   1.4951192e+00
   2.3785625e+01   5.6000000e+01   1.4951192e+00
   2.3795625e+01   5.6000000e+01   1.4951192e+00
   2.3805625e+01   5.6000000e+01   1.4951192e+00
   2.3815625e+01   5.6000000e+01   1.4951192e+00
   2.3825625e+01   5.6000000e+01   1.4951192e+00
   2.3835625e+01   5.6000000e+01   1.4951192e+00
   2.3845625e+01   5.6000000e+01   1.4951192e+00
   2.3855625e+01   5.6000000e+01   1.4951192e+00
   2.3865625e+01   5.6000000e+01   1.4951192e+00
   2.3875625e+01   5.6000000e+01   1.4951192e+00
   2.3885625e+01   5.6000000e+01   1.4951192e+00
   2.3895625e+01   5.6000000e+01   1.4951192e+00
   2.3905625e+01   5.6000000e+01   1.4951192e+00
   2.3915625e+01   5.6000000e+01   1.4951192e+00
   2.3925625e+01   5.6000000e+01   1.4951192e+00
   2.3935625e+01   5.6000000e+01   1.4951192e+00
   2.3945625e+01   5.6000000e+01   1.4951192e+00
   2.3955625e+01   5.6000000e+01   1.4951192e+00
   2.3965625e+01   5.6000000e+01   1.4951192e+00
   2.3975625e+01   5.6000000e+01   1.4951192e+00
   2.3985625e+01   5.6000000e+01   1.4951192e+00
   2.3995625e+01   5.6000000e+01   1.4951192e+00
   2.4005625e+01   5.6000000e+01   1.4951192e+00
   2.4015625e+01   5.6000000e+01   1.4951192e+00
   2.4025625e+01   5.6000000e+01   1.4951192e+00
   2.4035625e+01   5.6000000e+01   1.4951192e+00
   2.4045625e+01   5.6000000e+01   1.4951192e+00
   2.4055625e+01   5.6000000e+01   1.4951192e+00
   2.4065625e+01   5.6000000e+01   1.4951192e+00
   2.4075625e+01   5.6000000e+01   1.4951192e+00
   2.4085625e+01   5.6000000e+01   1.4951192e+00
   2.4095625e+01   5.6000000e+01   1.4951192e+00
   2.4105625e+01   5.6000000e+01   1.4951192e+00
   2.4115625e+01   5.6000000e+01   1.4951192e+00
   2.4125625e+01   5.6000000e+01   1.4951192e+00
   2.4135625e+01   5.6000000e+01   1.4951192e+00
   2.4145625e+01   5.6000000e+01   1.4951192e+00
   2.4155625e+01   5.6000000e+01   1.4951192e+00
   2.4165625e+01   5.6000000e+01   1.4951192e+00
   2.4175625e+01   5.6000000e+01   1.4951192e+00
   2.4185625e+01   5.6000000e+01   1.4951192e+00
   2.4195625e+01   5.6000000e+01   1.4951192e+00
   2.4198714e+01   5.6000000e+01   1.4951192e+00
   2.4198714e+01   5.7000000e+01   1.4717252e+00
   2.4198714e+01   5.7000000e+01   1.4717252e+00
   2.4208714e+01   5.7000000e+01   1.4717252e+00
   2.4218714e+01   5.7000000e+01   1.4717252e+00
   2.4228714e+01   5.7000000e+01   1.4717252e+00
   2.4238714e+01   5.7000000e+01   1.4717252e+00
   2.4248714e+01   5.7000000e+01   1.4717252e+00
   2.4258714e+01   5.7000000e+01   1.4717252e+00
   2.4268714e+01   5.7000000e+01   1.4717252e+00
   2.4278714e+01   5.7000000e+01   1.4717252e+00
   2.4288714e+01   5.7000000e+01   1.4717252e+00
   2.4298714e+01   5.7000000e+01   1.4717252e+00
   2.4308714e+01   5.7000000e+01   1.4717252e+00
   2.4318714e+01   5.7000000e+01   1.4717252e+00
   2.4328714e+01   5.7000000e+01   1.4717252e+00
   2.4338714e+01   5.7000000e+01   1.4717252e+00
   2.4348714e+01   5.7000000e+01   1.4717252e+00
   2.4358714e+01   5.7000000e+01   1.4717252e+00
   2.4368714e+01   5.7000000e+01   1.4717252e+00
   2.4378714e+01   5.7000000e+01   1.4717252e+00
   2.4388714e+01   5.7000000e+01   1.4717252e+00
   2.4398714e+01   5.7000000e+01   1.4717252e+00
   2.4408714e+01   5.7000000e+01   1.4717252e+00
   2.4418714e+01   5.7000000e+01   1.4717252e+00
   2.4428714e+01   5.7000000e+01   1.4717252e+00
   2.4438714e+01   5.7000000e+01   1.4717252e+00
   2.4448714e+01   5.7000000e+01   1.4717252e+00
   2.4458714e+01   5.7000000e+01   1.4717252e+00
   2.4468714e+01   5.7000000e+01   1.4717252e+00
   2.4478714e+01   5.7000000e+01   1.4717252e+00
   2.4488714e+01   5.7000000e+01   1.4717252e+00
   2.4498714e+01   5.7000000e+01   1.4717252e+00
   2.4508714e+01   5.7000000e+01   1.4717252e+00
   2.4518714e+01   5.7000000e+01   1.4717252e+00
   2.4528714e+01   5.7000000e+01   1.4717252e+00
   2.4538714e+01   5.7000000e+01   1.4717252e+00
   2.4548714e+01   5.7000000e+01   1.4717252e+00
   2.4558714e+01   5.7000000e+01   1.4717252e+00
   2.4568714e+01   5.7000000e+01   1.4717252e+00
   2.4578714e+01   5.7000000e+01   1.4717252e+00
   2.4588714e+01   5.7000000e+01   1.4717252e+00
   2.4598714e+01   5.7000000e+01   1.4717252e+00
   2.4608714e+01   5.7000000e+01   1.4717252e+00
   2.4618714e+01   5.7000000e+01   1.4717252e+00
   2.4628714e+01   5.7000000e+01   1.4717252e+00
   2.4638714e+01   5.7000000e+01   1.4717252e+00
   2.4648714e+01   5.7000000e+01   1.4717252e+00
   2.4658714e+01   5.7000000e+01   1.4717252e+00
   2.4668714e+01   5.7000000e+01   1.4717252e+00
   2.4678714e+01   5.7000000e+01   1.4717252e+00
   2.4688714e+01   5.7000000e+01   1.4717252e+00
   2.4698714e+01   5.7000000e+01   1.4717252e+00
   2.4708714e+01   5.7000000e+01   1.4717252e+00
   2.4718714e+01   5.7000000e+01   1.4717252e+00
   2.4728714e+01   5.7000000e+01   1.4717252e+00
   2.4738714e+01   5.7000000e+01   1.4717252e+00
   2.4748714e+01   5.7000000e+01   1.4717252e+00
   2.4758714e+01   5.7000000e+01   1.4717252e+00
   2.4768714e+01   5.7000000e+01   1.4717252e+00
   2.4778714e+01   5.7000000e+01   1.4717252e+00
   2.4788714e+01   5.7000000e+01   1.4717252e+00
   2.4798714e+01   5.7000000e+01   1.4717252e+00
   2.4808714e+01   5.7000000e+01   1.4717252e+00
   2.4818714e+01   5.7000000e+01   1.4717252e+00
   2.4828714e+01   5.7000000e+01   1.4717252e+00
   2.4838714e+01   5.7000000e+01   1.4717252e+00
   2.4848714e+01   5.7000000e+01   1.4717252e+00
   2.4858714e+01   5.7000000e+01   1.4717252e+00
   2.4868714e+01   5.7000000e+01   1.4717252e+00
   2.4878714e+01   5.7000000e+01   1.4717252e+00
   2.4888714e+01   5.7000000e+01   1.4717252e+00
   2.4898714e+01   5.7000000e+01   1.4717252e+00
   2.4908714e+01   5.7000000e+01   1.4717252e+00
   2.4918714e+01   5.7000000e+01   1.4717252e+00
   2.4928714e+01   5.7000000e+01   1.4717252e+00
   2.4938714e+01   5.7000000e+01   1.4717252e+00
   2.4948714e+01   5.7000000e+01   1.4717252e+00
   2.4949619e+01   5.7000000e+01   1.4717252e+00
   2.4949619e+01   5.8000000e+01   1.4468432e+00
   2.4949619e+01   5.8000000e+01   1.4468432e+00
   2.4959619e+01   5.8000000e+01   1.4468432e+00
   2.4969619e+01   5.8000000e+01   1.4468432e+00
   2.4979619e+01   5.8000000e+01   1.4468432e+00
   2.4989619e+01   5.8000000e+01   1.4468432e+00
   2.4999619e+01   5.8000000e+01   1.4468432e+00
   2.5009619e+01   5.8000000e+01   1.4468432e+00
   2.5019619e+01   5.8000000e+01   1.4468432e+00
   2.5029619e+01   5.8000000e+01   1.4468432e+00
   2.5039619e+01   5.8000000e+01   1.4468432e+00
   2.5049619e+01   5.8000000e+01   1.4468432e+00
   2.5059619e+01   5.8000000e+01   1.4468432e+00
   2.5069619e+01   5.8000000e+01   1.4468432e+00
   2.5079619e+01   5.8000000e+01   1.4468432e+00
   2.5089619e+01   5.8000000e+01   1.4468432e+00
   2.5099619e+01   5.8000000e+01   1.4468432e+00
   2.5109619e+01   5.8000000e+01   1.4468432e+00
   2.5119619e+01   5.8000000e+01   1.4468432e+00
   2.5129619e+01   5.8000000e+01   1.4468432e+00
   2.5139619e+01   5.8000000e+01   1.4468432e+00
   2.5149619e+01   5.8000000e+01   1.4468432e+00
   2.5159619e+01   5.8000000e+01   1.4468432e+00
   2.5169619e+01   5.8000000e+01   1.4468432e+00
   2.5179619e+01   5.8000000e+01   1.4468432e+00
   2.5189619e+01   5.8000000e+01   1.4468432e+00
   2.5199619e+01   5.8000000e+01   1.4468432e+00
   2.5209619e+01   5.8000000e+01   1.4468432e+00
   2.5219619e+01   5.8000000e+01   1.4468432e+00
   2.5229619e+01   5.8000000e+01   1.4468432e+00
   2.5239619e+01   5.8000000e+01   1.4468432e+00
   2.5249619e+01   5.8000000e+01   1.4468432e+00
   2.5259619e+01   5.8000000e+01   1.4468432e+00
   2.5269619e+01   5.8000000e+01   1.4468432e+00
   2.5279619e+01   5.8000000e+01   1.4468432e+00
   2.5289619e+01   5.8000000e+01   1.4468432e+00
   2.5299619e+01   5.8000000e+01   1.4468432e+00
   2.5309619e+01   5.8000000e+01   1.4468432e+00
   2.5319619e+01   5.8000000e+01   1.4468432e+00
   2.5329619e+01   5.8000000e+01   1.4468432e+00
   2.5339619e+01   5.8000000e+01   1.4468432e+00
   2.5349619e+01   5.8000000e+01   1.4468432e+00
   2.5359619e+01   5.8000000e+01   1.4468432e+00
   2.5369619e+01   5.8000000e+01   1.4468432e+00
   2.5379619e+01   5.8000000e+01   1.4468432e+00
   2.5389619e+01   5.8000000e+01   1.4468432e+00
   2.5399619e+01   5.8000000e+01   1.4468432e+00
   2.5409619e+01   5.8000000e+01   1.4468432e+00
   2.5419619e+01   5.8000000e+01   1.4468432e+00
   2.5429619e+01   5.8000000e+01   1.4468432e+00
   2.5439619e+01   5.8000000e+01   1.4468432e+00
   2.5449619e+01   5.8000000e+01   1.4468432e+00
   2.5459619e+01   5.8000000e+01   1.4468432e+00
   2.5469619e+01   5.8000000e+01   1.4468432e+00
   2.5479619e+01   5.8000000e+01   1.4468432e+00
   2.5489619e+01   5.8000000e+01   1.4468432e+00
   2.5499619e+01   5.8000000e+01   1.4468432e+00
   2.5509619e+01   5.8000000e+01   1.4468432e+00
   2.5519619e+01   5.8000000e+01   1.4468432e+00
   2.5529619e+01   5.8000000e+01   1.4468432e+00
   2.5539619e+01   5.8000000e+01   1.4468432e+00
   2.5549619e+01   5.8000000e+01   1.4468432e+00
   2.5559619e+01   5.8000000e+01   1.4468432e+00
   2.5569619e+01   5.8000000e+01   1.4468432e+00
   2.5579619e+01   5.8000000e+01   1.4468432e+00
   2.5589619e+01   5.8000000e+01   1.4468432e+00
   2.5599619e+01   5.8000000e+01   1.4468432e+00
   2.5609619e+01   5.8000000e+01   1.4468432e+00
   2.5619619e+01   5.8000000e+01   1.4468432e+00
   2.5629619e+01   5.8000000e+01   1.4468432e+00
   2.5639619e+01   5.8000000e+01   1.4468432e+00
   2.5649619e+01   5.8000000e+01   1.4468432e+00
   2.5659619e+01   5.8000000e+01   1.4468432e+00
   2.5669619e+01   5.8000000e+01   1.4468432e+00
   2.5679619e+01   5.8000000e+01   1.4468432e+00
   2.5689619e+01   5.8000000e+01   1.4468432e+00
   2.5699619e+01   5.8000000e+01   1.4468432e+00
   2.5708136e+01   5.8000000e+01   1.4468432e+00
   2.5708136e+01   5.9000000e+01   1.4204865e+00
   2.5708136e+01   5.9000000e+01   1.4204865e+00
   2.5718136e+01   5.9000000e+01   1.4204865e+00
   2.5728136e+01   5.9000000e+01   1.4204865e+00
   2.5738136e+01   5.9000000e+01   1.4204865e+00
   2.5748136e+01   5.9000000e+01   1.4204865e+00
   2.5758136e+01   5.9000000e+01   1.4204865e+00
   2.5768136e+01   5.9000000e+01   1.4204865e+00
   2.5778136e+01   5.9000000e+01   1.4204865e+00
   2.5788136e+01   5.9000000e+01   1.4204865e+00
   2.5798136e+01   5.9000000e+01   1.4204865e+00
   2.5808136e+01   5.9000000e+01   1.4204865e+00
   2.5818136e+01   5.9000000e+01   1.4204865e+00
   2.5828136e+01   5.9000000e+01   1.4204865e+00
   2.5838136e+01   5.9000000e+01   1.4204865e+00
   2.5848136e+01   5.9000000e+01   1.4204865e+00
   2.5858136e+01   5.9000000e+01   1.4204865e+00
   2.5868136e+01   5.9000000e+01   1.4204865e+00
   2.5878136e+01   5.9000000e+01   1.4204865e+00
   2.5888136e+01   5.9000000e+01   1.4204865e+00
   2.5898136e+01   5.9000000e+01   1.4204865e+00
   2.5908136e+01   5.9000000e+01   1.4204865e+00
   2.5918136e+01   5.9000000e+01   1.4204865e+00
   2.5928136e+01   5.9000000e+01   1.4204865e+00
   2.5938136e+01   5.9000000e+01   1.4204865e+00
   2.5948136e+01   5.9000000e+01   1.4204865e+00
   2.5958136e+01   5.9000000e+01   1.4204865e+00
   2.5968136e+01   5.9000000e+01   1.4204865e+00
   2.5978136e+01   5.9000000e+01   1.4204865e+00
   2.5988136e+01   5.9000000e+01   1.4204865e+00
   2.5998136e+01   5.9000000e+01   1.4204865e+00
   2.6008136e+01   5.9000000e+01   1.4204865e+00
   2.6018136e+01   5.9000000e+01   1.4204865e+00
   2.6028136e+01   5.9000000e+01   1.4204865e+00
   2.6038136e+01   5.9000000e+01   1.4204865e+00
   2.6048136e+01   5.9000000e+01   1.4204865e+00
   2.6058136e+01   5.9000000e+01   1.4204865e+00
   2.6068136e+01   5.9000000e+01   1.4204865e+00
   2.6078136e+01   5.9000000e+01   1.4204865e+00
   2.6088136e+01   5.9000000e+01   1.4204865e+00
   2.6098136e+01   5.9000000e+01   1.4204865e+00
   2.6108136e+01   5.9000000e+01   1.4204865e+00
   2.6118136e+01   5.9000000e+01   1.4204865e+00
   2.6128136e+01   5.9000000e+01   1.4204865e+00
   2.6138136e+01   5.9000000e+01   1.4204865e+00
   2.6148136e+01   5.9000000e+01   1.4204865e+00
   2.6158136e+01   5.9000000e+01   1.4204865e+00
   2.6168136e+01   5.9000000e+01   1.4204865e+00
   2.6178136e+01   5.9000000e+01   1.4204865e+00
   2.6188136e+01   5.9000000e+01   1.4204865e+00
   2.6198136e+01   5.9000000e+01   1.4204865e+00
   2.6208136e+01   5.9000000e+01   1.4204865e+00
   2.6218136e+01   5.9000000e+01   1.4204865e+00
   2.6228136e+01   5.9000000e+01   1.4204865e+00
   2.6238136e+01   5.9000000e+01   1.4204865e+00
   2.6248136e+01   5.9000000e+01   1.4204865e+00
   2.6258136e+01   5.9000000e+01   1.4204865e+00
   2.6268136e+01   5.9000000e+01   1.4204865e+00
   2.6278136e+01   5.9000000e+01   1.4204865e+00
   2.6288136e+01   5.9000000e+01   1.4204865e+00
   2.6298136e+01   5.9000000e+01   1.4204865e+00
   2.6308136e+01   5.9000000e+01   1.4204865e+00
   2.6318136e+01   5.9000000e+01   1.4204865e+00
   2.6328136e+01   5.9000000e+01   1.4204865e+00
   2.6338136e+01   5.9000000e+01   1.4204865e+00
   2.6348136e+01   5.9000000e+01   1.4204865e+00
   2.6358136e+01   5.9000000e+01   1.4204865e+00
   2.6368136e+01   5.9000000e+01   1.4204865e+00
   2.6378136e+01   5.9000000e+01   1.4204865e+00
   2.6388136e+01   5.9000000e+01   1.4204865e+00
   2.6398136e+01   5.9000000e+01   1.4204865e+00
   2.6408136e+01   5.9000000e+01   1.4204865e+00
   2.6418136e+01   5.9000000e+01   1.4204865e+00
   2.6428136e+01   5.9000000e+01   1.4204865e+00
   2.6438136e+01   5.9000000e+01   1.4204865e+00
   2.6448136e+01   5.9000000e+01   1.4204865e+00
   2.6458136e+01   5.9000000e+01   1.4204865e+00
   2.6468136e+01   5.9000000e+01   1.4204865e+00
   2.6474057e+01   5.9000000e+01   1.4204865e+00
   2.6474057e+01   6.0000000e+01   1.3926690e+00
   2.6474057e+01   6.0000000e+01   1.3926690e+00
   2.6484057e+01   6.0000000e+01   1.3926690e+00
   2.6494057e+01   6.0000000e+01   1.3926690e+00
   2.6504057e+01   6.0000000e+01   1.3926690e+00
   2.6514057e+01   6.0000000e+01   1.3926690e+00
   2.6524057e+01   6.0000000e+01   1.3926690e+00
   2.6534057e+01   6.0000000e+01   1.3926690e+00
   2.6544057e+01   6.0000000e+01   1.3926690e+00
   2.6554057e+01   6.0000000e+01   1.3926690e+00
   2.6564057e+01   6.0000000e+01   1.3926690e+00
   2.6574057e+01   6.0000000e+01   1.3926690e+00
   2.6584057e+01   6.0000000e+01   1.3926690e+00
   2.6594057e+01   6.0000000e+01   1.3926690e+00
   2.6604057e+01   6.0000000e+01   1.3926690e+00
   2.6614057e+01   6.0000000e+01   1.3926690e+00
   2.6624057e+01   6.0000000e+01   1.3926690e+00
   2.6634057e+01   6.0000000e+01   1.3926690e+00
   2.6644057e+01   6.0000000e+01   1.3926690e+00
   2.6654057e+01   6.0000000e+01   1.3926690e+00
   2.6664057e+01   6.0000000e+01   1.3926690e+00
   2.6674057e+01   6.0000000e+01   1.3926690e+00
   2.6684057e+01   6.0000000e+01   1.3926690e+00
   2.6694057e+01   6.0000000e+01   1.3926690e+00
   2.6704057e+01   6.0000000e+01   1.3926690e+00
   2.6714057e+01   6.0000000e+01   1.3926690e+00
   2.6724057e+01   6.0000000e+01   1.3926690e+00
   2.6734057e+01   6.0000000e+01   1.3926690e+00
   2.6744057e+01   6.0000000e+01   1.3926690e+00
   2.6754057e+01   6.0000000e+01   1.3926690e+00
   2.6764057e+01   6.0000000e+01   1.3926690e+00
   2.6774057e+01   6.0000000e+01   1.3926690e+00
   2.6784057e+01   6.0000000e+01   1.3926690e+00
   2.6794057e+01   6.0000000e+01   1.3926690e+00
   2.6804057e+01   6.0000000e+01   1.3926690e+00
   2.6814057e+01   6.0000000e+01   1.3926690e+00
   2.6824057e+01   6.0000000e+01   1.3926690e+00
   2.6834057e+01   6.0000000e+01   1.3926690e+00
   2.6844057e+01   6.0000000e+01   1.3926690e+00
   2.6854057e+01   6.0000000e+01   1.3926690e+00
   2.6864057e+01   6.0000000e+01   1.3926690e+00
   2.6874057e+01   6.0000000e+01   1.3926690e+00
   2.6884057e+01   6.0000000e+01   1.3926690e+00
   2.6894057e+01   6.0000000e+01   1.3926690e+00
   2.6904057e+01   6.0000000e+01   1.3926690e+00
   2.6914057e+01   6.0000000e+01   1.3926690e+00
   2.6924057e+01   6.0000000e+01   1.3926690e+00
   2.6934057e+01   6.0000000e+01   1.3926690e+00
   2.6944057e+01   6.0000000e+01   1.3926690e+00
   2.6954057e+01   6.0000000e+01   1.3926690e+00
   2.6964057e+01   6.0000000e+01   1.3926690e+00
   2.6974057e+01   6.0000000e+01   1.3926690e+00
   2.6984057e+01   6.0000000e+01   1.3926690e+00
   2.6994057e+01   6.0000000e+01   1.3926690e+00
   2.7004057e+01   6.0000000e+01   1.3926690e+00
   2.7014057e+01   6.0000000e+01   1.3926690e+00
   2.7024057e+01   6.0000000e+01   1.3926690e+00
   2.7034057e+01   6.0000000e+01   1.3926690e+00
   2.7044057e+01   6.0000000e+01   1.3926690e+00
   2.7054057e+01   6.0000000e+01   1.3926690e+00
   2.7064057e+01   6.0000000e+01   1.3926690e+00
   2.7074057e+01   6.0000000e+01   1.3926690e+00
   2.7084057e+01   6.0000000e+01   1.3926690e+00
   2.7094057e+01   6.0000000e+01   1.3926690e+00
   2.7104057e+01   6.0000000e+01   1.3926690e+00
   2.7114057e+01   6.0000000e+01   1.3926690e+00
   2.7124057e+01   6.0000000e+01   1.3926690e+00
   2.7134057e+01   6.0000000e+01   1.3926690e+00
   2.7144057e+01   6.0000000e+01   1.3926690e+00
   2.7154057e+01   6.0000000e+01   1.3926690e+00
   2.7164057e+01   6.0000000e+01   1.3926690e+00
   2.7174057e+01   6.0000000e+01   1.3926690e+00
   2.7184057e+01   6.0000000e+01   1.3926690e+00
   2.7194057e+01   6.0000000e+01   1.3926690e+00
   2.7204057e+01   6.0000000e+01   1.3926690e+00
   2.7214057e+01   6.0000000e+01   1.3926690e+00
   2.7224057e+01   6.0000000e+01   1.3926690e+00
   2.7234057e+01   6.0000000e+01   1.3926690e+00
   2.7244057e+01   6.0000000e+01   1.3926690e+00
   2.7247170e+01   6.0000000e+01   1.3926690e+00
   2.7247170e+01   6.1000000e+01   1.3634052e+00
   2.7247170e+01   6.1000000e+01   1.3634052e+00
   2.7257170e+01   6.1000000e+01   1.3634052e+00
   2.7267170e+01   6.1000000e+01   1.3634052e+00
   2.7277170e+01   6.1000000e+01   1.3634052e+00
   2.7287170e+01   6.1000000e+01   1.3634052e+00
   2.7297170e+01   6.1000000e+01   1.3634052e+00
   2.7307170e+01   6.1000000e+01   1.3634052e+00
   2.7317170e+01   6.1000000e+01   1.3634052e+00
   2.7327170e+01   6.1000000e+01   1.3634052e+00
   2.7337170e+01   6.1000000e+01   1.3634052e+00
   2.7347170e+01   6.1000000e+01   1.3634052e+00
   2.7357170e+01   6.1000000e+01   1.3634052e+00
   2.7367170e+01   6.1000000e+01   1.3634052e+00
   2.7377170e+01   6.1000000e+01   1.3634052e+00
   2.7387170e+01   6.1000000e+01   1.3634052e+00
   2.7397170e+01   6.1000000e+01   1.3634052e+00
   2.7407170e+01   6.1000000e+01   1.3634052e+00
   2.7417170e+01   6.1000000e+01   1.3634052e+00
   2.7427170e+01   6.1000000e+01   1.3634052e+00
   2.7437170e+01   6.1000000e+01   1.3634052e+00
   2.7447170e+01   6.1000000e+01   1.3634052e+00
   2.7457170e+01   6.1000000e+01   1.3634052e+00
   2.7467170e+01   6.1000000e+01   1.3634052e+00
   2.7477170e+01   6.1000000e+01   1.3634052e+00
   2.7487170e+01   6.1000000e+01   1.3634052e+00
   2.7497170e+01   6.1000000e+01   1.3634052e+00
   2.7507170e+01   6.1000000e+01   1.3634052e+00
   2.7517170e+01   6.1000000e+01   1.3634052e+00
   2.7527170e+01   6.1000000e+01   1.3634052e+00
   2.7537170e+01   6.1000000e+01   1.3634052e+00
   2.7547170e+01   6.1000000e+01   1.3634052e+00
   2.7557170e+01   6.1000000e+01   1.3634052e+00
   2.7567170e+01   6.1000000e+01   1.3634052e+00
   2.7577170e+01   6.1000000e+01   1.3634052e+00
   2.7587170e+01   6.1000000e+01   1.3634052e+00
   2.7597170e+01   6.1000000e+01   1.3634052e+00
   2.7607170e+01   6.1000000e+01   1.3634052e+00
   2.7617170e+01   6.1000000e+01   1.3634052e+00
   2.7627170e+01   6.1000000e+01   1.3634052e+00
   2.7637170e+01   6.1000000e+01   1.3634052e+00
   2.7647170e+01   6.1000000e+01   1.3634052e+00
   2.7657170e+01   6.1000000e+01   1.3634052e+00
   2.7667170e+01   6.1000000e+01   1.3634052e+00
   2.7677170e+01   6.1000000e+01   1.3634052e+00
   2.7687170e+01   6.1000000e+01   1.3634052e+00
   2.7697170e+01   6.1000000e+01   1.3634052e+00
   2.7707170e+01   6.1000000e+01   1.3634052e+00
   2.7717170e+01   6.1000000e+01   1.3634052e+00
   2.7727170e+01   6.1000000e+01   1.3634052e+00
   2.7737170e+01   6.1000000e+01   1.3634052e+00
   2.7747170e+01   6.1000000e+01   1.3634052e+00
   2.7757170e+01   6.1000000e+01   1.3634052e+00
   2.7767170e+01   6.1000000e+01   1.3634052e+00
   2.7777170e+01   6.1000000e+01   1.3634052e+00
   2.7787170e+01   6.1000000e+01   1.3634052e+00
   2.7797170e+01   6.1000000e+01   1.3634052e+00
   2.7807170e+01   6.1000000e+01   1.3634052e+00
   2.7817170e+01   6.1000000e+01   1.3634052e+00
   2.7827170e+01   6.1000000e+01   1.3634052e+00
   2.7837170e+01   6.1000000e+01   1.3634052e+00
   2.7847170e+01   6.1000000e+01   1.3634052e+00
   2.7857170e+01   6.1000000e+01   1.3634052e+00
   2.7867170e+01   6.1000000e+01   1.3634052e+00
   2.7877170e+01   6.1000000e+01   1.3634052e+00
   2.7887170e+01   6.1000000e+01   1.3634052e+00
   2.7897170e+01   6.1000000e+01   1.3634052e+00
   2.7907170e+01   6.1000000e+01   1.3634052e+00
   2.7917170e+01   6.1000000e+01   1.3634052e+00
   2.7927170e+01   6.1000000e+01   1.3634052e+00
   2.7937170e+01   6.1000000e+01   1.3634052e+00
   2.7947170e+01   6.1000000e+01   1.3634052e+00
   2.7957170e+01   6.1000000e+01   1.3634052e+00
   2.7967170e+01   6.1000000e+01   1.3634052e+00
   2.7977170e+01   6.1000000e+01   1.3634052e+00
   2.7987170e+01   6.1000000e+01   1.3634052e+00
   2.7997170e+01   6.1000000e+01   1.3634052e+00
   2.8007170e+01   6.1000000e+01   1.3634052e+00
   2.8017170e+01   6.1000000e+01   1.3634052e+00
   2.8027170e+01   6.1000000e+01   1.3634052e+00
   2.8027264e+01   6.1000000e+01   1.3634052e+00
   2.8027264e+01   6.2000000e+01   1.3327103e+00
   2.8027264e+01   6.2000000e+01   1.3327103e+00
   2.8037264e+01   6.2000000e+01   1.3327103e+00
   2.8047264e+01   6.2000000e+01   1.3327103e+00
   2.8057264e+01   6.2000000e+01   1.3327103e+00
   2.8067264e+01   6.2000000e+01   1.3327103e+00
   2.8077264e+01   6.2000000e+01   1.3327103e+00
   2.8087264e+01   6.2000000e+01   1.3327103e+00
   2.8097264e+01   6.2000000e+01   1.3327103e+00
   2.8107264e+01   6.2000000e+01   1.3327103e+00
   2.8117264e+01   6.2000000e+01   1.3327103e+00
   2.8127264e+01   6.2000000e+01   1.3327103e+00
   2.8137264e+01   6.2000000e+01   1.3327103e+00
   2.8147264e+01   6.2000000e+01   1.3327103e+00
   2.8157264e+01   6.2000000e+01   1.3327103e+00
   2.8167264e+01   6.2000000e+01   1.3327103e+00
   2.8177264e+01   6.2000000e+01   1.3327103e+00
   2.8187264e+01   6.2000000e+01   1.3327103e+00
   2.8197264e+01   6.2000000e+01   1.3327103e+00
   2.8207264e+01   6.2000000e+01   1.3327103e+00
   2.8217264e+01   6.2000000e+01   1.3327103e+00
   2.8227264e+01   6.2000000e+01   1.3327103e+00
   2.8237264e+01   6.2000000e+01   1.3327103e+00
   2.8247264e+01   6.2000000e+01   1.3327103e+00
   2.8257264e+01   6.2000000e+01   1.3327103e+00
   2.8267264e+01   6.2000000e+01   1.3327103e+00
   2.8277264e+01   6.2000000e+01   1.3327103e+00
   2.8287264e+01   6.2000000e+01   1.3327103e+00
   2.8297264e+01   6.2000000e+01   1.3327103e+00
   2.8307264e+01   6.2000000e+01   1.3327103e+00
   2.8317264e+01   6.2000000e+01   1.3327103e+00
   2.8327264e+01   6.2000000e+01   1.3327103e+00
   2.8337264e+01   6.2000000e+01   1.3327103e+00
   2.8347264e+01   6.2000000e+01   1.3327103e+00
   2.8357264e+01   6.2000000e+01   1.3327103e+00
   2.8367264e+01   6.2000000e+01   1.3327103e+00
   2.8377264e+01   6.2000000e+01   1.3327103e+00
   2.8387264e+01   6.2000000e+01   1.3327103e+00
   2.8397264e+01   6.2000000e+01   1.3327103e+00
   2.8407264e+01   6.2000000e+01   1.3327103e+00
   2.8417264e+01   6.2000000e+01   1.3327103e+00
   2.8427264e+01   6.2000000e+01   1.3327103e+00
   2.8437264e+01   6.2000000e+01   1.3327103e+00
   2.8447264e+01   6.2000000e+01   1.3327103e+00
   2.8457264e+01   6.2000000e+01   1.3327103e+00
   2.8467264e+01   6.2000000e+01   1.3327103e+00
   2.8477264e+01   6.2000000e+01   1.3327103e+00
   2.8487264e+01   6.2000000e+01   1.3327103e+00
   2.8497264e+01   6.2000000e+01   1.3327103e+00
   2.8507264e+01   6.2000000e+01   1.3327103e+00
   2.8517264e+01   6.2000000e+01   1.3327103e+00
   2.8527264e+01   6.2000000e+01   1.3327103e+00
   2.8537264e+01   6.2000000e+01   1.3327103e+00
   2.8547264e+01   6.2000000e+01   1.3327103e+00
   2.8557264e+01   6.2000000e+01   1.3327103e+00
   2.8567264e+01   6.2000000e+01   1.3327103e+00
   2.8577264e+01   6.2000000e+01   1.3327103e+00
   2.8587264e+01   6.2000000e+01   1.3327103e+00
   2.8597264e+01   6.2000000e+01   1.3327103e+00
   2.8607264e+01   6.2000000e+01   1.3327103e+00
   2.8617264e+01   6.2000000e+01   1.3327103e+00
   2.8627264e+01   6.2000000e+01   1.3327103e+00
   2.8637264e+01   6.2000000e+01   1.3327103e+00
   2.8647264e+01   6.2000000e+01   1.3327103e+00
   2.8657264e+01   6.2000000e+01   1.3327103e+00
   2.8667264e+01   6.2000000e+01   1.3327103e+00
   2.8677264e+01   6.2000000e+01   1.3327103e+00
   2.8687264e+01   6.2000000e+01   1.3327103e+00
   2.8697264e+01   6.2000000e+01   1.3327103e+00
   2.8707264e+01   6.2000000e+01   1.3327103e+00
   2.8717264e+01   6.2000000e+01   1.3327103e+00
   2.8727264e+01   6.2000000e+01   1.3327103e+00
   2.8737264e+01   6.2000000e+01   1.3327103e+00
   2.8747264e+01   6.2000000e+01   1.3327103e+00
   2.8757264e+01   6.2000000e+01   1.3327103e+00
   2.8767264e+01   6.2000000e+01   1.3327103e+00
   2.8777264e+01   6.2000000e+01   1.3327103e+00
   2.8787264e+01   6.2000000e+01   1.3327103e+00
   2.8797264e+01   6.2000000e+01   1.3327103e+00
   2.8807264e+01   6.2000000e+01   1.3327103e+00
   2.8814124e+01   6.2000000e+01   1.3327103e+00
   2.8814124e+01   6.3000000e+01   1.3006006e+00
   2.8814124e+01   6.3000000e+01   1.3006006e+00
   2.8824124e+01   6.3000000e+01   1.3006006e+00
   2.8834124e+01   6.3000000e+01   1.3006006e+00
   2.8844124e+01   6.3000000e+01   1.3006006e+00
   2.8854124e+01   6.3000000e+01   1.3006006e+00
   2.8864124e+01   6.3000000e+01   1.3006006e+00
   2.8874124e+01   6.3000000e+01   1.3006006e+00
   2.8884124e+01   6.3000000e+01   1.3006006e+00
   2.8894124e+01   6.3000000e+01   1.3006006e+00
   2.8904124e+01   6.3000000e+01   1.3006006e+00
   2.8914124e+01   6.3000000e+01   1.3006006e+00
   2.8924124e+01   6.3000000e+01   1.3006006e+00
   2.8934124e+01   6.3000000e+01   1.3006006e+00
   2.8944124e+01   6.3000000e+01   1.3006006e+00
   2.8954124e+01   6.3000000e+01   1.3006006e+00
   2.8964124e+01   6.3000000e+01   1.3006006e+00
   2.8974124e+01   6.3000000e+01   1.3006006e+00
   2.8984124e+01   6.3000000e+01   1.3006006e+00
   2.8994124e+01   6.3000000e+01   1.3006006e+00
   2.9004124e+01   6.3000000e+01   1.3006006e+00
   2.9014124e+01   6.3000000e+01   1.3006006e+00
   2.9024124e+01   6.3000000e+01   1.3006006e+00
   2.9034124e+01   6.3000000e+01   1.3006006e+00
   2.9044124e+01   6.3000000e+01   1.3006006e+00
   2.9054124e+01   6.3000000e+01   1.3006006e+00
   2.9064124e+01   6.3000000e+01   1.3006006e+00
   2.9074124e+01   6.3000000e+01   1.3006006e+00
   2.9084124e+01   6.3000000e+01   1.3006006e+00
   2.9094124e+01   6.3000000e+01   1.3006006e+00
   2.9104124e+01   6.3000000e+01   1.3006006e+00
   2.9114124e+01   6.3000000e+01   1.3006006e+00
   2.9124124e+01   6.3000000e+01   1.3006006e+00
   2.9134124e+01   6.3000000e+01   1.3006006e+00
   2.9144124e+01   6.3000000e+01   1.3006006e+00
   2.9154124e+01   6.3000000e+01   1.3006006e+00
   2.9164124e+01   6.3000000e+01   1.3006006e+00
   2.9174124e+01   6.3000000e+01   1.3006006e+00
   2.9184124e+01   6.3000000e+01   1.3006006e+00
   2.9194124e+01   6.3000000e+01   1.3006006e+00
   2.9204124e+01   6.3000000e+01   1.3006006e+00
   2.9214124e+01   6.3000000e+01   1.3006006e+00
   2.9224124e+01   6.3000000e+01   1.3006006e+00
   2.9234124e+01   6.3000000e+01   1.3006006e+00
   2.9244124e+01   6.3000000e+01   1.3006006e+00
   2.9254124e+01   6.3000000e+01   1.3006006e+00
   2.9264124e+01   6.3000000e+01   1.3006006e+00
   2.9274124e+01   6.3000000e+01   1.3006006e+00
   2.9284124e+01   6.3000000e+01   1.3006006e+00
   2.9294124e+01   6.3000000e+01   1.3006006e+00
   2.9304124e+01   6.3000000e+01   1.3006006e+00
   2.9314124e+01   6.3000000e+01   1.3006006e+00
   2.9324124e+01   6.3000000e+01   1.3006006e+00
   2.9334124e+01   6.3000000e+01   1.3006006e+00
   2.9344124e+01   6.3000000e+01   1.3006006e+00
   2.9354124e+01   6.3000000e+01   1.3006006e+00
   2.9364124e+01   6.3000000e+01   1.3006006e+00
   2.9374124e+01   6.3000000e+01   1.3006006e+00
   2.9384124e+01   6.3000000e+01   1.3006006e+00
   2.9394124e+01   6.3000000e+01   1.3006006e+00
   2.9404124e+01   6.3000000e+01   1.3006006e+00
   2.9414124e+01   6.3000000e+01   1.3006006e+00
   2.9424124e+01   6.3000000e+01   1.3006006e+00
   2.9434124e+01   6.3000000e+01   1.3006006e+00
   2.9444124e+01   6.3000000e+01   1.3006006e+00
   2.9454124e+01   6.3000000e+01   1.3006006e+00
   2.9464124e+01   6.3000000e+01   1.3006006e+00
   2.9474124e+01   6.3000000e+01   1.3006006e+00
   2.9484124e+01   6.3000000e+01   1.3006006e+00
   2.9494124e+01   6.3000000e+01   1.3006006e+00
   2.9504124e+01   6.3000000e+01   1.3006006e+00
   2.9514124e+01   6.3000000e+01   1.3006006e+00
   2.9524124e+01   6.3000000e+01   1.3006006e+00
   2.9534124e+01   6.3000000e+01   1.3006006e+00
   2.9544124e+01   6.3000000e+01   1.3006006e+00
   2.9554124e+01   6.3000000e+01   1.3006006e+00
   2.9564124e+01   6.3000000e+01   1.3006006e+00
   2.9574124e+01   6.3000000e+01   1.3006006e+00
   2.9584124e+01   6.3000000e+01   1.3006006e+00
   2.9594124e+01   6.3000000e+01   1.3006006e+00
   2.9604124e+01   6.3000000e+01   1.3006006e+00
   2.9607533e+01   6.3000000e+01   1.3006006e+00
   2.9607533e+01   6.4000000e+01   1.2670930e+00
   2.9607533e+01   6.4000000e+01   1.2670930e+00
   2.9617533e+01   6.4000000e+01   1.2670930e+00
   2.9627533e+01   6.4000000e+01   1.2670930e+00
   2.9637533e+01   6.4000000e+01   1.2670930e+00
   2.9647533e+01   6.4000000e+01   1.2670930e+00
   2.9657533e+01   6.4000000e+01   1.2670930e+00
   2.9667533e+01   6.4000000e+01   1.2670930e+00
   2.9677533e+01   6.4000000e+01   1.2670930e+00
   2.9687533e+01   6.4000000e+01   1.2670930e+00
   2.9697533e+01   6.4000000e+01   1.2670930e+00
   2.9707533e+01   6.4000000e+01   1.2670930e+00
   2.9717533e+01   6.4000000e+01   1.2670930e+00
   2.9727533e+01   6.4000000e+01   1.2670930e+00
   2.9737533e+01   6.4000000e+01   1.2670930e+00
   2.9747533e+01   6.4000000e+01   1.2670930e+00
   2.9757533e+01   6.4000000e+01   1.2670930e+00
   2.9767533e+01   6.4000000e+01   1.2670930e+00
   2.9777533e+01   6.4000000e+01   1.2670930e+00
   2.9787533e+01   6.4000000e+01   1.2670930e+00
   2.9797533e+01   6.4000000e+01   1.2670930e+00
   2.9807533e+01   6.4000000e+01   1.2670930e+00
   2.9817533e+01   6.4000000e+01   1.2670930e+00
   2.9827533e+01   6.4000000e+01   1.2670930e+00
   2.9837533e+01   6.4000000e+01   1.2670930e+00
   2.9847533e+01   6.4000000e+01   1.2670930e+00
   2.9857533e+01   6.4000000e+01   1.2670930e+00
   2.9867533e+01   6.4000000e+01   1.2670930e+00
   2.9877533e+01   6.4000000e+01   1.2670930e+00
   2.9887533e+01   6.4000000e+01   1.2670930e+00
   2.9897533e+01   6.4000000e+01   1.2670930e+00
   2.9907533e+01   6.4000000e+01   1.2670930e+00
   2.9917533e+01   6.4000000e+01   1.2670930e+00
   2.9927533e+01   6.4000000e+01   1.2670930e+00
   2.9937533e+01   6.4000000e+01   1.2670930e+00
   2.9947533e+01   6.4000000e+01   1.2670930e+00
   2.9957533e+01   6.4000000e+01   1.2670930e+00
   2.9967533e+01   6.4000000e+01   1.2670930e+00
   2.9977533e+01   6.4000000e+01   1.2670930e+00
   2.9987533e+01   6.4000000e+01   1.2670930e+00
   2.9997533e+01   6.4000000e+01   1.2670930e+00
   3.0007533e+01   6.4000000e+01   1.2670930e+00
   3.0017533e+01   6.4000000e+01   1.2670930e+00
   3.0027533e+01   6.4000000e+01   1.2670930e+00
   3.0037533e+01   6.4000000e+01   1.2670930e+00
   3.0047533e+01   6.4000000e+01   1.2670930e+00
   3.0057533e+01   6.4000000e+01   1.2670930e+00
   3.0067533e+01   6.4000000e+01   1.2670930e+00
   3.0077533e+01   6.4000000e+01   1.2670930e+00
   3.0087533e+01   6.4000000e+01   1.2670930e+00
   3.0097533e+01   6.4000000e+01   1.2670930e+00
   3.0107533e+01   6.4000000e+01   1.2670930e+00
   3.0117533e+01   6.4000000e+01   1.2670930e+00
   3.0127533e+01   6.4000000e+01   1.2670930e+00
   3.0137533e+01   6.4000000e+01   1.2670930e+00
   3.0147533e+01   6.4000000e+01   1.2670930e+00
   3.0157533e+01   6.4000000e+01   1.2670930e+00
   3.0167533e+01   6.4000000e+01   1.2670930e+00
   3.0177533e+01   6.4000000e+01   1.2670930e+00
   3.0187533e+01   6.4000000e+01   1.2670930e+00
   3.0197533e+01   6.4000000e+01   1.2670930e+00
   3.0207533e+01   6.4000000e+01   1.2670930e+00
   3.0217533e+01   6.4000000e+01   1.2670930e+00
   3.0227533e+01   6.4000000e+01   1.2670930e+00
   3.0237533e+01   6.4000000e+01   1.2670930e+00
   3.0247533e+01   6.4000000e+01   1.2670930e+00
   3.0257533e+01   6.4000000e+01   1.2670930e+00
   3.0267533e+01   6.4000000e+01   1.2670930e+00
   3.0277533e+01   6.4000000e+01   1.2670930e+00
   3.0287533e+01   6.4000000e+01   1.2670930e+00
   3.0297533e+01   6.4000000e+01   1.2670930e+00
   3.0307533e+01   6.4000000e+01   1.2670930e+00
   3.0317533e+01   6.4000000e+01   1.2670930e+00
   3.0327533e+01   6.4000000e+01   1.2670930e+00
   3.0337533e+01   6.4000000e+01   1.2670930e+00
   3.0347533e+01   6.4000000e+01   1.2670930e+00
   3.0357533e+01   6.4000000e+01   1.2670930e+00
   3.0367533e+01   6.4000000e+01   1.2670930e+00
   3.0377533e+01   6.4000000e+01   1.2670930e+00
   3.0387533e+01   6.4000000e+01   1.2670930e+00
   3.0397533e+01   6.4000000e+01   1.2670930e+00
   3.0407271e+01   6.4000000e+01   1.2670930e+00
   3.0407271e+01   6.5000000e+01   1.2322055e+00
   3.0407271e+01   6.5000000e+01   1.2322055e+00
   3.0417271e+01   6.5000000e+01   1.2322055e+00
   3.0427271e+01   6.5000000e+01   1.2322055e+00
   3.0437271e+01   6.5000000e+01   1.2322055e+00
   3.0447271e+01   6.5000000e+01   1.2322055e+00
   3.0457271e+01   6.5000000e+01   1.2322055e+00
   3.0467271e+01   6.5000000e+01   1.2322055e+00
   3.0477271e+01   6.5000000e+01   1.2322055e+00
   3.0487271e+01   6.5000000e+01   1.2322055e+00
   3.0497271e+01   6.5000000e+01   1.2322055e+00
   3.0507271e+01   6.5000000e+01   1.2322055e+00
   3.0517271e+01   6.5000000e+01   1.2322055e+00
   3.0527271e+01   6.5000000e+01   1.2322055e+00
   3.0537271e+01   6.5000000e+01   1.2322055e+00
   3.0547271e+01   6.5000000e+01   1.2322055e+00
   3.0557271e+01   6.5000000e+01   1.2322055e+00
   3.0567271e+01   6.5000000e+01   1.2322055e+00
   3.0577271e+01   6.5000000e+01   1.2322055e+00
   3.0587271e+01   6.5000000e+01   1.2322055e+00
   3.0597271e+01   6.5000000e+01   1.2322055e+00
   3.0607271e+01   6.5000000e+01   1.2322055e+00
   3.0617271e+01   6.5000000e+01   1.2322055e+00
   3.0627271e+01   6.5000000e+01   1.2322055e+00
   3.0637271e+01   6.5000000e+01   1.2322055e+00
   3.0647271e+01   6.5000000e+01   1.2322055e+00
   3.0657271e+01   6.5000000e+01   1.2322055e+00
   3.0667271e+01   6.5000000e+01   1.2322055e+00
   3.0677271e+01   6.5000000e+01   1.2322055e+00
   3.0687271e+01   6.5000000e+01   1.2322055e+00
   3.0697271e+01   6.5000000e+01   1.2322055e+00
   3.0707271e+01   6.5000000e+01   1.2322055e+00
   3.0717271e+01   6.5000000e+01   1.2322055e+00
   3.0727271e+01   6.5000000e+01   1.2322055e+00
   3.0737271e+01   6.5000000e+01   1.2322055e+00
   3.0747271e+01   6.5000000e+01   1.2322055e+00
   3.0757271e+01   6.5000000e+01   1.2322055e+00
   3.0767271e+01   6.5000000e+01   1.2322055e+00
   3.0777271e+01   6.5000000e+01   1.2322055e+00
   3.0787271e+01   6.5000000e+01   1.2322055e+00
   3.0797271e+01   6.5000000e+01   1.2322055e+00
   3.0807271e+01   6.5000000e+01   1.2322055e+00
   3.0817271e+01   6.5000000e+01   1.2322055e+00
   3.0827271e+01   6.5000000e+01   1.2322055e+00
   3.0837271e+01   6.5000000e+01   1.2322055e+00
   3.0847271e+01   6.5000000e+01   1.2322055e+00
   3.0857271e+01   6.5000000e+01   1.2322055e+00
   3.0867271e+01   6.5000000e+01   1.2322055e+00
   3.0877271e+01   6.5000000e+01   1.2322055e+00
   3.0887271e+01   6.5000000e+01   1.2322055e+00
   3.0897271e+01   6.5000000e+01   1.2322055e+00
   3.0907271e+01   6.5000000e+01   1.2322055e+00
   3.0917271e+01   6.5000000e+01   1.2322055e+00
   3.0927271e+01   6.5000000e+01   1.2322055e+00
   3.0937271e+01   6.5000000e+01   1.2322055e+00
   3.0947271e+01   6.5000000e+01   1.2322055e+00
   3.0957271e+01   6.5000000e+01   1.2322055e+00
   3.0967271e+01   6.5000000e+01   1.2322055e+00
   3.0977271e+01   6.5000000e+01   1.2322055e+00
   3.0987271e+01   6.5000000e+01   1.2322055e+00
   3.0997271e+01   6.5000000e+01   1.2322055e+00
   3.1007271e+01   6.5000000e+01   1.2322055e+00
   3.1017271e+01   6.5000000e+01   1.2322055e+00
   3.1027271e+01   6.5000000e+01   1.2322055e+00
   3.1037271e+01   6.5000000e+01   1.2322055e+00
   3.1047271e+01   6.5000000e+01   1.2322055e+00
   3.1057271e+01   6.5000000e+01   1.2322055e+00
   3.1067271e+01   6.5000000e+01   1.2322055e+00
   3.1077271e+01   6.5000000e+01   1.2322055e+00
   3.1087271e+01   6.5000000e+01   1.2322055e+00
   3.1097271e+01   6.5000000e+01   1.2322055e+00
   3.1107271e+01   6.5000000e+01   1.2322055e+00
   3.1117271e+01   6.5000000e+01   1.2322055e+00
   3.1127271e+01   6.5000000e+01   1.2322055e+00
   3.1137271e+01   6.5000000e+01   1.2322055e+00
   3.1147271e+01   6.5000000e+01   1.2322055e+00
   3.1157271e+01   6.5000000e+01   1.2322055e+00
   3.1167271e+01   6.5000000e+01   1.2322055e+00
   3.1177271e+01   6.5000000e+01   1.2322055e+00
   3.1187271e+01   6.5000000e+01   1.2322055e+00
   3.1197271e+01   6.5000000e+01   1.2322055e+00
   3.1207271e+01   6.5000000e+01   1.2322055e+00
   3.1213116e+01   6.5000000e+01   1.2322055e+00
   3.1213116e+01   6.6000000e+01   1.1959572e+00
   3.1213116e+01   6.6000000e+01   1.1959572e+00
   3.1223116e+01   6.6000000e+01   1.1959572e+00
   3.1233116e+01   6.6000000e+01   1.1959572e+00
   3.1243116e+01   6.6000000e+01   1.1959572e+00
   3.1253116e+01   6.6000000e+01   1.1959572e+00
   3.1263116e+01   6.6000000e+01   1.1959572e+00
   3.1273116e+01   6.6000000e+01   1.1959572e+00
   3.1283116e+01   6.6000000e+01   1.1959572e+00
   3.1293116e+01   6.6000000e+01   1.1959572e+00
   3.1303116e+01   6.6000000e+01   1.1959572e+00
   3.1313116e+01   6.6000000e+01   1.1959572e+00
   3.1323116e+01   6.6000000e+01   1.1959572e+00
   3.1333116e+01   6.6000000e+01   1.1959572e+00
   3.1343116e+01   6.6000000e+01   1.1959572e+00
   3.1353116e+01   6.6000000e+01   1.1959572e+00
   3.1363116e+01   6.6000000e+01   1.1959572e+00
   3.1373116e+01   6.6000000e+01   1.1959572e+00
   3.1383116e+01   6.6000000e+01   1.1959572e+00
   3.1393116e+01   6.6000000e+01   1.1959572e+00
   3.1403116e+01   6.6000000e+01   1.1959572e+00
   3.1413116e+01   6.6000000e+01   1.1959572e+00
   3.1423116e+01   6.6000000e+01   1.1959572e+00
   3.1433116e+01   6.6000000e+01   1.1959572e+00
   3.1443116e+01   6.6000000e+01   1.1959572e+00
   3.1453116e+01   6.6000000e+01   1.1959572e+00
   3.1463116e+01   6.6000000e+01   1.1959572e+00
   3.1473116e+01   6.6000000e+01   1.1959572e+00
   3.1483116e+01   6.6000000e+01   1.1959572e+00
   3.1493116e+01   6.6000000e+01   1.1959572e+00
   3.1503116e+01   6.6000000e+01   1.1959572e+00
   3.1513116e+01   6.6000000e+01   1.1959572e+00
   3.1523116e+01   6.6000000e+01   1.1959572e+00
   3.1533116e+01   6.6000000e+01   1.1959572e+00
   3.1543116e+01   6.6000000e+01   1.1959572e+00
   3.1553116e+01   6.6000000e+01   1.1959572e+00
   3.1563116e+01   6.6000000e+01   1.1959572e+00
   3.1573116e+01   6.6000000e+01   1.1959572e+00
   3.1583116e+01   6.6000000e+01   1.1959572e+00
   3.1593116e+01   6.6000000e+01   1.1959572e+00
   3.1603116e+01   6.6000000e+01   1.1959572e+00
   3.1613116e+01   6.6000000e+01   1.1959572e+00
   3.1623116e+01   6.6000000e+01   1.1959572e+00
   3.1633116e+01   6.6000000e+01   1.1959572e+00
   3.1643116e+01   6.6000000e+01   1.1959572e+00
   3.1653116e+01   6.6000000e+01   1.1959572e+00
   3.1663116e+01   6.6000000e+01   1.1959572e+00
   3.1673116e+01   6.6000000e+01   1.1959572e+00
   3.1683116e+01   6.6000000e+01   1.1959572e+00
   3.1693116e+01   6.6000000e+01   1.1959572e+00
   3.1703116e+01   6.6000000e+01   1.1959572e+00
   3.1713116e+01   6.6000000e+01   1.1959572e+00
   3.1723116e+01   6.6000000e+01   1.1959572e+00
   3.1733116e+01   6.6000000e+01   1.1959572e+00
   3.1743116e+01   6.6000000e+01   1.1959572e+00
   3.1753116e+01   6.6000000e+01   1.1959572e+00
   3.1763116e+01   6.6000000e+01   1.1959572e+00
   3.1773116e+01   6.6000000e+01   1.1959572e+00
   3.1783116e+01   6.6000000e+01   1.1959572e+00
   3.1793116e+01   6.6000000e+01   1.1959572e+00
   3.1803116e+01   6.6000000e+01   1.1959572e+00
   3.1813116e+01   6.6000000e+01   1.1959572e+00
   3.1823116e+01   6.6000000e+01   1.1959572e+00
   3.1833116e+01   6.6000000e+01   1.1959572e+00
   3.1843116e+01   6.6000000e+01   1.1959572e+00
   3.1853116e+01   6.6000000e+01   1.1959572e+00
   3.1863116e+01   6.6000000e+01   1.1959572e+00
   3.1873116e+01   6.6000000e+01   1.1959572e+00
   3.1883116e+01   6.6000000e+01   1.1959572e+00
   3.1893116e+01   6.6000000e+01   1.1959572e+00
   3.1903116e+01   6.6000000e+01   1.1959572e+00
   3.1913116e+01   6.6000000e+01   1.1959572e+00
   3.1923116e+01   6.6000000e+01   1.1959572e+00
   3.1933116e+01   6.6000000e+01   1.1959572e+00
   3.1943116e+01   6.6000000e+01   1.1959572e+00
   3.1953116e+01   6.6000000e+01   1.1959572e+00
   3.1963116e+01   6.6000000e+01   1.1959572e+00
   3.1973116e+01   6.6000000e+01   1.1959572e+00
   3.1983116e+01   6.6000000e+01   1.1959572e+00
   3.1993116e+01   6.6000000e+01   1.1959572e+00
   3.2003116e+01   6.6000000e+01   1.1959572e+00
   3.2013116e+01   6.6000000e+01   1.1959572e+00
   3.2023116e+01   6.6000000e+01   1.1959572e+00
   3.2024844e+01   6.6000000e+01   1.1959572e+00
   3.2024844e+01   6.7000000e+01   1.1583685e+00
   3.2024844e+01   6.7000000e+01   1.1583685e+00
   3.2034844e+01   6.7000000e+01   1.1583685e+00
   3.2044844e+01   6.7000000e+01   1.1583685e+00
   3.2054844e+01   6.7000000e+01   1.1583685e+00
   3.2064844e+01   6.7000000e+01   1.1583685e+00
   3.2074844e+01   6.7000000e+01   1.1583685e+00
   3.2084844e+01   6.7000000e+01   1.1583685e+00
   3.2094844e+01   6.7000000e+01   1.1583685e+00
   3.2104844e+01   6.7000000e+01   1.1583685e+00
   3.2114844e+01   6.7000000e+01   1.1583685e+00
   3.2124844e+01   6.7000000e+01   1.1583685e+00
   3.2134844e+01   6.7000000e+01   1.1583685e+00
   3.2144844e+01   6.7000000e+01   1.1583685e+00
   3.2154844e+01   6.7000000e+01   1.1583685e+00
   3.2164844e+01   6.7000000e+01   1.1583685e+00
   3.2174844e+01   6.7000000e+01   1.1583685e+00
   3.2184844e+01   6.7000000e+01   1.1583685e+00
   3.2194844e+01   6.7000000e+01   1.1583685e+00
   3.2204844e+01   6.7000000e+01   1.1583685e+00
   3.2214844e+01   6.7000000e+01   1.1583685e+00
   3.2224844e+01   6.7000000e+01   1.1583685e+00
   3.2234844e+01   6.7000000e+01   1.1583685e+00
   3.2244844e+01   6.7000000e+01   1.1583685e+00
   3.2254844e+01   6.7000000e+01   1.1583685e+00
   3.2264844e+01   6.7000000e+01   1.1583685e+00
   3.2274844e+01   6.7000000e+01   1.1583685e+00
   3.2284844e+01   6.7000000e+01   1.1583685e+00
   3.2294844e+01   6.7000000e+01   1.1583685e+00
   3.2304844e+01   6.7000000e+01   1.1583685e+00
   3.2314844e+01   6.7000000e+01   1.1583685e+00
   3.2324844e+01   6.7000000e+01   1.1583685e+00
   3.2334844e+01   6.7000000e+01   1.1583685e+00
   3.2344844e+01   6.7000000e+01   1.1583685e+00
   3.2354844e+01   6.7000000e+01   1.1583685e+00
   3.2364844e+01   6.7000000e+01   1.1583685e+00
   3.2374844e+01   6.7000000e+01   1.1583685e+00
   3.2384844e+01   6.7000000e+01   1.1583685e+00
   3.2394844e+01   6.7000000e+01   1.1583685e+00
   3.2404844e+01   6.7000000e+01   1.1583685e+00
   3.2414844e+01   6.7000000e+01   1.1583685e+00
   3.2424844e+01   6.7000000e+01   1.1583685e+00
   3.2434844e+01   6.7000000e+01   1.1583685e+00
   3.2444844e+01   6.7000000e+01   1.1583685e+00
   3.2454844e+01   6.7000000e+01   1.1583685e+00
   3.2464844e+01   6.7000000e+01   1.1583685e+00
   3.2474844e+01   6.7000000e+01   1.1583685e+00
   3.2484844e+01   6.7000000e+01   1.1583685e+00
   3.2494844e+01   6.7000000e+01   1.1583685e+00
   3.2504844e+01   6.7000000e+01   1.1583685e+00
   3.2514844e+01   6.7000000e+01   1.1583685e+00
   3.2524844e+01   6.7000000e+01   1.1583685e+00
   3.2534844e+01   6.7000000e+01   1.1583685e+00
   3.2544844e+01   6.7000000e+01   1.1583685e+00
   3.2554844e+01   6.7000000e+01   1.1583685e+00
   3.2564844e+01   6.7000000e+01   1.1583685e+00
   3.2574844e+01   6.7000000e+01   1.1583685e+00
   3.2584844e+01   6.7000000e+01   1.1583685e+00
   3.2594844e+01   6.7000000e+01   1.1583685e+00
   3.2604844e+01   6.7000000e+01   1.1583685e+00
   3.2614844e+01   6.7000000e+01   1.1583685e+00
   3.2624844e+01   6.7000000e+01   1.1583685e+00
   3.2634844e+01   6.7000000e+01   1.1583685e+00
   3.2644844e+01   6.7000000e+01   1.1583685e+00
   3.2654844e+01   6.7000000e+01   1.1583685e+00
   3.2664844e+01   6.7000000e+01   1.1583685e+00
   3.2674844e+01   6.7000000e+01   1.1583685e+00
   3.2684844e+01   6.7000000e+01   1.1583685e+00
   3.2694844e+01   6.7000000e+01   1.1583685e+00
   3.2704844e+01   6.7000000e+01   1.1583685e+00
   3.2714844e+01   6.7000000e+01   1.1583685e+00
   3.2724844e+01   6.7000000e+01   1.1583685e+00
   3.2734844e+01   6.7000000e+01   1.1583685e+00
   3.2744844e+01   6.7000000e+01   1.1583685e+00
   3.2754844e+01   6.7000000e+01   1.1583685e+00
   3.2764844e+01   6.7000000e+01   1.1583685e+00
   3.2774844e+01   6.7000000e+01   1.1583685e+00
   3.2784844e+01   6.7000000e+01   1.1583685e+00
   3.2794844e+01   6.7000000e+01   1.1583685e+00
   3.2804844e+01   6.7000000e+01   1.1583685e+00
   3.2814844e+01   6.7000000e+01   1.1583685e+00
   3.2824844e+01   6.7000000e+01   1.1583685e+00
   3.2834844e+01   6.7000000e+01   1.1583685e+00
   3.2842229e+01   6.7000000e+01   1.1583685e+00
   3.2842229e+01   6.8000000e+01   1.1194609e+00
   3.2842229e+01   6.8000000e+01   1.1194609e+00
   3.2852229e+01   6.8000000e+01   1.1194609e+00
   3.2862229e+01   6.8000000e+01   1.1194609e+00
   3.2872229e+01   6.8000000e+01   1.1194609e+00
   3.2882229e+01   6.8000000e+01   1.1194609e+00
   3.2892229e+01   6.8000000e+01   1.1194609e+00
   3.2902229e+01   6.8000000e+01   1.1194609e+00
   3.2912229e+01   6.8000000e+01   1.1194609e+00
   3.2922229e+01   6.8000000e+01   1.1194609e+00
   3.2932229e+01   6.8000000e+01   1.1194609e+00
   3.2942229e+01   6.8000000e+01   1.1194609e+00
   3.2952229e+01   6.8000000e+01   1.1194609e+00
   3.2962229e+01   6.8000000e+01   1.1194609e+00
   3.2972229e+01   6.8000000e+01   1.1194609e+00
   3.2982229e+01   6.8000000e+01   1.1194609e+00
   3.2992229e+01   6.8000000e+01   1.1194609e+00
   3.3002229e+01   6.8000000e+01   1.1194609e+00
   3.3012229e+01   6.8000000e+01   1.1194609e+00
   3.3022229e+01   6.8000000e+01   1.1194609e+00
   3.3032229e+01   6.8000000e+01   1.1194609e+00
   3.3042229e+01   6.8000000e+01   1.1194609e+00
   3.3052229e+01   6.8000000e+01   1.1194609e+00
   3.3062229e+01   6.8000000e+01   1.1194609e+00
   3.3072229e+01   6.8000000e+01   1.1194609e+00
   3.3082229e+01   6.8000000e+01   1.1194609e+00
   3.3092229e+01   6.8000000e+01   1.1194609e+00
   3.3102229e+01   6.8000000e+01   1.1194609e+00
   3.3112229e+01   6.8000000e+01   1.1194609e+00
   3.3122229e+01   6.8000000e+01   1.1194609e+00
   3.3132229e+01   6.8000000e+01   1.1194609e+00
   3.3142229e+01   6.8000000e+01   1.1194609e+00
   3.3152229e+01   6.8000000e+01   1.1194609e+00
   3.3162229e+01   6.8000000e+01   1.1194609e+00
   3.3172229e+01   6.8000000e+01   1.1194609e+00
   3.3182229e+01   6.8000000e+01   1.1194609e+00
   3.3192229e+01   6.8000000e+01   1.1194609e+00
   3.3202229e+01   6.8000000e+01   1.1194609e+00
   3.3212229e+01   6.8000000e+01   1.1194609e+00
   3.3222229e+01   6.8000000e+01   1.1194609e+00
   3.3232229e+01   6.8000000e+01   1.1194609e+00
   3.3242229e+01   6.8000000e+01   1.1194609e+00
   3.3252229e+01   6.8000000e+01   1.1194609e+00
   3.3262229e+01   6.8000000e+01   1.1194609e+00
   3.3272229e+01   6.8000000e+01   1.1194609e+00
   3.3282229e+01   6.8000000e+01   1.1194609e+00
   3.3292229e+01   6.8000000e+01   1.1194609e+00
   3.3302229e+01   6.8000000e+01   1.1194609e+00
   3.3312229e+01   6.8000000e+01   1.1194609e+00
   3.3322229e+01   6.8000000e+01   1.1194609e+00
   3.3332229e+01   6.8000000e+01   1.1194609e+00
   3.3342229e+01   6.8000000e+01   1.1194609e+00
   3.3352229e+01   6.8000000e+01   1.1194609e+00
   3.3362229e+01   6.8000000e+01   1.1194609e+00
   3.3372229e+01   6.8000000e+01   1.1194609e+00
   3.3382229e+01   6.8000000e+01   1.1194609e+00
   3.3392229e+01   6.8000000e+01   1.1194609e+00
   3.3402229e+01   6.8000000e+01   1.1194609e+00
   3.3412229e+01   6.8000000e+01   1.1194609e+00
   3.3422229e+01   6.8000000e+01   1.1194609e+00
   3.3432229e+01   6.8000000e+01   1.1194609e+00
   3.3442229e+01   6.8000000e+01   1.1194609e+00
   3.3452229e+01   6.8000000e+01   1.1194609e+00
   3.3462229e+01   6.8000000e+01   1.1194609e+00
   3.3472229e+01   6.8000000e+01   1.1194609e+00
   3.3482229e+01   6.8000000e+01   1.1194609e+00
   3.3492229e+01   6.8000000e+01   1.1194609e+00
   3.3502229e+01   6.8000000e+01   1.1194609e+00
   3.3512229e+01   6.8000000e+01   1.1194609e+00
   3.3522229e+01   6.8000000e+01   1.1194609e+00
   3.3532229e+01   6.8000000e+01   1.1194609e+00
   3.3542229e+01   6.8000000e+01   1.1194609e+00
   3.3552229e+01   6.8000000e+01   1.1194609e+00
   3.3562229e+01   6.8000000e+01   1.1194609e+00
   3.3572229e+01   6.8000000e+01   1.1194609e+00
   3.3582229e+01   6.8000000e+01   1.1194609e+00
   3.3592229e+01   6.8000000e+01   1.1194609e+00
   3.3602229e+01   6.8000000e+01   1.1194609e+00
   3.3612229e+01   6.8000000e+01   1.1194609e+00
   3.3622229e+01   6.8000000e+01   1.1194609e+00
   3.3632229e+01   6.8000000e+01   1.1194609e+00
   3.3642229e+01   6.8000000e+01   1.1194609e+00
   3.3652229e+01   6.8000000e+01   1.1194609e+00
   3.3662229e+01   6.8000000e+01   1.1194609e+00
   3.3665042e+01   6.8000000e+01   1.1194609e+00
   3.3665042e+01   6.9000000e+01   1.0792575e+00
   3.3665042e+01   6.9000000e+01   1.0792575e+00
   3.3675042e+01   6.9000000e+01   1.0792575e+00
   3.3685042e+01   6.9000000e+01   1.0792575e+00
   3.3695042e+01   6.9000000e+01   1.0792575e+00
   3.3705042e+01   6.9000000e+01   1.0792575e+00
   3.3715042e+01   6.9000000e+01   1.0792575e+00
   3.3725042e+01   6.9000000e+01   1.0792575e+00
   3.3735042e+01   6.9000000e+01   1.0792575e+00
   3.3745042e+01   6.9000000e+01   1.0792575e+00
   3.3755042e+01   6.9000000e+01   1.0792575e+00
   3.3765042e+01   6.9000000e+01   1.0792575e+00
   3.3775042e+01   6.9000000e+01   1.0792575e+00
   3.3785042e+01   6.9000000e+01   1.0792575e+00
   3.3795042e+01   6.9000000e+01   1.0792575e+00
   3.3805042e+01   6.9000000e+01   1.0792575e+00
   3.3815042e+01   6.9000000e+01   1.0792575e+00
   3.3825042e+01   6.9000000e+01   1.0792575e+00
   3.3835042e+01   6.9000000e+01   1.0792575e+00
   3.3845042e+01   6.9000000e+01   1.0792575e+00
   3.3855042e+01   6.9000000e+01   1.0792575e+00
   3.3865042e+01   6.9000000e+01   1.0792575e+00
   3.3875042e+01   6.9000000e+01   1.0792575e+00
   3.3885042e+01   6.9000000e+01   1.0792575e+00
   3.3895042e+01   6.9000000e+01   1.0792575e+00
   3.3905042e+01   6.9000000e+01   1.0792575e+00
   3.3915042e+01   6.9000000e+01   1.0792575e+00
   3.3925042e+01   6.9000000e+01   1.0792575e+00
   3.3935042e+01   6.9000000e+01   1.0792575e+00
   3.3945042e+01   6.9000000e+01   1.0792575e+00
   3.3955042e+01   6.9000000e+01   1.0792575e+00
   3.3965042e+01   6.9000000e+01   1.0792575e+00
   3.3975042e+01   6.9000000e+01   1.0792575e+00
   3.3985042e+01   6.9000000e+01   1.0792575e+00
   3.3995042e+01   6.9000000e+01   1.0792575e+00
   3.4005042e+01   6.9000000e+01   1.0792575e+00
   3.4015042e+01   6.9000000e+01   1.0792575e+00
   3.4025042e+01   6.9000000e+01   1.0792575e+00
   3.4035042e+01   6.9000000e+01   1.0792575e+00
   3.4045042e+01   6.9000000e+01   1.0792575e+00
   3.4055042e+01   6.9000000e+01   1.0792575e+00
   3.4065042e+01   6.9000000e+01   1.0792575e+00
   3.4075042e+01   6.9000000e+01   1.0792575e+00
   3.4085042e+01   6.9000000e+01   1.0792575e+00
   3.4095042e+01   6.9000000e+01   1.0792575e+00
   3.4105042e+01   6.9000000e+01   1.0792575e+00
   3.4115042e+01   6.9000000e+01   1.0792575e+00
   3.4125042e+01   6.9000000e+01   1.0792575e+00
   3.4135042e+01   6.9000000e+01   1.0792575e+00
   3.4145042e+01   6.9000000e+01   1.0792575e+00
   3.4155042e+01   6.9000000e+01   1.0792575e+00
   3.4165042e+01   6.9000000e+01   1.0792575e+00
   3.4175042e+01   6.9000000e+01   1.0792575e+00
   3.4185042e+01   6.9000000e+01   1.0792575e+00
   3.4195042e+01   6.9000000e+01   1.0792575e+00
   3.4205042e+01   6.9000000e+01   1.0792575e+00
   3.4215042e+01   6.9000000e+01   1.0792575e+00
   3.4225042e+01   6.9000000e+01   1.0792575e+00
   3.4235042e+01   6.9000000e+01   1.0792575e+00
   3.4245042e+01   6.9000000e+01   1.0792575e+00
   3.4255042e+01   6.9000000e+01   1.0792575e+00
   3.4265042e+01   6.9000000e+01   1.0792575e+00
   3.4275042e+01   6.9000000e+01   1.0792575e+00
   3.4285042e+01   6.9000000e+01   1.0792575e+00
   3.4295042e+01   6.9000000e+01   1.0792575e+00
   3.4305042e+01   6.9000000e+01   1.0792575e+00
   3.4315042e+01   6.9000000e+01   1.0792575e+00
   3.4325042e+01   6.9000000e+01   1.0792575e+00
   3.4335042e+01   6.9000000e+01   1.0792575e+00
   3.4345042e+01   6.9000000e+01   1.0792575e+00
   3.4355042e+01   6.9000000e+01   1.0792575e+00
   3.4365042e+01   6.9000000e+01   1.0792575e+00
   3.4375042e+01   6.9000000e+01   1.0792575e+00
   3.4385042e+01   6.9000000e+01   1.0792575e+00
   3.4395042e+01   6.9000000e+01   1.0792575e+00
   3.4405042e+01   6.9000000e+01   1.0792575e+00
   3.4415042e+01   6.9000000e+01   1.0792575e+00
   3.4425042e+01   6.9000000e+01   1.0792575e+00
   3.4435042e+01   6.9000000e+01   1.0792575e+00
   3.4445042e+01   6.9000000e+01   1.0792575e+00
   3.4455042e+01   6.9000000e+01   1.0792575e+00
   3.4465042e+01   6.9000000e+01   1.0792575e+00
   3.4475042e+01   6.9000000e+01   1.0792575e+00
   3.4485042e+01   6.9000000e+01   1.0792575e+00
   3.4493050e+01   6.9000000e+01   1.0792575e+00
   3.4493050e+01   7.0000000e+01   1.0377828e+00
   3.4493050e+01   7.0000000e+01   1.0377828e+00
   3.4503050e+01   7.0000000e+01   1.0377828e+00
   3.4513050e+01   7.0000000e+01   1.0377828e+00
   3.4523050e+01   7.0000000e+01   1.0377828e+00
   3.4533050e+01   7.0000000e+01   1.0377828e+00
   3.4543050e+01   7.0000000e+01   1.0377828e+00
   3.4553050e+01   7.0000000e+01   1.0377828e+00
   3.4563050e+01   7.0000000e+01   1.0377828e+00
   3.4573050e+01   7.0000000e+01   1.0377828e+00
   3.4583050e+01   7.0000000e+01   1.0377828e+00
   3.4593050e+01   7.0000000e+01   1.0377828e+00
   3.4603050e+01   7.0000000e+01   1.0377828e+00
   3.4613050e+01   7.0000000e+01   1.0377828e+00
   3.4623050e+01   7.0000000e+01   1.0377828e+00
   3.4633050e+01   7.0000000e+01   1.0377828e+00
   3.4643050e+01   7.0000000e+01   1.0377828e+00
   3.4653050e+01   7.0000000e+01   1.0377828e+00
   3.4663050e+01   7.0000000e+01   1.0377828e+00
   3.4673050e+01   7.0000000e+01   1.0377828e+00
   3.4683050e+01   7.0000000e+01   1.0377828e+00
   3.4693050e+01   7.0000000e+01   1.0377828e+00
   3.4703050e+01   7.0000000e+01   1.0377828e+00
   3.4713050e+01   7.0000000e+01   1.0377828e+00
   3.4723050e+01   7.0000000e+01   1.0377828e+00
   3.4733050e+01   7.0000000e+01   1.0377828e+00
   3.4743050e+01   7.0000000e+01   1.0377828e+00
   3.4753050e+01   7.0000000e+01   1.0377828e+00
   3.4763050e+01   7.0000000e+01   1.0377828e+00
   3.4773050e+01   7.0000000e+01   1.0377828e+00
   3.4783050e+01   7.0000000e+01   1.0377828e+00
   3.4793050e+01   7.0000000e+01   1.0377828e+00
   3.4803050e+01   7.0000000e+01   1.0377828e+00
   3.4813050e+01   7.0000000e+01   1.0377828e+00
   3.4823050e+01   7.0000000e+01   1.0377828e+00
   3.4833050e+01   7.0000000e+01   1.0377828e+00
   3.4843050e+01   7.0000000e+01   1.0377828e+00
   3.4853050e+01   7.0000000e+01   1.0377828e+00
   3.4863050e+01   7.0000000e+01   1.0377828e+00
   3.4873050e+01   7.0000000e+01   1.0377828e+00
   3.4883050e+01   7.0000000e+01   1.0377828e+00
   3.4893050e+01   7.0000000e+01   1.0377828e+00
   3.4903050e+01   7.0000000e+01   1.0377828e+00
   3.4913050e+01   7.0000000e+01   1.0377828e+00
   3.4923050e+01   7.0000000e+01   1.0377828e+00
   3.4933050e+01   7.0000000e+01   1.0377828e+00
   3.4943050e+01   7.0000000e+01   1.0377828e+00
   3.4953050e+01   7.0000000e+01   1.0377828e+00
   3.4963050e+01   7.0000000e+01   1.0377828e+00
   3.4973050e+01   7.0000000e+01   1.0377828e+00
   3.4983050e+01   7.0000000e+01   1.0377828e+00
   3.4993050e+01   7.0000000e+01   1.0377828e+00
   3.5003050e+01   7.0000000e+01   1.0377828e+00
   3.5013050e+01   7.0000000e+01   1.0377828e+00
   3.5023050e+01   7.0000000e+01   1.0377828e+00
   3.5033050e+01   7.0000000e+01   1.0377828e+00
   3.5043050e+01   7.0000000e+01   1.0377828e+00
   3.5053050e+01   7.0000000e+01   1.0377828e+00
   3.5063050e+01   7.0000000e+01   1.0377828e+00
   3.5073050e+01   7.0000000e+01   1.0377828e+00
   3.5083050e+01   7.0000000e+01   1.0377828e+00
   3.5093050e+01   7.0000000e+01   1.0377828e+00
   3.5103050e+01   7.0000000e+01   1.0377828e+00
   3.5113050e+01   7.0000000e+01   1.0377828e+00
   3.5123050e+01   7.0000000e+01   1.0377828e+00
   3.5133050e+01   7.0000000e+01   1.0377828e+00
   3.5143050e+01   7.0000000e+01   1.0377828e+00
   3.5153050e+01   7.0000000e+01   1.0377828e+00
   3.5163050e+01   7.0000000e+01   1.0377828e+00
   3.5173050e+01   7.0000000e+01   1.0377828e+00
   3.5183050e+01   7.0000000e+01   1.0377828e+00
   3.5193050e+01   7.0000000e+01   1.0377828e+00
   3.5203050e+01   7.0000000e+01   1.0377828e+00
   3.5213050e+01   7.0000000e+01   1.0377828e+00
   3.5223050e+01   7.0000000e+01   1.0377828e+00
   3.5233050e+01   7.0000000e+01   1.0377828e+00
   3.5243050e+01   7.0000000e+01   1.0377828e+00
   3.5253050e+01   7.0000000e+01   1.0377828e+00
   3.5263050e+01   7.0000000e+01   1.0377828e+00
   3.5273050e+01   7.0000000e+01   1.0377828e+00
   3.5283050e+01   7.0000000e+01   1.0377828e+00
   3.5293050e+01   7.0000000e+01   1.0377828e+00
   3.5303050e+01   7.0000000e+01   1.0377828e+00
   3.5313050e+01   7.0000000e+01   1.0377828e+00
   3.5323050e+01   7.0000000e+01   1.0377828e+00
   3.5326021e+01   7.0000000e+01   1.0377828e+00
   3.5326021e+01   7.1000000e+01   9.9506315e-01
   3.5326021e+01   7.1000000e+01   9.9506315e-01
   3.5336021e+01   7.1000000e+01   9.9506315e-01
   3.5346021e+01   7.1000000e+01   9.9506315e-01
   3.5356021e+01   7.1000000e+01   9.9506315e-01
   3.5366021e+01   7.1000000e+01   9.9506315e-01
   3.5376021e+01   7.1000000e+01   9.9506315e-01
   3.5386021e+01   7.1000000e+01   9.9506315e-01
   3.5396021e+01   7.1000000e+01   9.9506315e-01
   3.5406021e+01   7.1000000e+01   9.9506315e-01
   3.5416021e+01   7.1000000e+01   9.9506315e-01
   3.5426021e+01   7.1000000e+01   9.9506315e-01
   3.5436021e+01   7.1000000e+01   9.9506315e-01
   3.5446021e+01   7.1000000e+01   9.9506315e-01
   3.5456021e+01   7.1000000e+01   9.9506315e-01
   3.5466021e+01   7.1000000e+01   9.9506315e-01
   3.5476021e+01   7.1000000e+01   9.9506315e-01
   3.5486021e+01   7.1000000e+01   9.9506315e-01
   3.5496021e+01   7.1000000e+01   9.9506315e-01
   3.5506021e+01   7.1000000e+01   9.9506315e-01
   3.5516021e+01   7.1000000e+01   9.9506315e-01
   3.5526021e+01   7.1000000e+01   9.9506315e-01
   3.5536021e+01   7.1000000e+01   9.9506315e-01
   3.5546021e+01   7.1000000e+01   9.9506315e-01
   3.5556021e+01   7.1000000e+01   9.9506315e-01
   3.5566021e+01   7.1000000e+01   9.9506315e-01
   3.5576021e+01   7.1000000e+01   9.9506315e-01
   3.5586021e+01   7.1000000e+01   9.9506315e-01
   3.5596021e+01   7.1000000e+01   9.9506315e-01
   3.5606021e+01   7.1000000e+01   9.9506315e-01
   3.5616021e+01   7.1000000e+01   9.9506315e-01
   3.5626021e+01   7.1000000e+01   9.9506315e-01
   3.5636021e+01   7.1000000e+01   9.9506315e-01
   3.5646021e+01   7.1000000e+01   9.9506315e-01
   3.5656021e+01   7.1000000e+01   9.9506315e-01
   3.5666021e+01   7.1000000e+01   9.9506315e-01
   3.5676021e+01   7.1000000e+01   9.9506315e-01
   3.5686021e+01   7.1000000e+01   9.9506315e-01
   3.5696021e+01   7.1000000e+01   9.9506315e-01
   3.5706021e+01   7.1000000e+01   9.9506315e-01
   3.5716021e+01   7.1000000e+01   9.9506315e-01
   3.5726021e+01   7.1000000e+01   9.9506315e-01
   3.5736021e+01   7.1000000e+01   9.9506315e-01
   3.5746021e+01   7.1000000e+01   9.9506315e-01
   3.5756021e+01   7.1000000e+01   9.9506315e-01
   3.5766021e+01   7.1000000e+01   9.9506315e-01
   3.5776021e+01   7.1000000e+01   9.9506315e-01
   3.5786021e+01   7.1000000e+01   9.9506315e-01
   3.5796021e+01   7.1000000e+01   9.9506315e-01
   3.5806021e+01   7.1000000e+01   9.9506315e-01
   3.5816021e+01   7.1000000e+01   9.9506315e-01
   3.5826021e+01   7.1000000e+01   9.9506315e-01
   3.5836021e+01   7.1000000e+01   9.9506315e-01
   3.5846021e+01   7.1000000e+01   9.9506315e-01
   3.5856021e+01   7.1000000e+01   9.9506315e-01
   3.5866021e+01   7.1000000e+01   9.9506315e-01
   3.5876021e+01   7.1000000e+01   9.9506315e-01
   3.5886021e+01   7.1000000e+01   9.9506315e-01
   3.5896021e+01   7.1000000e+01   9.9506315e-01
   3.5906021e+01   7.1000000e+01   9.9506315e-01
   3.5916021e+01   7.1000000e+01   9.9506315e-01
   3.5926021e+01   7.1000000e+01   9.9506315e-01
   3.5936021e+01   7.1000000e+01   9.9506315e-01
   3.5946021e+01   7.1000000e+01   9.9506315e-01
   3.5956021e+01   7.1000000e+01   9.9506315e-01
   3.5966021e+01   7.1000000e+01   9.9506315e-01
   3.5976021e+01   7.1000000e+01   9.9506315e-01
   3.5986021e+01   7.1000000e+01   9.9506315e-01
   3.5996021e+01   7.1000000e+01   9.9506315e-01
   3.6006021e+01   7.1000000e+01   9.9506315e-01
   3.6016021e+01   7.1000000e+01   9.9506315e-01
   3.6026021e+01   7.1000000e+01   9.9506315e-01
   3.6036021e+01   7.1000000e+01   9.9506315e-01
   3.6046021e+01   7.1000000e+01   9.9506315e-01
   3.6056021e+01   7.1000000e+01   9.9506315e-01
   3.6066021e+01   7.1000000e+01   9.9506315e-01
   3.6076021e+01   7.1000000e+01   9.9506315e-01
   3.6086021e+01   7.1000000e+01   9.9506315e-01
   3.6096021e+01   7.1000000e+01   9.9506315e-01
   3.6106021e+01   7.1000000e+01   9.9506315e-01
   3.6116021e+01   7.1000000e+01   9.9506315e-01
   3.6126021e+01   7.1000000e+01   9.9506315e-01
   3.6136021e+01   7.1000000e+01   9.9506315e-01
   3.6146021e+01   7.1000000e+01   9.9506315e-01
   3.6156021e+01   7.1000000e+01   9.9506315e-01
   3.6163717e+01   7.1000000e+01   9.9506315e-01
   3.6163717e+01   7.2000000e+01   9.5112656e-01
   3.6163717e+01   7.2000000e+01   9.5112656e-01
   3.6173717e+01   7.2000000e+01   9.5112656e-01
   3.6183717e+01   7.2000000e+01   9.5112656e-01
   3.6193717e+01   7.2000000e+01   9.5112656e-01
   3.6203717e+01   7.2000000e+01   9.5112656e-01
   3.6213717e+01   7.2000000e+01   9.5112656e-01
   3.6223717e+01   7.2000000e+01   9.5112656e-01
   3.6233717e+01   7.2000000e+01   9.5112656e-01
   3.6243717e+01   7.2000000e+01   9.5112656e-01
   3.6253717e+01   7.2000000e+01   9.5112656e-01
   3.6263717e+01   7.2000000e+01   9.5112656e-01
   3.6273717e+01   7.2000000e+01   9.5112656e-01
   3.6283717e+01   7.2000000e+01   9.5112656e-01
   3.6293717e+01   7.2000000e+01   9.5112656e-01
   3.6303717e+01   7.2000000e+01   9.5112656e-01
   3.6313717e+01   7.2000000e+01   9.5112656e-01
   3.6323717e+01   7.2000000e+01   9.5112656e-01
   3.6333717e+01   7.2000000e+01   9.5112656e-01
   3.6343717e+01   7.2000000e+01   9.5112656e-01
   3.6353717e+01   7.2000000e+01   9.5112656e-01
   3.6363717e+01   7.2000000e+01   9.5112656e-01
   3.6373717e+01   7.2000000e+01   9.5112656e-01
   3.6383717e+01   7.2000000e+01   9.5112656e-01
   3.6393717e+01   7.2000000e+01   9.5112656e-01
   3.6403717e+01   7.2000000e+01   9.5112656e-01
   3.6413717e+01   7.2000000e+01   9.5112656e-01
   3.6423717e+01   7.2000000e+01   9.5112656e-01
   3.6433717e+01   7.2000000e+01   9.5112656e-01
   3.6443717e+01   7.2000000e+01   9.5112656e-01
   3.6453717e+01   7.2000000e+01   9.5112656e-01
   3.6463717e+01   7.2000000e+01   9.5112656e-01
   3.6473717e+01   7.2000000e+01   9.5112656e-01
   3.6483717e+01   7.2000000e+01   9.5112656e-01
   3.6493717e+01   7.2000000e+01   9.5112656e-01
   3.6503717e+01   7.2000000e+01   9.5112656e-01
   3.6513717e+01   7.2000000e+01   9.5112656e-01
   3.6523717e+01   7.2000000e+01   9.5112656e-01
   3.6533717e+01   7.2000000e+01   9.5112656e-01
   3.6543717e+01   7.2000000e+01   9.5112656e-01
   3.6553717e+01   7.2000000e+01   9.5112656e-01
   3.6563717e+01   7.2000000e+01   9.5112656e-01
   3.6573717e+01   7.2000000e+01   9.5112656e-01
   3.6583717e+01   7.2000000e+01   9.5112656e-01
   3.6593717e+01   7.2000000e+01   9.5112656e-01
   3.6603717e+01   7.2000000e+01   9.5112656e-01
   3.6613717e+01   7.2000000e+01   9.5112656e-01
   3.6623717e+01   7.2000000e+01   9.5112656e-01
   3.6633717e+01   7.2000000e+01   9.5112656e-01
   3.6643717e+01   7.2000000e+01   9.5112656e-01
   3.6653717e+01   7.2000000e+01   9.5112656e-01
   3.6663717e+01   7.2000000e+01   9.5112656e-01
   3.6673717e+01   7.2000000e+01   9.5112656e-01
   3.6683717e+01   7.2000000e+01   9.5112656e-01
   3.6693717e+01   7.2000000e+01   9.5112656e-01
   3.6703717e+01   7.2000000e+01   9.5112656e-01
   3.6713717e+01   7.2000000e+01   9.5112656e-01
   3.6723717e+01   7.2000000e+01   9.5112656e-01
   3.6733717e+01   7.2000000e+01   9.5112656e-01
   3.6743717e+01   7.2000000e+01   9.5112656e-01
   3.6753717e+01   7.2000000e+01   9.5112656e-01
   3.6763717e+01   7.2000000e+01   9.5112656e-01
   3.6773717e+01   7.2000000e+01   9.5112656e-01
   3.6783717e+01   7.2000000e+01   9.5112656e-01
   3.6793717e+01   7.2000000e+01   9.5112656e-01
   3.6803717e+01   7.2000000e+01   9.5112656e-01
   3.6813717e+01   7.2000000e+01   9.5112656e-01
   3.6823717e+01   7.2000000e+01   9.5112656e-01
   3.6833717e+01   7.2000000e+01   9.5112656e-01
   3.6843717e+01   7.2000000e+01   9.5112656e-01
   3.6853717e+01   7.2000000e+01   9.5112656e-01
   3.6863717e+01   7.2000000e+01   9.5112656e-01
   3.6873717e+01   7.2000000e+01   9.5112656e-01
   3.6883717e+01   7.2000000e+01   9.5112656e-01
   3.6893717e+01   7.2000000e+01   9.5112656e-01
   3.6903717e+01   7.2000000e+01   9.5112656e-01
   3.6913717e+01   7.2000000e+01   9.5112656e-01
   3.6923717e+01   7.2000000e+01   9.5112656e-01
   3.6933717e+01   7.2000000e+01   9.5112656e-01
   3.6943717e+01   7.2000000e+01   9.5112656e-01
   3.6953717e+01   7.2000000e+01   9.5112656e-01
   3.6963717e+01   7.2000000e+01   9.5112656e-01
   3.6973717e+01   7.2000000e+01   9.5112656e-01
   3.6983717e+01   7.2000000e+01   9.5112656e-01
   3.6993717e+01   7.2000000e+01   9.5112656e-01
   3.7003717e+01   7.2000000e+01   9.5112656e-01
   3.7005900e+01   7.2000000e+01   9.5112656e-01
   3.7005900e+01   7.3000000e+01   9.0600308e-01
   3.7005900e+01   7.3000000e+01   9.0600308e-01
   3.7015900e+01   7.3000000e+01   9.0600308e-01
   3.7025900e+01   7.3000000e+01   9.0600308e-01
   3.7035900e+01   7.3000000e+01   9.0600308e-01
   3.7045900e+01   7.3000000e+01   9.0600308e-01
   3.7055900e+01   7.3000000e+01   9.0600308e-01
   3.7065900e+01   7.3000000e+01   9.0600308e-01
   3.7075900e+01   7.3000000e+01   9.0600308e-01
   3.7085900e+01   7.3000000e+01   9.0600308e-01
   3.7095900e+01   7.3000000e+01   9.0600308e-01
   3.7105900e+01   7.3000000e+01   9.0600308e-01
   3.7115900e+01   7.3000000e+01   9.0600308e-01
   3.7125900e+01   7.3000000e+01   9.0600308e-01
   3.7135900e+01   7.3000000e+01   9.0600308e-01
   3.7145900e+01   7.3000000e+01   9.0600308e-01
   3.7155900e+01   7.3000000e+01   9.0600308e-01
   3.7165900e+01   7.3000000e+01   9.0600308e-01
   3.7175900e+01   7.3000000e+01   9.0600308e-01
   3.7185900e+01   7.3000000e+01   9.0600308e-01
   3.7195900e+01   7.3000000e+01   9.0600308e-01
   3.7205900e+01   7.3000000e+01   9.0600308e-01
   3.7215900e+01   7.3000000e+01   9.0600308e-01
   3.7225900e+01   7.3000000e+01   9.0600308e-01
   3.7235900e+01   7.3000000e+01   9.0600308e-01
   3.7245900e+01   7.3000000e+01   9.0600308e-01
   3.7255900e+01   7.3000000e+01   9.0600308e-01
   3.7265900e+01   7.3000000e+01   9.0600308e-01
   3.7275900e+01   7.3000000e+01   9.0600308e-01
   3.7285900e+01   7.3000000e+01   9.0600308e-01
   3.7295900e+01   7.3000000e+01   9.0600308e-01
   3.7305900e+01   7.3000000e+01   9.0600308e-01
   3.7315900e+01   7.3000000e+01   9.0600308e-01
   3.7325900e+01   7.3000000e+01   9.0600308e-01
   3.7335900e+01   7.3000000e+01   9.0600308e-01
   3.7345900e+01   7.3000000e+01   9.0600308e-01
   3.7355900e+01   7.3000000e+01   9.0600308e-01
   3.7365900e+01   7.3000000e+01   9.0600308e-01
   3.7375900e+01   7.3000000e+01   9.0600308e-01
   3.7385900e+01   7.3000000e+01   9.0600308e-01
   3.7395900e+01   7.3000000e+01   9.0600308e-01
   3.7405900e+01   7.3000000e+01   9.0600308e-01
   3.7415900e+01   7.3000000e+01   9.0600308e-01
   3.7425900e+01   7.3000000e+01   9.0600308e-01
   3.7435900e+01   7.3000000e+01   9.0600308e-01
   3.7445900e+01   7.3000000e+01   9.0600308e-01
   3.7455900e+01   7.3000000e+01   9.0600308e-01
   3.7465900e+01   7.3000000e+01   9.0600308e-01
   3.7475900e+01   7.3000000e+01   9.0600308e-01
   3.7485900e+01   7.3000000e+01   9.0600308e-01
   3.7495900e+01   7.3000000e+01   9.0600308e-01
   3.7505900e+01   7.3000000e+01   9.0600308e-01
   3.7515900e+01   7.3000000e+01   9.0600308e-01
   3.7525900e+01   7.3000000e+01   9.0600308e-01
   3.7535900e+01   7.3000000e+01   9.0600308e-01
   3.7545900e+01   7.3000000e+01   9.0600308e-01
   3.7555900e+01   7.3000000e+01   9.0600308e-01
   3.7565900e+01   7.3000000e+01   9.0600308e-01
   3.7575900e+01   7.3000000e+01   9.0600308e-01
   3.7585900e+01   7.3000000e+01   9.0600308e-01
   3.7595900e+01   7.3000000e+01   9.0600308e-01
   3.7605900e+01   7.3000000e+01   9.0600308e-01
   3.7615900e+01   7.3000000e+01   9.0600308e-01
   3.7625900e+01   7.3000000e+01   9.0600308e-01
   3.7635900e+01   7.3000000e+01   9.0600308e-01
   3.7645900e+01   7.3000000e+01   9.0600308e-01
   3.7655900e+01   7.3000000e+01   9.0600308e-01
   3.7665900e+01   7.3000000e+01   9.0600308e-01
   3.7675900e+01   7.3000000e+01   9.0600308e-01
   3.7685900e+01   7.3000000e+01   9.0600308e-01
   3.7695900e+01   7.3000000e+01   9.0600308e-01
   3.7705900e+01   7.3000000e+01   9.0600308e-01
   3.7715900e+01   7.3000000e+01   9.0600308e-01
   3.7725900e+01   7.3000000e+01   9.0600308e-01
   3.7735900e+01   7.3000000e+01   9.0600308e-01
   3.7745900e+01   7.3000000e+01   9.0600308e-01
   3.7755900e+01   7.3000000e+01   9.0600308e-01
   3.7765900e+01   7.3000000e+01   9.0600308e-01
   3.7775900e+01   7.3000000e+01   9.0600308e-01
   3.7785900e+01   7.3000000e+01   9.0600308e-01
   3.7795900e+01   7.3000000e+01   9.0600308e-01
   3.7805900e+01   7.3000000e+01   9.0600308e-01
   3.7815900e+01   7.3000000e+01   9.0600308e-01
   3.7825900e+01   7.3000000e+01   9.0600308e-01
   3.7835900e+01   7.3000000e+01   9.0600308e-01
   3.7845900e+01   7.3000000e+01   9.0600308e-01
   3.7852329e+01   7.3000000e+01   9.0600308e-01
   3.7852329e+01   7.4000000e+01   8.5972489e-01
   3.7852329e+01   7.4000000e+01   8.5972489e-01
   3.7862329e+01   7.4000000e+01   8.5972489e-01
   3.7872329e+01   7.4000000e+01   8.5972489e-01
   3.7882329e+01   7.4000000e+01   8.5972489e-01
   3.7892329e+01   7.4000000e+01   8.5972489e-01
   3.7902329e+01   7.4000000e+01   8.5972489e-01
   3.7912329e+01   7.4000000e+01   8.5972489e-01
   3.7922329e+01   7.4000000e+01   8.5972489e-01
   3.7932329e+01   7.4000000e+01   8.5972489e-01
   3.7942329e+01   7.4000000e+01   8.5972489e-01
   3.7952329e+01   7.4000000e+01   8.5972489e-01
   3.7962329e+01   7.4000000e+01   8.5972489e-01
   3.7972329e+01   7.4000000e+01   8.5972489e-01
   3.7982329e+01   7.4000000e+01   8.5972489e-01
   3.7992329e+01   7.4000000e+01   8.5972489e-01
   3.8002329e+01   7.4000000e+01   8.5972489e-01
   3.8012329e+01   7.4000000e+01   8.5972489e-01
   3.8022329e+01   7.4000000e+01   8.5972489e-01
   3.8032329e+01   7.4000000e+01   8.5972489e-01
   3.8042329e+01   7.4000000e+01   8.5972489e-01
   3.8052329e+01   7.4000000e+01   8.5972489e-01
   3.8062329e+01   7.4000000e+01   8.5972489e-01
   3.8072329e+01   7.4000000e+01   8.5972489e-01
   3.8082329e+01   7.4000000e+01   8.5972489e-01
   3.8092329e+01   7.4000000e+01   8.5972489e-01
   3.8102329e+01   7.4000000e+01   8.5972489e-01
   3.8112329e+01   7.4000000e+01   8.5972489e-01
   3.8122329e+01   7.4000000e+01   8.5972489e-01
   3.8132329e+01   7.4000000e+01   8.5972489e-01
   3.8142329e+01   7.4000000e+01   8.5972489e-01
   3.8152329e+01   7.4000000e+01   8.5972489e-01
   3.8162329e+01   7.4000000e+01   8.5972489e-01
   3.8172329e+01   7.4000000e+01   8.5972489e-01
   3.8182329e+01   7.4000000e+01   8.5972489e-01
   3.8192329e+01   7.4000000e+01   8.5972489e-01
   3.8202329e+01   7.4000000e+01   8.5972489e-01
   3.8212329e+01   7.4000000e+01   8.5972489e-01
   3.8222329e+01   7.4000000e+01   8.5972489e-01
   3.8232329e+01   7.4000000e+01   8.5972489e-01
   3.8242329e+01   7.4000000e+01   8.5972489e-01
   3.8252329e+01   7.4000000e+01   8.5972489e-01
   3.8262329e+01   7.4000000e+01   8.5972489e-01
   3.8272329e+01   7.4000000e+01   8.5972489e-01
   3.8282329e+01   7.4000000e+01   8.5972489e-01
   3.8292329e+01   7.4000000e+01   8.5972489e-01
   3.8302329e+01   7.4000000e+01   8.5972489e-01
   3.8312329e+01   7.4000000e+01   8.5972489e-01
   3.8322329e+01   7.4000000e+01   8.5972489e-01
   3.8332329e+01   7.4000000e+01   8.5972489e-01
   3.8342329e+01   7.4000000e+01   8.5972489e-01
   3.8352329e+01   7.4000000e+01   8.5972489e-01
   3.8362329e+01   7.4000000e+01   8.5972489e-01
   3.8372329e+01   7.4000000e+01   8.5972489e-01
   3.8382329e+01   7.4000000e+01   8.5972489e-01
   3.8392329e+01   7.4000000e+01   8.5972489e-01
   3.8402329e+01   7.4000000e+01   8.5972489e-01
   3.8412329e+01   7.4000000e+01   8.5972489e-01
   3.8422329e+01   7.4000000e+01   8.5972489e-01
   3.8432329e+01   7.4000000e+01   8.5972489e-01
   3.8442329e+01   7.4000000e+01   8.5972489e-01
   3.8452329e+01   7.4000000e+01   8.5972489e-01
   3.8462329e+01   7.4000000e+01   8.5972489e-01
   3.8472329e+01   7.4000000e+01   8.5972489e-01
   3.8482329e+01   7.4000000e+01   8.5972489e-01
   3.8492329e+01   7.4000000e+01   8.5972489e-01
   3.8502329e+01   7.4000000e+01   8.5972489e-01
   3.8512329e+01   7.4000000e+01   8.5972489e-01
   3.8522329e+01   7.4000000e+01   8.5972489e-01
   3.8532329e+01   7.4000000e+01   8.5972489e-01
   3.8542329e+01   7.4000000e+01   8.5972489e-01
   3.8552329e+01   7.4000000e+01   8.5972489e-01
   3.8562329e+01   7.4000000e+01   8.5972489e-01
   3.8572329e+01   7.4000000e+01   8.5972489e-01
   3.8582329e+01   7.4000000e+01   8.5972489e-01
   3.8592329e+01   7.4000000e+01   8.5972489e-01
   3.8602329e+01   7.4000000e+01   8.5972489e-01
   3.8612329e+01   7.4000000e+01   8.5972489e-01
   3.8622329e+01   7.4000000e+01   8.5972489e-01
   3.8632329e+01   7.4000000e+01   8.5972489e-01
   3.8642329e+01   7.4000000e+01   8.5972489e-01
   3.8652329e+01   7.4000000e+01   8.5972489e-01
   3.8662329e+01   7.4000000e+01   8.5972489e-01
   3.8672329e+01   7.4000000e+01   8.5972489e-01
   3.8682329e+01   7.4000000e+01   8.5972489e-01
   3.8692329e+01   7.4000000e+01   8.5972489e-01
   3.8702329e+01   7.4000000e+01   8.5972489e-01
   3.8702761e+01   7.4000000e+01   8.5972489e-01
   3.8702761e+01   7.5000000e+01   8.1232643e-01
   3.8702761e+01   7.5000000e+01   8.1232643e-01
   3.8712761e+01   7.5000000e+01   8.1232643e-01
   3.8722761e+01   7.5000000e+01   8.1232643e-01
   3.8732761e+01   7.5000000e+01   8.1232643e-01
   3.8742761e+01   7.5000000e+01   8.1232643e-01
   3.8752761e+01   7.5000000e+01   8.1232643e-01
   3.8762761e+01   7.5000000e+01   8.1232643e-01
   3.8772761e+01   7.5000000e+01   8.1232643e-01
   3.8782761e+01   7.5000000e+01   8.1232643e-01
   3.8792761e+01   7.5000000e+01   8.1232643e-01
   3.8802761e+01   7.5000000e+01   8.1232643e-01
   3.8812761e+01   7.5000000e+01   8.1232643e-01
   3.8822761e+01   7.5000000e+01   8.1232643e-01
   3.8832761e+01   7.5000000e+01   8.1232643e-01
   3.8842761e+01   7.5000000e+01   8.1232643e-01
   3.8852761e+01   7.5000000e+01   8.1232643e-01
   3.8862761e+01   7.5000000e+01   8.1232643e-01
   3.8872761e+01   7.5000000e+01   8.1232643e-01
   3.8882761e+01   7.5000000e+01   8.1232643e-01
   3.8892761e+01   7.5000000e+01   8.1232643e-01
   3.8902761e+01   7.5000000e+01   8.1232643e-01
   3.8912761e+01   7.5000000e+01   8.1232643e-01
   3.8922761e+01   7.5000000e+01   8.1232643e-01
   3.8932761e+01   7.5000000e+01   8.1232643e-01
   3.8942761e+01   7.5000000e+01   8.1232643e-01
   3.8952761e+01   7.5000000e+01   8.1232643e-01
   3.8962761e+01   7.5000000e+01   8.1232643e-01
   3.8972761e+01   7.5000000e+01   8.1232643e-01
   3.8982761e+01   7.5000000e+01   8.1232643e-01
   3.8992761e+01   7.5000000e+01   8.1232643e-01
   3.9002761e+01   7.5000000e+01   8.1232643e-01
   3.9012761e+01   7.5000000e+01   8.1232643e-01
   3.9022761e+01   7.5000000e+01   8.1232643e-01
   3.9032761e+01   7.5000000e+01   8.1232643e-01
   3.9042761e+01   7.5000000e+01   8.1232643e-01
   3.9052761e+01   7.5000000e+01   8.1232643e-01
   3.9062761e+01   7.5000000e+01   8.1232643e-01
   3.9072761e+01   7.5000000e+01   8.1232643e-01
   3.9082761e+01   7.5000000e+01   8.1232643e-01
   3.9092761e+01   7.5000000e+01   8.1232643e-01
   3.9102761e+01   7.5000000e+01   8.1232643e-01
   3.9112761e+01   7.5000000e+01   8.1232643e-01
   3.9122761e+01   7.5000000e+01   8.1232643e-01
   3.9132761e+01   7.5000000e+01   8.1232643e-01
   3.9142761e+01   7.5000000e+01   8.1232643e-01
   3.9152761e+01   7.5000000e+01   8.1232643e-01
   3.9162761e+01   7.5000000e+01   8.1232643e-01
   3.9172761e+01   7.5000000e+01   8.1232643e-01
   3.9182761e+01   7.5000000e+01   8.1232643e-01
   3.9192761e+01   7.5000000e+01   8.1232643e-01
   3.9202761e+01   7.5000000e+01   8.1232643e-01
   3.9212761e+01   7.5000000e+01   8.1232643e-01
   3.9222761e+01   7.5000000e+01   8.1232643e-01
   3.9232761e+01   7.5000000e+01   8.1232643e-01
   3.9242761e+01   7.5000000e+01   8.1232643e-01
   3.9252761e+01   7.5000000e+01   8.1232643e-01
   3.9262761e+01   7.5000000e+01   8.1232643e-01
   3.9272761e+01   7.5000000e+01   8.1232643e-01
   3.9282761e+01   7.5000000e+01   8.1232643e-01
   3.9292761e+01   7.5000000e+01   8.1232643e-01
   3.9302761e+01   7.5000000e+01   8.1232643e-01
   3.9312761e+01   7.5000000e+01   8.1232643e-01
   3.9322761e+01   7.5000000e+01   8.1232643e-01
   3.9332761e+01   7.5000000e+01   8.1232643e-01
   3.9342761e+01   7.5000000e+01   8.1232643e-01
   3.9352761e+01   7.5000000e+01   8.1232643e-01
   3.9362761e+01   7.5000000e+01   8.1232643e-01
   3.9372761e+01   7.5000000e+01   8.1232643e-01
   3.9382761e+01   7.5000000e+01   8.1232643e-01
   3.9392761e+01   7.5000000e+01   8.1232643e-01
   3.9402761e+01   7.5000000e+01   8.1232643e-01
   3.9412761e+01   7.5000000e+01   8.1232643e-01
   3.9422761e+01   7.5000000e+01   8.1232643e-01
   3.9432761e+01   7.5000000e+01   8.1232643e-01
   3.9442761e+01   7.5000000e+01   8.1232643e-01
   3.9452761e+01   7.5000000e+01   8.1232643e-01
   3.9462761e+01   7.5000000e+01   8.1232643e-01
   3.9472761e+01   7.5000000e+01   8.1232643e-01
   3.9482761e+01   7.5000000e+01   8.1232643e-01
   3.9492761e+01   7.5000000e+01   8.1232643e-01
   3.9502761e+01   7.5000000e+01   8.1232643e-01
   3.9512761e+01   7.5000000e+01   8.1232643e-01
   3.9522761e+01   7.5000000e+01   8.1232643e-01
   3.9532761e+01   7.5000000e+01   8.1232643e-01
   3.9542761e+01   7.5000000e+01   8.1232643e-01
   3.9552761e+01   7.5000000e+01   8.1232643e-01
   3.9556949e+01   7.5000000e+01   8.1232643e-01
   3.9556949e+01   7.6000000e+01   7.6384466e-01
   3.9556949e+01   7.6000000e+01   7.6384466e-01
   3.9566949e+01   7.6000000e+01   7.6384466e-01
   3.9576949e+01   7.6000000e+01   7.6384466e-01
   3.9586949e+01   7.6000000e+01   7.6384466e-01
   3.9596949e+01   7.6000000e+01   7.6384466e-01
   3.9606949e+01   7.6000000e+01   7.6384466e-01
   3.9616949e+01   7.6000000e+01   7.6384466e-01
   3.9626949e+01   7.6000000e+01   7.6384466e-01
   3.9636949e+01   7.6000000e+01   7.6384466e-01
   3.9646949e+01   7.6000000e+01   7.6384466e-01
   3.9656949e+01   7.6000000e+01   7.6384466e-01
   3.9666949e+01   7.6000000e+01   7.6384466e-01
   3.9676949e+01   7.6000000e+01   7.6384466e-01
   3.9686949e+01   7.6000000e+01   7.6384466e-01
   3.9696949e+01   7.6000000e+01   7.6384466e-01
   3.9706949e+01   7.6000000e+01   7.6384466e-01
   3.9716949e+01   7.6000000e+01   7.6384466e-01
   3.9726949e+01   7.6000000e+01   7.6384466e-01
   3.9736949e+01   7.6000000e+01   7.6384466e-01
   3.9746949e+01   7.6000000e+01   7.6384466e-01
   3.9756949e+01   7.6000000e+01   7.6384466e-01
   3.9766949e+01   7.6000000e+01   7.6384466e-01
   3.9776949e+01   7.6000000e+01   7.6384466e-01
   3.9786949e+01   7.6000000e+01   7.6384466e-01
   3.9796949e+01   7.6000000e+01   7.6384466e-01
   3.9806949e+01   7.6000000e+01   7.6384466e-01
   3.9816949e+01   7.6000000e+01   7.6384466e-01
   3.9826949e+01   7.6000000e+01   7.6384466e-01
   3.9836949e+01   7.6000000e+01   7.6384466e-01
   3.9846949e+01   7.6000000e+01   7.6384466e-01
   3.9856949e+01   7.6000000e+01   7.6384466e-01
   3.9866949e+01   7.6000000e+01   7.6384466e-01
   3.9876949e+01   7.6000000e+01   7.6384466e-01
   3.9886949e+01   7.6000000e+01   7.6384466e-01
   3.9896949e+01   7.6000000e+01   7.6384466e-01
   3.9906949e+01   7.6000000e+01   7.6384466e-01
   3.9916949e+01   7.6000000e+01   7.6384466e-01
   3.9926949e+01   7.6000000e+01   7.6384466e-01
   3.9936949e+01   7.6000000e+01   7.6384466e-01
   3.9946949e+01   7.6000000e+01   7.6384466e-01
   3.9956949e+01   7.6000000e+01   7.6384466e-01
   3.9966949e+01   7.6000000e+01   7.6384466e-01
   3.9976949e+01   7.6000000e+01   7.6384466e-01
   3.9986949e+01   7.6000000e+01   7.6384466e-01
   3.9996949e+01   7.6000000e+01   7.6384466e-01
   4.0006949e+01   7.6000000e+01   7.6384466e-01
   4.0016949e+01   7.6000000e+01   7.6384466e-01
   4.0026949e+01   7.6000000e+01   7.6384466e-01
   4.0036949e+01   7.6000000e+01   7.6384466e-01
   4.0046949e+01   7.6000000e+01   7.6384466e-01
   4.0056949e+01   7.6000000e+01   7.6384466e-01
   4.0066949e+01   7.6000000e+01   7.6384466e-01
   4.0076949e+01   7.6000000e+01   7.6384466e-01
   4.0086949e+01   7.6000000e+01   7.6384466e-01
   4.0096949e+01   7.6000000e+01   7.6384466e-01
   4.0106949e+01   7.6000000e+01   7.6384466e-01
   4.0116949e+01   7.6000000e+01   7.6384466e-01
   4.0126949e+01   7.6000000e+01   7.6384466e-01
   4.0136949e+01   7.6000000e+01   7.6384466e-01
   4.0146949e+01   7.6000000e+01   7.6384466e-01
   4.0156949e+01   7.6000000e+01   7.6384466e-01
   4.0166949e+01   7.6000000e+01   7.6384466e-01
   4.0176949e+01   7.6000000e+01   7.6384466e-01
   4.0186949e+01   7.6000000e+01   7.6384466e-01
   4.0196949e+01   7.6000000e+01   7.6384466e-01
   4.0206949e+01   7.6000000e+01   7.6384466e-01
   4.0216949e+01   7.6000000e+01   7.6384466e-01
   4.0226949e+01   7.6000000e+01   7.6384466e-01
   4.0236949e+01   7.6000000e+01   7.6384466e-01
   4.0246949e+01   7.6000000e+01   7.6384466e-01
   4.0256949e+01   7.6000000e+01   7.6384466e-01
   4.0266949e+01   7.6000000e+01   7.6384466e-01
   4.0276949e+01   7.6000000e+01   7.6384466e-01
   4.0286949e+01   7.6000000e+01   7.6384466e-01
   4.0296949e+01   7.6000000e+01   7.6384466e-01
   4.0306949e+01   7.6000000e+01   7.6384466e-01
   4.0316949e+01   7.6000000e+01   7.6384466e-01
   4.0326949e+01   7.6000000e+01   7.6384466e-01
   4.0336949e+01   7.6000000e+01   7.6384466e-01
   4.0346949e+01   7.6000000e+01   7.6384466e-01
   4.0356949e+01   7.6000000e+01   7.6384466e-01
   4.0366949e+01   7.6000000e+01   7.6384466e-01
   4.0376949e+01   7.6000000e+01   7.6384466e-01
   4.0386949e+01   7.6000000e+01   7.6384466e-01
   4.0396949e+01   7.6000000e+01   7.6384466e-01
   4.0406949e+01   7.6000000e+01   7.6384466e-01
   4.0414647e+01   7.6000000e+01   7.6384466e-01
   4.0414647e+01   7.7000000e+01   7.1431920e-01
   4.0414647e+01   7.7000000e+01   7.1431920e-01
   4.0424647e+01   7.7000000e+01   7.1431920e-01
   4.0434647e+01   7.7000000e+01   7.1431920e-01
   4.0444647e+01   7.7000000e+01   7.1431920e-01
   4.0454647e+01   7.7000000e+01   7.1431920e-01
   4.0464647e+01   7.7000000e+01   7.1431920e-01
   4.0474647e+01   7.7000000e+01   7.1431920e-01
   4.0484647e+01   7.7000000e+01   7.1431920e-01
   4.0494647e+01   7.7000000e+01   7.1431920e-01
   4.0504647e+01   7.7000000e+01   7.1431920e-01
   4.0514647e+01   7.7000000e+01   7.1431920e-01
   4.0524647e+01   7.7000000e+01   7.1431920e-01
   4.0534647e+01   7.7000000e+01   7.1431920e-01
   4.0544647e+01   7.7000000e+01   7.1431920e-01
   4.0554647e+01   7.7000000e+01   7.1431920e-01
   4.0564647e+01   7.7000000e+01   7.1431920e-01
   4.0574647e+01   7.7000000e+01   7.1431920e-01
   4.0584647e+01   7.7000000e+01   7.1431920e-01
   4.0594647e+01   7.7000000e+01   7.1431920e-01
   4.0604647e+01   7.7000000e+01   7.1431920e-01
   4.0614647e+01   7.7000000e+01   7.1431920e-01
   4.0624647e+01   7.7000000e+01   7.1431920e-01
   4.0634647e+01   7.7000000e+01   7.1431920e-01
   4.0644647e+01   7.7000000e+01   7.1431920e-01
   4.0654647e+01   7.7000000e+01   7.1431920e-01
   4.0664647e+01   7.7000000e+01   7.1431920e-01
   4.0674647e+01   7.7000000e+01   7.1431920e-01
   4.0684647e+01   7.7000000e+01   7.1431920e-01
   4.0694647e+01   7.7000000e+01   7.1431920e-01
   4.0704647e+01   7.7000000e+01   7.1431920e-01
   4.0714647e+01   7.7000000e+01   7.1431920e-01
   4.0724647e+01   7.7000000e+01   7.1431920e-01
   4.0734647e+01   7.7000000e+01   7.1431920e-01
   4.0744647e+01   7.7000000e+01   7.1431920e-01
   4.0754647e+01   7.7000000e+01   7.1431920e-01
   4.0764647e+01   7.7000000e+01   7.1431920e-01
   4.0774647e+01   7.7000000e+01   7.1431920e-01
   4.0784647e+01   7.7000000e+01   7.1431920e-01
   4.0794647e+01   7.7000000e+01   7.1431920e-01
   4.0804647e+01   7.7000000e+01   7.1431920e-01
   4.0814647e+01   7.7000000e+01   7.1431920e-01
   4.0824647e+01   7.7000000e+01   7.1431920e-01
   4.0834647e+01   7.7000000e+01   7.1431920e-01
   4.0844647e+01   7.7000000e+01   7.1431920e-01
   4.0854647e+01   7.7000000e+01   7.1431920e-01
   4.0864647e+01   7.7000000e+01   7.1431920e-01
   4.0874647e+01   7.7000000e+01   7.1431920e-01
   4.0884647e+01   7.7000000e+01   7.1431920e-01
   4.0894647e+01   7.7000000e+01   7.1431920e-01
   4.0904647e+01   7.7000000e+01   7.1431920e-01
   4.0914647e+01   7.7000000e+01   7.1431920e-01
   4.0924647e+01   7.7000000e+01   7.1431920e-01
   4.0934647e+01   7.7000000e+01   7.1431920e-01
   4.0944647e+01   7.7000000e+01   7.1431920e-01
   4.0954647e+01   7.7000000e+01   7.1431920e-01
   4.0964647e+01   7.7000000e+01   7.1431920e-01
   4.0974647e+01   7.7000000e+01   7.1431920e-01
   4.0984647e+01   7.7000000e+01   7.1431920e-01
   4.0994647e+01   7.7000000e+01   7.1431920e-01
   4.1004647e+01   7.7000000e+01   7.1431920e-01
   4.1014647e+01   7.7000000e+01   7.1431920e-01
   4.1024647e+01   7.7000000e+01   7.1431920e-01
   4.1034647e+01   7.7000000e+01   7.1431920e-01
   4.1044647e+01   7.7000000e+01   7.1431920e-01
   4.1054647e+01   7.7000000e+01   7.1431920e-01
   4.1064647e+01   7.7000000e+01   7.1431920e-01
   4.1074647e+01   7.7000000e+01   7.1431920e-01
   4.1084647e+01   7.7000000e+01   7.1431920e-01
   4.1094647e+01   7.7000000e+01   7.1431920e-01
   4.1104647e+01   7.7000000e+01   7.1431920e-01
   4.1114647e+01   7.7000000e+01   7.1431920e-01
   4.1124647e+01   7.7000000e+01   7.1431920e-01
   4.1134647e+01   7.7000000e+01   7.1431920e-01
   4.1144647e+01   7.7000000e+01   7.1431920e-01
   4.1154647e+01   7.7000000e+01   7.1431920e-01
   4.1164647e+01   7.7000000e+01   7.1431920e-01
   4.1174647e+01   7.7000000e+01   7.1431920e-01
   4.1184647e+01   7.7000000e+01   7.1431920e-01
   4.1194647e+01   7.7000000e+01   7.1431920e-01
   4.1204647e+01   7.7000000e+01   7.1431920e-01
   4.1214647e+01   7.7000000e+01   7.1431920e-01
   4.1224647e+01   7.7000000e+01   7.1431920e-01
   4.1234647e+01   7.7000000e+01   7.1431920e-01
   4.1244647e+01   7.7000000e+01   7.1431920e-01
   4.1254647e+01   7.7000000e+01   7.1431920e-01
   4.1264647e+01   7.7000000e+01   7.1431920e-01
   4.1274647e+01   7.7000000e+01   7.1431920e-01
   4.1275603e+01   7.7000000e+01   7.1431920e-01
   4.1275603e+01   7.8000000e+01   6.6379252e-01
   4.1275603e+01   7.8000000e+01   6.6379252e-01
   4.1285603e+01   7.8000000e+01   6.6379252e-01
   4.1295603e+01   7.8000000e+01   6.6379252e-01
   4.1305603e+01   7.8000000e+01   6.6379252e-01
   4.1315603e+01   7.8000000e+01   6.6379252e-01
   4.1325603e+01   7.8000000e+01   6.6379252e-01
   4.1335603e+01   7.8000000e+01   6.6379252e-01
   4.1345603e+01   7.8000000e+01   6.6379252e-01
   4.1355603e+01   7.8000000e+01   6.6379252e-01
   4.1365603e+01   7.8000000e+01   6.6379252e-01
   4.1375603e+01   7.8000000e+01   6.6379252e-01
   4.1385603e+01   7.8000000e+01   6.6379252e-01
   4.1395603e+01   7.8000000e+01   6.6379252e-01
   4.1405603e+01   7.8000000e+01   6.6379252e-01
   4.1415603e+01   7.8000000e+01   6.6379252e-01
   4.1425603e+01   7.8000000e+01   6.6379252e-01
   4.1435603e+01   7.8000000e+01   6.6379252e-01
   4.1445603e+01   7.8000000e+01   6.6379252e-01
   4.1455603e+01   7.8000000e+01   6.6379252e-01
   4.1465603e+01   7.8000000e+01   6.6379252e-01
   4.1475603e+01   7.8000000e+01   6.6379252e-01
   4.1485603e+01   7.8000000e+01   6.6379252e-01
   4.1495603e+01   7.8000000e+01   6.6379252e-01
   4.1505603e+01   7.8000000e+01   6.6379252e-01
   4.1515603e+01   7.8000000e+01   6.6379252e-01
   4.1525603e+01   7.8000000e+01   6.6379252e-01
   4.1535603e+01   7.8000000e+01   6.6379252e-01
   4.1545603e+01   7.8000000e+01   6.6379252e-01
   4.1555603e+01   7.8000000e+01   6.6379252e-01
   4.1565603e+01   7.8000000e+01   6.6379252e-01
   4.1575603e+01   7.8000000e+01   6.6379252e-01
   4.1585603e+01   7.8000000e+01   6.6379252e-01
   4.1595603e+01   7.8000000e+01   6.6379252e-01
   4.1605603e+01   7.8000000e+01   6.6379252e-01
   4.1615603e+01   7.8000000e+01   6.6379252e-01
   4.1625603e+01   7.8000000e+01   6.6379252e-01
   4.1635603e+01   7.8000000e+01   6.6379252e-01
   4.1645603e+01   7.8000000e+01   6.6379252e-01
   4.1655603e+01   7.8000000e+01   6.6379252e-01
   4.1665603e+01   7.8000000e+01   6.6379252e-01
   4.1675603e+01   7.8000000e+01   6.6379252e-01
   4.1685603e+01   7.8000000e+01   6.6379252e-01
   4.1695603e+01   7.8000000e+01   6.6379252e-01
   4.1705603e+01   7.8000000e+01   6.6379252e-01
   4.1715603e+01   7.8000000e+01   6.6379252e-01
   4.1725603e+01   7.8000000e+01   6.6379252e-01
   4.1735603e+01   7.8000000e+01   6.6379252e-01
   4.1745603e+01   7.8000000e+01   6.6379252e-01
   4.1755603e+01   7.8000000e+01   6.6379252e-01
   4.1765603e+01   7.8000000e+01   6.6379252e-01
   4.1775603e+01   7.8000000e+01   6.6379252e-01
   4.1785603e+01   7.8000000e+01   6.6379252e-01
   4.1795603e+01   7.8000000e+01   6.6379252e-01
   4.1805603e+01   7.8000000e+01   6.6379252e-01
   4.1815603e+01   7.8000000e+01   6.6379252e-01
   4.1825603e+01   7.8000000e+01   6.6379252e-01
   4.1835603e+01   7.8000000e+01   6.6379252e-01
   4.1845603e+01   7.8000000e+01   6.6379252e-01
   4.1855603e+01   7.8000000e+01   6.6379252e-01
   4.1865603e+01   7.8000000e+01   6.6379252e-01
   4.1875603e+01   7.8000000e+01   6.6379252e-01
   4.1885603e+01   7.8000000e+01   6.6379252e-01
   4.1895603e+01   7.8000000e+01   6.6379252e-01
   4.1905603e+01   7.8000000e+01   6.6379252e-01
   4.1915603e+01   7.8000000e+01   6.6379252e-01
   4.1925603e+01   7.8000000e+01   6.6379252e-01
   4.1935603e+01   7.8000000e+01   6.6379252e-01
   4.1945603e+01   7.8000000e+01   6.6379252e-01
   4.1955603e+01   7.8000000e+01   6.6379252e-01
   4.1965603e+01   7.8000000e+01   6.6379252e-01
   4.1975603e+01   7.8000000e+01   6.6379252e-01
   4.1985603e+01   7.8000000e+01   6.6379252e-01
   4.1995603e+01   7.8000000e+01   6.6379252e-01
   4.2005603e+01   7.8000000e+01   6.6379252e-01
   4.2015603e+01   7.8000000e+01   6.6379252e-01
   4.2025603e+01   7.8000000e+01   6.6379252e-01
   4.2035603e+01   7.8000000e+01   6.6379252e-01
   4.2045603e+01   7.8000000e+01   6.6379252e-01
   4.2055603e+01   7.8000000e+01   6.6379252e-01
   4.2065603e+01   7.8000000e+01   6.6379252e-01
   4.2075603e+01   7.8000000e+01   6.6379252e-01
   4.2085603e+01   7.8000000e+01   6.6379252e-01
   4.2095603e+01   7.8000000e+01   6.6379252e-01
   4.2105603e+01   7.8000000e+01   6.6379252e-01
   4.2115603e+01   7.8000000e+01   6.6379252e-01
   4.2125603e+01   7.8000000e+01   6.6379252e-01
   4.2135603e+01   7.8000000e+01   6.6379252e-01
   4.2139566e+01   7.8000000e+01   6.6379252e-01
   4.2139566e+01   7.9000000e+01   6.1231024e-01
   4.2139566e+01   7.9000000e+01   6.1231024e-01
   4.2149566e+01   7.9000000e+01   6.1231024e-01
   4.2159566e+01   7.9000000e+01   6.1231024e-01
   4.2169566e+01   7.9000000e+01   6.1231024e-01
   4.2179566e+01   7.9000000e+01   6.1231024e-01
   4.2189566e+01   7.9000000e+01   6.1231024e-01
   4.2199566e+01   7.9000000e+01   6.1231024e-01
   4.2209566e+01   7.9000000e+01   6.1231024e-01
   4.2219566e+01   7.9000000e+01   6.1231024e-01
   4.2229566e+01   7.9000000e+01   6.1231024e-01
   4.2239566e+01   7.9000000e+01   6.1231024e-01
   4.2249566e+01   7.9000000e+01   6.1231024e-01
   4.2259566e+01   7.9000000e+01   6.1231024e-01
   4.2269566e+01   7.9000000e+01   6.1231024e-01
   4.2279566e+01   7.9000000e+01   6.1231024e-01
   4.2289566e+01   7.9000000e+01   6.1231024e-01
   4.2299566e+01   7.9000000e+01   6.1231024e-01
   4.2309566e+01   7.9000000e+01   6.1231024e-01
   4.2319566e+01   7.9000000e+01   6.1231024e-01
   4.2329566e+01   7.9000000e+01   6.1231024e-01
   4.2339566e+01   7.9000000e+01   6.1231024e-01
   4.2349566e+01   7.9000000e+01   6.1231024e-01
   4.2359566e+01   7.9000000e+01   6.1231024e-01
   4.2369566e+01   7.9000000e+01   6.1231024e-01
   4.2379566e+01   7.9000000e+01   6.1231024e-01
   4.2389566e+01   7.9000000e+01   6.1231024e-01
   4.2399566e+01   7.9000000e+01   6.1231024e-01
   4.2409566e+01   7.9000000e+01   6.1231024e-01
   4.2419566e+01   7.9000000e+01   6.1231024e-01
   4.2429566e+01   7.9000000e+01   6.1231024e-01
   4.2439566e+01   7.9000000e+01   6.1231024e-01
   4.2449566e+01   7.9000000e+01   6.1231024e-01
   4.2459566e+01   7.9000000e+01   6.1231024e-01
   4.2469566e+01   7.9000000e+01   6.1231024e-01
   4.2479566e+01   7.9000000e+01   6.1231024e-01
   4.2489566e+01   7.9000000e+01   6.1231024e-01
   4.2499566e+01   7.9000000e+01   6.1231024e-01
   4.2509566e+01   7.9000000e+01   6.1231024e-01
   4.2519566e+01   7.9000000e+01   6.1231024e-01
   4.2529566e+01   7.9000000e+01   6.1231024e-01
   4.2539566e+01   7.9000000e+01   6.1231024e-01
   4.2549566e+01   7.9000000e+01   6.1231024e-01
   4.2559566e+01   7.9000000e+01   6.1231024e-01
   4.2569566e+01   7.9000000e+01   6.1231024e-01
   4.2579566e+01   7.9000000e+01   6.1231024e-01
   4.2589566e+01   7.9000000e+01   6.1231024e-01
   4.2599566e+01   7.9000000e+01   6.1231024e-01
   4.2609566e+01   7.9000000e+01   6.1231024e-01
   4.2619566e+01   7.9000000e+01   6.1231024e-01
   4.2629566e+01   7.9000000e+01   6.1231024e-01
   4.2639566e+01   7.9000000e+01   6.1231024e-01
   4.2649566e+01   7.9000000e+01   6.1231024e-01
   4.2659566e+01   7.9000000e+01   6.1231024e-01
   4.2669566e+01   7.9000000e+01   6.1231024e-01
   4.2679566e+01   7.9000000e+01   6.1231024e-01
   4.2689566e+01   7.9000000e+01   6.1231024e-01
   4.2699566e+01   7.9000000e+01   6.1231024e-01
   4.2709566e+01   7.9000000e+01   6.1231024e-01
   4.2719566e+01   7.9000000e+01   6.1231024e-01
   4.2729566e+01   7.9000000e+01   6.1231024e-01
   4.2739566e+01   7.9000000e+01   6.1231024e-01
   4.2749566e+01   7.9000000e+01   6.1231024e-01
   4.2759566e+01   7.9000000e+01   6.1231024e-01
   4.2769566e+01   7.9000000e+01   6.1231024e-01
   4.2779566e+01   7.9000000e+01   6.1231024e-01
   4.2789566e+01   7.9000000e+01   6.1231024e-01
   4.2799566e+01   7.9000000e+01   6.1231024e-01
   4.2809566e+01   7.9000000e+01   6.1231024e-01
   4.2819566e+01   7.9000000e+01   6.1231024e-01
   4.2829566e+01   7.9000000e+01   6.1231024e-01
   4.2839566e+01   7.9000000e+01   6.1231024e-01
   4.2849566e+01   7.9000000e+01   6.1231024e-01
   4.2859566e+01   7.9000000e+01   6.1231024e-01
   4.2869566e+01   7.9000000e+01   6.1231024e-01
   4.2879566e+01   7.9000000e+01   6.1231024e-01
   4.2889566e+01   7.9000000e+01   6.1231024e-01
   4.2899566e+01   7.9000000e+01   6.1231024e-01
   4.2909566e+01   7.9000000e+01   6.1231024e-01
   4.2919566e+01   7.9000000e+01   6.1231024e-01
   4.2929566e+01   7.9000000e+01   6.1231024e-01
   4.2939566e+01   7.9000000e+01   6.1231024e-01
   4.2949566e+01   7.9000000e+01   6.1231024e-01
   4.2959566e+01   7.9000000e+01   6.1231024e-01
   4.2969566e+01   7.9000000e+01   6.1231024e-01
   4.2979566e+01   7.9000000e+01   6.1231024e-01
   4.2989566e+01   7.9000000e+01   6.1231024e-01
   4.2999566e+01   7.9000000e+01   6.1231024e-01
   4.3006281e+01   7.9000000e+01   6.1231024e-01
   4.3006281e+01   8.0000000e+01   5.5992130e-01
   4.3006281e+01   8.0000000e+01   5.5992130e-01
   4.3016281e+01   8.0000000e+01   5.5992130e-01
   4.3026281e+01   8.0000000e+01   5.5992130e-01
   4.3036281e+01   8.0000000e+01   5.5992130e-01
   4.3046281e+01   8.0000000e+01   5.5992130e-01
   4.3056281e+01   8.0000000e+01   5.5992130e-01
   4.3066281e+01   8.0000000e+01   5.5992130e-01
   4.3076281e+01   8.0000000e+01   5.5992130e-01
   4.3086281e+01   8.0000000e+01   5.5992130e-01
   4.3096281e+01   8.0000000e+01   5.5992130e-01
   4.3106281e+01   8.0000000e+01   5.5992130e-01
   4.3116281e+01   8.0000000e+01   5.5992130e-01
   4.3126281e+01   8.0000000e+01   5.5992130e-01
   4.3136281e+01   8.0000000e+01   5.5992130e-01
   4.3146281e+01   8.0000000e+01   5.5992130e-01
   4.3156281e+01   8.0000000e+01   5.5992130e-01
   4.3166281e+01   8.0000000e+01   5.5992130e-01
   4.3176281e+01   8.0000000e+01   5.5992130e-01
   4.3186281e+01   8.0000000e+01   5.5992130e-01
   4.3196281e+01   8.0000000e+01   5.5992130e-01
   4.3206281e+01   8.0000000e+01   5.5992130e-01
   4.3216281e+01   8.0000000e+01   5.5992130e-01
   4.3226281e+01   8.0000000e+01   5.5992130e-01
   4.3236281e+01   8.0000000e+01   5.5992130e-01
   4.3246281e+01   8.0000000e+01   5.5992130e-01
   4.3256281e+01   8.0000000e+01   5.5992130e-01
   4.3266281e+01   8.0000000e+01   5.5992130e-01
   4.3276281e+01   8.0000000e+01   5.5992130e-01
   4.3286281e+01   8.0000000e+01   5.5992130e-01
   4.3296281e+01   8.0000000e+01   5.5992130e-01
   4.3306281e+01   8.0000000e+01   5.5992130e-01
   4.3316281e+01   8.0000000e+01   5.5992130e-01
   4.3326281e+01   8.0000000e+01   5.5992130e-01
   4.3336281e+01   8.0000000e+01   5.5992130e-01
   4.3346281e+01   8.0000000e+01   5.5992130e-01
   4.3356281e+01   8.0000000e+01   5.5992130e-01
   4.3366281e+01   8.0000000e+01   5.5992130e-01
   4.3376281e+01   8.0000000e+01   5.5992130e-01
   4.3386281e+01   8.0000000e+01   5.5992130e-01
   4.3396281e+01   8.0000000e+01   5.5992130e-01
   4.3406281e+01   8.0000000e+01   5.5992130e-01
   4.3416281e+01   8.0000000e+01   5.5992130e-01
   4.3426281e+01   8.0000000e+01   5.5992130e-01
   4.3436281e+01   8.0000000e+01   5.5992130e-01
   4.3446281e+01   8.0000000e+01   5.5992130e-01
   4.3456281e+01   8.0000000e+01   5.5992130e-01
   4.3466281e+01   8.0000000e+01   5.5992130e-01
   4.3476281e+01   8.0000000e+01   5.5992130e-01
   4.3486281e+01   8.0000000e+01   5.5992130e-01
   4.3496281e+01   8.0000000e+01   5.5992130e-01
   4.3506281e+01   8.0000000e+01   5.5992130e-01
   4.3516281e+01   8.0000000e+01   5.5992130e-01
   4.3526281e+01   8.0000000e+01   5.5992130e-01
   4.3536281e+01   8.0000000e+01   5.5992130e-01
   4.3546281e+01   8.0000000e+01   5.5992130e-01
   4.3556281e+01   8.0000000e+01   5.5992130e-01
   4.3566281e+01   8.0000000e+01   5.5992130e-01
   4.3576281e+01   8.0000000e+01   5.5992130e-01
   4.3586281e+01   8.0000000e+01   5.5992130e-01
   4.3596281e+01   8.0000000e+01   5.5992130e-01
   4.3606281e+01   8.0000000e+01   5.5992130e-01
   4.3616281e+01   8.0000000e+01   5.5992130e-01
   4.3626281e+01   8.0000000e+01   5.5992130e-01
   4.3636281e+01   8.0000000e+01   5.5992130e-01
   4.3646281e+01   8.0000000e+01   5.5992130e-01
   4.3656281e+01   8.0000000e+01   5.5992130e-01
   4.3666281e+01   8.0000000e+01   5.5992130e-01
   4.3676281e+01   8.0000000e+01   5.5992130e-01
   4.3686281e+01   8.0000000e+01   5.5992130e-01
   4.3696281e+01   8.0000000e+01   5.5992130e-01
   4.3706281e+01   8.0000000e+01   5.5992130e-01
   4.3716281e+01   8.0000000e+01   5.5992130e-01
   4.3726281e+01   8.0000000e+01   5.5992130e-01
   4.3736281e+01   8.0000000e+01   5.5992130e-01
   4.3746281e+01   8.0000000e+01   5.5992130e-01
   4.3756281e+01   8.0000000e+01   5.5992130e-01
   4.3766281e+01   8.0000000e+01   5.5992130e-01
   4.3776281e+01   8.0000000e+01   5.5992130e-01
   4.3786281e+01   8.0000000e+01   5.5992130e-01
   4.3796281e+01   8.0000000e+01   5.5992130e-01
   4.3806281e+01   8.0000000e+01   5.5992130e-01
   4.3816281e+01   8.0000000e+01   5.5992130e-01
   4.3826281e+01   8.0000000e+01   5.5992130e-01
   4.3836281e+01   8.0000000e+01   5.5992130e-01
   4.3846281e+01   8.0000000e+01   5.5992130e-01
   4.3856281e+01   8.0000000e+01   5.5992130e-01
   4.3866281e+01   8.0000000e+01   5.5992130e-01
   4.3875494e+01   8.0000000e+01   5.5992130e-01
   4.3875494e+01   8.1000000e+01   5.0667825e-01
   4.3875494e+01   8.1000000e+01   5.0667825e-01
   4.3885494e+01   8.1000000e+01   5.0667825e-01
   4.3895494e+01   8.1000000e+01   5.0667825e-01
   4.3905494e+01   8.1000000e+01   5.0667825e-01
   4.3915494e+01   8.1000000e+01   5.0667825e-01
   4.3925494e+01   8.1000000e+01   5.0667825e-01
   4.3935494e+01   8.1000000e+01   5.0667825e-01
   4.3945494e+01   8.1000000e+01   5.0667825e-01
   4.3955494e+01   8.1000000e+01   5.0667825e-01
   4.3965494e+01   8.1000000e+01   5.0667825e-01
   4.3975494e+01   8.1000000e+01   5.0667825e-01
   4.3985494e+01   8.1000000e+01   5.0667825e-01
   4.3995494e+01   8.1000000e+01   5.0667825e-01
   4.4005494e+01   8.1000000e+01   5.0667825e-01
   4.4015494e+01   8.1000000e+01   5.0667825e-01
   4.4025494e+01   8.1000000e+01   5.0667825e-01
   4.4035494e+01   8.1000000e+01   5.0667825e-01
   4.4045494e+01   8.1000000e+01   5.0667825e-01
   4.4055494e+01   8.1000000e+01   5.0667825e-01
   4.4065494e+01   8.1000000e+01   5.0667825e-01
   4.4075494e+01   8.1000000e+01   5.0667825e-01
   4.4085494e+01   8.1000000e+01   5.0667825e-01
   4.4095494e+01   8.1000000e+01   5.0667825e-01
   4.4105494e+01   8.1000000e+01   5.0667825e-01
   4.4115494e+01   8.1000000e+01   5.0667825e-01
   4.4125494e+01   8.1000000e+01   5.0667825e-01
   4.4135494e+01   8.1000000e+01   5.0667825e-01
   4.4145494e+01   8.1000000e+01   5.0667825e-01
   4.4155494e+01   8.1000000e+01   5.0667825e-01
   4.4165494e+01   8.1000000e+01   5.0667825e-01
   4.4175494e+01   8.1000000e+01   5.0667825e-01
   4.4185494e+01   8.1000000e+01   5.0667825e-01
   4.4195494e+01   8.1000000e+01   5.0667825e-01
   4.4205494e+01   8.1000000e+01   5.0667825e-01
   4.4215494e+01   8.1000000e+01   5.0667825e-01
   4.4225494e+01   8.1000000e+01   5.0667825e-01
   4.4235494e+01   8.1000000e+01   5.0667825e-01
   4.4245494e+01   8.1000000e+01   5.0667825e-01
   4.4255494e+01   8.1000000e+01   5.0667825e-01
   4.4265494e+01   8.1000000e+01   5.0667825e-01
   4.4275494e+01   8.1000000e+01   5.0667825e-01
   4.4285494e+01   8.1000000e+01   5.0667825e-01
   4.4295494e+01   8.1000000e+01   5.0667825e-01
   4.4305494e+01   8.1000000e+01   5.0667825e-01
   4.4315494e+01   8.1000000e+01   5.0667825e-01
   4.4325494e+01   8.1000000e+01   5.0667825e-01
   4.4335494e+01   8.1000000e+01   5.0667825e-01
   4.4345494e+01   8.1000000e+01   5.0667825e-01
   4.4355494e+01   8.1000000e+01   5.0667825e-01
   4.4365494e+01   8.1000000e+01   5.0667825e-01
   4.4375494e+01   8.1000000e+01   5.0667825e-01
   4.4385494e+01   8.1000000e+01   5.0667825e-01
   4.4395494e+01   8.1000000e+01   5.0667825e-01
   4.4405494e+01   8.1000000e+01   5.0667825e-01
   4.4415494e+01   8.1000000e+01   5.0667825e-01
   4.4425494e+01   8.1000000e+01   5.0667825e-01
   4.4435494e+01   8.1000000e+01   5.0667825e-01
   4.4445494e+01   8.1000000e+01   5.0667825e-01
   4.4455494e+01   8.1000000e+01   5.0667825e-01
   4.4465494e+01   8.1000000e+01   5.0667825e-01
   4.4475494e+01   8.1000000e+01   5.0667825e-01
   4.4485494e+01   8.1000000e+01   5.0667825e-01
   4.4495494e+01   8.1000000e+01   5.0667825e-01
   4.4505494e+01   8.1000000e+01   5.0667825e-01
   4.4515494e+01   8.1000000e+01   5.0667825e-01
   4.4525494e+01   8.1000000e+01   5.0667825e-01
   4.4535494e+01   8.1000000e+01   5.0667825e-01
   4.4545494e+01   8.1000000e+01   5.0667825e-01
   4.4555494e+01   8.1000000e+01   5.0667825e-01
   4.4565494e+01   8.1000000e+01   5.0667825e-01
   4.4575494e+01   8.1000000e+01   5.0667825e-01
   4.4585494e+01   8.1000000e+01   5.0667825e-01
   4.4595494e+01   8.1000000e+01   5.0667825e-01
   4.4605494e+01   8.1000000e+01   5.0667825e-01
   4.4615494e+01   8.1000000e+01   5.0667825e-01
   4.4625494e+01   8.1000000e+01   5.0667825e-01
   4.4635494e+01   8.1000000e+01   5.0667825e-01
   4.4645494e+01   8.1000000e+01   5.0667825e-01
   4.4655494e+01   8.1000000e+01   5.0667825e-01
   4.4665494e+01   8.1000000e+01   5.0667825e-01
   4.4675494e+01   8.1000000e+01   5.0667825e-01
   4.4685494e+01   8.1000000e+01   5.0667825e-01
   4.4695494e+01   8.1000000e+01   5.0667825e-01
   4.4705494e+01   8.1000000e+01   5.0667825e-01
   4.4715494e+01   8.1000000e+01   5.0667825e-01
   4.4725494e+01   8.1000000e+01   5.0667825e-01
   4.4735494e+01   8.1000000e+01   5.0667825e-01
   4.4745494e+01   8.1000000e+01   5.0667825e-01
   4.4746945e+01   8.1000000e+01   5.0667825e-01
   4.4746945e+01   8.2000000e+01   4.5263756e-01
   4.4746945e+01   8.2000000e+01   4.5263756e-01
   4.4756945e+01   8.2000000e+01   4.5263756e-01
   4.4766945e+01   8.2000000e+01   4.5263756e-01
   4.4776945e+01   8.2000000e+01   4.5263756e-01
   4.4786945e+01   8.2000000e+01   4.5263756e-01
   4.4796945e+01   8.2000000e+01   4.5263756e-01
   4.4806945e+01   8.2000000e+01   4.5263756e-01
   4.4816945e+01   8.2000000e+01   4.5263756e-01
   4.4826945e+01   8.2000000e+01   4.5263756e-01
   4.4836945e+01   8.2000000e+01   4.5263756e-01
   4.4846945e+01   8.2000000e+01   4.5263756e-01
   4.4856945e+01   8.2000000e+01   4.5263756e-01
   4.4866945e+01   8.2000000e+01   4.5263756e-01
   4.4876945e+01   8.2000000e+01   4.5263756e-01
   4.4886945e+01   8.2000000e+01   4.5263756e-01
   4.4896945e+01   8.2000000e+01   4.5263756e-01
   4.4906945e+01   8.2000000e+01   4.5263756e-01
   4.4916945e+01   8.2000000e+01   4.5263756e-01
   4.4926945e+01   8.2000000e+01   4.5263756e-01
   4.4936945e+01   8.2000000e+01   4.5263756e-01
   4.4946945e+01   8.2000000e+01   4.5263756e-01
   4.4956945e+01   8.2000000e+01   4.5263756e-01
   4.4966945e+01   8.2000000e+01   4.5263756e-01
   4.4976945e+01   8.2000000e+01   4.5263756e-01
   4.4986945e+01   8.2000000e+01   4.5263756e-01
   4.4996945e+01   8.2000000e+01   4.5263756e-01
   4.5006945e+01   8.2000000e+01   4.5263756e-01
   4.5016945e+01   8.2000000e+01   4.5263756e-01
   4.5026945e+01   8.2000000e+01   4.5263756e-01
   4.5036945e+01   8.2000000e+01   4.5263756e-01
   4.5046945e+01   8.2000000e+01   4.5263756e-01
   4.5056945e+01   8.2000000e+01   4.5263756e-01
   4.5066945e+01   8.2000000e+01   4.5263756e-01
   4.5076945e+01   8.2000000e+01   4.5263756e-01
   4.5086945e+01   8.2000000e+01   4.5263756e-01
   4.5096945e+01   8.2000000e+01   4.5263756e-01
   4.5106945e+01   8.2000000e+01   4.5263756e-01
   4.5116945e+01   8.2000000e+01   4.5263756e-01
   4.5126945e+01   8.2000000e+01   4.5263756e-01
   4.5136945e+01   8.2000000e+01   4.5263756e-01
   4.5146945e+01   8.2000000e+01   4.5263756e-01
   4.5156945e+01   8.2000000e+01   4.5263756e-01
   4.5166945e+01   8.2000000e+01   4.5263756e-01
   4.5176945e+01   8.2000000e+01   4.5263756e-01
   4.5186945e+01   8.2000000e+01   4.5263756e-01
   4.5196945e+01   8.2000000e+01   4.5263756e-01
   4.5206945e+01   8.2000000e+01   4.5263756e-01
   4.5216945e+01   8.2000000e+01   4.5263756e-01
   4.5226945e+01   8.2000000e+01   4.5263756e-01
   4.5236945e+01   8.2000000e+01   4.5263756e-01
   4.5246945e+01   8.2000000e+01   4.5263756e-01
   4.5256945e+01   8.2000000e+01   4.5263756e-01
   4.5266945e+01   8.2000000e+01   4.5263756e-01
   4.5276945e+01   8.2000000e+01   4.5263756e-01
   4.5286945e+01   8.2000000e+01   4.5263756e-01
   4.5296945e+01   8.2000000e+01   4.5263756e-01
   4.5306945e+01   8.2000000e+01   4.5263756e-01
   4.5316945e+01   8.2000000e+01   4.5263756e-01
   4.5326945e+01   8.2000000e+01   4.5263756e-01
   4.5336945e+01   8.2000000e+01   4.5263756e-01
   4.5346945e+01   8.2000000e+01   4.5263756e-01
   4.5356945e+01   8.2000000e+01   4.5263756e-01
   4.5366945e+01   8.2000000e+01   4.5263756e-01
   4.5376945e+01   8.2000000e+01   4.5263756e-01
   4.5386945e+01   8.2000000e+01   4.5263756e-01
   4.5396945e+01   8.2000000e+01   4.5263756e-01
   4.5406945e+01   8.2000000e+01   4.5263756e-01
   4.5416945e+01   8.2000000e+01   4.5263756e-01
   4.5426945e+01   8.2000000e+01   4.5263756e-01
   4.5436945e+01   8.2000000e+01   4.5263756e-01
   4.5446945e+01   8.2000000e+01   4.5263756e-01
   4.5456945e+01   8.2000000e+01   4.5263756e-01
   4.5466945e+01   8.2000000e+01   4.5263756e-01
   4.5476945e+01   8.2000000e+01   4.5263756e-01
   4.5486945e+01   8.2000000e+01   4.5263756e-01
   4.5496945e+01   8.2000000e+01   4.5263756e-01
   4.5506945e+01   8.2000000e+01   4.5263756e-01
   4.5516945e+01   8.2000000e+01   4.5263756e-01
   4.5526945e+01   8.2000000e+01   4.5263756e-01
   4.5536945e+01   8.2000000e+01   4.5263756e-01
   4.5546945e+01   8.2000000e+01   4.5263756e-01
   4.5556945e+01   8.2000000e+01   4.5263756e-01
   4.5566945e+01   8.2000000e+01   4.5263756e-01
   4.5576945e+01   8.2000000e+01   4.5263756e-01
   4.5586945e+01   8.2000000e+01   4.5263756e-01
   4.5596945e+01   8.2000000e+01   4.5263756e-01
   4.5606945e+01   8.2000000e+01   4.5263756e-01
   4.5616945e+01   8.2000000e+01   4.5263756e-01
   4.5620376e+01   8.2000000e+01   4.5263756e-01
   4.5620376e+01   8.3000000e+01   3.9785991e-01
   4.5620376e+01   8.3000000e+01   3.9785991e-01
   4.5630376e+01   8.3000000e+01   3.9785991e-01
   4.5640376e+01   8.3000000e+01   3.9785991e-01
   4.5650376e+01   8.3000000e+01   3.9785991e-01
   4.5660376e+01   8.3000000e+01   3.9785991e-01
   4.5670376e+01   8.3000000e+01   3.9785991e-01
   4.5680376e+01   8.3000000e+01   3.9785991e-01
   4.5690376e+01   8.3000000e+01   3.9785991e-01
   4.5700376e+01   8.3000000e+01   3.9785991e-01
   4.5710376e+01   8.3000000e+01   3.9785991e-01
   4.5720376e+01   8.3000000e+01   3.9785991e-01
   4.5730376e+01   8.3000000e+01   3.9785991e-01
   4.5740376e+01   8.3000000e+01   3.9785991e-01
   4.5750376e+01   8.3000000e+01   3.9785991e-01
   4.5760376e+01   8.3000000e+01   3.9785991e-01
   4.5770376e+01   8.3000000e+01   3.9785991e-01
   4.5780376e+01   8.3000000e+01   3.9785991e-01
   4.5790376e+01   8.3000000e+01   3.9785991e-01
   4.5800376e+01   8.3000000e+01   3.9785991e-01
   4.5810376e+01   8.3000000e+01   3.9785991e-01
   4.5820376e+01   8.3000000e+01   3.9785991e-01
   4.5830376e+01   8.3000000e+01   3.9785991e-01
   4.5840376e+01   8.3000000e+01   3.9785991e-01
   4.5850376e+01   8.3000000e+01   3.9785991e-01
   4.5860376e+01   8.3000000e+01   3.9785991e-01
   4.5870376e+01   8.3000000e+01   3.9785991e-01
   4.5880376e+01   8.3000000e+01   3.9785991e-01
   4.5890376e+01   8.3000000e+01   3.9785991e-01
   4.5900376e+01   8.3000000e+01   3.9785991e-01
   4.5910376e+01   8.3000000e+01   3.9785991e-01
   4.5920376e+01   8.3000000e+01   3.9785991e-01
   4.5930376e+01   8.3000000e+01   3.9785991e-01
   4.5940376e+01   8.3000000e+01   3.9785991e-01
   4.5950376e+01   8.3000000e+01   3.9785991e-01
   4.5960376e+01   8.3000000e+01   3.9785991e-01
   4.5970376e+01   8.3000000e+01   3.9785991e-01
   4.5980376e+01   8.3000000e+01   3.9785991e-01
   4.5990376e+01   8.3000000e+01   3.9785991e-01
   4.6000376e+01   8.3000000e+01   3.9785991e-01
   4.6010376e+01   8.3000000e+01   3.9785991e-01
   4.6020376e+01   8.3000000e+01   3.9785991e-01
   4.6030376e+01   8.3000000e+01   3.9785991e-01
   4.6040376e+01   8.3000000e+01   3.9785991e-01
   4.6050376e+01   8.3000000e+01   3.9785991e-01
   4.6060376e+01   8.3000000e+01   3.9785991e-01
   4.6070376e+01   8.3000000e+01   3.9785991e-01
   4.6080376e+01   8.3000000e+01   3.9785991e-01
   4.6090376e+01   8.3000000e+01   3.9785991e-01
   4.6100376e+01   8.3000000e+01   3.9785991e-01
   4.6110376e+01   8.3000000e+01   3.9785991e-01
   4.6120376e+01   8.3000000e+01   3.9785991e-01
   4.6130376e+01   8.3000000e+01   3.9785991e-01
   4.6140376e+01   8.3000000e+01   3.9785991e-01
   4.6150376e+01   8.3000000e+01   3.9785991e-01
   4.6160376e+01   8.3000000e+01   3.9785991e-01
   4.6170376e+01   8.3000000e+01   3.9785991e-01
   4.6180376e+01   8.3000000e+01   3.9785991e-01
   4.6190376e+01   8.3000000e+01   3.9785991e-01
   4.6200376e+01   8.3000000e+01   3.9785991e-01
   4.6210376e+01   8.3000000e+01   3.9785991e-01
   4.6220376e+01   8.3000000e+01   3.9785991e-01
   4.6230376e+01   8.3000000e+01   3.9785991e-01
   4.6240376e+01   8.3000000e+01   3.9785991e-01
   4.6250376e+01   8.3000000e+01   3.9785991e-01
   4.6260376e+01   8.3000000e+01   3.9785991e-01
   4.6270376e+01   8.3000000e+01   3.9785991e-01
   4.6280376e+01   8.3000000e+01   3.9785991e-01
   4.6290376e+01   8.3000000e+01   3.9785991e-01
   4.6300376e+01   8.3000000e+01   3.9785991e-01
   4.6310376e+01   8.3000000e+01   3.9785991e-01
   4.6320376e+01   8.3000000e+01   3.9785991e-01
   4.6330376e+01   8.3000000e+01   3.9785991e-01
   4.6340376e+01   8.3000000e+01   3.9785991e-01
   4.6350376e+01   8.3000000e+01   3.9785991e-01
   4.6360376e+01   8.3000000e+01   3.9785991e-01
   4.6370376e+01   8.3000000e+01   3.9785991e-01
   4.6380376e+01   8.3000000e+01   3.9785991e-01
   4.6390376e+01   8.3000000e+01   3.9785991e-01
   4.6400376e+01   8.3000000e+01   3.9785991e-01
   4.6410376e+01   8.3000000e+01   3.9785991e-01
   4.6420376e+01   8.3000000e+01   3.9785991e-01
   4.6430376e+01   8.3000000e+01   3.9785991e-01
   4.6440376e+01   8.3000000e+01   3.9785991e-01
   4.6450376e+01   8.3000000e+01   3.9785991e-01
   4.6460376e+01   8.3000000e+01   3.9785991e-01
   4.6470376e+01   8.3000000e+01   3.9785991e-01
   4.6480376e+01   8.3000000e+01   3.9785991e-01
   4.6490376e+01   8.3000000e+01   3.9785991e-01
   4.6495526e+01   8.3000000e+01   3.9785991e-01
   4.6495526e+01   8.4000000e+01   3.4241060e-01
   4.6495526e+01   8.4000000e+01   3.4241060e-01
   4.6505526e+01   8.4000000e+01   3.4241060e-01
   4.6515526e+01   8.4000000e+01   3.4241060e-01
   4.6525526e+01   8.4000000e+01   3.4241060e-01
   4.6535526e+01   8.4000000e+01   3.4241060e-01
   4.6545526e+01   8.4000000e+01   3.4241060e-01
   4.6555526e+01   8.4000000e+01   3.4241060e-01
   4.6565526e+01   8.4000000e+01   3.4241060e-01
   4.6575526e+01   8.4000000e+01   3.4241060e-01
   4.6585526e+01   8.4000000e+01   3.4241060e-01
   4.6595526e+01   8.4000000e+01   3.4241060e-01
   4.6605526e+01   8.4000000e+01   3.4241060e-01
   4.6615526e+01   8.4000000e+01   3.4241060e-01
   4.6625526e+01   8.4000000e+01   3.4241060e-01
   4.6635526e+01   8.4000000e+01   3.4241060e-01
   4.6645526e+01   8.4000000e+01   3.4241060e-01
   4.6655526e+01   8.4000000e+01   3.4241060e-01
   4.6665526e+01   8.4000000e+01   3.4241060e-01
   4.6675526e+01   8.4000000e+01   3.4241060e-01
   4.6685526e+01   8.4000000e+01   3.4241060e-01
   4.6695526e+01   8.4000000e+01   3.4241060e-01
   4.6705526e+01   8.4000000e+01   3.4241060e-01
   4.6715526e+01   8.4000000e+01   3.4241060e-01
   4.6725526e+01   8.4000000e+01   3.4241060e-01
   4.6735526e+01   8.4000000e+01   3.4241060e-01
   4.6745526e+01   8.4000000e+01   3.4241060e-01
   4.6755526e+01   8.4000000e+01   3.4241060e-01
   4.6765526e+01   8.4000000e+01   3.4241060e-01
   4.6775526e+01   8.4000000e+01   3.4241060e-01
   4.6785526e+01   8.4000000e+01   3.4241060e-01
   4.6795526e+01   8.4000000e+01   3.4241060e-01
   4.6805526e+01   8.4000000e+01   3.4241060e-01
   4.6815526e+01   8.4000000e+01   3.4241060e-01
   4.6825526e+01   8.4000000e+01   3.4241060e-01
   4.6835526e+01   8.4000000e+01   3.4241060e-01
   4.6845526e+01   8.4000000e+01   3.4241060e-01
   4.6855526e+01   8.4000000e+01   3.4241060e-01
   4.6865526e+01   8.4000000e+01   3.4241060e-01
   4.6875526e+01   8.4000000e+01   3.4241060e-01
   4.6885526e+01   8.4000000e+01   3.4241060e-01
   4.6895526e+01   8.4000000e+01   3.4241060e-01
   4.6905526e+01   8.4000000e+01   3.4241060e-01
   4.6915526e+01   8.4000000e+01   3.4241060e-01
   4.6925526e+01   8.4000000e+01   3.4241060e-01
   4.6935526e+01   8.4000000e+01   3.4241060e-01
   4.6945526e+01   8.4000000e+01   3.4241060e-01
   4.6955526e+01   8.4000000e+01   3.4241060e-01
   4.6965526e+01   8.4000000e+01   3.4241060e-01
   4.6975526e+01   8.4000000e+01   3.4241060e-01
   4.6985526e+01   8.4000000e+01   3.4241060e-01
   4.6995526e+01   8.4000000e+01   3.4241060e-01
   4.7005526e+01   8.4000000e+01   3.4241060e-01
   4.7015526e+01   8.4000000e+01   3.4241060e-01
   4.7025526e+01   8.4000000e+01   3.4241060e-01
   4.7035526e+01   8.4000000e+01   3.4241060e-01
   4.7045526e+01   8.4000000e+01   3.4241060e-01
   4.7055526e+01   8.4000000e+01   3.4241060e-01
   4.7065526e+01   8.4000000e+01   3.4241060e-01
   4.7075526e+01   8.4000000e+01   3.4241060e-01
   4.7085526e+01   8.4000000e+01   3.4241060e-01
   4.7095526e+01   8.4000000e+01   3.4241060e-01
   4.7105526e+01   8.4000000e+01   3.4241060e-01
   4.7115526e+01   8.4000000e+01   3.4241060e-01
   4.7125526e+01   8.4000000e+01   3.4241060e-01
   4.7135526e+01   8.4000000e+01   3.4241060e-01
   4.7145526e+01   8.4000000e+01   3.4241060e-01
   4.7155526e+01   8.4000000e+01   3.4241060e-01
   4.7165526e+01   8.4000000e+01   3.4241060e-01
   4.7175526e+01   8.4000000e+01   3.4241060e-01
   4.7185526e+01   8.4000000e+01   3.4241060e-01
   4.7195526e+01   8.4000000e+01   3.4241060e-01
   4.7205526e+01   8.4000000e+01   3.4241060e-01
   4.7215526e+01   8.4000000e+01   3.4241060e-01
   4.7225526e+01   8.4000000e+01   3.4241060e-01
   4.7235526e+01   8.4000000e+01   3.4241060e-01
   4.7245526e+01   8.4000000e+01   3.4241060e-01
   4.7255526e+01   8.4000000e+01   3.4241060e-01
   4.7265526e+01   8.4000000e+01   3.4241060e-01
   4.7275526e+01   8.4000000e+01   3.4241060e-01
   4.7285526e+01   8.4000000e+01   3.4241060e-01
   4.7295526e+01   8.4000000e+01   3.4241060e-01
   4.7305526e+01   8.4000000e+01   3.4241060e-01
   4.7315526e+01   8.4000000e+01   3.4241060e-01
   4.7325526e+01   8.4000000e+01   3.4241060e-01
   4.7335526e+01   8.4000000e+01   3.4241060e-01
   4.7345526e+01   8.4000000e+01   3.4241060e-01
   4.7355526e+01   8.4000000e+01   3.4241060e-01
   4.7365526e+01   8.4000000e+01   3.4241060e-01
   4.7372132e+01   8.4000000e+01   3.4241060e-01
   4.7372132e+01   8.5000000e+01   2.8636000e-01
   4.7372132e+01   8.5000000e+01   2.8636000e-01
   4.7382132e+01   8.5000000e+01   2.8636000e-01
   4.7392132e+01   8.5000000e+01   2.8636000e-01
   4.7402132e+01   8.5000000e+01   2.8636000e-01
   4.7412132e+01   8.5000000e+01   2.8636000e-01
   4.7422132e+01   8.5000000e+01   2.8636000e-01
   4.7432132e+01   8.5000000e+01   2.8636000e-01
   4.7442132e+01   8.5000000e+01   2.8636000e-01
   4.7452132e+01   8.5000000e+01   2.8636000e-01
   4.7462132e+01   8.5000000e+01   2.8636000e-01
   4.7472132e+01   8.5000000e+01   2.8636000e-01
   4.7482132e+01   8.5000000e+01   2.8636000e-01
   4.7492132e+01   8.5000000e+01   2.8636000e-01
   4.7502132e+01   8.5000000e+01   2.8636000e-01
   4.7512132e+01   8.5000000e+01   2.8636000e-01
   4.7522132e+01   8.5000000e+01   2.8636000e-01
   4.7532132e+01   8.5000000e+01   2.8636000e-01
   4.7542132e+01   8.5000000e+01   2.8636000e-01
   4.7552132e+01   8.5000000e+01   2.8636000e-01
   4.7562132e+01   8.5000000e+01   2.8636000e-01
   4.7572132e+01   8.5000000e+01   2.8636000e-01
   4.7582132e+01   8.5000000e+01   2.8636000e-01
   4.7592132e+01   8.5000000e+01   2.8636000e-01
   4.7602132e+01   8.5000000e+01   2.8636000e-01
   4.7612132e+01   8.5000000e+01   2.8636000e-01
   4.7622132e+01   8.5000000e+01   2.8636000e-01
   4.7632132e+01   8.5000000e+01   2.8636000e-01
   4.7642132e+01   8.5000000e+01   2.8636000e-01
   4.7652132e+01   8.5000000e+01   2.8636000e-01
   4.7662132e+01   8.5000000e+01   2.8636000e-01
   4.7672132e+01   8.5000000e+01   2.8636000e-01
   4.7682132e+01   8.5000000e+01   2.8636000e-01
   4.7692132e+01   8.5000000e+01   2.8636000e-01
   4.7702132e+01   8.5000000e+01   2.8636000e-01
   4.7712132e+01   8.5000000e+01   2.8636000e-01
   4.7722132e+01   8.5000000e+01   2.8636000e-01
   4.7732132e+01   8.5000000e+01   2.8636000e-01
   4.7742132e+01   8.5000000e+01   2.8636000e-01
   4.7752132e+01   8.5000000e+01   2.8636000e-01
   4.7762132e+01   8.5000000e+01   2.8636000e-01
   4.7772132e+01   8.5000000e+01   2.8636000e-01
   4.7782132e+01   8.5000000e+01   2.8636000e-01
   4.7792132e+01   8.5000000e+01   2.8636000e-01
   4.7802132e+01   8.5000000e+01   2.8636000e-01
   4.7812132e+01   8.5000000e+01   2.8636000e-01
   4.7822132e+01   8.5000000e+01   2.8636000e-01
   4.7832132e+01   8.5000000e+01   2.8636000e-01
   4.7842132e+01   8.5000000e+01   2.8636000e-01
   4.7852132e+01   8.5000000e+01   2.8636000e-01
   4.7862132e+01   8.5000000e+01   2.8636000e-01
   4.7872132e+01   8.5000000e+01   2.8636000e-01
   4.7882132e+01   8.5000000e+01   2.8636000e-01
   4.7892132e+01   8.5000000e+01   2.8636000e-01
   4.7902132e+01   8.5000000e+01   2.8636000e-01
   4.7912132e+01   8.5000000e+01   2.8636000e-01
   4.7922132e+01   8.5000000e+01   2.8636000e-01
   4.7932132e+01   8.5000000e+01   2.8636000e-01
   4.7942132e+01   8.5000000e+01   2.8636000e-01
   4.7952132e+01   8.5000000e+01   2.8636000e-01
   4.7962132e+01   8.5000000e+01   2.8636000e-01
   4.7972132e+01   8.5000000e+01   2.8636000e-01
   4.7982132e+01   8.5000000e+01   2.8636000e-01
   4.7992132e+01   8.5000000e+01   2.8636000e-01
   4.8002132e+01   8.5000000e+01   2.8636000e-01
   4.8012132e+01   8.5000000e+01   2.8636000e-01
   4.8022132e+01   8.5000000e+01   2.8636000e-01
   4.8032132e+01   8.5000000e+01   2.8636000e-01
   4.8042132e+01   8.5000000e+01   2.8636000e-01
   4.8052132e+01   8.5000000e+01   2.8636000e-01
   4.8062132e+01   8.5000000e+01   2.8636000e-01
   4.8072132e+01   8.5000000e+01   2.8636000e-01
   4.8082132e+01   8.5000000e+01   2.8636000e-01
   4.8092132e+01   8.5000000e+01   2.8636000e-01
   4.8102132e+01   8.5000000e+01   2.8636000e-01
   4.8112132e+01   8.5000000e+01   2.8636000e-01
   4.8122132e+01   8.5000000e+01   2.8636000e-01
   4.8132132e+01   8.5000000e+01   2.8636000e-01
   4.8142132e+01   8.5000000e+01   2.8636000e-01
   4.8152132e+01   8.5000000e+01   2.8636000e-01
   4.8162132e+01   8.5000000e+01   2.8636000e-01
   4.8172132e+01   8.5000000e+01   2.8636000e-01
   4.8182132e+01   8.5000000e+01   2.8636000e-01
   4.8192132e+01   8.5000000e+01   2.8636000e-01
   4.8202132e+01   8.5000000e+01   2.8636000e-01
   4.8212132e+01   8.5000000e+01   2.8636000e-01
   4.8222132e+01   8.5000000e+01   2.8636000e-01
   4.8232132e+01   8.5000000e+01   2.8636000e-01
   4.8242132e+01   8.5000000e+01   2.8636000e-01
   4.8249932e+01   8.5000000e+01   2.8636000e-01
   4.8249932e+01   8.6000000e+01   2.2978409e-01
   4.8249932e+01   8.6000000e+01   2.2978409e-01
   4.8259932e+01   8.6000000e+01   2.2978409e-01
   4.8269932e+01   8.6000000e+01   2.2978409e-01
   4.8279932e+01   8.6000000e+01   2.2978409e-01
   4.8289932e+01   8.6000000e+01   2.2978409e-01
   4.8299932e+01   8.6000000e+01   2.2978409e-01
   4.8309932e+01   8.6000000e+01   2.2978409e-01
   4.8319932e+01   8.6000000e+01   2.2978409e-01
   4.8329932e+01   8.6000000e+01   2.2978409e-01
   4.8339932e+01   8.6000000e+01   2.2978409e-01
   4.8349932e+01   8.6000000e+01   2.2978409e-01
   4.8359932e+01   8.6000000e+01   2.2978409e-01
   4.8369932e+01   8.6000000e+01   2.2978409e-01
   4.8379932e+01   8.6000000e+01   2.2978409e-01
   4.8389932e+01   8.6000000e+01   2.2978409e-01
   4.8399932e+01   8.6000000e+01   2.2978409e-01
   4.8409932e+01   8.6000000e+01   2.2978409e-01
   4.8419932e+01   8.6000000e+01   2.2978409e-01
   4.8429932e+01   8.6000000e+01   2.2978409e-01
   4.8439932e+01   8.6000000e+01   2.2978409e-01
   4.8449932e+01   8.6000000e+01   2.2978409e-01
   4.8459932e+01   8.6000000e+01   2.2978409e-01
   4.8469932e+01   8.6000000e+01   2.2978409e-01
   4.8479932e+01   8.6000000e+01   2.2978409e-01
   4.8489932e+01   8.6000000e+01   2.2978409e-01
   4.8499932e+01   8.6000000e+01   2.2978409e-01
   4.8509932e+01   8.6000000e+01   2.2978409e-01
   4.8519932e+01   8.6000000e+01   2.2978409e-01
   4.8529932e+01   8.6000000e+01   2.2978409e-01
   4.8539932e+01   8.6000000e+01   2.2978409e-01
   4.8549932e+01   8.6000000e+01   2.2978409e-01
   4.8559932e+01   8.6000000e+01   2.2978409e-01
   4.8569932e+01   8.6000000e+01   2.2978409e-01
   4.8579932e+01   8.6000000e+01   2.2978409e-01
   4.8589932e+01   8.6000000e+01   2.2978409e-01
   4.8599932e+01   8.6000000e+01   2.2978409e-01
   4.8609932e+01   8.6000000e+01   2.2978409e-01
   4.8619932e+01   8.6000000e+01   2.2978409e-01
   4.8629932e+01   8.6000000e+01   2.2978409e-01
   4.8639932e+01   8.6000000e+01   2.2978409e-01
   4.8649932e+01   8.6000000e+01   2.2978409e-01
   4.8659932e+01   8.6000000e+01   2.2978409e-01
   4.8669932e+01   8.6000000e+01   2.2978409e-01
   4.8679932e+01   8.6000000e+01   2.2978409e-01
   4.8689932e+01   8.6000000e+01   2.2978409e-01
   4.8699932e+01   8.6000000e+01   2.2978409e-01
   4.8709932e+01   8.6000000e+01   2.2978409e-01
   4.8719932e+01   8.6000000e+01   2.2978409e-01
   4.8729932e+01   8.6000000e+01   2.2978409e-01
   4.8739932e+01   8.6000000e+01   2.2978409e-01
   4.8749932e+01   8.6000000e+01   2.2978409e-01
   4.8759932e+01   8.6000000e+01   2.2978409e-01
   4.8769932e+01   8.6000000e+01   2.2978409e-01
   4.8779932e+01   8.6000000e+01   2.2978409e-01
   4.8789932e+01   8.6000000e+01   2.2978409e-01
   4.8799932e+01   8.6000000e+01   2.2978409e-01
   4.8809932e+01   8.6000000e+01   2.2978409e-01
   4.8819932e+01   8.6000000e+01   2.2978409e-01
   4.8829932e+01   8.6000000e+01   2.2978409e-01
   4.8839932e+01   8.6000000e+01   2.2978409e-01
   4.8849932e+01   8.6000000e+01   2.2978409e-01
   4.8859932e+01   8.6000000e+01   2.2978409e-01
   4.8869932e+01   8.6000000e+01   2.2978409e-01
   4.8879932e+01   8.6000000e+01   2.2978409e-01
   4.8889932e+01   8.6000000e+01   2.2978409e-01
   4.8899932e+01   8.6000000e+01   2.2978409e-01
   4.8909932e+01   8.6000000e+01   2.2978409e-01
   4.8919932e+01   8.6000000e+01   2.2978409e-01
   4.8929932e+01   8.6000000e+01   2.2978409e-01
   4.8939932e+01   8.6000000e+01   2.2978409e-01
   4.8949932e+01   8.6000000e+01   2.2978409e-01
   4.8959932e+01   8.6000000e+01   2.2978409e-01
   4.8969932e+01   8.6000000e+01   2.2978409e-01
   4.8979932e+01   8.6000000e+01   2.2978409e-01
   4.8989932e+01   8.6000000e+01   2.2978409e-01
   4.8999932e+01   8.6000000e+01   2.2978409e-01
   4.9009932e+01   8.6000000e+01   2.2978409e-01
   4.9019932e+01   8.6000000e+01   2.2978409e-01
   4.9029932e+01   8.6000000e+01   2.2978409e-01
   4.9039932e+01   8.6000000e+01   2.2978409e-01
   4.9049932e+01   8.6000000e+01   2.2978409e-01
   4.9059932e+01   8.6000000e+01   2.2978409e-01
   4.9069932e+01   8.6000000e+01   2.2978409e-01
   4.9079932e+01   8.6000000e+01   2.2978409e-01
   4.9089932e+01   8.6000000e+01   2.2978409e-01
   4.9099932e+01   8.6000000e+01   2.2978409e-01
   4.9109932e+01   8.6000000e+01   2.2978409e-01
   4.9119932e+01   8.6000000e+01   2.2978409e-01
   4.9128662e+01   8.6000000e+01   2.2978409e-01
   4.9128662e+01   8.7000000e+01   1.7276521e-01
   4.9128662e+01   8.7000000e+01   1.7276521e-01
   4.9138662e+01   8.7000000e+01   1.7276521e-01
   4.9148662e+01   8.7000000e+01   1.7276521e-01
   4.9158662e+01   8.7000000e+01   1.7276521e-01
   4.9168662e+01   8.7000000e+01   1.7276521e-01
   4.9178662e+01   8.7000000e+01   1.7276521e-01
   4.9188662e+01   8.7000000e+01   1.7276521e-01
   4.9198662e+01   8.7000000e+01   1.7276521e-01
   4.9208662e+01   8.7000000e+01   1.7276521e-01
   4.9218662e+01   8.7000000e+01   1.7276521e-01
   4.9228662e+01   8.7000000e+01   1.7276521e-01
   4.9238662e+01   8.7000000e+01   1.7276521e-01
   4.9248662e+01   8.7000000e+01   1.7276521e-01
   4.9258662e+01   8.7000000e+01   1.7276521e-01
   4.9268662e+01   8.7000000e+01   1.7276521e-01
   4.9278662e+01   8.7000000e+01   1.7276521e-01
   4.9288662e+01   8.7000000e+01   1.7276521e-01
   4.9298662e+01   8.7000000e+01   1.7276521e-01
   4.9308662e+01   8.7000000e+01   1.7276521e-01
   4.9318662e+01   8.7000000e+01   1.7276521e-01
   4.9328662e+01   8.7000000e+01   1.7276521e-01
   4.9338662e+01   8.7000000e+01   1.7276521e-01
   4.9348662e+01   8.7000000e+01   1.7276521e-01
   4.9358662e+01   8.7000000e+01   1.7276521e-01
   4.9368662e+01   8.7000000e+01   1.7276521e-01
   4.9378662e+01   8.7000000e+01   1.7276521e-01
   4.9388662e+01   8.7000000e+01   1.7276521e-01
   4.9398662e+01   8.7000000e+01   1.7276521e-01
   4.9408662e+01   8.7000000e+01   1.7276521e-01
   4.9418662e+01   8.7000000e+01   1.7276521e-01
   4.9428662e+01   8.7000000e+01   1.7276521e-01
   4.9438662e+01   8.7000000e+01   1.7276521e-01
   4.9448662e+01   8.7000000e+01   1.7276521e-01
   4.9458662e+01   8.7000000e+01   1.7276521e-01
   4.9468662e+01   8.7000000e+01   1.7276521e-01
   4.9478662e+01   8.7000000e+01   1.7276521e-01
   4.9488662e+01   8.7000000e+01   1.7276521e-01
   4.9498662e+01   8.7000000e+01   1.7276521e-01
   4.9508662e+01   8.7000000e+01   1.7276521e-01
   4.9518662e+01   8.7000000e+01   1.7276521e-01
   4.9528662e+01   8.7000000e+01   1.7276521e-01
   4.9538662e+01   8.7000000e+01   1.7276521e-01
   4.9548662e+01   8.7000000e+01   1.7276521e-01
   4.9558662e+01   8.7000000e+01   1.7276521e-01
   4.9568662e+01   8.7000000e+01   1.7276521e-01
   4.9578662e+01   8.7000000e+01   1.7276521e-01
   4.9588662e+01   8.7000000e+01   1.7276521e-01
   4.9598662e+01   8.7000000e+01   1.7276521e-01
   4.9608662e+01   8.7000000e+01   1.7276521e-01
   4.9618662e+01   8.7000000e+01   1.7276521e-01
   4.9628662e+01   8.7000000e+01   1.7276521e-01
   4.9638662e+01   8.7000000e+01   1.7276521e-01
   4.9648662e+01   8.7000000e+01   1.7276521e-01
   4.9658662e+01   8.7000000e+01   1.7276521e-01
   4.9668662e+01   8.7000000e+01   1.7276521e-01
   4.9678662e+01   8.7000000e+01   1.7276521e-01
   4.9688662e+01   8.7000000e+01   1.7276521e-01
   4.9698662e+01   8.7000000e+01   1.7276521e-01
   4.9708662e+01   8.7000000e+01   1.7276521e-01
   4.9718662e+01   8.7000000e+01   1.7276521e-01
   4.9728662e+01   8.7000000e+01   1.7276521e-01
   4.9738662e+01   8.7000000e+01   1.7276521e-01
   4.9748662e+01   8.7000000e+01   1.7276521e-01
   4.9758662e+01   8.7000000e+01   1.7276521e-01
   4.9768662e+01   8.7000000e+01   1.7276521e-01
   4.9778662e+01   8.7000000e+01   1.7276521e-01
   4.9788662e+01   8.7000000e+01   1.7276521e-01
   4.9798662e+01   8.7000000e+01   1.7276521e-01
   4.9808662e+01   8.7000000e+01   1.7276521e-01
   4.9818662e+01   8.7000000e+01   1.7276521e-01
   4.9828662e+01   8.7000000e+01   1.7276521e-01
   4.9838662e+01   8.7000000e+01   1.7276521e-01
   4.9848662e+01   8.7000000e+01   1.7276521e-01
   4.9858662e+01   8.7000000e+01   1.7276521e-01
   4.9868662e+01   8.7000000e+01   1.7276521e-01
   4.9878662e+01   8.7000000e+01   1.7276521e-01
   4.9888662e+01   8.7000000e+01   1.7276521e-01
   4.9898662e+01   8.7000000e+01   1.7276521e-01
   4.9908662e+01   8.7000000e+01   1.7276521e-01
   4.9918662e+01   8.7000000e+01   1.7276521e-01
   4.9928662e+01   8.7000000e+01   1.7276521e-01
   4.9938662e+01   8.7000000e+01   1.7276521e-01
   4.9948662e+01   8.7000000e+01   1.7276521e-01
   4.9958662e+01   8.7000000e+01   1.7276521e-01
   4.9968662e+01   8.7000000e+01   1.7276521e-01
   4.9978662e+01   8.7000000e+01   1.7276521e-01
   4.9988662e+01   8.7000000e+01   1.7276521e-01
   4.9998662e+01   8.7000000e+01   1.7276521e-01
   5.0008056e+01   8.7000000e+01   1.7276521e-01
   5.0008056e+01   8.8000000e+01   1.1539318e-01
   5.0008056e+01   8.8000000e+01   1.1539318e-01
   5.0018056e+01   8.8000000e+01   1.1539318e-01
   5.0028056e+01   8.8000000e+01   1.1539318e-01
   5.0038056e+01   8.8000000e+01   1.1539318e-01
   5.0048056e+01   8.8000000e+01   1.1539318e-01
   5.0058056e+01   8.8000000e+01   1.1539318e-01
   5.0068056e+01   8.8000000e+01   1.1539318e-01
   5.0078056e+01   8.8000000e+01   1.1539318e-01
   5.0088056e+01   8.8000000e+01   1.1539318e-01
   5.0098056e+01   8.8000000e+01   1.1539318e-01
   5.0108056e+01   8.8000000e+01   1.1539318e-01
   5.0118056e+01   8.8000000e+01   1.1539318e-01
   5.0128056e+01   8.8000000e+01   1.1539318e-01
   5.0138056e+01   8.8000000e+01   1.1539318e-01
   5.0148056e+01   8.8000000e+01   1.1539318e-01
   5.0158056e+01   8.8000000e+01   1.1539318e-01
   5.0168056e+01   8.8000000e+01   1.1539318e-01
   5.0178056e+01   8.8000000e+01   1.1539318e-01
   5.0188056e+01   8.8000000e+01   1.1539318e-01
   5.0198056e+01   8.8000000e+01   1.1539318e-01
   5.0208056e+01   8.8000000e+01   1.1539318e-01
   5.0218056e+01   8.8000000e+01   1.1539318e-01
   5.0228056e+01   8.8000000e+01   1.1539318e-01
   5.0238056e+01   8.8000000e+01   1.1539318e-01
   5.0248056e+01   8.8000000e+01   1.1539318e-01
   5.0258056e+01   8.8000000e+01   1.1539318e-01
   5.0268056e+01   8.8000000e+01   1.1539318e-01
   5.0278056e+01   8.8000000e+01   1.1539318e-01
   5.0288056e+01   8.8000000e+01   1.1539318e-01
   5.0298056e+01   8.8000000e+01   1.1539318e-01
   5.0308056e+01   8.8000000e+01   1.1539318e-01
   5.0318056e+01   8.8000000e+01   1.1539318e-01
   5.0328056e+01   8.8000000e+01   1.1539318e-01
   5.0338056e+01   8.8000000e+01   1.1539318e-01
   5.0348056e+01   8.8000000e+01   1.1539318e-01
   5.0358056e+01   8.8000000e+01   1.1539318e-01
   5.0368056e+01   8.8000000e+01   1.1539318e-01
   5.0378056e+01   8.8000000e+01   1.1539318e-01
   5.0388056e+01   8.8000000e+01   1.1539318e-01
   5.0398056e+01   8.8000000e+01   1.1539318e-01
   5.0408056e+01   8.8000000e+01   1.1539318e-01
   5.0418056e+01   8.8000000e+01   1.1539318e-01
   5.0428056e+01   8.8000000e+01   1.1539318e-01
   5.0438056e+01   8.8000000e+01   1.1539318e-01
   5.0448056e+01   8.8000000e+01   1.1539318e-01
   5.0458056e+01   8.8000000e+01   1.1539318e-01
   5.0468056e+01   8.8000000e+01   1.1539318e-01
   5.0478056e+01   8.8000000e+01   1.1539318e-01
   5.0488056e+01   8.8000000e+01   1.1539318e-01
   5.0498056e+01   8.8000000e+01   1.1539318e-01
   5.0508056e+01   8.8000000e+01   1.1539318e-01
   5.0518056e+01   8.8000000e+01   1.1539318e-01
   5.0528056e+01   8.8000000e+01   1.1539318e-01
   5.0538056e+01   8.8000000e+01   1.1539318e-01
   5.0548056e+01   8.8000000e+01   1.1539318e-01
   5.0558056e+01   8.8000000e+01   1.1539318e-01
   5.0568056e+01   8.8000000e+01   1.1539318e-01
   5.0578056e+01   8.8000000e+01   1.1539318e-01
   5.0588056e+01   8.8000000e+01   1.1539318e-01
   5.0598056e+01   8.8000000e+01   1.1539318e-01
   5.0608056e+01   8.8000000e+01   1.1539318e-01
   5.0618056e+01   8.8000000e+01   1.1539318e-01
   5.0628056e+01   8.8000000e+01   1.1539318e-01
   5.0638056e+01   8.8000000e+01   1.1539318e-01
   5.0648056e+01   8.8000000e+01   1.1539318e-01
   5.0658056e+01   8.8000000e+01   1.1539318e-01
   5.0668056e+01   8.8000000e+01   1.1539318e-01
   5.0678056e+01   8.8000000e+01   1.1539318e-01
   5.0688056e+01   8.8000000e+01   1.1539318e-01
   5.0698056e+01   8.8000000e+01   1.1539318e-01
   5.0708056e+01   8.8000000e+01   1.1539318e-01
   5.0718056e+01   8.8000000e+01   1.1539318e-01
   5.0728056e+01   8.8000000e+01   1.1539318e-01
   5.0738056e+01   8.8000000e+01   1.1539318e-01
   5.0748056e+01   8.8000000e+01   1.1539318e-01
   5.0758056e+01   8.8000000e+01   1.1539318e-01
   5.0768056e+01   8.8000000e+01   1.1539318e-01
   5.0778056e+01   8.8000000e+01   1.1539318e-01
   5.0788056e+01   8.8000000e+01   1.1539318e-01
   5.0798056e+01   8.8000000e+01   1.1539318e-01
   5.0808056e+01   8.8000000e+01   1.1539318e-01
   5.0818056e+01   8.8000000e+01   1.1539318e-01
   5.0828056e+01   8.8000000e+01   1.1539318e-01
   5.0838056e+01   8.8000000e+01   1.1539318e-01
   5.0848056e+01   8.8000000e+01   1.1539318e-01
   5.0858056e+01   8.8000000e+01   1.1539318e-01
   5.0868056e+01   8.8000000e+01   1.1539318e-01
   5.0878056e+01   8.8000000e+01   1.1539318e-01
   5.0887849e+01   8.8000000e+01   1.1539318e-01
   5.0887849e+01   8.9000000e+01   5.7767155e-02
   5.0887849e+01   8.9000000e+01   5.7767155e-02
   5.0897849e+01   8.9000000e+01   5.7767155e-02
   5.0907849e+01   8.9000000e+01   5.7767155e-02
   5.0917849e+01   8.9000000e+01   5.7767155e-02
   5.0927849e+01   8.9000000e+01   5.7767155e-02
   5.0937849e+01   8.9000000e+01   5.7767155e-02
   5.0947849e+01   8.9000000e+01   5.7767155e-02
   5.0957849e+01   8.9000000e+01   5.7767155e-02
   5.0967849e+01   8.9000000e+01   5.7767155e-02
   5.0977849e+01   8.9000000e+01   5.7767155e-02
   5.0987849e+01   8.9000000e+01   5.7767155e-02
   5.0997849e+01   8.9000000e+01   5.7767155e-02
   5.1007849e+01   8.9000000e+01   5.7767155e-02
   5.1017849e+01   8.9000000e+01   5.7767155e-02
   5.1027849e+01   8.9000000e+01   5.7767155e-02
   5.1037849e+01   8.9000000e+01   5.7767155e-02
   5.1047849e+01   8.9000000e+01   5.7767155e-02
   5.1057849e+01   8.9000000e+01   5.7767155e-02
   5.1067849e+01   8.9000000e+01   5.7767155e-02
   5.1077849e+01   8.9000000e+01   5.7767155e-02
   5.1087849e+01   8.9000000e+01   5.7767155e-02
   5.1097849e+01   8.9000000e+01   5.7767155e-02
   5.1107849e+01   8.9000000e+01   5.7767155e-02
   5.1117849e+01   8.9000000e+01   5.7767155e-02
   5.1127849e+01   8.9000000e+01   5.7767155e-02
   5.1137849e+01   8.9000000e+01   5.7767155e-02
   5.1147849e+01   8.9000000e+01   5.7767155e-02
   5.1157849e+01   8.9000000e+01   5.7767155e-02
   5.1167849e+01   8.9000000e+01   5.7767155e-02
   5.1177849e+01   8.9000000e+01   5.7767155e-02
   5.1187849e+01   8.9000000e+01   5.7767155e-02
   5.1197849e+01   8.9000000e+01   5.7767155e-02
   5.1207849e+01   8.9000000e+01   5.7767155e-02
   5.1217849e+01   8.9000000e+01   5.7767155e-02
   5.1227849e+01   8.9000000e+01   5.7767155e-02
   5.1237849e+01   8.9000000e+01   5.7767155e-02
   5.1247849e+01   8.9000000e+01   5.7767155e-02
   5.1257849e+01   8.9000000e+01   5.7767155e-02
   5.1267849e+01   8.9000000e+01   5.7767155e-02
   5.1277849e+01   8.9000000e+01   5.7767155e-02
   5.1287849e+01   8.9000000e+01   5.7767155e-02
   5.1297849e+01   8.9000000e+01   5.7767155e-02
   5.1307849e+01   8.9000000e+01   5.7767155e-02
   5.1317849e+01   8.9000000e+01   5.7767155e-02
   5.1327849e+01   8.9000000e+01   5.7767155e-02
   5.1337849e+01   8.9000000e+01   5.7767155e-02
   5.1347849e+01   8.9000000e+01   5.7767155e-02
   5.1357849e+01   8.9000000e+01   5.7767155e-02
   5.1367849e+01   8.9000000e+01   5.7767155e-02
   5.1377849e+01   8.9000000e+01   5.7767155e-02
   5.1387849e+01   8.9000000e+01   5.7767155e-02
   5.1397849e+01   8.9000000e+01   5.7767155e-02
   5.1407849e+01   8.9000000e+01   5.7767155e-02
   5.1417849e+01   8.9000000e+01   5.7767155e-02
   5.1427849e+01   8.9000000e+01   5.7767155e-02
   5.1437849e+01   8.9000000e+01   5.7767155e-02
   5.1447849e+01   8.9000000e+01   5.7767155e-02
   5.1457849e+01   8.9000000e+01   5.7767155e-02
   5.1467849e+01   8.9000000e+01   5.7767155e-02
   5.1477849e+01   8.9000000e+01   5.7767155e-02
   5.1487849e+01   8.9000000e+01   5.7767155e-02
   5.1497849e+01   8.9000000e+01   5.7767155e-02
   5.1507849e+01   8.9000000e+01   5.7767155e-02
   5.1517849e+01   8.9000000e+01   5.7767155e-02
   5.1527849e+01   8.9000000e+01   5.7767155e-02
   5.1537849e+01   8.9000000e+01   5.7767155e-02
   5.1547849e+01   8.9000000e+01   5.7767155e-02
   5.1557849e+01   8.9000000e+01   5.7767155e-02
   5.1567849e+01   8.9000000e+01   5.7767155e-02
   5.1577849e+01   8.9000000e+01   5.7767155e-02
   5.1587849e+01   8.9000000e+01   5.7767155e-02
   5.1597849e+01   8.9000000e+01   5.7767155e-02
   5.1607849e+01   8.9000000e+01   5.7767155e-02
   5.1617849e+01   8.9000000e+01   5.7767155e-02
   5.1627849e+01   8.9000000e+01   5.7767155e-02
   5.1637849e+01   8.9000000e+01   5.7767155e-02
   5.1647849e+01   8.9000000e+01   5.7767155e-02
   5.1657849e+01   8.9000000e+01   5.7767155e-02
   5.1667849e+01   8.9000000e+01   5.7767155e-02
   5.1677849e+01   8.9000000e+01   5.7767155e-02
   5.1687849e+01   8.9000000e+01   5.7767155e-02
   5.1697849e+01   8.9000000e+01   5.7767155e-02
   5.1707849e+01   8.9000000e+01   5.7767155e-02
   5.1717849e+01   8.9000000e+01   5.7767155e-02
   5.1727849e+01   8.9000000e+01   5.7767155e-02
   5.1737849e+01   8.9000000e+01   5.7767155e-02
   5.1747849e+01   8.9000000e+01   5.7767155e-02
   5.1757849e+01   8.9000000e+01   5.7767155e-02
   5.1767774e+01   8.9000000e+01   5.7767155e-02
   5.1767774e+01   9.0000000e+01   2.0276172e-16
