   0.0000000e+00   0.0000000e+00   0.0000000e+00
   1.3398768e-05   0.0000000e+00   0.0000000e+00
   8.0392610e-05   0.0000000e+00   0.0000000e+00
   4.1536182e-04   0.0000000e+00   0.0000000e+00
   2.0902079e-03   0.0000000e+00   0.0000000e+00
   1.0464438e-02   0.0000000e+00   0.0000000e+00
   2.0464438e-02   0.0000000e+00   0.0000000e+00
   3.0464438e-02   0.0000000e+00   0.0000000e+00
   4.0464438e-02   0.0000000e+00   0.0000000e+00
   5.0464438e-02   0.0000000e+00   0.0000000e+00
   5.1443869e-02   0.0000000e+00   0.0000000e+00
   5.1443869e-02   1.0000000e+00   6.9400367e-01
   5.1443869e-02   1.0000000e+00   6.9400367e-01
   6.1443869e-02   1.0000000e+00   6.9400367e-01
   7.1443869e-02   1.0000000e+00   6.9400367e-01
   8.1443869e-02   1.0000000e+00   6.9400367e-01
   9.1443869e-02   1.0000000e+00   6.9400367e-01
   1.0144387e-01   1.0000000e+00   6.9400367e-01
   1.1144387e-01   1.0000000e+00   6.9400367e-01
   1.2144387e-01   1.0000000e+00   6.9400367e-01
   1.3144387e-01   1.0000000e+00   6.9400367e-01
   1.4144387e-01   1.0000000e+00   6.9400367e-01
   1.5089649e-01   1.0000000e+00   6.9400367e-01
   1.5089649e-01   2.0000000e+00   1.2322033e+00
   1.5089649e-01   2.0000000e+00   1.2322033e+00
   1.6089649e-01   2.0000000e+00   1.2322033e+00
   1.7089649e-01   2.0000000e+00   1.2322033e+00
   1.8089649e-01   2.0000000e+00   1.2322033e+00
   1.9089649e-01   2.0000000e+00   1.2322033e+00
   2.0089649e-01   2.0000000e+00   1.2322033e+00
   2.1089649e-01   2.0000000e+00   1.2322033e+00
   2.2089649e-01   2.0000000e+00   1.2322033e+00
   2.3089649e-01   2.0000000e+00   1.2322033e+00
   2.4089649e-01   2.0000000e+00   1.2322033e+00
   2.5089649e-01   2.0000000e+00   1.2322033e+00
   2.6089649e-01   2.0000000e+00   1.2322033e+00
   2.7089649e-01   2.0000000e+00   1.2322033e+00
   2.8089649e-01   2.0000000e+00   1.2322033e+00
   2.9089649e-01   2.0000000e+00   1.2322033e+00
   2.9555371e-01   2.0000000e+00   1.2322033e+00
   2.9555371e-01   3.0000000e+00   1.6691886e+00
   2.9555371e-01   3.0000000e+00   1.6691886e+00
   3.0555371e-01   3.0000000e+00   1.6691886e+00
   3.1555371e-01   3.0000000e+00   1.6691886e+00
   3.2555371e-01   3.0000000e+00   1.6691886e+00
   3.3555371e-01   3.0000000e+00   1.6691886e+00
   3.4555371e-01   3.0000000e+00   1.6691886e+00
   3.5555371e-01   3.0000000e+00   1.6691886e+00
   3.6555371e-01   3.0000000e+00   1.6691886e+00
   3.7555371e-01   3.0000000e+00   1.6691886e+00
   3.8555371e-01   3.0000000e+00   1.6691886e+00
   3.9555371e-01   3.0000000e+00   1.6691886e+00
   4.0555371e-01   3.0000000e+00   1.6691886e+00
   4.1555371e-01   3.0000000e+00   1.6691886e+00
   4.2555371e-01   3.0000000e+00   1.6691886e+00
   4.3555371e-01   3.0000000e+00   1.6691886e+00
   4.4555371e-01   3.0000000e+00   1.6691886e+00
   4.5555371e-01   3.0000000e+00   1.6691886e+00
   4.6555371e-01   3.0000000e+00   1.6691886e+00
   4.7555371e-01   3.0000000e+00   1.6691886e+00
   4.8307326e-01   3.0000000e+00   1.6691886e+00
   4.8307326e-01   4.0000000e+00   2.0352610e+00
   4.8307326e-01   4.0000000e+00   2.0352610e+00
   4.9307326e-01   4.0000000e+00   2.0352610e+00
   5.0307326e-01   4.0000000e+00   2.0352610e+00
   5.1307326e-01   4.0000000e+00   2.0352610e+00
   5.2307326e-01   4.0000000e+00   2.0352610e+00
   5.3307326e-01   4.0000000e+00   2.0352610e+00
   5.4307326e-01   4.0000000e+00   2.0352610e+00
   5.5307326e-01   4.0000000e+00   2.0352610e+00
   5.6307326e-01   4.0000000e+00   2.0352610e+00
   5.7307326e-01   4.0000000e+00   2.0352610e+00
   5.8307326e-01   4.0000000e+00   2.0352610e+00
   5.9307326e-01   4.0000000e+00   2.0352610e+00
   6.0307326e-01   4.0000000e+00   2.0352610e+00
   6.1307326e-01   4.0000000e+00   2.0352610e+00
   6.2307326e-01   4.0000000e+00   2.0352610e+00
   6.3307326e-01   4.0000000e+00   2.0352610e+00
   6.4307326e-01   4.0000000e+00   2.0352610e+00
   6.5307326e-01   4.0000000e+00   2.0352610e+00
   6.6307326e-01   4.0000000e+00   2.0352610e+00
   6.7307326e-01   4.0000000e+00   2.0352610e+00
   6.8307326e-01   4.0000000e+00   2.0352610e+00
   6.9307326e-01   4.0000000e+00   2.0352610e+00
   7.0307326e-01   4.0000000e+00   2.0352610e+00
   7.1145992e-01   4.0000000e+00   2.0352610e+00
   7.1145992e-01   5.0000000e+00   2.3488829e+00
   7.1145992e-01   5.0000000e+00   2.3488829e+00
   7.2145992e-01   5.0000000e+00   2.3488829e+00
   7.3145992e-01   5.0000000e+00   2.3488829e+00
   7.4145992e-01   5.0000000e+00   2.3488829e+00
   7.5145992e-01   5.0000000e+00   2.3488829e+00
   7.6145992e-01   5.0000000e+00   2.3488829e+00
   7.7145992e-01   5.0000000e+00   2.3488829e+00
   7.8145992e-01   5.0000000e+00   2.3488829e+00
   7.9145992e-01   5.0000000e+00   2.3488829e+00
   8.0145992e-01   5.0000000e+00   2.3488829e+00
   8.1145992e-01   5.0000000e+00   2.3488829e+00
   8.2145992e-01   5.0000000e+00   2.3488829e+00
   8.3145992e-01   5.0000000e+00   2.3488829e+00
   8.4145992e-01   5.0000000e+00   2.3488829e+00
   8.5145992e-01   5.0000000e+00   2.3488829e+00
   8.6145992e-01   5.0000000e+00   2.3488829e+00
   8.7145992e-01   5.0000000e+00   2.3488829e+00
   8.8145992e-01   5.0000000e+00   2.3488829e+00
   8.9145992e-01   5.0000000e+00   2.3488829e+00
   9.0145992e-01   5.0000000e+00   2.3488829e+00
   9.1145992e-01   5.0000000e+00   2.3488829e+00
   9.2145992e-01   5.0000000e+00   2.3488829e+00
   9.3145992e-01   5.0000000e+00   2.3488829e+00
   9.4145992e-01   5.0000000e+00   2.3488829e+00
   9.5145992e-01   5.0000000e+00   2.3488829e+00
   9.6145992e-01   5.0000000e+00   2.3488829e+00
   9.7145992e-01   5.0000000e+00   2.3488829e+00
   9.7898618e-01   5.0000000e+00   2.3488829e+00
   9.7898618e-01   6.0000000e+00   2.6220871e+00
   9.7898618e-01   6.0000000e+00   2.6220871e+00
   9.8898618e-01   6.0000000e+00   2.6220871e+00
   9.9898618e-01   6.0000000e+00   2.6220871e+00
   1.0089862e+00   6.0000000e+00   2.6220871e+00
   1.0189862e+00   6.0000000e+00   2.6220871e+00
   1.0289862e+00   6.0000000e+00   2.6220871e+00
   1.0389862e+00   6.0000000e+00   2.6220871e+00
   1.0489862e+00   6.0000000e+00   2.6220871e+00
   1.0589862e+00   6.0000000e+00   2.6220871e+00
   1.0689862e+00   6.0000000e+00   2.6220871e+00
   1.0789862e+00   6.0000000e+00   2.6220871e+00
   1.0889862e+00   6.0000000e+00   2.6220871e+00
   1.0989862e+00   6.0000000e+00   2.6220871e+00
   1.1089862e+00   6.0000000e+00   2.6220871e+00
   1.1189862e+00   6.0000000e+00   2.6220871e+00
   1.1289862e+00   6.0000000e+00   2.6220871e+00
   1.1389862e+00   6.0000000e+00   2.6220871e+00
   1.1489862e+00   6.0000000e+00   2.6220871e+00
   1.1589862e+00   6.0000000e+00   2.6220871e+00
   1.1689862e+00   6.0000000e+00   2.6220871e+00
   1.1789862e+00   6.0000000e+00   2.6220871e+00
   1.1889862e+00   6.0000000e+00   2.6220871e+00
   1.1989862e+00   6.0000000e+00   2.6220871e+00
   1.2089862e+00   6.0000000e+00   2.6220871e+00
   1.2189862e+00   6.0000000e+00   2.6220871e+00
   1.2289862e+00   6.0000000e+00   2.6220871e+00
   1.2389862e+00   6.0000000e+00   2.6220871e+00
   1.2489862e+00   6.0000000e+00   2.6220871e+00
   1.2589862e+00   6.0000000e+00   2.6220871e+00
   1.2689862e+00   6.0000000e+00   2.6220871e+00
   1.2789862e+00   6.0000000e+00   2.6220871e+00
   1.2841358e+00   6.0000000e+00   2.6220871e+00
   1.2841358e+00   7.0000000e+00   2.8631273e+00
   1.2841358e+00   7.0000000e+00   2.8631273e+00
   1.2941358e+00   7.0000000e+00   2.8631273e+00
   1.3041358e+00   7.0000000e+00   2.8631273e+00
   1.3141358e+00   7.0000000e+00   2.8631273e+00
   1.3241358e+00   7.0000000e+00   2.8631273e+00
   1.3341358e+00   7.0000000e+00   2.8631273e+00
   1.3441358e+00   7.0000000e+00   2.8631273e+00
   1.3541358e+00   7.0000000e+00   2.8631273e+00
   1.3641358e+00   7.0000000e+00   2.8631273e+00
   1.3741358e+00   7.0000000e+00   2.8631273e+00
   1.3841358e+00   7.0000000e+00   2.8631273e+00
   1.3941358e+00   7.0000000e+00   2.8631273e+00
   1.4041358e+00   7.0000000e+00   2.8631273e+00
   1.4141358e+00   7.0000000e+00   2.8631273e+00
   1.4241358e+00   7.0000000e+00   2.8631273e+00
   1.4341358e+00   7.0000000e+00   2.8631273e+00
   1.4441358e+00   7.0000000e+00   2.8631273e+00
   1.4541358e+00   7.0000000e+00   2.8631273e+00
   1.4641358e+00   7.0000000e+00   2.8631273e+00
   1.4741358e+00   7.0000000e+00   2.8631273e+00
   1.4841358e+00   7.0000000e+00   2.8631273e+00
   1.4941358e+00   7.0000000e+00   2.8631273e+00
   1.5041358e+00   7.0000000e+00   2.8631273e+00
   1.5141358e+00   7.0000000e+00   2.8631273e+00
   1.5241358e+00   7.0000000e+00   2.8631273e+00
   1.5341358e+00   7.0000000e+00   2.8631273e+00
   1.5441358e+00   7.0000000e+00   2.8631273e+00
   1.5541358e+00   7.0000000e+00   2.8631273e+00
   1.5641358e+00   7.0000000e+00   2.8631273e+00
   1.5741358e+00   7.0000000e+00   2.8631273e+00
   1.5841358e+00   7.0000000e+00   2.8631273e+00
   1.5941358e+00   7.0000000e+00   2.8631273e+00
   1.6041358e+00   7.0000000e+00   2.8631273e+00
   1.6141358e+00   7.0000000e+00   2.8631273e+00
   1.6241358e+00   7.0000000e+00   2.8631273e+00
   1.6255629e+00   7.0000000e+00   2.8631273e+00
   1.6255629e+00   8.0000000e+00   3.0778957e+00
   1.6255629e+00   8.0000000e+00   3.0778957e+00
   1.6355629e+00   8.0000000e+00   3.0778957e+00
   1.6455629e+00   8.0000000e+00   3.0778957e+00
   1.6555629e+00   8.0000000e+00   3.0778957e+00
   1.6655629e+00   8.0000000e+00   3.0778957e+00
   1.6755629e+00   8.0000000e+00   3.0778957e+00
   1.6855629e+00   8.0000000e+00   3.0778957e+00
   1.6955629e+00   8.0000000e+00   3.0778957e+00
   1.7055629e+00   8.0000000e+00   3.0778957e+00
   1.7155629e+00   8.0000000e+00   3.0778957e+00
   1.7255629e+00   8.0000000e+00   3.0778957e+00
   1.7355629e+00   8.0000000e+00   3.0778957e+00
   1.7455629e+00   8.0000000e+00   3.0778957e+00
   1.7555629e+00   8.0000000e+00   3.0778957e+00
   1.7655629e+00   8.0000000e+00   3.0778957e+00
   1.7755629e+00   8.0000000e+00   3.0778957e+00
   1.7855629e+00   8.0000000e+00   3.0778957e+00
   1.7955629e+00   8.0000000e+00   3.0778957e+00
   1.8055629e+00   8.0000000e+00   3.0778957e+00
   1.8155629e+00   8.0000000e+00   3.0778957e+00
   1.8255629e+00   8.0000000e+00   3.0778957e+00
   1.8355629e+00   8.0000000e+00   3.0778957e+00
   1.8455629e+00   8.0000000e+00   3.0778957e+00
   1.8555629e+00   8.0000000e+00   3.0778957e+00
   1.8655629e+00   8.0000000e+00   3.0778957e+00
   1.8755629e+00   8.0000000e+00   3.0778957e+00
   1.8855629e+00   8.0000000e+00   3.0778957e+00
   1.8955629e+00   8.0000000e+00   3.0778957e+00
   1.9055629e+00   8.0000000e+00   3.0778957e+00
   1.9155629e+00   8.0000000e+00   3.0778957e+00
   1.9255629e+00   8.0000000e+00   3.0778957e+00
   1.9355629e+00   8.0000000e+00   3.0778957e+00
   1.9455629e+00   8.0000000e+00   3.0778957e+00
   1.9555629e+00   8.0000000e+00   3.0778957e+00
   1.9655629e+00   8.0000000e+00   3.0778957e+00
   1.9755629e+00   8.0000000e+00   3.0778957e+00
   1.9855629e+00   8.0000000e+00   3.0778957e+00
   1.9955629e+00   8.0000000e+00   3.0778957e+00
   2.0020610e+00   8.0000000e+00   3.0778957e+00
   2.0020610e+00   9.0000000e+00   3.2707366e+00
   2.0020610e+00   9.0000000e+00   3.2707366e+00
   2.0120610e+00   9.0000000e+00   3.2707366e+00
   2.0220610e+00   9.0000000e+00   3.2707366e+00
   2.0320610e+00   9.0000000e+00   3.2707366e+00
   2.0420610e+00   9.0000000e+00   3.2707366e+00
   2.0520610e+00   9.0000000e+00   3.2707366e+00
   2.0620610e+00   9.0000000e+00   3.2707366e+00
   2.0720610e+00   9.0000000e+00   3.2707366e+00
   2.0820610e+00   9.0000000e+00   3.2707366e+00
   2.0920610e+00   9.0000000e+00   3.2707366e+00
   2.1020610e+00   9.0000000e+00   3.2707366e+00
   2.1120610e+00   9.0000000e+00   3.2707366e+00
   2.1220610e+00   9.0000000e+00   3.2707366e+00
   2.1320610e+00   9.0000000e+00   3.2707366e+00
   2.1420610e+00   9.0000000e+00   3.2707366e+00
   2.1520610e+00   9.0000000e+00   3.2707366e+00
   2.1620610e+00   9.0000000e+00   3.2707366e+00
   2.1720610e+00   9.0000000e+00   3.2707366e+00
   2.1820610e+00   9.0000000e+00   3.2707366e+00
   2.1920610e+00   9.0000000e+00   3.2707366e+00
   2.2020610e+00   9.0000000e+00   3.2707366e+00
   2.2120610e+00   9.0000000e+00   3.2707366e+00
   2.2220610e+00   9.0000000e+00   3.2707366e+00
   2.2320610e+00   9.0000000e+00   3.2707366e+00
   2.2420610e+00   9.0000000e+00   3.2707366e+00
   2.2520610e+00   9.0000000e+00   3.2707366e+00
   2.2620610e+00   9.0000000e+00   3.2707366e+00
   2.2720610e+00   9.0000000e+00   3.2707366e+00
   2.2820610e+00   9.0000000e+00   3.2707366e+00
   2.2920610e+00   9.0000000e+00   3.2707366e+00
   2.3020610e+00   9.0000000e+00   3.2707366e+00
   2.3120610e+00   9.0000000e+00   3.2707366e+00
   2.3220610e+00   9.0000000e+00   3.2707366e+00
   2.3320610e+00   9.0000000e+00   3.2707366e+00
   2.3420610e+00   9.0000000e+00   3.2707366e+00
   2.3520610e+00   9.0000000e+00   3.2707366e+00
   2.3620610e+00   9.0000000e+00   3.2707366e+00
   2.3720610e+00   9.0000000e+00   3.2707366e+00
   2.3820610e+00   9.0000000e+00   3.2707366e+00
   2.3920610e+00   9.0000000e+00   3.2707366e+00
   2.4020610e+00   9.0000000e+00   3.2707366e+00
   2.4120610e+00   9.0000000e+00   3.2707366e+00
   2.4125400e+00   9.0000000e+00   3.2707366e+00
   2.4125400e+00   1.0000000e+01   3.4449386e+00
   2.4125400e+00   1.0000000e+01   3.4449386e+00
   2.4225400e+00   1.0000000e+01   3.4449386e+00
   2.4325400e+00   1.0000000e+01   3.4449386e+00
   2.4425400e+00   1.0000000e+01   3.4449386e+00
   2.4525400e+00   1.0000000e+01   3.4449386e+00
   2.4625400e+00   1.0000000e+01   3.4449386e+00
   2.4725400e+00   1.0000000e+01   3.4449386e+00
   2.4825400e+00   1.0000000e+01   3.4449386e+00
   2.4925400e+00   1.0000000e+01   3.4449386e+00
   2.5025400e+00   1.0000000e+01   3.4449386e+00
   2.5125400e+00   1.0000000e+01   3.4449386e+00
   2.5225400e+00   1.0000000e+01   3.4449386e+00
   2.5325400e+00   1.0000000e+01   3.4449386e+00
   2.5425400e+00   1.0000000e+01   3.4449386e+00
   2.5525400e+00   1.0000000e+01   3.4449386e+00
   2.5625400e+00   1.0000000e+01   3.4449386e+00
   2.5725400e+00   1.0000000e+01   3.4449386e+00
   2.5825400e+00   1.0000000e+01   3.4449386e+00
   2.5925400e+00   1.0000000e+01   3.4449386e+00
   2.6025400e+00   1.0000000e+01   3.4449386e+00
   2.6125400e+00   1.0000000e+01   3.4449386e+00
   2.6225400e+00   1.0000000e+01   3.4449386e+00
   2.6325400e+00   1.0000000e+01   3.4449386e+00
   2.6425400e+00   1.0000000e+01   3.4449386e+00
   2.6525400e+00   1.0000000e+01   3.4449386e+00
   2.6625400e+00   1.0000000e+01   3.4449386e+00
   2.6725400e+00   1.0000000e+01   3.4449386e+00
   2.6825400e+00   1.0000000e+01   3.4449386e+00
   2.6925400e+00   1.0000000e+01   3.4449386e+00
   2.7025400e+00   1.0000000e+01   3.4449386e+00
   2.7125400e+00   1.0000000e+01   3.4449386e+00
   2.7225400e+00   1.0000000e+01   3.4449386e+00
   2.7325400e+00   1.0000000e+01   3.4449386e+00
   2.7425400e+00   1.0000000e+01   3.4449386e+00
   2.7525400e+00   1.0000000e+01   3.4449386e+00
   2.7625400e+00   1.0000000e+01   3.4449386e+00
   2.7725400e+00   1.0000000e+01   3.4449386e+00
   2.7825400e+00   1.0000000e+01   3.4449386e+00
   2.7925400e+00   1.0000000e+01   3.4449386e+00
   2.8025400e+00   1.0000000e+01   3.4449386e+00
   2.8125400e+00   1.0000000e+01   3.4449386e+00
   2.8225400e+00   1.0000000e+01   3.4449386e+00
   2.8325400e+00   1.0000000e+01   3.4449386e+00
   2.8425400e+00   1.0000000e+01   3.4449386e+00
   2.8525400e+00   1.0000000e+01   3.4449386e+00
   2.8560073e+00   1.0000000e+01   3.4449386e+00
   2.8560073e+00   1.1000000e+01   3.6030474e+00
   2.8560073e+00   1.1000000e+01   3.6030474e+00
   2.8660073e+00   1.1000000e+01   3.6030474e+00
   2.8760073e+00   1.1000000e+01   3.6030474e+00
   2.8860073e+00   1.1000000e+01   3.6030474e+00
   2.8960073e+00   1.1000000e+01   3.6030474e+00
   2.9060073e+00   1.1000000e+01   3.6030474e+00
   2.9160073e+00   1.1000000e+01   3.6030474e+00
   2.9260073e+00   1.1000000e+01   3.6030474e+00
   2.9360073e+00   1.1000000e+01   3.6030474e+00
   2.9460073e+00   1.1000000e+01   3.6030474e+00
   2.9560073e+00   1.1000000e+01   3.6030474e+00
   2.9660073e+00   1.1000000e+01   3.6030474e+00
   2.9760073e+00   1.1000000e+01   3.6030474e+00
   2.9860073e+00   1.1000000e+01   3.6030474e+00
   2.9960073e+00   1.1000000e+01   3.6030474e+00
   3.0060073e+00   1.1000000e+01   3.6030474e+00
   3.0160073e+00   1.1000000e+01   3.6030474e+00
   3.0260073e+00   1.1000000e+01   3.6030474e+00
   3.0360073e+00   1.1000000e+01   3.6030474e+00
   3.0460073e+00   1.1000000e+01   3.6030474e+00
   3.0560073e+00   1.1000000e+01   3.6030474e+00
   3.0660073e+00   1.1000000e+01   3.6030474e+00
   3.0760073e+00   1.1000000e+01   3.6030474e+00
   3.0860073e+00   1.1000000e+01   3.6030474e+00
   3.0960073e+00   1.1000000e+01   3.6030474e+00
   3.1060073e+00   1.1000000e+01   3.6030474e+00
   3.1160073e+00   1.1000000e+01   3.6030474e+00
   3.1260073e+00   1.1000000e+01   3.6030474e+00
   3.1360073e+00   1.1000000e+01   3.6030474e+00
   3.1460073e+00   1.1000000e+01   3.6030474e+00
   3.1560073e+00   1.1000000e+01   3.6030474e+00
   3.1660073e+00   1.1000000e+01   3.6030474e+00
   3.1760073e+00   1.1000000e+01   3.6030474e+00
   3.1860073e+00   1.1000000e+01   3.6030474e+00
   3.1960073e+00   1.1000000e+01   3.6030474e+00
   3.2060073e+00   1.1000000e+01   3.6030474e+00
   3.2160073e+00   1.1000000e+01   3.6030474e+00
   3.2260073e+00   1.1000000e+01   3.6030474e+00
   3.2360073e+00   1.1000000e+01   3.6030474e+00
   3.2460073e+00   1.1000000e+01   3.6030474e+00
   3.2560073e+00   1.1000000e+01   3.6030474e+00
   3.2660073e+00   1.1000000e+01   3.6030474e+00
   3.2760073e+00   1.1000000e+01   3.6030474e+00
   3.2860073e+00   1.1000000e+01   3.6030474e+00
   3.2960073e+00   1.1000000e+01   3.6030474e+00
   3.3060073e+00   1.1000000e+01   3.6030474e+00
   3.3160073e+00   1.1000000e+01   3.6030474e+00
   3.3260073e+00   1.1000000e+01   3.6030474e+00
   3.3315541e+00   1.1000000e+01   3.6030474e+00
   3.3315541e+00   1.2000000e+01   3.7470706e+00
   3.3315541e+00   1.2000000e+01   3.7470706e+00
   3.3415541e+00   1.2000000e+01   3.7470706e+00
   3.3515541e+00   1.2000000e+01   3.7470706e+00
   3.3615541e+00   1.2000000e+01   3.7470706e+00
   3.3715541e+00   1.2000000e+01   3.7470706e+00
   3.3815541e+00   1.2000000e+01   3.7470706e+00
   3.3915541e+00   1.2000000e+01   3.7470706e+00
   3.4015541e+00   1.2000000e+01   3.7470706e+00
   3.4115541e+00   1.2000000e+01   3.7470706e+00
   3.4215541e+00   1.2000000e+01   3.7470706e+00
   3.4315541e+00   1.2000000e+01   3.7470706e+00
   3.4415541e+00   1.2000000e+01   3.7470706e+00
   3.4515541e+00   1.2000000e+01   3.7470706e+00
   3.4615541e+00   1.2000000e+01   3.7470706e+00
   3.4715541e+00   1.2000000e+01   3.7470706e+00
   3.4815541e+00   1.2000000e+01   3.7470706e+00
   3.4915541e+00   1.2000000e+01   3.7470706e+00
   3.5015541e+00   1.2000000e+01   3.7470706e+00
   3.5115541e+00   1.2000000e+01   3.7470706e+00
   3.5215541e+00   1.2000000e+01   3.7470706e+00
   3.5315541e+00   1.2000000e+01   3.7470706e+00
   3.5415541e+00   1.2000000e+01   3.7470706e+00
   3.5515541e+00   1.2000000e+01   3.7470706e+00
   3.5615541e+00   1.2000000e+01   3.7470706e+00
   3.5715541e+00   1.2000000e+01   3.7470706e+00
   3.5815541e+00   1.2000000e+01   3.7470706e+00
   3.5915541e+00   1.2000000e+01   3.7470706e+00
   3.6015541e+00   1.2000000e+01   3.7470706e+00
   3.6115541e+00   1.2000000e+01   3.7470706e+00
   3.6215541e+00   1.2000000e+01   3.7470706e+00
   3.6315541e+00   1.2000000e+01   3.7470706e+00
   3.6415541e+00   1.2000000e+01   3.7470706e+00
   3.6515541e+00   1.2000000e+01   3.7470706e+00
   3.6615541e+00   1.2000000e+01   3.7470706e+00
   3.6715541e+00   1.2000000e+01   3.7470706e+00
   3.6815541e+00   1.2000000e+01   3.7470706e+00
   3.6915541e+00   1.2000000e+01   3.7470706e+00
   3.7015541e+00   1.2000000e+01   3.7470706e+00
   3.7115541e+00   1.2000000e+01   3.7470706e+00
   3.7215541e+00   1.2000000e+01   3.7470706e+00
   3.7315541e+00   1.2000000e+01   3.7470706e+00
   3.7415541e+00   1.2000000e+01   3.7470706e+00
   3.7515541e+00   1.2000000e+01   3.7470706e+00
   3.7615541e+00   1.2000000e+01   3.7470706e+00
   3.7715541e+00   1.2000000e+01   3.7470706e+00
   3.7815541e+00   1.2000000e+01   3.7470706e+00
   3.7915541e+00   1.2000000e+01   3.7470706e+00
   3.8015541e+00   1.2000000e+01   3.7470706e+00
   3.8115541e+00   1.2000000e+01   3.7470706e+00
   3.8215541e+00   1.2000000e+01   3.7470706e+00
   3.8315541e+00   1.2000000e+01   3.7470706e+00
   3.8383433e+00   1.2000000e+01   3.7470706e+00
   3.8383433e+00   1.3000000e+01   3.8786171e+00
   3.8383433e+00   1.3000000e+01   3.8786171e+00
   3.8483433e+00   1.3000000e+01   3.8786171e+00
   3.8583433e+00   1.3000000e+01   3.8786171e+00
   3.8683433e+00   1.3000000e+01   3.8786171e+00
   3.8783433e+00   1.3000000e+01   3.8786171e+00
   3.8883433e+00   1.3000000e+01   3.8786171e+00
   3.8983433e+00   1.3000000e+01   3.8786171e+00
   3.9083433e+00   1.3000000e+01   3.8786171e+00
   3.9183433e+00   1.3000000e+01   3.8786171e+00
   3.9283433e+00   1.3000000e+01   3.8786171e+00
   3.9383433e+00   1.3000000e+01   3.8786171e+00
   3.9483433e+00   1.3000000e+01   3.8786171e+00
   3.9583433e+00   1.3000000e+01   3.8786171e+00
   3.9683433e+00   1.3000000e+01   3.8786171e+00
   3.9783433e+00   1.3000000e+01   3.8786171e+00
   3.9883433e+00   1.3000000e+01   3.8786171e+00
   3.9983433e+00   1.3000000e+01   3.8786171e+00
   4.0083433e+00   1.3000000e+01   3.8786171e+00
   4.0183433e+00   1.3000000e+01   3.8786171e+00
   4.0283433e+00   1.3000000e+01   3.8786171e+00
   4.0383433e+00   1.3000000e+01   3.8786171e+00
   4.0483433e+00   1.3000000e+01   3.8786171e+00
   4.0583433e+00   1.3000000e+01   3.8786171e+00
   4.0683433e+00   1.3000000e+01   3.8786171e+00
   4.0783433e+00   1.3000000e+01   3.8786171e+00
   4.0883433e+00   1.3000000e+01   3.8786171e+00
   4.0983433e+00   1.3000000e+01   3.8786171e+00
   4.1083433e+00   1.3000000e+01   3.8786171e+00
   4.1183433e+00   1.3000000e+01   3.8786171e+00
   4.1283433e+00   1.3000000e+01   3.8786171e+00
   4.1383433e+00   1.3000000e+01   3.8786171e+00
   4.1483433e+00   1.3000000e+01   3.8786171e+00
   4.1583433e+00   1.3000000e+01   3.8786171e+00
   4.1683433e+00   1.3000000e+01   3.8786171e+00
   4.1783433e+00   1.3000000e+01   3.8786171e+00
   4.1883433e+00   1.3000000e+01   3.8786171e+00
   4.1983433e+00   1.3000000e+01   3.8786171e+00
   4.2083433e+00   1.3000000e+01   3.8786171e+00
   4.2183433e+00   1.3000000e+01   3.8786171e+00
   4.2283433e+00   1.3000000e+01   3.8786171e+00
   4.2383433e+00   1.3000000e+01   3.8786171e+00
   4.2483433e+00   1.3000000e+01   3.8786171e+00
   4.2583433e+00   1.3000000e+01   3.8786171e+00
   4.2683433e+00   1.3000000e+01   3.8786171e+00
   4.2783433e+00   1.3000000e+01   3.8786171e+00
   4.2883433e+00   1.3000000e+01   3.8786171e+00
   4.2983433e+00   1.3000000e+01   3.8786171e+00
   4.3083433e+00   1.3000000e+01   3.8786171e+00
   4.3183433e+00   1.3000000e+01   3.8786171e+00
   4.3283433e+00   1.3000000e+01   3.8786171e+00
   4.3383433e+00   1.3000000e+01   3.8786171e+00
   4.3483433e+00   1.3000000e+01   3.8786171e+00
   4.3583433e+00   1.3000000e+01   3.8786171e+00
   4.3683433e+00   1.3000000e+01   3.8786171e+00
   4.3756000e+00   1.3000000e+01   3.8786171e+00
   4.3756000e+00   1.4000000e+01   3.9989949e+00
   4.3756000e+00   1.4000000e+01   3.9989949e+00
   4.3856000e+00   1.4000000e+01   3.9989949e+00
   4.3956000e+00   1.4000000e+01   3.9989949e+00
   4.4056000e+00   1.4000000e+01   3.9989949e+00
   4.4156000e+00   1.4000000e+01   3.9989949e+00
   4.4256000e+00   1.4000000e+01   3.9989949e+00
   4.4356000e+00   1.4000000e+01   3.9989949e+00
   4.4456000e+00   1.4000000e+01   3.9989949e+00
   4.4556000e+00   1.4000000e+01   3.9989949e+00
   4.4656000e+00   1.4000000e+01   3.9989949e+00
   4.4756000e+00   1.4000000e+01   3.9989949e+00
   4.4856000e+00   1.4000000e+01   3.9989949e+00
   4.4956000e+00   1.4000000e+01   3.9989949e+00
   4.5056000e+00   1.4000000e+01   3.9989949e+00
   4.5156000e+00   1.4000000e+01   3.9989949e+00
   4.5256000e+00   1.4000000e+01   3.9989949e+00
   4.5356000e+00   1.4000000e+01   3.9989949e+00
   4.5456000e+00   1.4000000e+01   3.9989949e+00
   4.5556000e+00   1.4000000e+01   3.9989949e+00
   4.5656000e+00   1.4000000e+01   3.9989949e+00
   4.5756000e+00   1.4000000e+01   3.9989949e+00
   4.5856000e+00   1.4000000e+01   3.9989949e+00
   4.5956000e+00   1.4000000e+01   3.9989949e+00
   4.6056000e+00   1.4000000e+01   3.9989949e+00
   4.6156000e+00   1.4000000e+01   3.9989949e+00
   4.6256000e+00   1.4000000e+01   3.9989949e+00
   4.6356000e+00   1.4000000e+01   3.9989949e+00
   4.6456000e+00   1.4000000e+01   3.9989949e+00
   4.6556000e+00   1.4000000e+01   3.9989949e+00
   4.6656000e+00   1.4000000e+01   3.9989949e+00
   4.6756000e+00   1.4000000e+01   3.9989949e+00
   4.6856000e+00   1.4000000e+01   3.9989949e+00
   4.6956000e+00   1.4000000e+01   3.9989949e+00
   4.7056000e+00   1.4000000e+01   3.9989949e+00
   4.7156000e+00   1.4000000e+01   3.9989949e+00
   4.7256000e+00   1.4000000e+01   3.9989949e+00
   4.7356000e+00   1.4000000e+01   3.9989949e+00
   4.7456000e+00   1.4000000e+01   3.9989949e+00
   4.7556000e+00   1.4000000e+01   3.9989949e+00
   4.7656000e+00   1.4000000e+01   3.9989949e+00
   4.7756000e+00   1.4000000e+01   3.9989949e+00
   4.7856000e+00   1.4000000e+01   3.9989949e+00
   4.7956000e+00   1.4000000e+01   3.9989949e+00
   4.8056000e+00   1.4000000e+01   3.9989949e+00
   4.8156000e+00   1.4000000e+01   3.9989949e+00
   4.8256000e+00   1.4000000e+01   3.9989949e+00
   4.8356000e+00   1.4000000e+01   3.9989949e+00
   4.8456000e+00   1.4000000e+01   3.9989949e+00
   4.8556000e+00   1.4000000e+01   3.9989949e+00
   4.8656000e+00   1.4000000e+01   3.9989949e+00
   4.8756000e+00   1.4000000e+01   3.9989949e+00
   4.8856000e+00   1.4000000e+01   3.9989949e+00
   4.8956000e+00   1.4000000e+01   3.9989949e+00
   4.9056000e+00   1.4000000e+01   3.9989949e+00
   4.9156000e+00   1.4000000e+01   3.9989949e+00
   4.9256000e+00   1.4000000e+01   3.9989949e+00
   4.9356000e+00   1.4000000e+01   3.9989949e+00
   4.9426038e+00   1.4000000e+01   3.9989949e+00
   4.9426038e+00   1.5000000e+01   4.1092801e+00
   4.9426038e+00   1.5000000e+01   4.1092801e+00
   4.9526038e+00   1.5000000e+01   4.1092801e+00
   4.9626038e+00   1.5000000e+01   4.1092801e+00
   4.9726038e+00   1.5000000e+01   4.1092801e+00
   4.9826038e+00   1.5000000e+01   4.1092801e+00
   4.9926038e+00   1.5000000e+01   4.1092801e+00
   5.0026038e+00   1.5000000e+01   4.1092801e+00
   5.0126038e+00   1.5000000e+01   4.1092801e+00
   5.0226038e+00   1.5000000e+01   4.1092801e+00
   5.0326038e+00   1.5000000e+01   4.1092801e+00
   5.0426038e+00   1.5000000e+01   4.1092801e+00
   5.0526038e+00   1.5000000e+01   4.1092801e+00
   5.0626038e+00   1.5000000e+01   4.1092801e+00
   5.0726038e+00   1.5000000e+01   4.1092801e+00
   5.0826038e+00   1.5000000e+01   4.1092801e+00
   5.0926038e+00   1.5000000e+01   4.1092801e+00
   5.1026038e+00   1.5000000e+01   4.1092801e+00
   5.1126038e+00   1.5000000e+01   4.1092801e+00
   5.1226038e+00   1.5000000e+01   4.1092801e+00
   5.1326038e+00   1.5000000e+01   4.1092801e+00
   5.1426038e+00   1.5000000e+01   4.1092801e+00
   5.1526038e+00   1.5000000e+01   4.1092801e+00
   5.1626038e+00   1.5000000e+01   4.1092801e+00
   5.1726038e+00   1.5000000e+01   4.1092801e+00
   5.1826038e+00   1.5000000e+01   4.1092801e+00
   5.1926038e+00   1.5000000e+01   4.1092801e+00
   5.2026038e+00   1.5000000e+01   4.1092801e+00
   5.2126038e+00   1.5000000e+01   4.1092801e+00
   5.2226038e+00   1.5000000e+01   4.1092801e+00
   5.2326038e+00   1.5000000e+01   4.1092801e+00
   5.2426038e+00   1.5000000e+01   4.1092801e+00
   5.2526038e+00   1.5000000e+01   4.1092801e+00
   5.2626038e+00   1.5000000e+01   4.1092801e+00
   5.2726038e+00   1.5000000e+01   4.1092801e+00
   5.2826038e+00   1.5000000e+01   4.1092801e+00
   5.2926038e+00   1.5000000e+01   4.1092801e+00
   5.3026038e+00   1.5000000e+01   4.1092801e+00
   5.3126038e+00   1.5000000e+01   4.1092801e+00
   5.3226038e+00   1.5000000e+01   4.1092801e+00
   5.3326038e+00   1.5000000e+01   4.1092801e+00
   5.3426038e+00   1.5000000e+01   4.1092801e+00
   5.3526038e+00   1.5000000e+01   4.1092801e+00
   5.3626038e+00   1.5000000e+01   4.1092801e+00
   5.3726038e+00   1.5000000e+01   4.1092801e+00
   5.3826038e+00   1.5000000e+01   4.1092801e+00
   5.3926038e+00   1.5000000e+01   4.1092801e+00
   5.4026038e+00   1.5000000e+01   4.1092801e+00
   5.4126038e+00   1.5000000e+01   4.1092801e+00
   5.4226038e+00   1.5000000e+01   4.1092801e+00
   5.4326038e+00   1.5000000e+01   4.1092801e+00
   5.4426038e+00   1.5000000e+01   4.1092801e+00
   5.4526038e+00   1.5000000e+01   4.1092801e+00
   5.4626038e+00   1.5000000e+01   4.1092801e+00
   5.4726038e+00   1.5000000e+01   4.1092801e+00
   5.4826038e+00   1.5000000e+01   4.1092801e+00
   5.4926038e+00   1.5000000e+01   4.1092801e+00
   5.5026038e+00   1.5000000e+01   4.1092801e+00
   5.5126038e+00   1.5000000e+01   4.1092801e+00
   5.5226038e+00   1.5000000e+01   4.1092801e+00
   5.5326038e+00   1.5000000e+01   4.1092801e+00
   5.5386824e+00   1.5000000e+01   4.1092801e+00
   5.5386824e+00   1.6000000e+01   4.2103677e+00
   5.5386824e+00   1.6000000e+01   4.2103677e+00
   5.5486824e+00   1.6000000e+01   4.2103677e+00
   5.5586824e+00   1.6000000e+01   4.2103677e+00
   5.5686824e+00   1.6000000e+01   4.2103677e+00
   5.5786824e+00   1.6000000e+01   4.2103677e+00
   5.5886824e+00   1.6000000e+01   4.2103677e+00
   5.5986824e+00   1.6000000e+01   4.2103677e+00
   5.6086824e+00   1.6000000e+01   4.2103677e+00
   5.6186824e+00   1.6000000e+01   4.2103677e+00
   5.6286824e+00   1.6000000e+01   4.2103677e+00
   5.6386824e+00   1.6000000e+01   4.2103677e+00
   5.6486824e+00   1.6000000e+01   4.2103677e+00
   5.6586824e+00   1.6000000e+01   4.2103677e+00
   5.6686824e+00   1.6000000e+01   4.2103677e+00
   5.6786824e+00   1.6000000e+01   4.2103677e+00
   5.6886824e+00   1.6000000e+01   4.2103677e+00
   5.6986824e+00   1.6000000e+01   4.2103677e+00
   5.7086824e+00   1.6000000e+01   4.2103677e+00
   5.7186824e+00   1.6000000e+01   4.2103677e+00
   5.7286824e+00   1.6000000e+01   4.2103677e+00
   5.7386824e+00   1.6000000e+01   4.2103677e+00
   5.7486824e+00   1.6000000e+01   4.2103677e+00
   5.7586824e+00   1.6000000e+01   4.2103677e+00
   5.7686824e+00   1.6000000e+01   4.2103677e+00
   5.7786824e+00   1.6000000e+01   4.2103677e+00
   5.7886824e+00   1.6000000e+01   4.2103677e+00
   5.7986824e+00   1.6000000e+01   4.2103677e+00
   5.8086824e+00   1.6000000e+01   4.2103677e+00
   5.8186824e+00   1.6000000e+01   4.2103677e+00
   5.8286824e+00   1.6000000e+01   4.2103677e+00
   5.8386824e+00   1.6000000e+01   4.2103677e+00
   5.8486824e+00   1.6000000e+01   4.2103677e+00
   5.8586824e+00   1.6000000e+01   4.2103677e+00
   5.8686824e+00   1.6000000e+01   4.2103677e+00
   5.8786824e+00   1.6000000e+01   4.2103677e+00
   5.8886824e+00   1.6000000e+01   4.2103677e+00
   5.8986824e+00   1.6000000e+01   4.2103677e+00
   5.9086824e+00   1.6000000e+01   4.2103677e+00
   5.9186824e+00   1.6000000e+01   4.2103677e+00
   5.9286824e+00   1.6000000e+01   4.2103677e+00
   5.9386824e+00   1.6000000e+01   4.2103677e+00
   5.9486824e+00   1.6000000e+01   4.2103677e+00
   5.9586824e+00   1.6000000e+01   4.2103677e+00
   5.9686824e+00   1.6000000e+01   4.2103677e+00
   5.9786824e+00   1.6000000e+01   4.2103677e+00
   5.9886824e+00   1.6000000e+01   4.2103677e+00
   5.9986824e+00   1.6000000e+01   4.2103677e+00
   6.0086824e+00   1.6000000e+01   4.2103677e+00
   6.0186824e+00   1.6000000e+01   4.2103677e+00
   6.0286824e+00   1.6000000e+01   4.2103677e+00
   6.0386824e+00   1.6000000e+01   4.2103677e+00
   6.0486824e+00   1.6000000e+01   4.2103677e+00
   6.0586824e+00   1.6000000e+01   4.2103677e+00
   6.0686824e+00   1.6000000e+01   4.2103677e+00
   6.0786824e+00   1.6000000e+01   4.2103677e+00
   6.0886824e+00   1.6000000e+01   4.2103677e+00
   6.0986824e+00   1.6000000e+01   4.2103677e+00
   6.1086824e+00   1.6000000e+01   4.2103677e+00
   6.1186824e+00   1.6000000e+01   4.2103677e+00
   6.1286824e+00   1.6000000e+01   4.2103677e+00
   6.1386824e+00   1.6000000e+01   4.2103677e+00
   6.1486824e+00   1.6000000e+01   4.2103677e+00
   6.1586824e+00   1.6000000e+01   4.2103677e+00
   6.1632055e+00   1.6000000e+01   4.2103677e+00
   6.1632055e+00   1.7000000e+01   4.3030095e+00
   6.1632055e+00   1.7000000e+01   4.3030095e+00
   6.1732055e+00   1.7000000e+01   4.3030095e+00
   6.1832055e+00   1.7000000e+01   4.3030095e+00
   6.1932055e+00   1.7000000e+01   4.3030095e+00
   6.2032055e+00   1.7000000e+01   4.3030095e+00
   6.2132055e+00   1.7000000e+01   4.3030095e+00
   6.2232055e+00   1.7000000e+01   4.3030095e+00
   6.2332055e+00   1.7000000e+01   4.3030095e+00
   6.2432055e+00   1.7000000e+01   4.3030095e+00
   6.2532055e+00   1.7000000e+01   4.3030095e+00
   6.2632055e+00   1.7000000e+01   4.3030095e+00
   6.2732055e+00   1.7000000e+01   4.3030095e+00
   6.2832055e+00   1.7000000e+01   4.3030095e+00
   6.2932055e+00   1.7000000e+01   4.3030095e+00
   6.3032055e+00   1.7000000e+01   4.3030095e+00
   6.3132055e+00   1.7000000e+01   4.3030095e+00
   6.3232055e+00   1.7000000e+01   4.3030095e+00
   6.3332055e+00   1.7000000e+01   4.3030095e+00
   6.3432055e+00   1.7000000e+01   4.3030095e+00
   6.3532055e+00   1.7000000e+01   4.3030095e+00
   6.3632055e+00   1.7000000e+01   4.3030095e+00
   6.3732055e+00   1.7000000e+01   4.3030095e+00
   6.3832055e+00   1.7000000e+01   4.3030095e+00
   6.3932055e+00   1.7000000e+01   4.3030095e+00
   6.4032055e+00   1.7000000e+01   4.3030095e+00
   6.4132055e+00   1.7000000e+01   4.3030095e+00
   6.4232055e+00   1.7000000e+01   4.3030095e+00
   6.4332055e+00   1.7000000e+01   4.3030095e+00
   6.4432055e+00   1.7000000e+01   4.3030095e+00
   6.4532055e+00   1.7000000e+01   4.3030095e+00
   6.4632055e+00   1.7000000e+01   4.3030095e+00
   6.4732055e+00   1.7000000e+01   4.3030095e+00
   6.4832055e+00   1.7000000e+01   4.3030095e+00
   6.4932055e+00   1.7000000e+01   4.3030095e+00
   6.5032055e+00   1.7000000e+01   4.3030095e+00
   6.5132055e+00   1.7000000e+01   4.3030095e+00
   6.5232055e+00   1.7000000e+01   4.3030095e+00
   6.5332055e+00   1.7000000e+01   4.3030095e+00
   6.5432055e+00   1.7000000e+01   4.3030095e+00
   6.5532055e+00   1.7000000e+01   4.3030095e+00
   6.5632055e+00   1.7000000e+01   4.3030095e+00
   6.5732055e+00   1.7000000e+01   4.3030095e+00
   6.5832055e+00   1.7000000e+01   4.3030095e+00
   6.5932055e+00   1.7000000e+01   4.3030095e+00
   6.6032055e+00   1.7000000e+01   4.3030095e+00
   6.6132055e+00   1.7000000e+01   4.3030095e+00
   6.6232055e+00   1.7000000e+01   4.3030095e+00
   6.6332055e+00   1.7000000e+01   4.3030095e+00
   6.6432055e+00   1.7000000e+01   4.3030095e+00
   6.6532055e+00   1.7000000e+01   4.3030095e+00
   6.6632055e+00   1.7000000e+01   4.3030095e+00
   6.6732055e+00   1.7000000e+01   4.3030095e+00
   6.6832055e+00   1.7000000e+01   4.3030095e+00
   6.6932055e+00   1.7000000e+01   4.3030095e+00
   6.7032055e+00   1.7000000e+01   4.3030095e+00
   6.7132055e+00   1.7000000e+01   4.3030095e+00
   6.7232055e+00   1.7000000e+01   4.3030095e+00
   6.7332055e+00   1.7000000e+01   4.3030095e+00
   6.7432055e+00   1.7000000e+01   4.3030095e+00
   6.7532055e+00   1.7000000e+01   4.3030095e+00
   6.7632055e+00   1.7000000e+01   4.3030095e+00
   6.7732055e+00   1.7000000e+01   4.3030095e+00
   6.7832055e+00   1.7000000e+01   4.3030095e+00
   6.7932055e+00   1.7000000e+01   4.3030095e+00
   6.8032055e+00   1.7000000e+01   4.3030095e+00
   6.8132055e+00   1.7000000e+01   4.3030095e+00
   6.8155808e+00   1.7000000e+01   4.3030095e+00
   6.8155808e+00   1.8000000e+01   4.3878423e+00
   6.8155808e+00   1.8000000e+01   4.3878423e+00
   6.8255808e+00   1.8000000e+01   4.3878423e+00
   6.8355808e+00   1.8000000e+01   4.3878423e+00
   6.8455808e+00   1.8000000e+01   4.3878423e+00
   6.8555808e+00   1.8000000e+01   4.3878423e+00
   6.8655808e+00   1.8000000e+01   4.3878423e+00
   6.8755808e+00   1.8000000e+01   4.3878423e+00
   6.8855808e+00   1.8000000e+01   4.3878423e+00
   6.8955808e+00   1.8000000e+01   4.3878423e+00
   6.9055808e+00   1.8000000e+01   4.3878423e+00
   6.9155808e+00   1.8000000e+01   4.3878423e+00
   6.9255808e+00   1.8000000e+01   4.3878423e+00
   6.9355808e+00   1.8000000e+01   4.3878423e+00
   6.9455808e+00   1.8000000e+01   4.3878423e+00
   6.9555808e+00   1.8000000e+01   4.3878423e+00
   6.9655808e+00   1.8000000e+01   4.3878423e+00
   6.9755808e+00   1.8000000e+01   4.3878423e+00
   6.9855808e+00   1.8000000e+01   4.3878423e+00
   6.9955808e+00   1.8000000e+01   4.3878423e+00
   7.0055808e+00   1.8000000e+01   4.3878423e+00
   7.0155808e+00   1.8000000e+01   4.3878423e+00
   7.0255808e+00   1.8000000e+01   4.3878423e+00
   7.0355808e+00   1.8000000e+01   4.3878423e+00
   7.0455808e+00   1.8000000e+01   4.3878423e+00
   7.0555808e+00   1.8000000e+01   4.3878423e+00
   7.0655808e+00   1.8000000e+01   4.3878423e+00
   7.0755808e+00   1.8000000e+01   4.3878423e+00
   7.0855808e+00   1.8000000e+01   4.3878423e+00
   7.0955808e+00   1.8000000e+01   4.3878423e+00
   7.1055808e+00   1.8000000e+01   4.3878423e+00
   7.1155808e+00   1.8000000e+01   4.3878423e+00
   7.1255808e+00   1.8000000e+01   4.3878423e+00
   7.1355808e+00   1.8000000e+01   4.3878423e+00
   7.1455808e+00   1.8000000e+01   4.3878423e+00
   7.1555808e+00   1.8000000e+01   4.3878423e+00
   7.1655808e+00   1.8000000e+01   4.3878423e+00
   7.1755808e+00   1.8000000e+01   4.3878423e+00
   7.1855808e+00   1.8000000e+01   4.3878423e+00
   7.1955808e+00   1.8000000e+01   4.3878423e+00
   7.2055808e+00   1.8000000e+01   4.3878423e+00
   7.2155808e+00   1.8000000e+01   4.3878423e+00
   7.2255808e+00   1.8000000e+01   4.3878423e+00
   7.2355808e+00   1.8000000e+01   4.3878423e+00
   7.2455808e+00   1.8000000e+01   4.3878423e+00
   7.2555808e+00   1.8000000e+01   4.3878423e+00
   7.2655808e+00   1.8000000e+01   4.3878423e+00
   7.2755808e+00   1.8000000e+01   4.3878423e+00
   7.2855808e+00   1.8000000e+01   4.3878423e+00
   7.2955808e+00   1.8000000e+01   4.3878423e+00
   7.3055808e+00   1.8000000e+01   4.3878423e+00
   7.3155808e+00   1.8000000e+01   4.3878423e+00
   7.3255808e+00   1.8000000e+01   4.3878423e+00
   7.3355808e+00   1.8000000e+01   4.3878423e+00
   7.3455808e+00   1.8000000e+01   4.3878423e+00
   7.3555808e+00   1.8000000e+01   4.3878423e+00
   7.3655808e+00   1.8000000e+01   4.3878423e+00
   7.3755808e+00   1.8000000e+01   4.3878423e+00
   7.3855808e+00   1.8000000e+01   4.3878423e+00
   7.3955808e+00   1.8000000e+01   4.3878423e+00
   7.4055808e+00   1.8000000e+01   4.3878423e+00
   7.4155808e+00   1.8000000e+01   4.3878423e+00
   7.4255808e+00   1.8000000e+01   4.3878423e+00
   7.4355808e+00   1.8000000e+01   4.3878423e+00
   7.4455808e+00   1.8000000e+01   4.3878423e+00
   7.4555808e+00   1.8000000e+01   4.3878423e+00
   7.4655808e+00   1.8000000e+01   4.3878423e+00
   7.4755808e+00   1.8000000e+01   4.3878423e+00
   7.4855808e+00   1.8000000e+01   4.3878423e+00
   7.4952493e+00   1.8000000e+01   4.3878423e+00
   7.4952493e+00   1.9000000e+01   4.4654097e+00
   7.4952493e+00   1.9000000e+01   4.4654097e+00
   7.5052493e+00   1.9000000e+01   4.4654097e+00
   7.5152493e+00   1.9000000e+01   4.4654097e+00
   7.5252493e+00   1.9000000e+01   4.4654097e+00
   7.5352493e+00   1.9000000e+01   4.4654097e+00
   7.5452493e+00   1.9000000e+01   4.4654097e+00
   7.5552493e+00   1.9000000e+01   4.4654097e+00
   7.5652493e+00   1.9000000e+01   4.4654097e+00
   7.5752493e+00   1.9000000e+01   4.4654097e+00
   7.5852493e+00   1.9000000e+01   4.4654097e+00
   7.5952493e+00   1.9000000e+01   4.4654097e+00
   7.6052493e+00   1.9000000e+01   4.4654097e+00
   7.6152493e+00   1.9000000e+01   4.4654097e+00
   7.6252493e+00   1.9000000e+01   4.4654097e+00
   7.6352493e+00   1.9000000e+01   4.4654097e+00
   7.6452493e+00   1.9000000e+01   4.4654097e+00
   7.6552493e+00   1.9000000e+01   4.4654097e+00
   7.6652493e+00   1.9000000e+01   4.4654097e+00
   7.6752493e+00   1.9000000e+01   4.4654097e+00
   7.6852493e+00   1.9000000e+01   4.4654097e+00
   7.6952493e+00   1.9000000e+01   4.4654097e+00
   7.7052493e+00   1.9000000e+01   4.4654097e+00
   7.7152493e+00   1.9000000e+01   4.4654097e+00
   7.7252493e+00   1.9000000e+01   4.4654097e+00
   7.7352493e+00   1.9000000e+01   4.4654097e+00
   7.7452493e+00   1.9000000e+01   4.4654097e+00
   7.7552493e+00   1.9000000e+01   4.4654097e+00
   7.7652493e+00   1.9000000e+01   4.4654097e+00
   7.7752493e+00   1.9000000e+01   4.4654097e+00
   7.7852493e+00   1.9000000e+01   4.4654097e+00
   7.7952493e+00   1.9000000e+01   4.4654097e+00
   7.8052493e+00   1.9000000e+01   4.4654097e+00
   7.8152493e+00   1.9000000e+01   4.4654097e+00
   7.8252493e+00   1.9000000e+01   4.4654097e+00
   7.8352493e+00   1.9000000e+01   4.4654097e+00
   7.8452493e+00   1.9000000e+01   4.4654097e+00
   7.8552493e+00   1.9000000e+01   4.4654097e+00
   7.8652493e+00   1.9000000e+01   4.4654097e+00
   7.8752493e+00   1.9000000e+01   4.4654097e+00
   7.8852493e+00   1.9000000e+01   4.4654097e+00
   7.8952493e+00   1.9000000e+01   4.4654097e+00
   7.9052493e+00   1.9000000e+01   4.4654097e+00
   7.9152493e+00   1.9000000e+01   4.4654097e+00
   7.9252493e+00   1.9000000e+01   4.4654097e+00
   7.9352493e+00   1.9000000e+01   4.4654097e+00
   7.9452493e+00   1.9000000e+01   4.4654097e+00
   7.9552493e+00   1.9000000e+01   4.4654097e+00
   7.9652493e+00   1.9000000e+01   4.4654097e+00
   7.9752493e+00   1.9000000e+01   4.4654097e+00
   7.9852493e+00   1.9000000e+01   4.4654097e+00
   7.9952493e+00   1.9000000e+01   4.4654097e+00
   8.0052493e+00   1.9000000e+01   4.4654097e+00
   8.0152493e+00   1.9000000e+01   4.4654097e+00
   8.0252493e+00   1.9000000e+01   4.4654097e+00
   8.0352493e+00   1.9000000e+01   4.4654097e+00
   8.0452493e+00   1.9000000e+01   4.4654097e+00
   8.0552493e+00   1.9000000e+01   4.4654097e+00
   8.0652493e+00   1.9000000e+01   4.4654097e+00
   8.0752493e+00   1.9000000e+01   4.4654097e+00
   8.0852493e+00   1.9000000e+01   4.4654097e+00
   8.0952493e+00   1.9000000e+01   4.4654097e+00
   8.1052493e+00   1.9000000e+01   4.4654097e+00
   8.1152493e+00   1.9000000e+01   4.4654097e+00
   8.1252493e+00   1.9000000e+01   4.4654097e+00
   8.1352493e+00   1.9000000e+01   4.4654097e+00
   8.1452493e+00   1.9000000e+01   4.4654097e+00
   8.1552493e+00   1.9000000e+01   4.4654097e+00
   8.1652493e+00   1.9000000e+01   4.4654097e+00
   8.1752493e+00   1.9000000e+01   4.4654097e+00
   8.1852493e+00   1.9000000e+01   4.4654097e+00
   8.1952493e+00   1.9000000e+01   4.4654097e+00
   8.2016820e+00   1.9000000e+01   4.4654097e+00
   8.2016820e+00   2.0000000e+01   4.5361791e+00
   8.2016820e+00   2.0000000e+01   4.5361791e+00
   8.2116820e+00   2.0000000e+01   4.5361791e+00
   8.2216820e+00   2.0000000e+01   4.5361791e+00
   8.2316820e+00   2.0000000e+01   4.5361791e+00
   8.2416820e+00   2.0000000e+01   4.5361791e+00
   8.2516820e+00   2.0000000e+01   4.5361791e+00
   8.2616820e+00   2.0000000e+01   4.5361791e+00
   8.2716820e+00   2.0000000e+01   4.5361791e+00
   8.2816820e+00   2.0000000e+01   4.5361791e+00
   8.2916820e+00   2.0000000e+01   4.5361791e+00
   8.3016820e+00   2.0000000e+01   4.5361791e+00
   8.3116820e+00   2.0000000e+01   4.5361791e+00
   8.3216820e+00   2.0000000e+01   4.5361791e+00
   8.3316820e+00   2.0000000e+01   4.5361791e+00
   8.3416820e+00   2.0000000e+01   4.5361791e+00
   8.3516820e+00   2.0000000e+01   4.5361791e+00
   8.3616820e+00   2.0000000e+01   4.5361791e+00
   8.3716820e+00   2.0000000e+01   4.5361791e+00
   8.3816820e+00   2.0000000e+01   4.5361791e+00
   8.3916820e+00   2.0000000e+01   4.5361791e+00
   8.4016820e+00   2.0000000e+01   4.5361791e+00
   8.4116820e+00   2.0000000e+01   4.5361791e+00
   8.4216820e+00   2.0000000e+01   4.5361791e+00
   8.4316820e+00   2.0000000e+01   4.5361791e+00
   8.4416820e+00   2.0000000e+01   4.5361791e+00
   8.4516820e+00   2.0000000e+01   4.5361791e+00
   8.4616820e+00   2.0000000e+01   4.5361791e+00
   8.4716820e+00   2.0000000e+01   4.5361791e+00
   8.4816820e+00   2.0000000e+01   4.5361791e+00
   8.4916820e+00   2.0000000e+01   4.5361791e+00
   8.5016820e+00   2.0000000e+01   4.5361791e+00
   8.5116820e+00   2.0000000e+01   4.5361791e+00
   8.5216820e+00   2.0000000e+01   4.5361791e+00
   8.5316820e+00   2.0000000e+01   4.5361791e+00
   8.5416820e+00   2.0000000e+01   4.5361791e+00
   8.5516820e+00   2.0000000e+01   4.5361791e+00
   8.5616820e+00   2.0000000e+01   4.5361791e+00
   8.5716820e+00   2.0000000e+01   4.5361791e+00
   8.5816820e+00   2.0000000e+01   4.5361791e+00
   8.5916820e+00   2.0000000e+01   4.5361791e+00
   8.6016820e+00   2.0000000e+01   4.5361791e+00
   8.6116820e+00   2.0000000e+01   4.5361791e+00
   8.6216820e+00   2.0000000e+01   4.5361791e+00
   8.6316820e+00   2.0000000e+01   4.5361791e+00
   8.6416820e+00   2.0000000e+01   4.5361791e+00
   8.6516820e+00   2.0000000e+01   4.5361791e+00
   8.6616820e+00   2.0000000e+01   4.5361791e+00
   8.6716820e+00   2.0000000e+01   4.5361791e+00
   8.6816820e+00   2.0000000e+01   4.5361791e+00
   8.6916820e+00   2.0000000e+01   4.5361791e+00
   8.7016820e+00   2.0000000e+01   4.5361791e+00
   8.7116820e+00   2.0000000e+01   4.5361791e+00
   8.7216820e+00   2.0000000e+01   4.5361791e+00
   8.7316820e+00   2.0000000e+01   4.5361791e+00
   8.7416820e+00   2.0000000e+01   4.5361791e+00
   8.7516820e+00   2.0000000e+01   4.5361791e+00
   8.7616820e+00   2.0000000e+01   4.5361791e+00
   8.7716820e+00   2.0000000e+01   4.5361791e+00
   8.7816820e+00   2.0000000e+01   4.5361791e+00
   8.7916820e+00   2.0000000e+01   4.5361791e+00
   8.8016820e+00   2.0000000e+01   4.5361791e+00
   8.8116820e+00   2.0000000e+01   4.5361791e+00
   8.8216820e+00   2.0000000e+01   4.5361791e+00
   8.8316820e+00   2.0000000e+01   4.5361791e+00
   8.8416820e+00   2.0000000e+01   4.5361791e+00
   8.8516820e+00   2.0000000e+01   4.5361791e+00
   8.8616820e+00   2.0000000e+01   4.5361791e+00
   8.8716820e+00   2.0000000e+01   4.5361791e+00
   8.8816820e+00   2.0000000e+01   4.5361791e+00
   8.8916820e+00   2.0000000e+01   4.5361791e+00
   8.9016820e+00   2.0000000e+01   4.5361791e+00
   8.9116820e+00   2.0000000e+01   4.5361791e+00
   8.9216820e+00   2.0000000e+01   4.5361791e+00
   8.9316820e+00   2.0000000e+01   4.5361791e+00
   8.9343770e+00   2.0000000e+01   4.5361791e+00
   8.9343770e+00   2.1000000e+01   4.6005549e+00
   8.9343770e+00   2.1000000e+01   4.6005549e+00
   8.9443770e+00   2.1000000e+01   4.6005549e+00
   8.9543770e+00   2.1000000e+01   4.6005549e+00
   8.9643770e+00   2.1000000e+01   4.6005549e+00
   8.9743770e+00   2.1000000e+01   4.6005549e+00
   8.9843770e+00   2.1000000e+01   4.6005549e+00
   8.9943770e+00   2.1000000e+01   4.6005549e+00
   9.0043770e+00   2.1000000e+01   4.6005549e+00
   9.0143770e+00   2.1000000e+01   4.6005549e+00
   9.0243770e+00   2.1000000e+01   4.6005549e+00
   9.0343770e+00   2.1000000e+01   4.6005549e+00
   9.0443770e+00   2.1000000e+01   4.6005549e+00
   9.0543770e+00   2.1000000e+01   4.6005549e+00
   9.0643770e+00   2.1000000e+01   4.6005549e+00
   9.0743770e+00   2.1000000e+01   4.6005549e+00
   9.0843770e+00   2.1000000e+01   4.6005549e+00
   9.0943770e+00   2.1000000e+01   4.6005549e+00
   9.1043770e+00   2.1000000e+01   4.6005549e+00
   9.1143770e+00   2.1000000e+01   4.6005549e+00
   9.1243770e+00   2.1000000e+01   4.6005549e+00
   9.1343770e+00   2.1000000e+01   4.6005549e+00
   9.1443770e+00   2.1000000e+01   4.6005549e+00
   9.1543770e+00   2.1000000e+01   4.6005549e+00
   9.1643770e+00   2.1000000e+01   4.6005549e+00
   9.1743770e+00   2.1000000e+01   4.6005549e+00
   9.1843770e+00   2.1000000e+01   4.6005549e+00
   9.1943770e+00   2.1000000e+01   4.6005549e+00
   9.2043770e+00   2.1000000e+01   4.6005549e+00
   9.2143770e+00   2.1000000e+01   4.6005549e+00
   9.2243770e+00   2.1000000e+01   4.6005549e+00
   9.2343770e+00   2.1000000e+01   4.6005549e+00
   9.2443770e+00   2.1000000e+01   4.6005549e+00
   9.2543770e+00   2.1000000e+01   4.6005549e+00
   9.2643770e+00   2.1000000e+01   4.6005549e+00
   9.2743770e+00   2.1000000e+01   4.6005549e+00
   9.2843770e+00   2.1000000e+01   4.6005549e+00
   9.2943770e+00   2.1000000e+01   4.6005549e+00
   9.3043770e+00   2.1000000e+01   4.6005549e+00
   9.3143770e+00   2.1000000e+01   4.6005549e+00
   9.3243770e+00   2.1000000e+01   4.6005549e+00
   9.3343770e+00   2.1000000e+01   4.6005549e+00
   9.3443770e+00   2.1000000e+01   4.6005549e+00
   9.3543770e+00   2.1000000e+01   4.6005549e+00
   9.3643770e+00   2.1000000e+01   4.6005549e+00
   9.3743770e+00   2.1000000e+01   4.6005549e+00
   9.3843770e+00   2.1000000e+01   4.6005549e+00
   9.3943770e+00   2.1000000e+01   4.6005549e+00
   9.4043770e+00   2.1000000e+01   4.6005549e+00
   9.4143770e+00   2.1000000e+01   4.6005549e+00
   9.4243770e+00   2.1000000e+01   4.6005549e+00
   9.4343770e+00   2.1000000e+01   4.6005549e+00
   9.4443770e+00   2.1000000e+01   4.6005549e+00
   9.4543770e+00   2.1000000e+01   4.6005549e+00
   9.4643770e+00   2.1000000e+01   4.6005549e+00
   9.4743770e+00   2.1000000e+01   4.6005549e+00
   9.4843770e+00   2.1000000e+01   4.6005549e+00
   9.4943770e+00   2.1000000e+01   4.6005549e+00
   9.5043770e+00   2.1000000e+01   4.6005549e+00
   9.5143770e+00   2.1000000e+01   4.6005549e+00
   9.5243770e+00   2.1000000e+01   4.6005549e+00
   9.5343770e+00   2.1000000e+01   4.6005549e+00
   9.5443770e+00   2.1000000e+01   4.6005549e+00
   9.5543770e+00   2.1000000e+01   4.6005549e+00
   9.5643770e+00   2.1000000e+01   4.6005549e+00
   9.5743770e+00   2.1000000e+01   4.6005549e+00
   9.5843770e+00   2.1000000e+01   4.6005549e+00
   9.5943770e+00   2.1000000e+01   4.6005549e+00
   9.6043770e+00   2.1000000e+01   4.6005549e+00
   9.6143770e+00   2.1000000e+01   4.6005549e+00
   9.6243770e+00   2.1000000e+01   4.6005549e+00
   9.6343770e+00   2.1000000e+01   4.6005549e+00
   9.6443770e+00   2.1000000e+01   4.6005549e+00
   9.6543770e+00   2.1000000e+01   4.6005549e+00
   9.6643770e+00   2.1000000e+01   4.6005549e+00
   9.6743770e+00   2.1000000e+01   4.6005549e+00
   9.6843770e+00   2.1000000e+01   4.6005549e+00
   9.6928562e+00   2.1000000e+01   4.6005549e+00
   9.6928562e+00   2.2000000e+01   4.6588892e+00
   9.6928562e+00   2.2000000e+01   4.6588892e+00
   9.7028562e+00   2.2000000e+01   4.6588892e+00
   9.7128562e+00   2.2000000e+01   4.6588892e+00
   9.7228562e+00   2.2000000e+01   4.6588892e+00
   9.7328562e+00   2.2000000e+01   4.6588892e+00
   9.7428562e+00   2.2000000e+01   4.6588892e+00
   9.7528562e+00   2.2000000e+01   4.6588892e+00
   9.7628562e+00   2.2000000e+01   4.6588892e+00
   9.7728562e+00   2.2000000e+01   4.6588892e+00
   9.7828562e+00   2.2000000e+01   4.6588892e+00
   9.7928562e+00   2.2000000e+01   4.6588892e+00
   9.8028562e+00   2.2000000e+01   4.6588892e+00
   9.8128562e+00   2.2000000e+01   4.6588892e+00
   9.8228562e+00   2.2000000e+01   4.6588892e+00
   9.8328562e+00   2.2000000e+01   4.6588892e+00
   9.8428562e+00   2.2000000e+01   4.6588892e+00
   9.8528562e+00   2.2000000e+01   4.6588892e+00
   9.8628562e+00   2.2000000e+01   4.6588892e+00
   9.8728562e+00   2.2000000e+01   4.6588892e+00
   9.8828562e+00   2.2000000e+01   4.6588892e+00
   9.8928562e+00   2.2000000e+01   4.6588892e+00
   9.9028562e+00   2.2000000e+01   4.6588892e+00
   9.9128562e+00   2.2000000e+01   4.6588892e+00
   9.9228562e+00   2.2000000e+01   4.6588892e+00
   9.9328562e+00   2.2000000e+01   4.6588892e+00
   9.9428562e+00   2.2000000e+01   4.6588892e+00
   9.9528562e+00   2.2000000e+01   4.6588892e+00
   9.9628562e+00   2.2000000e+01   4.6588892e+00
   9.9728562e+00   2.2000000e+01   4.6588892e+00
   9.9828562e+00   2.2000000e+01   4.6588892e+00
   9.9928562e+00   2.2000000e+01   4.6588892e+00
   1.0002856e+01   2.2000000e+01   4.6588892e+00
   1.0012856e+01   2.2000000e+01   4.6588892e+00
   1.0022856e+01   2.2000000e+01   4.6588892e+00
   1.0032856e+01   2.2000000e+01   4.6588892e+00
   1.0042856e+01   2.2000000e+01   4.6588892e+00
   1.0052856e+01   2.2000000e+01   4.6588892e+00
   1.0062856e+01   2.2000000e+01   4.6588892e+00
   1.0072856e+01   2.2000000e+01   4.6588892e+00
   1.0082856e+01   2.2000000e+01   4.6588892e+00
   1.0092856e+01   2.2000000e+01   4.6588892e+00
   1.0102856e+01   2.2000000e+01   4.6588892e+00
   1.0112856e+01   2.2000000e+01   4.6588892e+00
   1.0122856e+01   2.2000000e+01   4.6588892e+00
   1.0132856e+01   2.2000000e+01   4.6588892e+00
   1.0142856e+01   2.2000000e+01   4.6588892e+00
   1.0152856e+01   2.2000000e+01   4.6588892e+00
   1.0162856e+01   2.2000000e+01   4.6588892e+00
   1.0172856e+01   2.2000000e+01   4.6588892e+00
   1.0182856e+01   2.2000000e+01   4.6588892e+00
   1.0192856e+01   2.2000000e+01   4.6588892e+00
   1.0202856e+01   2.2000000e+01   4.6588892e+00
   1.0212856e+01   2.2000000e+01   4.6588892e+00
   1.0222856e+01   2.2000000e+01   4.6588892e+00
   1.0232856e+01   2.2000000e+01   4.6588892e+00
   1.0242856e+01   2.2000000e+01   4.6588892e+00
   1.0252856e+01   2.2000000e+01   4.6588892e+00
   1.0262856e+01   2.2000000e+01   4.6588892e+00
   1.0272856e+01   2.2000000e+01   4.6588892e+00
   1.0282856e+01   2.2000000e+01   4.6588892e+00
   1.0292856e+01   2.2000000e+01   4.6588892e+00
   1.0302856e+01   2.2000000e+01   4.6588892e+00
   1.0312856e+01   2.2000000e+01   4.6588892e+00
   1.0322856e+01   2.2000000e+01   4.6588892e+00
   1.0332856e+01   2.2000000e+01   4.6588892e+00
   1.0342856e+01   2.2000000e+01   4.6588892e+00
   1.0352856e+01   2.2000000e+01   4.6588892e+00
   1.0362856e+01   2.2000000e+01   4.6588892e+00
   1.0372856e+01   2.2000000e+01   4.6588892e+00
   1.0382856e+01   2.2000000e+01   4.6588892e+00
   1.0392856e+01   2.2000000e+01   4.6588892e+00
   1.0402856e+01   2.2000000e+01   4.6588892e+00
   1.0412856e+01   2.2000000e+01   4.6588892e+00
   1.0422856e+01   2.2000000e+01   4.6588892e+00
   1.0432856e+01   2.2000000e+01   4.6588892e+00
   1.0442856e+01   2.2000000e+01   4.6588892e+00
   1.0452856e+01   2.2000000e+01   4.6588892e+00
   1.0462856e+01   2.2000000e+01   4.6588892e+00
   1.0472856e+01   2.2000000e+01   4.6588892e+00
   1.0476664e+01   2.2000000e+01   4.6588892e+00
   1.0476664e+01   2.3000000e+01   4.7114900e+00
   1.0476664e+01   2.3000000e+01   4.7114900e+00
   1.0486664e+01   2.3000000e+01   4.7114900e+00
   1.0496664e+01   2.3000000e+01   4.7114900e+00
   1.0506664e+01   2.3000000e+01   4.7114900e+00
   1.0516664e+01   2.3000000e+01   4.7114900e+00
   1.0526664e+01   2.3000000e+01   4.7114900e+00
   1.0536664e+01   2.3000000e+01   4.7114900e+00
   1.0546664e+01   2.3000000e+01   4.7114900e+00
   1.0556664e+01   2.3000000e+01   4.7114900e+00
   1.0566664e+01   2.3000000e+01   4.7114900e+00
   1.0576664e+01   2.3000000e+01   4.7114900e+00
   1.0586664e+01   2.3000000e+01   4.7114900e+00
   1.0596664e+01   2.3000000e+01   4.7114900e+00
   1.0606664e+01   2.3000000e+01   4.7114900e+00
   1.0616664e+01   2.3000000e+01   4.7114900e+00
   1.0626664e+01   2.3000000e+01   4.7114900e+00
   1.0636664e+01   2.3000000e+01   4.7114900e+00
   1.0646664e+01   2.3000000e+01   4.7114900e+00
   1.0656664e+01   2.3000000e+01   4.7114900e+00
   1.0666664e+01   2.3000000e+01   4.7114900e+00
   1.0676664e+01   2.3000000e+01   4.7114900e+00
   1.0686664e+01   2.3000000e+01   4.7114900e+00
   1.0696664e+01   2.3000000e+01   4.7114900e+00
   1.0706664e+01   2.3000000e+01   4.7114900e+00
   1.0716664e+01   2.3000000e+01   4.7114900e+00
   1.0726664e+01   2.3000000e+01   4.7114900e+00
   1.0736664e+01   2.3000000e+01   4.7114900e+00
   1.0746664e+01   2.3000000e+01   4.7114900e+00
   1.0756664e+01   2.3000000e+01   4.7114900e+00
   1.0766664e+01   2.3000000e+01   4.7114900e+00
   1.0776664e+01   2.3000000e+01   4.7114900e+00
   1.0786664e+01   2.3000000e+01   4.7114900e+00
   1.0796664e+01   2.3000000e+01   4.7114900e+00
   1.0806664e+01   2.3000000e+01   4.7114900e+00
   1.0816664e+01   2.3000000e+01   4.7114900e+00
   1.0826664e+01   2.3000000e+01   4.7114900e+00
   1.0836664e+01   2.3000000e+01   4.7114900e+00
   1.0846664e+01   2.3000000e+01   4.7114900e+00
   1.0856664e+01   2.3000000e+01   4.7114900e+00
   1.0866664e+01   2.3000000e+01   4.7114900e+00
   1.0876664e+01   2.3000000e+01   4.7114900e+00
   1.0886664e+01   2.3000000e+01   4.7114900e+00
   1.0896664e+01   2.3000000e+01   4.7114900e+00
   1.0906664e+01   2.3000000e+01   4.7114900e+00
   1.0916664e+01   2.3000000e+01   4.7114900e+00
   1.0926664e+01   2.3000000e+01   4.7114900e+00
   1.0936664e+01   2.3000000e+01   4.7114900e+00
   1.0946664e+01   2.3000000e+01   4.7114900e+00
   1.0956664e+01   2.3000000e+01   4.7114900e+00
   1.0966664e+01   2.3000000e+01   4.7114900e+00
   1.0976664e+01   2.3000000e+01   4.7114900e+00
   1.0986664e+01   2.3000000e+01   4.7114900e+00
   1.0996664e+01   2.3000000e+01   4.7114900e+00
   1.1006664e+01   2.3000000e+01   4.7114900e+00
   1.1016664e+01   2.3000000e+01   4.7114900e+00
   1.1026664e+01   2.3000000e+01   4.7114900e+00
   1.1036664e+01   2.3000000e+01   4.7114900e+00
   1.1046664e+01   2.3000000e+01   4.7114900e+00
   1.1056664e+01   2.3000000e+01   4.7114900e+00
   1.1066664e+01   2.3000000e+01   4.7114900e+00
   1.1076664e+01   2.3000000e+01   4.7114900e+00
   1.1086664e+01   2.3000000e+01   4.7114900e+00
   1.1096664e+01   2.3000000e+01   4.7114900e+00
   1.1106664e+01   2.3000000e+01   4.7114900e+00
   1.1116664e+01   2.3000000e+01   4.7114900e+00
   1.1126664e+01   2.3000000e+01   4.7114900e+00
   1.1136664e+01   2.3000000e+01   4.7114900e+00
   1.1146664e+01   2.3000000e+01   4.7114900e+00
   1.1156664e+01   2.3000000e+01   4.7114900e+00
   1.1166664e+01   2.3000000e+01   4.7114900e+00
   1.1176664e+01   2.3000000e+01   4.7114900e+00
   1.1186664e+01   2.3000000e+01   4.7114900e+00
   1.1196664e+01   2.3000000e+01   4.7114900e+00
   1.1206664e+01   2.3000000e+01   4.7114900e+00
   1.1216664e+01   2.3000000e+01   4.7114900e+00
   1.1226664e+01   2.3000000e+01   4.7114900e+00
   1.1236664e+01   2.3000000e+01   4.7114900e+00
   1.1246664e+01   2.3000000e+01   4.7114900e+00
   1.1256664e+01   2.3000000e+01   4.7114900e+00
   1.1266664e+01   2.3000000e+01   4.7114900e+00
   1.1276664e+01   2.3000000e+01   4.7114900e+00
   1.1285363e+01   2.3000000e+01   4.7114900e+00
   1.1285363e+01   2.4000000e+01   4.7586279e+00
   1.1285363e+01   2.4000000e+01   4.7586279e+00
   1.1295363e+01   2.4000000e+01   4.7586279e+00
   1.1305363e+01   2.4000000e+01   4.7586279e+00
   1.1315363e+01   2.4000000e+01   4.7586279e+00
   1.1325363e+01   2.4000000e+01   4.7586279e+00
   1.1335363e+01   2.4000000e+01   4.7586279e+00
   1.1345363e+01   2.4000000e+01   4.7586279e+00
   1.1355363e+01   2.4000000e+01   4.7586279e+00
   1.1365363e+01   2.4000000e+01   4.7586279e+00
   1.1375363e+01   2.4000000e+01   4.7586279e+00
   1.1385363e+01   2.4000000e+01   4.7586279e+00
   1.1395363e+01   2.4000000e+01   4.7586279e+00
   1.1405363e+01   2.4000000e+01   4.7586279e+00
   1.1415363e+01   2.4000000e+01   4.7586279e+00
   1.1425363e+01   2.4000000e+01   4.7586279e+00
   1.1435363e+01   2.4000000e+01   4.7586279e+00
   1.1445363e+01   2.4000000e+01   4.7586279e+00
   1.1455363e+01   2.4000000e+01   4.7586279e+00
   1.1465363e+01   2.4000000e+01   4.7586279e+00
   1.1475363e+01   2.4000000e+01   4.7586279e+00
   1.1485363e+01   2.4000000e+01   4.7586279e+00
   1.1495363e+01   2.4000000e+01   4.7586279e+00
   1.1505363e+01   2.4000000e+01   4.7586279e+00
   1.1515363e+01   2.4000000e+01   4.7586279e+00
   1.1525363e+01   2.4000000e+01   4.7586279e+00
   1.1535363e+01   2.4000000e+01   4.7586279e+00
   1.1545363e+01   2.4000000e+01   4.7586279e+00
   1.1555363e+01   2.4000000e+01   4.7586279e+00
   1.1565363e+01   2.4000000e+01   4.7586279e+00
   1.1575363e+01   2.4000000e+01   4.7586279e+00
   1.1585363e+01   2.4000000e+01   4.7586279e+00
   1.1595363e+01   2.4000000e+01   4.7586279e+00
   1.1605363e+01   2.4000000e+01   4.7586279e+00
   1.1615363e+01   2.4000000e+01   4.7586279e+00
   1.1625363e+01   2.4000000e+01   4.7586279e+00
   1.1635363e+01   2.4000000e+01   4.7586279e+00
   1.1645363e+01   2.4000000e+01   4.7586279e+00
   1.1655363e+01   2.4000000e+01   4.7586279e+00
   1.1665363e+01   2.4000000e+01   4.7586279e+00
   1.1675363e+01   2.4000000e+01   4.7586279e+00
   1.1685363e+01   2.4000000e+01   4.7586279e+00
   1.1695363e+01   2.4000000e+01   4.7586279e+00
   1.1705363e+01   2.4000000e+01   4.7586279e+00
   1.1715363e+01   2.4000000e+01   4.7586279e+00
   1.1725363e+01   2.4000000e+01   4.7586279e+00
   1.1735363e+01   2.4000000e+01   4.7586279e+00
   1.1745363e+01   2.4000000e+01   4.7586279e+00
   1.1755363e+01   2.4000000e+01   4.7586279e+00
   1.1765363e+01   2.4000000e+01   4.7586279e+00
   1.1775363e+01   2.4000000e+01   4.7586279e+00
   1.1785363e+01   2.4000000e+01   4.7586279e+00
   1.1795363e+01   2.4000000e+01   4.7586279e+00
   1.1805363e+01   2.4000000e+01   4.7586279e+00
   1.1815363e+01   2.4000000e+01   4.7586279e+00
   1.1825363e+01   2.4000000e+01   4.7586279e+00
   1.1835363e+01   2.4000000e+01   4.7586279e+00
   1.1845363e+01   2.4000000e+01   4.7586279e+00
   1.1855363e+01   2.4000000e+01   4.7586279e+00
   1.1865363e+01   2.4000000e+01   4.7586279e+00
   1.1875363e+01   2.4000000e+01   4.7586279e+00
   1.1885363e+01   2.4000000e+01   4.7586279e+00
   1.1895363e+01   2.4000000e+01   4.7586279e+00
   1.1905363e+01   2.4000000e+01   4.7586279e+00
   1.1915363e+01   2.4000000e+01   4.7586279e+00
   1.1925363e+01   2.4000000e+01   4.7586279e+00
   1.1935363e+01   2.4000000e+01   4.7586279e+00
   1.1945363e+01   2.4000000e+01   4.7586279e+00
   1.1955363e+01   2.4000000e+01   4.7586279e+00
   1.1965363e+01   2.4000000e+01   4.7586279e+00
   1.1975363e+01   2.4000000e+01   4.7586279e+00
   1.1985363e+01   2.4000000e+01   4.7586279e+00
   1.1995363e+01   2.4000000e+01   4.7586279e+00
   1.2005363e+01   2.4000000e+01   4.7586279e+00
   1.2015363e+01   2.4000000e+01   4.7586279e+00
   1.2025363e+01   2.4000000e+01   4.7586279e+00
   1.2035363e+01   2.4000000e+01   4.7586279e+00
   1.2045363e+01   2.4000000e+01   4.7586279e+00
   1.2055363e+01   2.4000000e+01   4.7586279e+00
   1.2065363e+01   2.4000000e+01   4.7586279e+00
   1.2075363e+01   2.4000000e+01   4.7586279e+00
   1.2085363e+01   2.4000000e+01   4.7586279e+00
   1.2095363e+01   2.4000000e+01   4.7586279e+00
   1.2105363e+01   2.4000000e+01   4.7586279e+00
   1.2115363e+01   2.4000000e+01   4.7586279e+00
   1.2118535e+01   2.4000000e+01   4.7586279e+00
   1.2118535e+01   2.5000000e+01   4.8005424e+00
   1.2118535e+01   2.5000000e+01   4.8005424e+00
   1.2128535e+01   2.5000000e+01   4.8005424e+00
   1.2138535e+01   2.5000000e+01   4.8005424e+00
   1.2148535e+01   2.5000000e+01   4.8005424e+00
   1.2158535e+01   2.5000000e+01   4.8005424e+00
   1.2168535e+01   2.5000000e+01   4.8005424e+00
   1.2178535e+01   2.5000000e+01   4.8005424e+00
   1.2188535e+01   2.5000000e+01   4.8005424e+00
   1.2198535e+01   2.5000000e+01   4.8005424e+00
   1.2208535e+01   2.5000000e+01   4.8005424e+00
   1.2218535e+01   2.5000000e+01   4.8005424e+00
   1.2228535e+01   2.5000000e+01   4.8005424e+00
   1.2238535e+01   2.5000000e+01   4.8005424e+00
   1.2248535e+01   2.5000000e+01   4.8005424e+00
   1.2258535e+01   2.5000000e+01   4.8005424e+00
   1.2268535e+01   2.5000000e+01   4.8005424e+00
   1.2278535e+01   2.5000000e+01   4.8005424e+00
   1.2288535e+01   2.5000000e+01   4.8005424e+00
   1.2298535e+01   2.5000000e+01   4.8005424e+00
   1.2308535e+01   2.5000000e+01   4.8005424e+00
   1.2318535e+01   2.5000000e+01   4.8005424e+00
   1.2328535e+01   2.5000000e+01   4.8005424e+00
   1.2338535e+01   2.5000000e+01   4.8005424e+00
   1.2348535e+01   2.5000000e+01   4.8005424e+00
   1.2358535e+01   2.5000000e+01   4.8005424e+00
   1.2368535e+01   2.5000000e+01   4.8005424e+00
   1.2378535e+01   2.5000000e+01   4.8005424e+00
   1.2388535e+01   2.5000000e+01   4.8005424e+00
   1.2398535e+01   2.5000000e+01   4.8005424e+00
   1.2408535e+01   2.5000000e+01   4.8005424e+00
   1.2418535e+01   2.5000000e+01   4.8005424e+00
   1.2428535e+01   2.5000000e+01   4.8005424e+00
   1.2438535e+01   2.5000000e+01   4.8005424e+00
   1.2448535e+01   2.5000000e+01   4.8005424e+00
   1.2458535e+01   2.5000000e+01   4.8005424e+00
   1.2468535e+01   2.5000000e+01   4.8005424e+00
   1.2478535e+01   2.5000000e+01   4.8005424e+00
   1.2488535e+01   2.5000000e+01   4.8005424e+00
   1.2498535e+01   2.5000000e+01   4.8005424e+00
   1.2508535e+01   2.5000000e+01   4.8005424e+00
   1.2518535e+01   2.5000000e+01   4.8005424e+00
   1.2528535e+01   2.5000000e+01   4.8005424e+00
   1.2538535e+01   2.5000000e+01   4.8005424e+00
   1.2548535e+01   2.5000000e+01   4.8005424e+00
   1.2558535e+01   2.5000000e+01   4.8005424e+00
   1.2568535e+01   2.5000000e+01   4.8005424e+00
   1.2578535e+01   2.5000000e+01   4.8005424e+00
   1.2588535e+01   2.5000000e+01   4.8005424e+00
   1.2598535e+01   2.5000000e+01   4.8005424e+00
   1.2608535e+01   2.5000000e+01   4.8005424e+00
   1.2618535e+01   2.5000000e+01   4.8005424e+00
   1.2628535e+01   2.5000000e+01   4.8005424e+00
   1.2638535e+01   2.5000000e+01   4.8005424e+00
   1.2648535e+01   2.5000000e+01   4.8005424e+00
   1.2658535e+01   2.5000000e+01   4.8005424e+00
   1.2668535e+01   2.5000000e+01   4.8005424e+00
   1.2678535e+01   2.5000000e+01   4.8005424e+00
   1.2688535e+01   2.5000000e+01   4.8005424e+00
   1.2698535e+01   2.5000000e+01   4.8005424e+00
   1.2708535e+01   2.5000000e+01   4.8005424e+00
   1.2718535e+01   2.5000000e+01   4.8005424e+00
   1.2728535e+01   2.5000000e+01   4.8005424e+00
   1.2738535e+01   2.5000000e+01   4.8005424e+00
   1.2748535e+01   2.5000000e+01   4.8005424e+00
   1.2758535e+01   2.5000000e+01   4.8005424e+00
   1.2768535e+01   2.5000000e+01   4.8005424e+00
   1.2778535e+01   2.5000000e+01   4.8005424e+00
   1.2788535e+01   2.5000000e+01   4.8005424e+00
   1.2798535e+01   2.5000000e+01   4.8005424e+00
   1.2808535e+01   2.5000000e+01   4.8005424e+00
   1.2818535e+01   2.5000000e+01   4.8005424e+00
   1.2828535e+01   2.5000000e+01   4.8005424e+00
   1.2838535e+01   2.5000000e+01   4.8005424e+00
   1.2848535e+01   2.5000000e+01   4.8005424e+00
   1.2858535e+01   2.5000000e+01   4.8005424e+00
   1.2868535e+01   2.5000000e+01   4.8005424e+00
   1.2878535e+01   2.5000000e+01   4.8005424e+00
   1.2888535e+01   2.5000000e+01   4.8005424e+00
   1.2898535e+01   2.5000000e+01   4.8005424e+00
   1.2908535e+01   2.5000000e+01   4.8005424e+00
   1.2918535e+01   2.5000000e+01   4.8005424e+00
   1.2928535e+01   2.5000000e+01   4.8005424e+00
   1.2938535e+01   2.5000000e+01   4.8005424e+00
   1.2948535e+01   2.5000000e+01   4.8005424e+00
   1.2958535e+01   2.5000000e+01   4.8005424e+00
   1.2968535e+01   2.5000000e+01   4.8005424e+00
   1.2975777e+01   2.5000000e+01   4.8005424e+00
   1.2975777e+01   2.6000000e+01   4.8374454e+00
   1.2975777e+01   2.6000000e+01   4.8374454e+00
   1.2985777e+01   2.6000000e+01   4.8374454e+00
   1.2995777e+01   2.6000000e+01   4.8374454e+00
   1.3005777e+01   2.6000000e+01   4.8374454e+00
   1.3015777e+01   2.6000000e+01   4.8374454e+00
   1.3025777e+01   2.6000000e+01   4.8374454e+00
   1.3035777e+01   2.6000000e+01   4.8374454e+00
   1.3045777e+01   2.6000000e+01   4.8374454e+00
   1.3055777e+01   2.6000000e+01   4.8374454e+00
   1.3065777e+01   2.6000000e+01   4.8374454e+00
   1.3075777e+01   2.6000000e+01   4.8374454e+00
   1.3085777e+01   2.6000000e+01   4.8374454e+00
   1.3095777e+01   2.6000000e+01   4.8374454e+00
   1.3105777e+01   2.6000000e+01   4.8374454e+00
   1.3115777e+01   2.6000000e+01   4.8374454e+00
   1.3125777e+01   2.6000000e+01   4.8374454e+00
   1.3135777e+01   2.6000000e+01   4.8374454e+00
   1.3145777e+01   2.6000000e+01   4.8374454e+00
   1.3155777e+01   2.6000000e+01   4.8374454e+00
   1.3165777e+01   2.6000000e+01   4.8374454e+00
   1.3175777e+01   2.6000000e+01   4.8374454e+00
   1.3185777e+01   2.6000000e+01   4.8374454e+00
   1.3195777e+01   2.6000000e+01   4.8374454e+00
   1.3205777e+01   2.6000000e+01   4.8374454e+00
   1.3215777e+01   2.6000000e+01   4.8374454e+00
   1.3225777e+01   2.6000000e+01   4.8374454e+00
   1.3235777e+01   2.6000000e+01   4.8374454e+00
   1.3245777e+01   2.6000000e+01   4.8374454e+00
   1.3255777e+01   2.6000000e+01   4.8374454e+00
   1.3265777e+01   2.6000000e+01   4.8374454e+00
   1.3275777e+01   2.6000000e+01   4.8374454e+00
   1.3285777e+01   2.6000000e+01   4.8374454e+00
   1.3295777e+01   2.6000000e+01   4.8374454e+00
   1.3305777e+01   2.6000000e+01   4.8374454e+00
   1.3315777e+01   2.6000000e+01   4.8374454e+00
   1.3325777e+01   2.6000000e+01   4.8374454e+00
   1.3335777e+01   2.6000000e+01   4.8374454e+00
   1.3345777e+01   2.6000000e+01   4.8374454e+00
   1.3355777e+01   2.6000000e+01   4.8374454e+00
   1.3365777e+01   2.6000000e+01   4.8374454e+00
   1.3375777e+01   2.6000000e+01   4.8374454e+00
   1.3385777e+01   2.6000000e+01   4.8374454e+00
   1.3395777e+01   2.6000000e+01   4.8374454e+00
   1.3405777e+01   2.6000000e+01   4.8374454e+00
   1.3415777e+01   2.6000000e+01   4.8374454e+00
   1.3425777e+01   2.6000000e+01   4.8374454e+00
   1.3435777e+01   2.6000000e+01   4.8374454e+00
   1.3445777e+01   2.6000000e+01   4.8374454e+00
   1.3455777e+01   2.6000000e+01   4.8374454e+00
   1.3465777e+01   2.6000000e+01   4.8374454e+00
   1.3475777e+01   2.6000000e+01   4.8374454e+00
   1.3485777e+01   2.6000000e+01   4.8374454e+00
   1.3495777e+01   2.6000000e+01   4.8374454e+00
   1.3505777e+01   2.6000000e+01   4.8374454e+00
   1.3515777e+01   2.6000000e+01   4.8374454e+00
   1.3525777e+01   2.6000000e+01   4.8374454e+00
   1.3535777e+01   2.6000000e+01   4.8374454e+00
   1.3545777e+01   2.6000000e+01   4.8374454e+00
   1.3555777e+01   2.6000000e+01   4.8374454e+00
   1.3565777e+01   2.6000000e+01   4.8374454e+00
   1.3575777e+01   2.6000000e+01   4.8374454e+00
   1.3585777e+01   2.6000000e+01   4.8374454e+00
   1.3595777e+01   2.6000000e+01   4.8374454e+00
   1.3605777e+01   2.6000000e+01   4.8374454e+00
   1.3615777e+01   2.6000000e+01   4.8374454e+00
   1.3625777e+01   2.6000000e+01   4.8374454e+00
   1.3635777e+01   2.6000000e+01   4.8374454e+00
   1.3645777e+01   2.6000000e+01   4.8374454e+00
   1.3655777e+01   2.6000000e+01   4.8374454e+00
   1.3665777e+01   2.6000000e+01   4.8374454e+00
   1.3675777e+01   2.6000000e+01   4.8374454e+00
   1.3685777e+01   2.6000000e+01   4.8374454e+00
   1.3695777e+01   2.6000000e+01   4.8374454e+00
   1.3705777e+01   2.6000000e+01   4.8374454e+00
   1.3715777e+01   2.6000000e+01   4.8374454e+00
   1.3725777e+01   2.6000000e+01   4.8374454e+00
   1.3735777e+01   2.6000000e+01   4.8374454e+00
   1.3745777e+01   2.6000000e+01   4.8374454e+00
   1.3755777e+01   2.6000000e+01   4.8374454e+00
   1.3765777e+01   2.6000000e+01   4.8374454e+00
   1.3775777e+01   2.6000000e+01   4.8374454e+00
   1.3785777e+01   2.6000000e+01   4.8374454e+00
   1.3795777e+01   2.6000000e+01   4.8374454e+00
   1.3805777e+01   2.6000000e+01   4.8374454e+00
   1.3815777e+01   2.6000000e+01   4.8374454e+00
   1.3825777e+01   2.6000000e+01   4.8374454e+00
   1.3835777e+01   2.6000000e+01   4.8374454e+00
   1.3845777e+01   2.6000000e+01   4.8374454e+00
   1.3855777e+01   2.6000000e+01   4.8374454e+00
   1.3856700e+01   2.6000000e+01   4.8374454e+00
   1.3856700e+01   2.7000000e+01   4.8695260e+00
   1.3856700e+01   2.7000000e+01   4.8695260e+00
   1.3866700e+01   2.7000000e+01   4.8695260e+00
   1.3876700e+01   2.7000000e+01   4.8695260e+00
   1.3886700e+01   2.7000000e+01   4.8695260e+00
   1.3896700e+01   2.7000000e+01   4.8695260e+00
   1.3906700e+01   2.7000000e+01   4.8695260e+00
   1.3916700e+01   2.7000000e+01   4.8695260e+00
   1.3926700e+01   2.7000000e+01   4.8695260e+00
   1.3936700e+01   2.7000000e+01   4.8695260e+00
   1.3946700e+01   2.7000000e+01   4.8695260e+00
   1.3956700e+01   2.7000000e+01   4.8695260e+00
   1.3966700e+01   2.7000000e+01   4.8695260e+00
   1.3976700e+01   2.7000000e+01   4.8695260e+00
   1.3986700e+01   2.7000000e+01   4.8695260e+00
   1.3996700e+01   2.7000000e+01   4.8695260e+00
   1.4006700e+01   2.7000000e+01   4.8695260e+00
   1.4016700e+01   2.7000000e+01   4.8695260e+00
   1.4026700e+01   2.7000000e+01   4.8695260e+00
   1.4036700e+01   2.7000000e+01   4.8695260e+00
   1.4046700e+01   2.7000000e+01   4.8695260e+00
   1.4056700e+01   2.7000000e+01   4.8695260e+00
   1.4066700e+01   2.7000000e+01   4.8695260e+00
   1.4076700e+01   2.7000000e+01   4.8695260e+00
   1.4086700e+01   2.7000000e+01   4.8695260e+00
   1.4096700e+01   2.7000000e+01   4.8695260e+00
   1.4106700e+01   2.7000000e+01   4.8695260e+00
   1.4116700e+01   2.7000000e+01   4.8695260e+00
   1.4126700e+01   2.7000000e+01   4.8695260e+00
   1.4136700e+01   2.7000000e+01   4.8695260e+00
   1.4146700e+01   2.7000000e+01   4.8695260e+00
   1.4156700e+01   2.7000000e+01   4.8695260e+00
   1.4166700e+01   2.7000000e+01   4.8695260e+00
   1.4176700e+01   2.7000000e+01   4.8695260e+00
   1.4186700e+01   2.7000000e+01   4.8695260e+00
   1.4196700e+01   2.7000000e+01   4.8695260e+00
   1.4206700e+01   2.7000000e+01   4.8695260e+00
   1.4216700e+01   2.7000000e+01   4.8695260e+00
   1.4226700e+01   2.7000000e+01   4.8695260e+00
   1.4236700e+01   2.7000000e+01   4.8695260e+00
   1.4246700e+01   2.7000000e+01   4.8695260e+00
   1.4256700e+01   2.7000000e+01   4.8695260e+00
   1.4266700e+01   2.7000000e+01   4.8695260e+00
   1.4276700e+01   2.7000000e+01   4.8695260e+00
   1.4286700e+01   2.7000000e+01   4.8695260e+00
   1.4296700e+01   2.7000000e+01   4.8695260e+00
   1.4306700e+01   2.7000000e+01   4.8695260e+00
   1.4316700e+01   2.7000000e+01   4.8695260e+00
   1.4326700e+01   2.7000000e+01   4.8695260e+00
   1.4336700e+01   2.7000000e+01   4.8695260e+00
   1.4346700e+01   2.7000000e+01   4.8695260e+00
   1.4356700e+01   2.7000000e+01   4.8695260e+00
   1.4366700e+01   2.7000000e+01   4.8695260e+00
   1.4376700e+01   2.7000000e+01   4.8695260e+00
   1.4386700e+01   2.7000000e+01   4.8695260e+00
   1.4396700e+01   2.7000000e+01   4.8695260e+00
   1.4406700e+01   2.7000000e+01   4.8695260e+00
   1.4416700e+01   2.7000000e+01   4.8695260e+00
   1.4426700e+01   2.7000000e+01   4.8695260e+00
   1.4436700e+01   2.7000000e+01   4.8695260e+00
   1.4446700e+01   2.7000000e+01   4.8695260e+00
   1.4456700e+01   2.7000000e+01   4.8695260e+00
   1.4466700e+01   2.7000000e+01   4.8695260e+00
   1.4476700e+01   2.7000000e+01   4.8695260e+00
   1.4486700e+01   2.7000000e+01   4.8695260e+00
   1.4496700e+01   2.7000000e+01   4.8695260e+00
   1.4506700e+01   2.7000000e+01   4.8695260e+00
   1.4516700e+01   2.7000000e+01   4.8695260e+00
   1.4526700e+01   2.7000000e+01   4.8695260e+00
   1.4536700e+01   2.7000000e+01   4.8695260e+00
   1.4546700e+01   2.7000000e+01   4.8695260e+00
   1.4556700e+01   2.7000000e+01   4.8695260e+00
   1.4566700e+01   2.7000000e+01   4.8695260e+00
   1.4576700e+01   2.7000000e+01   4.8695260e+00
   1.4586700e+01   2.7000000e+01   4.8695260e+00
   1.4596700e+01   2.7000000e+01   4.8695260e+00
   1.4606700e+01   2.7000000e+01   4.8695260e+00
   1.4616700e+01   2.7000000e+01   4.8695260e+00
   1.4626700e+01   2.7000000e+01   4.8695260e+00
   1.4636700e+01   2.7000000e+01   4.8695260e+00
   1.4646700e+01   2.7000000e+01   4.8695260e+00
   1.4656700e+01   2.7000000e+01   4.8695260e+00
   1.4666700e+01   2.7000000e+01   4.8695260e+00
   1.4676700e+01   2.7000000e+01   4.8695260e+00
   1.4686700e+01   2.7000000e+01   4.8695260e+00
   1.4696700e+01   2.7000000e+01   4.8695260e+00
   1.4706700e+01   2.7000000e+01   4.8695260e+00
   1.4716700e+01   2.7000000e+01   4.8695260e+00
   1.4726700e+01   2.7000000e+01   4.8695260e+00
   1.4736700e+01   2.7000000e+01   4.8695260e+00
   1.4746700e+01   2.7000000e+01   4.8695260e+00
   1.4756700e+01   2.7000000e+01   4.8695260e+00
   1.4760929e+01   2.7000000e+01   4.8695260e+00
   1.4760929e+01   2.8000000e+01   4.8969531e+00
   1.4760929e+01   2.8000000e+01   4.8969531e+00
   1.4770929e+01   2.8000000e+01   4.8969531e+00
   1.4780929e+01   2.8000000e+01   4.8969531e+00
   1.4790929e+01   2.8000000e+01   4.8969531e+00
   1.4800929e+01   2.8000000e+01   4.8969531e+00
   1.4810929e+01   2.8000000e+01   4.8969531e+00
   1.4820929e+01   2.8000000e+01   4.8969531e+00
   1.4830929e+01   2.8000000e+01   4.8969531e+00
   1.4840929e+01   2.8000000e+01   4.8969531e+00
   1.4850929e+01   2.8000000e+01   4.8969531e+00
   1.4860929e+01   2.8000000e+01   4.8969531e+00
   1.4870929e+01   2.8000000e+01   4.8969531e+00
   1.4880929e+01   2.8000000e+01   4.8969531e+00
   1.4890929e+01   2.8000000e+01   4.8969531e+00
   1.4900929e+01   2.8000000e+01   4.8969531e+00
   1.4910929e+01   2.8000000e+01   4.8969531e+00
   1.4920929e+01   2.8000000e+01   4.8969531e+00
   1.4930929e+01   2.8000000e+01   4.8969531e+00
   1.4940929e+01   2.8000000e+01   4.8969531e+00
   1.4950929e+01   2.8000000e+01   4.8969531e+00
   1.4960929e+01   2.8000000e+01   4.8969531e+00
   1.4970929e+01   2.8000000e+01   4.8969531e+00
   1.4980929e+01   2.8000000e+01   4.8969531e+00
   1.4990929e+01   2.8000000e+01   4.8969531e+00
   1.5000929e+01   2.8000000e+01   4.8969531e+00
   1.5010929e+01   2.8000000e+01   4.8969531e+00
   1.5020929e+01   2.8000000e+01   4.8969531e+00
   1.5030929e+01   2.8000000e+01   4.8969531e+00
   1.5040929e+01   2.8000000e+01   4.8969531e+00
   1.5050929e+01   2.8000000e+01   4.8969531e+00
   1.5060929e+01   2.8000000e+01   4.8969531e+00
   1.5070929e+01   2.8000000e+01   4.8969531e+00
   1.5080929e+01   2.8000000e+01   4.8969531e+00
   1.5090929e+01   2.8000000e+01   4.8969531e+00
   1.5100929e+01   2.8000000e+01   4.8969531e+00
   1.5110929e+01   2.8000000e+01   4.8969531e+00
   1.5120929e+01   2.8000000e+01   4.8969531e+00
   1.5130929e+01   2.8000000e+01   4.8969531e+00
   1.5140929e+01   2.8000000e+01   4.8969531e+00
   1.5150929e+01   2.8000000e+01   4.8969531e+00
   1.5160929e+01   2.8000000e+01   4.8969531e+00
   1.5170929e+01   2.8000000e+01   4.8969531e+00
   1.5180929e+01   2.8000000e+01   4.8969531e+00
   1.5190929e+01   2.8000000e+01   4.8969531e+00
   1.5200929e+01   2.8000000e+01   4.8969531e+00
   1.5210929e+01   2.8000000e+01   4.8969531e+00
   1.5220929e+01   2.8000000e+01   4.8969531e+00
   1.5230929e+01   2.8000000e+01   4.8969531e+00
   1.5240929e+01   2.8000000e+01   4.8969531e+00
   1.5250929e+01   2.8000000e+01   4.8969531e+00
   1.5260929e+01   2.8000000e+01   4.8969531e+00
   1.5270929e+01   2.8000000e+01   4.8969531e+00
   1.5280929e+01   2.8000000e+01   4.8969531e+00
   1.5290929e+01   2.8000000e+01   4.8969531e+00
   1.5300929e+01   2.8000000e+01   4.8969531e+00
   1.5310929e+01   2.8000000e+01   4.8969531e+00
   1.5320929e+01   2.8000000e+01   4.8969531e+00
   1.5330929e+01   2.8000000e+01   4.8969531e+00
   1.5340929e+01   2.8000000e+01   4.8969531e+00
   1.5350929e+01   2.8000000e+01   4.8969531e+00
   1.5360929e+01   2.8000000e+01   4.8969531e+00
   1.5370929e+01   2.8000000e+01   4.8969531e+00
   1.5380929e+01   2.8000000e+01   4.8969531e+00
   1.5390929e+01   2.8000000e+01   4.8969531e+00
   1.5400929e+01   2.8000000e+01   4.8969531e+00
   1.5410929e+01   2.8000000e+01   4.8969531e+00
   1.5420929e+01   2.8000000e+01   4.8969531e+00
   1.5430929e+01   2.8000000e+01   4.8969531e+00
   1.5440929e+01   2.8000000e+01   4.8969531e+00
   1.5450929e+01   2.8000000e+01   4.8969531e+00
   1.5460929e+01   2.8000000e+01   4.8969531e+00
   1.5470929e+01   2.8000000e+01   4.8969531e+00
   1.5480929e+01   2.8000000e+01   4.8969531e+00
   1.5490929e+01   2.8000000e+01   4.8969531e+00
   1.5500929e+01   2.8000000e+01   4.8969531e+00
   1.5510929e+01   2.8000000e+01   4.8969531e+00
   1.5520929e+01   2.8000000e+01   4.8969531e+00
   1.5530929e+01   2.8000000e+01   4.8969531e+00
   1.5540929e+01   2.8000000e+01   4.8969531e+00
   1.5550929e+01   2.8000000e+01   4.8969531e+00
   1.5560929e+01   2.8000000e+01   4.8969531e+00
   1.5570929e+01   2.8000000e+01   4.8969531e+00
   1.5580929e+01   2.8000000e+01   4.8969531e+00
   1.5590929e+01   2.8000000e+01   4.8969531e+00
   1.5600929e+01   2.8000000e+01   4.8969531e+00
   1.5610929e+01   2.8000000e+01   4.8969531e+00
   1.5620929e+01   2.8000000e+01   4.8969531e+00
   1.5630929e+01   2.8000000e+01   4.8969531e+00
   1.5640929e+01   2.8000000e+01   4.8969531e+00
   1.5650929e+01   2.8000000e+01   4.8969531e+00
   1.5660929e+01   2.8000000e+01   4.8969531e+00
   1.5670929e+01   2.8000000e+01   4.8969531e+00
   1.5680929e+01   2.8000000e+01   4.8969531e+00
   1.5688099e+01   2.8000000e+01   4.8969531e+00
   1.5688099e+01   2.9000000e+01   4.9198778e+00
   1.5688099e+01   2.9000000e+01   4.9198778e+00
   1.5698099e+01   2.9000000e+01   4.9198778e+00
   1.5708099e+01   2.9000000e+01   4.9198778e+00
   1.5718099e+01   2.9000000e+01   4.9198778e+00
   1.5728099e+01   2.9000000e+01   4.9198778e+00
   1.5738099e+01   2.9000000e+01   4.9198778e+00
   1.5748099e+01   2.9000000e+01   4.9198778e+00
   1.5758099e+01   2.9000000e+01   4.9198778e+00
   1.5768099e+01   2.9000000e+01   4.9198778e+00
   1.5778099e+01   2.9000000e+01   4.9198778e+00
   1.5788099e+01   2.9000000e+01   4.9198778e+00
   1.5798099e+01   2.9000000e+01   4.9198778e+00
   1.5808099e+01   2.9000000e+01   4.9198778e+00
   1.5818099e+01   2.9000000e+01   4.9198778e+00
   1.5828099e+01   2.9000000e+01   4.9198778e+00
   1.5838099e+01   2.9000000e+01   4.9198778e+00
   1.5848099e+01   2.9000000e+01   4.9198778e+00
   1.5858099e+01   2.9000000e+01   4.9198778e+00
   1.5868099e+01   2.9000000e+01   4.9198778e+00
   1.5878099e+01   2.9000000e+01   4.9198778e+00
   1.5888099e+01   2.9000000e+01   4.9198778e+00
   1.5898099e+01   2.9000000e+01   4.9198778e+00
   1.5908099e+01   2.9000000e+01   4.9198778e+00
   1.5918099e+01   2.9000000e+01   4.9198778e+00
   1.5928099e+01   2.9000000e+01   4.9198778e+00
   1.5938099e+01   2.9000000e+01   4.9198778e+00
   1.5948099e+01   2.9000000e+01   4.9198778e+00
   1.5958099e+01   2.9000000e+01   4.9198778e+00
   1.5968099e+01   2.9000000e+01   4.9198778e+00
   1.5978099e+01   2.9000000e+01   4.9198778e+00
   1.5988099e+01   2.9000000e+01   4.9198778e+00
   1.5998099e+01   2.9000000e+01   4.9198778e+00
   1.6008099e+01   2.9000000e+01   4.9198778e+00
   1.6018099e+01   2.9000000e+01   4.9198778e+00
   1.6028099e+01   2.9000000e+01   4.9198778e+00
   1.6038099e+01   2.9000000e+01   4.9198778e+00
   1.6048099e+01   2.9000000e+01   4.9198778e+00
   1.6058099e+01   2.9000000e+01   4.9198778e+00
   1.6068099e+01   2.9000000e+01   4.9198778e+00
   1.6078099e+01   2.9000000e+01   4.9198778e+00
   1.6088099e+01   2.9000000e+01   4.9198778e+00
   1.6098099e+01   2.9000000e+01   4.9198778e+00
   1.6108099e+01   2.9000000e+01   4.9198778e+00
   1.6118099e+01   2.9000000e+01   4.9198778e+00
   1.6128099e+01   2.9000000e+01   4.9198778e+00
   1.6138099e+01   2.9000000e+01   4.9198778e+00
   1.6148099e+01   2.9000000e+01   4.9198778e+00
   1.6158099e+01   2.9000000e+01   4.9198778e+00
   1.6168099e+01   2.9000000e+01   4.9198778e+00
   1.6178099e+01   2.9000000e+01   4.9198778e+00
   1.6188099e+01   2.9000000e+01   4.9198778e+00
   1.6198099e+01   2.9000000e+01   4.9198778e+00
   1.6208099e+01   2.9000000e+01   4.9198778e+00
   1.6218099e+01   2.9000000e+01   4.9198778e+00
   1.6228099e+01   2.9000000e+01   4.9198778e+00
   1.6238099e+01   2.9000000e+01   4.9198778e+00
   1.6248099e+01   2.9000000e+01   4.9198778e+00
   1.6258099e+01   2.9000000e+01   4.9198778e+00
   1.6268099e+01   2.9000000e+01   4.9198778e+00
   1.6278099e+01   2.9000000e+01   4.9198778e+00
   1.6288099e+01   2.9000000e+01   4.9198778e+00
   1.6298099e+01   2.9000000e+01   4.9198778e+00
   1.6308099e+01   2.9000000e+01   4.9198778e+00
   1.6318099e+01   2.9000000e+01   4.9198778e+00
   1.6328099e+01   2.9000000e+01   4.9198778e+00
   1.6338099e+01   2.9000000e+01   4.9198778e+00
   1.6348099e+01   2.9000000e+01   4.9198778e+00
   1.6358099e+01   2.9000000e+01   4.9198778e+00
   1.6368099e+01   2.9000000e+01   4.9198778e+00
   1.6378099e+01   2.9000000e+01   4.9198778e+00
   1.6388099e+01   2.9000000e+01   4.9198778e+00
   1.6398099e+01   2.9000000e+01   4.9198778e+00
   1.6408099e+01   2.9000000e+01   4.9198778e+00
   1.6418099e+01   2.9000000e+01   4.9198778e+00
   1.6428099e+01   2.9000000e+01   4.9198778e+00
   1.6438099e+01   2.9000000e+01   4.9198778e+00
   1.6448099e+01   2.9000000e+01   4.9198778e+00
   1.6458099e+01   2.9000000e+01   4.9198778e+00
   1.6468099e+01   2.9000000e+01   4.9198778e+00
   1.6478099e+01   2.9000000e+01   4.9198778e+00
   1.6488099e+01   2.9000000e+01   4.9198778e+00
   1.6498099e+01   2.9000000e+01   4.9198778e+00
   1.6508099e+01   2.9000000e+01   4.9198778e+00
   1.6518099e+01   2.9000000e+01   4.9198778e+00
   1.6528099e+01   2.9000000e+01   4.9198778e+00
   1.6538099e+01   2.9000000e+01   4.9198778e+00
   1.6548099e+01   2.9000000e+01   4.9198778e+00
   1.6558099e+01   2.9000000e+01   4.9198778e+00
   1.6568099e+01   2.9000000e+01   4.9198778e+00
   1.6578099e+01   2.9000000e+01   4.9198778e+00
   1.6588099e+01   2.9000000e+01   4.9198778e+00
   1.6598099e+01   2.9000000e+01   4.9198778e+00
   1.6608099e+01   2.9000000e+01   4.9198778e+00
   1.6618099e+01   2.9000000e+01   4.9198778e+00
   1.6628099e+01   2.9000000e+01   4.9198778e+00
   1.6637856e+01   2.9000000e+01   4.9198778e+00
   1.6637856e+01   3.0000000e+01   4.9384365e+00
   1.6637856e+01   3.0000000e+01   4.9384365e+00
   1.6647856e+01   3.0000000e+01   4.9384365e+00
   1.6657856e+01   3.0000000e+01   4.9384365e+00
   1.6667856e+01   3.0000000e+01   4.9384365e+00
   1.6677856e+01   3.0000000e+01   4.9384365e+00
   1.6687856e+01   3.0000000e+01   4.9384365e+00
   1.6697856e+01   3.0000000e+01   4.9384365e+00
   1.6707856e+01   3.0000000e+01   4.9384365e+00
   1.6717856e+01   3.0000000e+01   4.9384365e+00
   1.6727856e+01   3.0000000e+01   4.9384365e+00
   1.6737856e+01   3.0000000e+01   4.9384365e+00
   1.6747856e+01   3.0000000e+01   4.9384365e+00
   1.6757856e+01   3.0000000e+01   4.9384365e+00
   1.6767856e+01   3.0000000e+01   4.9384365e+00
   1.6777856e+01   3.0000000e+01   4.9384365e+00
   1.6787856e+01   3.0000000e+01   4.9384365e+00
   1.6797856e+01   3.0000000e+01   4.9384365e+00
   1.6807856e+01   3.0000000e+01   4.9384365e+00
   1.6817856e+01   3.0000000e+01   4.9384365e+00
   1.6827856e+01   3.0000000e+01   4.9384365e+00
   1.6837856e+01   3.0000000e+01   4.9384365e+00
   1.6847856e+01   3.0000000e+01   4.9384365e+00
   1.6857856e+01   3.0000000e+01   4.9384365e+00
   1.6867856e+01   3.0000000e+01   4.9384365e+00
   1.6877856e+01   3.0000000e+01   4.9384365e+00
   1.6887856e+01   3.0000000e+01   4.9384365e+00
   1.6897856e+01   3.0000000e+01   4.9384365e+00
   1.6907856e+01   3.0000000e+01   4.9384365e+00
   1.6917856e+01   3.0000000e+01   4.9384365e+00
   1.6927856e+01   3.0000000e+01   4.9384365e+00
   1.6937856e+01   3.0000000e+01   4.9384365e+00
   1.6947856e+01   3.0000000e+01   4.9384365e+00
   1.6957856e+01   3.0000000e+01   4.9384365e+00
   1.6967856e+01   3.0000000e+01   4.9384365e+00
   1.6977856e+01   3.0000000e+01   4.9384365e+00
   1.6987856e+01   3.0000000e+01   4.9384365e+00
   1.6997856e+01   3.0000000e+01   4.9384365e+00
   1.7007856e+01   3.0000000e+01   4.9384365e+00
   1.7017856e+01   3.0000000e+01   4.9384365e+00
   1.7027856e+01   3.0000000e+01   4.9384365e+00
   1.7037856e+01   3.0000000e+01   4.9384365e+00
   1.7047856e+01   3.0000000e+01   4.9384365e+00
   1.7057856e+01   3.0000000e+01   4.9384365e+00
   1.7067856e+01   3.0000000e+01   4.9384365e+00
   1.7077856e+01   3.0000000e+01   4.9384365e+00
   1.7087856e+01   3.0000000e+01   4.9384365e+00
   1.7097856e+01   3.0000000e+01   4.9384365e+00
   1.7107856e+01   3.0000000e+01   4.9384365e+00
   1.7117856e+01   3.0000000e+01   4.9384365e+00
   1.7127856e+01   3.0000000e+01   4.9384365e+00
   1.7137856e+01   3.0000000e+01   4.9384365e+00
   1.7147856e+01   3.0000000e+01   4.9384365e+00
   1.7157856e+01   3.0000000e+01   4.9384365e+00
   1.7167856e+01   3.0000000e+01   4.9384365e+00
   1.7177856e+01   3.0000000e+01   4.9384365e+00
   1.7187856e+01   3.0000000e+01   4.9384365e+00
   1.7197856e+01   3.0000000e+01   4.9384365e+00
   1.7207856e+01   3.0000000e+01   4.9384365e+00
   1.7217856e+01   3.0000000e+01   4.9384365e+00
   1.7227856e+01   3.0000000e+01   4.9384365e+00
   1.7237856e+01   3.0000000e+01   4.9384365e+00
   1.7247856e+01   3.0000000e+01   4.9384365e+00
   1.7257856e+01   3.0000000e+01   4.9384365e+00
   1.7267856e+01   3.0000000e+01   4.9384365e+00
   1.7277856e+01   3.0000000e+01   4.9384365e+00
   1.7287856e+01   3.0000000e+01   4.9384365e+00
   1.7297856e+01   3.0000000e+01   4.9384365e+00
   1.7307856e+01   3.0000000e+01   4.9384365e+00
   1.7317856e+01   3.0000000e+01   4.9384365e+00
   1.7327856e+01   3.0000000e+01   4.9384365e+00
   1.7337856e+01   3.0000000e+01   4.9384365e+00
   1.7347856e+01   3.0000000e+01   4.9384365e+00
   1.7357856e+01   3.0000000e+01   4.9384365e+00
   1.7367856e+01   3.0000000e+01   4.9384365e+00
   1.7377856e+01   3.0000000e+01   4.9384365e+00
   1.7387856e+01   3.0000000e+01   4.9384365e+00
   1.7397856e+01   3.0000000e+01   4.9384365e+00
   1.7407856e+01   3.0000000e+01   4.9384365e+00
   1.7417856e+01   3.0000000e+01   4.9384365e+00
   1.7427856e+01   3.0000000e+01   4.9384365e+00
   1.7437856e+01   3.0000000e+01   4.9384365e+00
   1.7447856e+01   3.0000000e+01   4.9384365e+00
   1.7457856e+01   3.0000000e+01   4.9384365e+00
   1.7467856e+01   3.0000000e+01   4.9384365e+00
   1.7477856e+01   3.0000000e+01   4.9384365e+00
   1.7487856e+01   3.0000000e+01   4.9384365e+00
   1.7497856e+01   3.0000000e+01   4.9384365e+00
   1.7507856e+01   3.0000000e+01   4.9384365e+00
   1.7517856e+01   3.0000000e+01   4.9384365e+00
   1.7527856e+01   3.0000000e+01   4.9384365e+00
   1.7537856e+01   3.0000000e+01   4.9384365e+00
   1.7547856e+01   3.0000000e+01   4.9384365e+00
   1.7557856e+01   3.0000000e+01   4.9384365e+00
   1.7567856e+01   3.0000000e+01   4.9384365e+00
   1.7577856e+01   3.0000000e+01   4.9384365e+00
   1.7587856e+01   3.0000000e+01   4.9384365e+00
   1.7597856e+01   3.0000000e+01   4.9384365e+00
   1.7607856e+01   3.0000000e+01   4.9384365e+00
   1.7609857e+01   3.0000000e+01   4.9384365e+00
   1.7609857e+01   3.1000000e+01   4.9527517e+00
   1.7609857e+01   3.1000000e+01   4.9527517e+00
   1.7619857e+01   3.1000000e+01   4.9527517e+00
   1.7629857e+01   3.1000000e+01   4.9527517e+00
   1.7639857e+01   3.1000000e+01   4.9527517e+00
   1.7649857e+01   3.1000000e+01   4.9527517e+00
   1.7659857e+01   3.1000000e+01   4.9527517e+00
   1.7669857e+01   3.1000000e+01   4.9527517e+00
   1.7679857e+01   3.1000000e+01   4.9527517e+00
   1.7689857e+01   3.1000000e+01   4.9527517e+00
   1.7699857e+01   3.1000000e+01   4.9527517e+00
   1.7709857e+01   3.1000000e+01   4.9527517e+00
   1.7719857e+01   3.1000000e+01   4.9527517e+00
   1.7729857e+01   3.1000000e+01   4.9527517e+00
   1.7739857e+01   3.1000000e+01   4.9527517e+00
   1.7749857e+01   3.1000000e+01   4.9527517e+00
   1.7759857e+01   3.1000000e+01   4.9527517e+00
   1.7769857e+01   3.1000000e+01   4.9527517e+00
   1.7779857e+01   3.1000000e+01   4.9527517e+00
   1.7789857e+01   3.1000000e+01   4.9527517e+00
   1.7799857e+01   3.1000000e+01   4.9527517e+00
   1.7809857e+01   3.1000000e+01   4.9527517e+00
   1.7819857e+01   3.1000000e+01   4.9527517e+00
   1.7829857e+01   3.1000000e+01   4.9527517e+00
   1.7839857e+01   3.1000000e+01   4.9527517e+00
   1.7849857e+01   3.1000000e+01   4.9527517e+00
   1.7859857e+01   3.1000000e+01   4.9527517e+00
   1.7869857e+01   3.1000000e+01   4.9527517e+00
   1.7879857e+01   3.1000000e+01   4.9527517e+00
   1.7889857e+01   3.1000000e+01   4.9527517e+00
   1.7899857e+01   3.1000000e+01   4.9527517e+00
   1.7909857e+01   3.1000000e+01   4.9527517e+00
   1.7919857e+01   3.1000000e+01   4.9527517e+00
   1.7929857e+01   3.1000000e+01   4.9527517e+00
   1.7939857e+01   3.1000000e+01   4.9527517e+00
   1.7949857e+01   3.1000000e+01   4.9527517e+00
   1.7959857e+01   3.1000000e+01   4.9527517e+00
   1.7969857e+01   3.1000000e+01   4.9527517e+00
   1.7979857e+01   3.1000000e+01   4.9527517e+00
   1.7989857e+01   3.1000000e+01   4.9527517e+00
   1.7999857e+01   3.1000000e+01   4.9527517e+00
   1.8009857e+01   3.1000000e+01   4.9527517e+00
   1.8019857e+01   3.1000000e+01   4.9527517e+00
   1.8029857e+01   3.1000000e+01   4.9527517e+00
   1.8039857e+01   3.1000000e+01   4.9527517e+00
   1.8049857e+01   3.1000000e+01   4.9527517e+00
   1.8059857e+01   3.1000000e+01   4.9527517e+00
   1.8069857e+01   3.1000000e+01   4.9527517e+00
   1.8079857e+01   3.1000000e+01   4.9527517e+00
   1.8089857e+01   3.1000000e+01   4.9527517e+00
   1.8099857e+01   3.1000000e+01   4.9527517e+00
   1.8109857e+01   3.1000000e+01   4.9527517e+00
   1.8119857e+01   3.1000000e+01   4.9527517e+00
   1.8129857e+01   3.1000000e+01   4.9527517e+00
   1.8139857e+01   3.1000000e+01   4.9527517e+00
   1.8149857e+01   3.1000000e+01   4.9527517e+00
   1.8159857e+01   3.1000000e+01   4.9527517e+00
   1.8169857e+01   3.1000000e+01   4.9527517e+00
   1.8179857e+01   3.1000000e+01   4.9527517e+00
   1.8189857e+01   3.1000000e+01   4.9527517e+00
   1.8199857e+01   3.1000000e+01   4.9527517e+00
   1.8209857e+01   3.1000000e+01   4.9527517e+00
   1.8219857e+01   3.1000000e+01   4.9527517e+00
   1.8229857e+01   3.1000000e+01   4.9527517e+00
   1.8239857e+01   3.1000000e+01   4.9527517e+00
   1.8249857e+01   3.1000000e+01   4.9527517e+00
   1.8259857e+01   3.1000000e+01   4.9527517e+00
   1.8269857e+01   3.1000000e+01   4.9527517e+00
   1.8279857e+01   3.1000000e+01   4.9527517e+00
   1.8289857e+01   3.1000000e+01   4.9527517e+00
   1.8299857e+01   3.1000000e+01   4.9527517e+00
   1.8309857e+01   3.1000000e+01   4.9527517e+00
   1.8319857e+01   3.1000000e+01   4.9527517e+00
   1.8329857e+01   3.1000000e+01   4.9527517e+00
   1.8339857e+01   3.1000000e+01   4.9527517e+00
   1.8349857e+01   3.1000000e+01   4.9527517e+00
   1.8359857e+01   3.1000000e+01   4.9527517e+00
   1.8369857e+01   3.1000000e+01   4.9527517e+00
   1.8379857e+01   3.1000000e+01   4.9527517e+00
   1.8389857e+01   3.1000000e+01   4.9527517e+00
   1.8399857e+01   3.1000000e+01   4.9527517e+00
   1.8409857e+01   3.1000000e+01   4.9527517e+00
   1.8419857e+01   3.1000000e+01   4.9527517e+00
   1.8429857e+01   3.1000000e+01   4.9527517e+00
   1.8439857e+01   3.1000000e+01   4.9527517e+00
   1.8449857e+01   3.1000000e+01   4.9527517e+00
   1.8459857e+01   3.1000000e+01   4.9527517e+00
   1.8469857e+01   3.1000000e+01   4.9527517e+00
   1.8479857e+01   3.1000000e+01   4.9527517e+00
   1.8489857e+01   3.1000000e+01   4.9527517e+00
   1.8499857e+01   3.1000000e+01   4.9527517e+00
   1.8509857e+01   3.1000000e+01   4.9527517e+00
   1.8519857e+01   3.1000000e+01   4.9527517e+00
   1.8529857e+01   3.1000000e+01   4.9527517e+00
   1.8539857e+01   3.1000000e+01   4.9527517e+00
   1.8549857e+01   3.1000000e+01   4.9527517e+00
   1.8559857e+01   3.1000000e+01   4.9527517e+00
   1.8569857e+01   3.1000000e+01   4.9527517e+00
   1.8579857e+01   3.1000000e+01   4.9527517e+00
   1.8589857e+01   3.1000000e+01   4.9527517e+00
   1.8599857e+01   3.1000000e+01   4.9527517e+00
   1.8603765e+01   3.1000000e+01   4.9527517e+00
   1.8603765e+01   3.2000000e+01   4.9629346e+00
   1.8603765e+01   3.2000000e+01   4.9629346e+00
   1.8613765e+01   3.2000000e+01   4.9629346e+00
   1.8623765e+01   3.2000000e+01   4.9629346e+00
   1.8633765e+01   3.2000000e+01   4.9629346e+00
   1.8643765e+01   3.2000000e+01   4.9629346e+00
   1.8653765e+01   3.2000000e+01   4.9629346e+00
   1.8663765e+01   3.2000000e+01   4.9629346e+00
   1.8673765e+01   3.2000000e+01   4.9629346e+00
   1.8683765e+01   3.2000000e+01   4.9629346e+00
   1.8693765e+01   3.2000000e+01   4.9629346e+00
   1.8703765e+01   3.2000000e+01   4.9629346e+00
   1.8713765e+01   3.2000000e+01   4.9629346e+00
   1.8723765e+01   3.2000000e+01   4.9629346e+00
   1.8733765e+01   3.2000000e+01   4.9629346e+00
   1.8743765e+01   3.2000000e+01   4.9629346e+00
   1.8753765e+01   3.2000000e+01   4.9629346e+00
   1.8763765e+01   3.2000000e+01   4.9629346e+00
   1.8773765e+01   3.2000000e+01   4.9629346e+00
   1.8783765e+01   3.2000000e+01   4.9629346e+00
   1.8793765e+01   3.2000000e+01   4.9629346e+00
   1.8803765e+01   3.2000000e+01   4.9629346e+00
   1.8813765e+01   3.2000000e+01   4.9629346e+00
   1.8823765e+01   3.2000000e+01   4.9629346e+00
   1.8833765e+01   3.2000000e+01   4.9629346e+00
   1.8843765e+01   3.2000000e+01   4.9629346e+00
   1.8853765e+01   3.2000000e+01   4.9629346e+00
   1.8863765e+01   3.2000000e+01   4.9629346e+00
   1.8873765e+01   3.2000000e+01   4.9629346e+00
   1.8883765e+01   3.2000000e+01   4.9629346e+00
   1.8893765e+01   3.2000000e+01   4.9629346e+00
   1.8903765e+01   3.2000000e+01   4.9629346e+00
   1.8913765e+01   3.2000000e+01   4.9629346e+00
   1.8923765e+01   3.2000000e+01   4.9629346e+00
   1.8933765e+01   3.2000000e+01   4.9629346e+00
   1.8943765e+01   3.2000000e+01   4.9629346e+00
   1.8953765e+01   3.2000000e+01   4.9629346e+00
   1.8963765e+01   3.2000000e+01   4.9629346e+00
   1.8973765e+01   3.2000000e+01   4.9629346e+00
   1.8983765e+01   3.2000000e+01   4.9629346e+00
   1.8993765e+01   3.2000000e+01   4.9629346e+00
   1.9003765e+01   3.2000000e+01   4.9629346e+00
   1.9013765e+01   3.2000000e+01   4.9629346e+00
   1.9023765e+01   3.2000000e+01   4.9629346e+00
   1.9033765e+01   3.2000000e+01   4.9629346e+00
   1.9043765e+01   3.2000000e+01   4.9629346e+00
   1.9053765e+01   3.2000000e+01   4.9629346e+00
   1.9063765e+01   3.2000000e+01   4.9629346e+00
   1.9073765e+01   3.2000000e+01   4.9629346e+00
   1.9083765e+01   3.2000000e+01   4.9629346e+00
   1.9093765e+01   3.2000000e+01   4.9629346e+00
   1.9103765e+01   3.2000000e+01   4.9629346e+00
   1.9113765e+01   3.2000000e+01   4.9629346e+00
   1.9123765e+01   3.2000000e+01   4.9629346e+00
   1.9133765e+01   3.2000000e+01   4.9629346e+00
   1.9143765e+01   3.2000000e+01   4.9629346e+00
   1.9153765e+01   3.2000000e+01   4.9629346e+00
   1.9163765e+01   3.2000000e+01   4.9629346e+00
   1.9173765e+01   3.2000000e+01   4.9629346e+00
   1.9183765e+01   3.2000000e+01   4.9629346e+00
   1.9193765e+01   3.2000000e+01   4.9629346e+00
   1.9203765e+01   3.2000000e+01   4.9629346e+00
   1.9213765e+01   3.2000000e+01   4.9629346e+00
   1.9223765e+01   3.2000000e+01   4.9629346e+00
   1.9233765e+01   3.2000000e+01   4.9629346e+00
   1.9243765e+01   3.2000000e+01   4.9629346e+00
   1.9253765e+01   3.2000000e+01   4.9629346e+00
   1.9263765e+01   3.2000000e+01   4.9629346e+00
   1.9273765e+01   3.2000000e+01   4.9629346e+00
   1.9283765e+01   3.2000000e+01   4.9629346e+00
   1.9293765e+01   3.2000000e+01   4.9629346e+00
   1.9303765e+01   3.2000000e+01   4.9629346e+00
   1.9313765e+01   3.2000000e+01   4.9629346e+00
   1.9323765e+01   3.2000000e+01   4.9629346e+00
   1.9333765e+01   3.2000000e+01   4.9629346e+00
   1.9343765e+01   3.2000000e+01   4.9629346e+00
   1.9353765e+01   3.2000000e+01   4.9629346e+00
   1.9363765e+01   3.2000000e+01   4.9629346e+00
   1.9373765e+01   3.2000000e+01   4.9629346e+00
   1.9383765e+01   3.2000000e+01   4.9629346e+00
   1.9393765e+01   3.2000000e+01   4.9629346e+00
   1.9403765e+01   3.2000000e+01   4.9629346e+00
   1.9413765e+01   3.2000000e+01   4.9629346e+00
   1.9423765e+01   3.2000000e+01   4.9629346e+00
   1.9433765e+01   3.2000000e+01   4.9629346e+00
   1.9443765e+01   3.2000000e+01   4.9629346e+00
   1.9453765e+01   3.2000000e+01   4.9629346e+00
   1.9463765e+01   3.2000000e+01   4.9629346e+00
   1.9473765e+01   3.2000000e+01   4.9629346e+00
   1.9483765e+01   3.2000000e+01   4.9629346e+00
   1.9493765e+01   3.2000000e+01   4.9629346e+00
   1.9503765e+01   3.2000000e+01   4.9629346e+00
   1.9513765e+01   3.2000000e+01   4.9629346e+00
   1.9523765e+01   3.2000000e+01   4.9629346e+00
   1.9533765e+01   3.2000000e+01   4.9629346e+00
   1.9543765e+01   3.2000000e+01   4.9629346e+00
   1.9553765e+01   3.2000000e+01   4.9629346e+00
   1.9563765e+01   3.2000000e+01   4.9629346e+00
   1.9573765e+01   3.2000000e+01   4.9629346e+00
   1.9583765e+01   3.2000000e+01   4.9629346e+00
   1.9593765e+01   3.2000000e+01   4.9629346e+00
   1.9603765e+01   3.2000000e+01   4.9629346e+00
   1.9613765e+01   3.2000000e+01   4.9629346e+00
   1.9619251e+01   3.2000000e+01   4.9629346e+00
   1.9619251e+01   3.3000000e+01   4.9690856e+00
   1.9619251e+01   3.3000000e+01   4.9690856e+00
   1.9629251e+01   3.3000000e+01   4.9690856e+00
   1.9639251e+01   3.3000000e+01   4.9690856e+00
   1.9649251e+01   3.3000000e+01   4.9690856e+00
   1.9659251e+01   3.3000000e+01   4.9690856e+00
   1.9669251e+01   3.3000000e+01   4.9690856e+00
   1.9679251e+01   3.3000000e+01   4.9690856e+00
   1.9689251e+01   3.3000000e+01   4.9690856e+00
   1.9699251e+01   3.3000000e+01   4.9690856e+00
   1.9709251e+01   3.3000000e+01   4.9690856e+00
   1.9719251e+01   3.3000000e+01   4.9690856e+00
   1.9729251e+01   3.3000000e+01   4.9690856e+00
   1.9739251e+01   3.3000000e+01   4.9690856e+00
   1.9749251e+01   3.3000000e+01   4.9690856e+00
   1.9759251e+01   3.3000000e+01   4.9690856e+00
   1.9769251e+01   3.3000000e+01   4.9690856e+00
   1.9779251e+01   3.3000000e+01   4.9690856e+00
   1.9789251e+01   3.3000000e+01   4.9690856e+00
   1.9799251e+01   3.3000000e+01   4.9690856e+00
   1.9809251e+01   3.3000000e+01   4.9690856e+00
   1.9819251e+01   3.3000000e+01   4.9690856e+00
   1.9829251e+01   3.3000000e+01   4.9690856e+00
   1.9839251e+01   3.3000000e+01   4.9690856e+00
   1.9849251e+01   3.3000000e+01   4.9690856e+00
   1.9859251e+01   3.3000000e+01   4.9690856e+00
   1.9869251e+01   3.3000000e+01   4.9690856e+00
   1.9879251e+01   3.3000000e+01   4.9690856e+00
   1.9889251e+01   3.3000000e+01   4.9690856e+00
   1.9899251e+01   3.3000000e+01   4.9690856e+00
   1.9909251e+01   3.3000000e+01   4.9690856e+00
   1.9919251e+01   3.3000000e+01   4.9690856e+00
   1.9929251e+01   3.3000000e+01   4.9690856e+00
   1.9939251e+01   3.3000000e+01   4.9690856e+00
   1.9949251e+01   3.3000000e+01   4.9690856e+00
   1.9959251e+01   3.3000000e+01   4.9690856e+00
   1.9969251e+01   3.3000000e+01   4.9690856e+00
   1.9979251e+01   3.3000000e+01   4.9690856e+00
   1.9989251e+01   3.3000000e+01   4.9690856e+00
   1.9999251e+01   3.3000000e+01   4.9690856e+00
   2.0009251e+01   3.3000000e+01   4.9690856e+00
   2.0019251e+01   3.3000000e+01   4.9690856e+00
   2.0029251e+01   3.3000000e+01   4.9690856e+00
   2.0039251e+01   3.3000000e+01   4.9690856e+00
   2.0049251e+01   3.3000000e+01   4.9690856e+00
   2.0059251e+01   3.3000000e+01   4.9690856e+00
   2.0069251e+01   3.3000000e+01   4.9690856e+00
   2.0079251e+01   3.3000000e+01   4.9690856e+00
   2.0089251e+01   3.3000000e+01   4.9690856e+00
   2.0099251e+01   3.3000000e+01   4.9690856e+00
   2.0109251e+01   3.3000000e+01   4.9690856e+00
   2.0119251e+01   3.3000000e+01   4.9690856e+00
   2.0129251e+01   3.3000000e+01   4.9690856e+00
   2.0139251e+01   3.3000000e+01   4.9690856e+00
   2.0149251e+01   3.3000000e+01   4.9690856e+00
   2.0159251e+01   3.3000000e+01   4.9690856e+00
   2.0169251e+01   3.3000000e+01   4.9690856e+00
   2.0179251e+01   3.3000000e+01   4.9690856e+00
   2.0189251e+01   3.3000000e+01   4.9690856e+00
   2.0199251e+01   3.3000000e+01   4.9690856e+00
   2.0209251e+01   3.3000000e+01   4.9690856e+00
   2.0219251e+01   3.3000000e+01   4.9690856e+00
   2.0229251e+01   3.3000000e+01   4.9690856e+00
   2.0239251e+01   3.3000000e+01   4.9690856e+00
   2.0249251e+01   3.3000000e+01   4.9690856e+00
   2.0259251e+01   3.3000000e+01   4.9690856e+00
   2.0269251e+01   3.3000000e+01   4.9690856e+00
   2.0279251e+01   3.3000000e+01   4.9690856e+00
   2.0289251e+01   3.3000000e+01   4.9690856e+00
   2.0299251e+01   3.3000000e+01   4.9690856e+00
   2.0309251e+01   3.3000000e+01   4.9690856e+00
   2.0319251e+01   3.3000000e+01   4.9690856e+00
   2.0329251e+01   3.3000000e+01   4.9690856e+00
   2.0339251e+01   3.3000000e+01   4.9690856e+00
   2.0349251e+01   3.3000000e+01   4.9690856e+00
   2.0359251e+01   3.3000000e+01   4.9690856e+00
   2.0369251e+01   3.3000000e+01   4.9690856e+00
   2.0379251e+01   3.3000000e+01   4.9690856e+00
   2.0389251e+01   3.3000000e+01   4.9690856e+00
   2.0399251e+01   3.3000000e+01   4.9690856e+00
   2.0409251e+01   3.3000000e+01   4.9690856e+00
   2.0419251e+01   3.3000000e+01   4.9690856e+00
   2.0429251e+01   3.3000000e+01   4.9690856e+00
   2.0439251e+01   3.3000000e+01   4.9690856e+00
   2.0449251e+01   3.3000000e+01   4.9690856e+00
   2.0459251e+01   3.3000000e+01   4.9690856e+00
   2.0469251e+01   3.3000000e+01   4.9690856e+00
   2.0479251e+01   3.3000000e+01   4.9690856e+00
   2.0489251e+01   3.3000000e+01   4.9690856e+00
   2.0499251e+01   3.3000000e+01   4.9690856e+00
   2.0509251e+01   3.3000000e+01   4.9690856e+00
   2.0519251e+01   3.3000000e+01   4.9690856e+00
   2.0529251e+01   3.3000000e+01   4.9690856e+00
   2.0539251e+01   3.3000000e+01   4.9690856e+00
   2.0549251e+01   3.3000000e+01   4.9690856e+00
   2.0559251e+01   3.3000000e+01   4.9690856e+00
   2.0569251e+01   3.3000000e+01   4.9690856e+00
   2.0579251e+01   3.3000000e+01   4.9690856e+00
   2.0589251e+01   3.3000000e+01   4.9690856e+00
   2.0599251e+01   3.3000000e+01   4.9690856e+00
   2.0609251e+01   3.3000000e+01   4.9690856e+00
   2.0619251e+01   3.3000000e+01   4.9690856e+00
   2.0629251e+01   3.3000000e+01   4.9690856e+00
   2.0639251e+01   3.3000000e+01   4.9690856e+00
   2.0649251e+01   3.3000000e+01   4.9690856e+00
   2.0655993e+01   3.3000000e+01   4.9690856e+00
   2.0655993e+01   3.4000000e+01   4.9712962e+00
   2.0655993e+01   3.4000000e+01   4.9712962e+00
   2.0665993e+01   3.4000000e+01   4.9712962e+00
   2.0675993e+01   3.4000000e+01   4.9712962e+00
   2.0685993e+01   3.4000000e+01   4.9712962e+00
   2.0695993e+01   3.4000000e+01   4.9712962e+00
   2.0705993e+01   3.4000000e+01   4.9712962e+00
   2.0715993e+01   3.4000000e+01   4.9712962e+00
   2.0725993e+01   3.4000000e+01   4.9712962e+00
   2.0735993e+01   3.4000000e+01   4.9712962e+00
   2.0745993e+01   3.4000000e+01   4.9712962e+00
   2.0755993e+01   3.4000000e+01   4.9712962e+00
   2.0765993e+01   3.4000000e+01   4.9712962e+00
   2.0775993e+01   3.4000000e+01   4.9712962e+00
   2.0785993e+01   3.4000000e+01   4.9712962e+00
   2.0795993e+01   3.4000000e+01   4.9712962e+00
   2.0805993e+01   3.4000000e+01   4.9712962e+00
   2.0815993e+01   3.4000000e+01   4.9712962e+00
   2.0825993e+01   3.4000000e+01   4.9712962e+00
   2.0835993e+01   3.4000000e+01   4.9712962e+00
   2.0845993e+01   3.4000000e+01   4.9712962e+00
   2.0855993e+01   3.4000000e+01   4.9712962e+00
   2.0865993e+01   3.4000000e+01   4.9712962e+00
   2.0875993e+01   3.4000000e+01   4.9712962e+00
   2.0885993e+01   3.4000000e+01   4.9712962e+00
   2.0895993e+01   3.4000000e+01   4.9712962e+00
   2.0905993e+01   3.4000000e+01   4.9712962e+00
   2.0915993e+01   3.4000000e+01   4.9712962e+00
   2.0925993e+01   3.4000000e+01   4.9712962e+00
   2.0935993e+01   3.4000000e+01   4.9712962e+00
   2.0945993e+01   3.4000000e+01   4.9712962e+00
   2.0955993e+01   3.4000000e+01   4.9712962e+00
   2.0965993e+01   3.4000000e+01   4.9712962e+00
   2.0975993e+01   3.4000000e+01   4.9712962e+00
   2.0985993e+01   3.4000000e+01   4.9712962e+00
   2.0995993e+01   3.4000000e+01   4.9712962e+00
   2.1005993e+01   3.4000000e+01   4.9712962e+00
   2.1015993e+01   3.4000000e+01   4.9712962e+00
   2.1025993e+01   3.4000000e+01   4.9712962e+00
   2.1035993e+01   3.4000000e+01   4.9712962e+00
   2.1045993e+01   3.4000000e+01   4.9712962e+00
   2.1055993e+01   3.4000000e+01   4.9712962e+00
   2.1065993e+01   3.4000000e+01   4.9712962e+00
   2.1075993e+01   3.4000000e+01   4.9712962e+00
   2.1085993e+01   3.4000000e+01   4.9712962e+00
   2.1095993e+01   3.4000000e+01   4.9712962e+00
   2.1105993e+01   3.4000000e+01   4.9712962e+00
   2.1115993e+01   3.4000000e+01   4.9712962e+00
   2.1125993e+01   3.4000000e+01   4.9712962e+00
   2.1135993e+01   3.4000000e+01   4.9712962e+00
   2.1145993e+01   3.4000000e+01   4.9712962e+00
   2.1155993e+01   3.4000000e+01   4.9712962e+00
   2.1165993e+01   3.4000000e+01   4.9712962e+00
   2.1175993e+01   3.4000000e+01   4.9712962e+00
   2.1185993e+01   3.4000000e+01   4.9712962e+00
   2.1195993e+01   3.4000000e+01   4.9712962e+00
   2.1205993e+01   3.4000000e+01   4.9712962e+00
   2.1215993e+01   3.4000000e+01   4.9712962e+00
   2.1225993e+01   3.4000000e+01   4.9712962e+00
   2.1235993e+01   3.4000000e+01   4.9712962e+00
   2.1245993e+01   3.4000000e+01   4.9712962e+00
   2.1255993e+01   3.4000000e+01   4.9712962e+00
   2.1265993e+01   3.4000000e+01   4.9712962e+00
   2.1275993e+01   3.4000000e+01   4.9712962e+00
   2.1285993e+01   3.4000000e+01   4.9712962e+00
   2.1295993e+01   3.4000000e+01   4.9712962e+00
   2.1305993e+01   3.4000000e+01   4.9712962e+00
   2.1315993e+01   3.4000000e+01   4.9712962e+00
   2.1325993e+01   3.4000000e+01   4.9712962e+00
   2.1335993e+01   3.4000000e+01   4.9712962e+00
   2.1345993e+01   3.4000000e+01   4.9712962e+00
   2.1355993e+01   3.4000000e+01   4.9712962e+00
   2.1365993e+01   3.4000000e+01   4.9712962e+00
   2.1375993e+01   3.4000000e+01   4.9712962e+00
   2.1385993e+01   3.4000000e+01   4.9712962e+00
   2.1395993e+01   3.4000000e+01   4.9712962e+00
   2.1405993e+01   3.4000000e+01   4.9712962e+00
   2.1415993e+01   3.4000000e+01   4.9712962e+00
   2.1425993e+01   3.4000000e+01   4.9712962e+00
   2.1435993e+01   3.4000000e+01   4.9712962e+00
   2.1445993e+01   3.4000000e+01   4.9712962e+00
   2.1455993e+01   3.4000000e+01   4.9712962e+00
   2.1465993e+01   3.4000000e+01   4.9712962e+00
   2.1475993e+01   3.4000000e+01   4.9712962e+00
   2.1485993e+01   3.4000000e+01   4.9712962e+00
   2.1495993e+01   3.4000000e+01   4.9712962e+00
   2.1505993e+01   3.4000000e+01   4.9712962e+00
   2.1515993e+01   3.4000000e+01   4.9712962e+00
   2.1525993e+01   3.4000000e+01   4.9712962e+00
   2.1535993e+01   3.4000000e+01   4.9712962e+00
   2.1545993e+01   3.4000000e+01   4.9712962e+00
   2.1555993e+01   3.4000000e+01   4.9712962e+00
   2.1565993e+01   3.4000000e+01   4.9712962e+00
   2.1575993e+01   3.4000000e+01   4.9712962e+00
   2.1585993e+01   3.4000000e+01   4.9712962e+00
   2.1595993e+01   3.4000000e+01   4.9712962e+00
   2.1605993e+01   3.4000000e+01   4.9712962e+00
   2.1615993e+01   3.4000000e+01   4.9712962e+00
   2.1625993e+01   3.4000000e+01   4.9712962e+00
   2.1635993e+01   3.4000000e+01   4.9712962e+00
   2.1645993e+01   3.4000000e+01   4.9712962e+00
   2.1655993e+01   3.4000000e+01   4.9712962e+00
   2.1665993e+01   3.4000000e+01   4.9712962e+00
   2.1675993e+01   3.4000000e+01   4.9712962e+00
   2.1685993e+01   3.4000000e+01   4.9712962e+00
   2.1695993e+01   3.4000000e+01   4.9712962e+00
   2.1705993e+01   3.4000000e+01   4.9712962e+00
   2.1713674e+01   3.4000000e+01   4.9712962e+00
   2.1713674e+01   3.5000000e+01   4.9696495e+00
   2.1713674e+01   3.5000000e+01   4.9696495e+00
   2.1723674e+01   3.5000000e+01   4.9696495e+00
   2.1733674e+01   3.5000000e+01   4.9696495e+00
   2.1743674e+01   3.5000000e+01   4.9696495e+00
   2.1753674e+01   3.5000000e+01   4.9696495e+00
   2.1763674e+01   3.5000000e+01   4.9696495e+00
   2.1773674e+01   3.5000000e+01   4.9696495e+00
   2.1783674e+01   3.5000000e+01   4.9696495e+00
   2.1793674e+01   3.5000000e+01   4.9696495e+00
   2.1803674e+01   3.5000000e+01   4.9696495e+00
   2.1813674e+01   3.5000000e+01   4.9696495e+00
   2.1823674e+01   3.5000000e+01   4.9696495e+00
   2.1833674e+01   3.5000000e+01   4.9696495e+00
   2.1843674e+01   3.5000000e+01   4.9696495e+00
   2.1853674e+01   3.5000000e+01   4.9696495e+00
   2.1863674e+01   3.5000000e+01   4.9696495e+00
   2.1873674e+01   3.5000000e+01   4.9696495e+00
   2.1883674e+01   3.5000000e+01   4.9696495e+00
   2.1893674e+01   3.5000000e+01   4.9696495e+00
   2.1903674e+01   3.5000000e+01   4.9696495e+00
   2.1913674e+01   3.5000000e+01   4.9696495e+00
   2.1923674e+01   3.5000000e+01   4.9696495e+00
   2.1933674e+01   3.5000000e+01   4.9696495e+00
   2.1943674e+01   3.5000000e+01   4.9696495e+00
   2.1953674e+01   3.5000000e+01   4.9696495e+00
   2.1963674e+01   3.5000000e+01   4.9696495e+00
   2.1973674e+01   3.5000000e+01   4.9696495e+00
   2.1983674e+01   3.5000000e+01   4.9696495e+00
   2.1993674e+01   3.5000000e+01   4.9696495e+00
   2.2003674e+01   3.5000000e+01   4.9696495e+00
   2.2013674e+01   3.5000000e+01   4.9696495e+00
   2.2023674e+01   3.5000000e+01   4.9696495e+00
   2.2033674e+01   3.5000000e+01   4.9696495e+00
   2.2043674e+01   3.5000000e+01   4.9696495e+00
   2.2053674e+01   3.5000000e+01   4.9696495e+00
   2.2063674e+01   3.5000000e+01   4.9696495e+00
   2.2073674e+01   3.5000000e+01   4.9696495e+00
   2.2083674e+01   3.5000000e+01   4.9696495e+00
   2.2093674e+01   3.5000000e+01   4.9696495e+00
   2.2103674e+01   3.5000000e+01   4.9696495e+00
   2.2113674e+01   3.5000000e+01   4.9696495e+00
   2.2123674e+01   3.5000000e+01   4.9696495e+00
   2.2133674e+01   3.5000000e+01   4.9696495e+00
   2.2143674e+01   3.5000000e+01   4.9696495e+00
   2.2153674e+01   3.5000000e+01   4.9696495e+00
   2.2163674e+01   3.5000000e+01   4.9696495e+00
   2.2173674e+01   3.5000000e+01   4.9696495e+00
   2.2183674e+01   3.5000000e+01   4.9696495e+00
   2.2193674e+01   3.5000000e+01   4.9696495e+00
   2.2203674e+01   3.5000000e+01   4.9696495e+00
   2.2213674e+01   3.5000000e+01   4.9696495e+00
   2.2223674e+01   3.5000000e+01   4.9696495e+00
   2.2233674e+01   3.5000000e+01   4.9696495e+00
   2.2243674e+01   3.5000000e+01   4.9696495e+00
   2.2253674e+01   3.5000000e+01   4.9696495e+00
   2.2263674e+01   3.5000000e+01   4.9696495e+00
   2.2273674e+01   3.5000000e+01   4.9696495e+00
   2.2283674e+01   3.5000000e+01   4.9696495e+00
   2.2293674e+01   3.5000000e+01   4.9696495e+00
   2.2303674e+01   3.5000000e+01   4.9696495e+00
   2.2313674e+01   3.5000000e+01   4.9696495e+00
   2.2323674e+01   3.5000000e+01   4.9696495e+00
   2.2333674e+01   3.5000000e+01   4.9696495e+00
   2.2343674e+01   3.5000000e+01   4.9696495e+00
   2.2353674e+01   3.5000000e+01   4.9696495e+00
   2.2363674e+01   3.5000000e+01   4.9696495e+00
   2.2373674e+01   3.5000000e+01   4.9696495e+00
   2.2383674e+01   3.5000000e+01   4.9696495e+00
   2.2393674e+01   3.5000000e+01   4.9696495e+00
   2.2403674e+01   3.5000000e+01   4.9696495e+00
   2.2413674e+01   3.5000000e+01   4.9696495e+00
   2.2423674e+01   3.5000000e+01   4.9696495e+00
   2.2433674e+01   3.5000000e+01   4.9696495e+00
   2.2443674e+01   3.5000000e+01   4.9696495e+00
   2.2453674e+01   3.5000000e+01   4.9696495e+00
   2.2463674e+01   3.5000000e+01   4.9696495e+00
   2.2473674e+01   3.5000000e+01   4.9696495e+00
   2.2483674e+01   3.5000000e+01   4.9696495e+00
   2.2493674e+01   3.5000000e+01   4.9696495e+00
   2.2503674e+01   3.5000000e+01   4.9696495e+00
   2.2513674e+01   3.5000000e+01   4.9696495e+00
   2.2523674e+01   3.5000000e+01   4.9696495e+00
   2.2533674e+01   3.5000000e+01   4.9696495e+00
   2.2543674e+01   3.5000000e+01   4.9696495e+00
   2.2553674e+01   3.5000000e+01   4.9696495e+00
   2.2563674e+01   3.5000000e+01   4.9696495e+00
   2.2573674e+01   3.5000000e+01   4.9696495e+00
   2.2583674e+01   3.5000000e+01   4.9696495e+00
   2.2593674e+01   3.5000000e+01   4.9696495e+00
   2.2603674e+01   3.5000000e+01   4.9696495e+00
   2.2613674e+01   3.5000000e+01   4.9696495e+00
   2.2623674e+01   3.5000000e+01   4.9696495e+00
   2.2633674e+01   3.5000000e+01   4.9696495e+00
   2.2643674e+01   3.5000000e+01   4.9696495e+00
   2.2653674e+01   3.5000000e+01   4.9696495e+00
   2.2663674e+01   3.5000000e+01   4.9696495e+00
   2.2673674e+01   3.5000000e+01   4.9696495e+00
   2.2683674e+01   3.5000000e+01   4.9696495e+00
   2.2693674e+01   3.5000000e+01   4.9696495e+00
   2.2703674e+01   3.5000000e+01   4.9696495e+00
   2.2713674e+01   3.5000000e+01   4.9696495e+00
   2.2723674e+01   3.5000000e+01   4.9696495e+00
   2.2733674e+01   3.5000000e+01   4.9696495e+00
   2.2743674e+01   3.5000000e+01   4.9696495e+00
   2.2753674e+01   3.5000000e+01   4.9696495e+00
   2.2763674e+01   3.5000000e+01   4.9696495e+00
   2.2773674e+01   3.5000000e+01   4.9696495e+00
   2.2783674e+01   3.5000000e+01   4.9696495e+00
   2.2791982e+01   3.5000000e+01   4.9696495e+00
   2.2791982e+01   3.6000000e+01   4.9642213e+00
   2.2791982e+01   3.6000000e+01   4.9642213e+00
   2.2801982e+01   3.6000000e+01   4.9642213e+00
   2.2811982e+01   3.6000000e+01   4.9642213e+00
   2.2821982e+01   3.6000000e+01   4.9642213e+00
   2.2831982e+01   3.6000000e+01   4.9642213e+00
   2.2841982e+01   3.6000000e+01   4.9642213e+00
   2.2851982e+01   3.6000000e+01   4.9642213e+00
   2.2861982e+01   3.6000000e+01   4.9642213e+00
   2.2871982e+01   3.6000000e+01   4.9642213e+00
   2.2881982e+01   3.6000000e+01   4.9642213e+00
   2.2891982e+01   3.6000000e+01   4.9642213e+00
   2.2901982e+01   3.6000000e+01   4.9642213e+00
   2.2911982e+01   3.6000000e+01   4.9642213e+00
   2.2921982e+01   3.6000000e+01   4.9642213e+00
   2.2931982e+01   3.6000000e+01   4.9642213e+00
   2.2941982e+01   3.6000000e+01   4.9642213e+00
   2.2951982e+01   3.6000000e+01   4.9642213e+00
   2.2961982e+01   3.6000000e+01   4.9642213e+00
   2.2971982e+01   3.6000000e+01   4.9642213e+00
   2.2981982e+01   3.6000000e+01   4.9642213e+00
   2.2991982e+01   3.6000000e+01   4.9642213e+00
   2.3001982e+01   3.6000000e+01   4.9642213e+00
   2.3011982e+01   3.6000000e+01   4.9642213e+00
   2.3021982e+01   3.6000000e+01   4.9642213e+00
   2.3031982e+01   3.6000000e+01   4.9642213e+00
   2.3041982e+01   3.6000000e+01   4.9642213e+00
   2.3051982e+01   3.6000000e+01   4.9642213e+00
   2.3061982e+01   3.6000000e+01   4.9642213e+00
   2.3071982e+01   3.6000000e+01   4.9642213e+00
   2.3081982e+01   3.6000000e+01   4.9642213e+00
   2.3091982e+01   3.6000000e+01   4.9642213e+00
   2.3101982e+01   3.6000000e+01   4.9642213e+00
   2.3111982e+01   3.6000000e+01   4.9642213e+00
   2.3121982e+01   3.6000000e+01   4.9642213e+00
   2.3131982e+01   3.6000000e+01   4.9642213e+00
   2.3141982e+01   3.6000000e+01   4.9642213e+00
   2.3151982e+01   3.6000000e+01   4.9642213e+00
   2.3161982e+01   3.6000000e+01   4.9642213e+00
   2.3171982e+01   3.6000000e+01   4.9642213e+00
   2.3181982e+01   3.6000000e+01   4.9642213e+00
   2.3191982e+01   3.6000000e+01   4.9642213e+00
   2.3201982e+01   3.6000000e+01   4.9642213e+00
   2.3211982e+01   3.6000000e+01   4.9642213e+00
   2.3221982e+01   3.6000000e+01   4.9642213e+00
   2.3231982e+01   3.6000000e+01   4.9642213e+00
   2.3241982e+01   3.6000000e+01   4.9642213e+00
   2.3251982e+01   3.6000000e+01   4.9642213e+00
   2.3261982e+01   3.6000000e+01   4.9642213e+00
   2.3271982e+01   3.6000000e+01   4.9642213e+00
   2.3281982e+01   3.6000000e+01   4.9642213e+00
   2.3291982e+01   3.6000000e+01   4.9642213e+00
   2.3301982e+01   3.6000000e+01   4.9642213e+00
   2.3311982e+01   3.6000000e+01   4.9642213e+00
   2.3321982e+01   3.6000000e+01   4.9642213e+00
   2.3331982e+01   3.6000000e+01   4.9642213e+00
   2.3341982e+01   3.6000000e+01   4.9642213e+00
   2.3351982e+01   3.6000000e+01   4.9642213e+00
   2.3361982e+01   3.6000000e+01   4.9642213e+00
   2.3371982e+01   3.6000000e+01   4.9642213e+00
   2.3381982e+01   3.6000000e+01   4.9642213e+00
   2.3391982e+01   3.6000000e+01   4.9642213e+00
   2.3401982e+01   3.6000000e+01   4.9642213e+00
   2.3411982e+01   3.6000000e+01   4.9642213e+00
   2.3421982e+01   3.6000000e+01   4.9642213e+00
   2.3431982e+01   3.6000000e+01   4.9642213e+00
   2.3441982e+01   3.6000000e+01   4.9642213e+00
   2.3451982e+01   3.6000000e+01   4.9642213e+00
   2.3461982e+01   3.6000000e+01   4.9642213e+00
   2.3471982e+01   3.6000000e+01   4.9642213e+00
   2.3481982e+01   3.6000000e+01   4.9642213e+00
   2.3491982e+01   3.6000000e+01   4.9642213e+00
   2.3501982e+01   3.6000000e+01   4.9642213e+00
   2.3511982e+01   3.6000000e+01   4.9642213e+00
   2.3521982e+01   3.6000000e+01   4.9642213e+00
   2.3531982e+01   3.6000000e+01   4.9642213e+00
   2.3541982e+01   3.6000000e+01   4.9642213e+00
   2.3551982e+01   3.6000000e+01   4.9642213e+00
   2.3561982e+01   3.6000000e+01   4.9642213e+00
   2.3571982e+01   3.6000000e+01   4.9642213e+00
   2.3581982e+01   3.6000000e+01   4.9642213e+00
   2.3591982e+01   3.6000000e+01   4.9642213e+00
   2.3601982e+01   3.6000000e+01   4.9642213e+00
   2.3611982e+01   3.6000000e+01   4.9642213e+00
   2.3621982e+01   3.6000000e+01   4.9642213e+00
   2.3631982e+01   3.6000000e+01   4.9642213e+00
   2.3641982e+01   3.6000000e+01   4.9642213e+00
   2.3651982e+01   3.6000000e+01   4.9642213e+00
   2.3661982e+01   3.6000000e+01   4.9642213e+00
   2.3671982e+01   3.6000000e+01   4.9642213e+00
   2.3681982e+01   3.6000000e+01   4.9642213e+00
   2.3691982e+01   3.6000000e+01   4.9642213e+00
   2.3701982e+01   3.6000000e+01   4.9642213e+00
   2.3711982e+01   3.6000000e+01   4.9642213e+00
   2.3721982e+01   3.6000000e+01   4.9642213e+00
   2.3731982e+01   3.6000000e+01   4.9642213e+00
   2.3741982e+01   3.6000000e+01   4.9642213e+00
   2.3751982e+01   3.6000000e+01   4.9642213e+00
   2.3761982e+01   3.6000000e+01   4.9642213e+00
   2.3771982e+01   3.6000000e+01   4.9642213e+00
   2.3781982e+01   3.6000000e+01   4.9642213e+00
   2.3791982e+01   3.6000000e+01   4.9642213e+00
   2.3801982e+01   3.6000000e+01   4.9642213e+00
   2.3811982e+01   3.6000000e+01   4.9642213e+00
   2.3821982e+01   3.6000000e+01   4.9642213e+00
   2.3831982e+01   3.6000000e+01   4.9642213e+00
   2.3841982e+01   3.6000000e+01   4.9642213e+00
   2.3851982e+01   3.6000000e+01   4.9642213e+00
   2.3861982e+01   3.6000000e+01   4.9642213e+00
   2.3871982e+01   3.6000000e+01   4.9642213e+00
   2.3881982e+01   3.6000000e+01   4.9642213e+00
   2.3890610e+01   3.6000000e+01   4.9642213e+00
   2.3890610e+01   3.7000000e+01   4.9550809e+00
   2.3890610e+01   3.7000000e+01   4.9550809e+00
   2.3900610e+01   3.7000000e+01   4.9550809e+00
   2.3910610e+01   3.7000000e+01   4.9550809e+00
   2.3920610e+01   3.7000000e+01   4.9550809e+00
   2.3930610e+01   3.7000000e+01   4.9550809e+00
   2.3940610e+01   3.7000000e+01   4.9550809e+00
   2.3950610e+01   3.7000000e+01   4.9550809e+00
   2.3960610e+01   3.7000000e+01   4.9550809e+00
   2.3970610e+01   3.7000000e+01   4.9550809e+00
   2.3980610e+01   3.7000000e+01   4.9550809e+00
   2.3990610e+01   3.7000000e+01   4.9550809e+00
   2.4000610e+01   3.7000000e+01   4.9550809e+00
   2.4010610e+01   3.7000000e+01   4.9550809e+00
   2.4020610e+01   3.7000000e+01   4.9550809e+00
   2.4030610e+01   3.7000000e+01   4.9550809e+00
   2.4040610e+01   3.7000000e+01   4.9550809e+00
   2.4050610e+01   3.7000000e+01   4.9550809e+00
   2.4060610e+01   3.7000000e+01   4.9550809e+00
   2.4070610e+01   3.7000000e+01   4.9550809e+00
   2.4080610e+01   3.7000000e+01   4.9550809e+00
   2.4090610e+01   3.7000000e+01   4.9550809e+00
   2.4100610e+01   3.7000000e+01   4.9550809e+00
   2.4110610e+01   3.7000000e+01   4.9550809e+00
   2.4120610e+01   3.7000000e+01   4.9550809e+00
   2.4130610e+01   3.7000000e+01   4.9550809e+00
   2.4140610e+01   3.7000000e+01   4.9550809e+00
   2.4150610e+01   3.7000000e+01   4.9550809e+00
   2.4160610e+01   3.7000000e+01   4.9550809e+00
   2.4170610e+01   3.7000000e+01   4.9550809e+00
   2.4180610e+01   3.7000000e+01   4.9550809e+00
   2.4190610e+01   3.7000000e+01   4.9550809e+00
   2.4200610e+01   3.7000000e+01   4.9550809e+00
   2.4210610e+01   3.7000000e+01   4.9550809e+00
   2.4220610e+01   3.7000000e+01   4.9550809e+00
   2.4230610e+01   3.7000000e+01   4.9550809e+00
   2.4240610e+01   3.7000000e+01   4.9550809e+00
   2.4250610e+01   3.7000000e+01   4.9550809e+00
   2.4260610e+01   3.7000000e+01   4.9550809e+00
   2.4270610e+01   3.7000000e+01   4.9550809e+00
   2.4280610e+01   3.7000000e+01   4.9550809e+00
   2.4290610e+01   3.7000000e+01   4.9550809e+00
   2.4300610e+01   3.7000000e+01   4.9550809e+00
   2.4310610e+01   3.7000000e+01   4.9550809e+00
   2.4320610e+01   3.7000000e+01   4.9550809e+00
   2.4330610e+01   3.7000000e+01   4.9550809e+00
   2.4340610e+01   3.7000000e+01   4.9550809e+00
   2.4350610e+01   3.7000000e+01   4.9550809e+00
   2.4360610e+01   3.7000000e+01   4.9550809e+00
   2.4370610e+01   3.7000000e+01   4.9550809e+00
   2.4380610e+01   3.7000000e+01   4.9550809e+00
   2.4390610e+01   3.7000000e+01   4.9550809e+00
   2.4400610e+01   3.7000000e+01   4.9550809e+00
   2.4410610e+01   3.7000000e+01   4.9550809e+00
   2.4420610e+01   3.7000000e+01   4.9550809e+00
   2.4430610e+01   3.7000000e+01   4.9550809e+00
   2.4440610e+01   3.7000000e+01   4.9550809e+00
   2.4450610e+01   3.7000000e+01   4.9550809e+00
   2.4460610e+01   3.7000000e+01   4.9550809e+00
   2.4470610e+01   3.7000000e+01   4.9550809e+00
   2.4480610e+01   3.7000000e+01   4.9550809e+00
   2.4490610e+01   3.7000000e+01   4.9550809e+00
   2.4500610e+01   3.7000000e+01   4.9550809e+00
   2.4510610e+01   3.7000000e+01   4.9550809e+00
   2.4520610e+01   3.7000000e+01   4.9550809e+00
   2.4530610e+01   3.7000000e+01   4.9550809e+00
   2.4540610e+01   3.7000000e+01   4.9550809e+00
   2.4550610e+01   3.7000000e+01   4.9550809e+00
   2.4560610e+01   3.7000000e+01   4.9550809e+00
   2.4570610e+01   3.7000000e+01   4.9550809e+00
   2.4580610e+01   3.7000000e+01   4.9550809e+00
   2.4590610e+01   3.7000000e+01   4.9550809e+00
   2.4600610e+01   3.7000000e+01   4.9550809e+00
   2.4610610e+01   3.7000000e+01   4.9550809e+00
   2.4620610e+01   3.7000000e+01   4.9550809e+00
   2.4630610e+01   3.7000000e+01   4.9550809e+00
   2.4640610e+01   3.7000000e+01   4.9550809e+00
   2.4650610e+01   3.7000000e+01   4.9550809e+00
   2.4660610e+01   3.7000000e+01   4.9550809e+00
   2.4670610e+01   3.7000000e+01   4.9550809e+00
   2.4680610e+01   3.7000000e+01   4.9550809e+00
   2.4690610e+01   3.7000000e+01   4.9550809e+00
   2.4700610e+01   3.7000000e+01   4.9550809e+00
   2.4710610e+01   3.7000000e+01   4.9550809e+00
   2.4720610e+01   3.7000000e+01   4.9550809e+00
   2.4730610e+01   3.7000000e+01   4.9550809e+00
   2.4740610e+01   3.7000000e+01   4.9550809e+00
   2.4750610e+01   3.7000000e+01   4.9550809e+00
   2.4760610e+01   3.7000000e+01   4.9550809e+00
   2.4770610e+01   3.7000000e+01   4.9550809e+00
   2.4780610e+01   3.7000000e+01   4.9550809e+00
   2.4790610e+01   3.7000000e+01   4.9550809e+00
   2.4800610e+01   3.7000000e+01   4.9550809e+00
   2.4810610e+01   3.7000000e+01   4.9550809e+00
   2.4820610e+01   3.7000000e+01   4.9550809e+00
   2.4830610e+01   3.7000000e+01   4.9550809e+00
   2.4840610e+01   3.7000000e+01   4.9550809e+00
   2.4850610e+01   3.7000000e+01   4.9550809e+00
   2.4860610e+01   3.7000000e+01   4.9550809e+00
   2.4870610e+01   3.7000000e+01   4.9550809e+00
   2.4880610e+01   3.7000000e+01   4.9550809e+00
   2.4890610e+01   3.7000000e+01   4.9550809e+00
   2.4900610e+01   3.7000000e+01   4.9550809e+00
   2.4910610e+01   3.7000000e+01   4.9550809e+00
   2.4920610e+01   3.7000000e+01   4.9550809e+00
   2.4930610e+01   3.7000000e+01   4.9550809e+00
   2.4940610e+01   3.7000000e+01   4.9550809e+00
   2.4950610e+01   3.7000000e+01   4.9550809e+00
   2.4960610e+01   3.7000000e+01   4.9550809e+00
   2.4970610e+01   3.7000000e+01   4.9550809e+00
   2.4980610e+01   3.7000000e+01   4.9550809e+00
   2.4990610e+01   3.7000000e+01   4.9550809e+00
   2.5000610e+01   3.7000000e+01   4.9550809e+00
   2.5009254e+01   3.7000000e+01   4.9550809e+00
   2.5009254e+01   3.8000000e+01   4.9422915e+00
   2.5009254e+01   3.8000000e+01   4.9422915e+00
   2.5019254e+01   3.8000000e+01   4.9422915e+00
   2.5029254e+01   3.8000000e+01   4.9422915e+00
   2.5039254e+01   3.8000000e+01   4.9422915e+00
   2.5049254e+01   3.8000000e+01   4.9422915e+00
   2.5059254e+01   3.8000000e+01   4.9422915e+00
   2.5069254e+01   3.8000000e+01   4.9422915e+00
   2.5079254e+01   3.8000000e+01   4.9422915e+00
   2.5089254e+01   3.8000000e+01   4.9422915e+00
   2.5099254e+01   3.8000000e+01   4.9422915e+00
   2.5109254e+01   3.8000000e+01   4.9422915e+00
   2.5119254e+01   3.8000000e+01   4.9422915e+00
   2.5129254e+01   3.8000000e+01   4.9422915e+00
   2.5139254e+01   3.8000000e+01   4.9422915e+00
   2.5149254e+01   3.8000000e+01   4.9422915e+00
   2.5159254e+01   3.8000000e+01   4.9422915e+00
   2.5169254e+01   3.8000000e+01   4.9422915e+00
   2.5179254e+01   3.8000000e+01   4.9422915e+00
   2.5189254e+01   3.8000000e+01   4.9422915e+00
   2.5199254e+01   3.8000000e+01   4.9422915e+00
   2.5209254e+01   3.8000000e+01   4.9422915e+00
   2.5219254e+01   3.8000000e+01   4.9422915e+00
   2.5229254e+01   3.8000000e+01   4.9422915e+00
   2.5239254e+01   3.8000000e+01   4.9422915e+00
   2.5249254e+01   3.8000000e+01   4.9422915e+00
   2.5259254e+01   3.8000000e+01   4.9422915e+00
   2.5269254e+01   3.8000000e+01   4.9422915e+00
   2.5279254e+01   3.8000000e+01   4.9422915e+00
   2.5289254e+01   3.8000000e+01   4.9422915e+00
   2.5299254e+01   3.8000000e+01   4.9422915e+00
   2.5309254e+01   3.8000000e+01   4.9422915e+00
   2.5319254e+01   3.8000000e+01   4.9422915e+00
   2.5329254e+01   3.8000000e+01   4.9422915e+00
   2.5339254e+01   3.8000000e+01   4.9422915e+00
   2.5349254e+01   3.8000000e+01   4.9422915e+00
   2.5359254e+01   3.8000000e+01   4.9422915e+00
   2.5369254e+01   3.8000000e+01   4.9422915e+00
   2.5379254e+01   3.8000000e+01   4.9422915e+00
   2.5389254e+01   3.8000000e+01   4.9422915e+00
   2.5399254e+01   3.8000000e+01   4.9422915e+00
   2.5409254e+01   3.8000000e+01   4.9422915e+00
   2.5419254e+01   3.8000000e+01   4.9422915e+00
   2.5429254e+01   3.8000000e+01   4.9422915e+00
   2.5439254e+01   3.8000000e+01   4.9422915e+00
   2.5449254e+01   3.8000000e+01   4.9422915e+00
   2.5459254e+01   3.8000000e+01   4.9422915e+00
   2.5469254e+01   3.8000000e+01   4.9422915e+00
   2.5479254e+01   3.8000000e+01   4.9422915e+00
   2.5489254e+01   3.8000000e+01   4.9422915e+00
   2.5499254e+01   3.8000000e+01   4.9422915e+00
   2.5509254e+01   3.8000000e+01   4.9422915e+00
   2.5519254e+01   3.8000000e+01   4.9422915e+00
   2.5529254e+01   3.8000000e+01   4.9422915e+00
   2.5539254e+01   3.8000000e+01   4.9422915e+00
   2.5549254e+01   3.8000000e+01   4.9422915e+00
   2.5559254e+01   3.8000000e+01   4.9422915e+00
   2.5569254e+01   3.8000000e+01   4.9422915e+00
   2.5579254e+01   3.8000000e+01   4.9422915e+00
   2.5589254e+01   3.8000000e+01   4.9422915e+00
   2.5599254e+01   3.8000000e+01   4.9422915e+00
   2.5609254e+01   3.8000000e+01   4.9422915e+00
   2.5619254e+01   3.8000000e+01   4.9422915e+00
   2.5629254e+01   3.8000000e+01   4.9422915e+00
   2.5639254e+01   3.8000000e+01   4.9422915e+00
   2.5649254e+01   3.8000000e+01   4.9422915e+00
   2.5659254e+01   3.8000000e+01   4.9422915e+00
   2.5669254e+01   3.8000000e+01   4.9422915e+00
   2.5679254e+01   3.8000000e+01   4.9422915e+00
   2.5689254e+01   3.8000000e+01   4.9422915e+00
   2.5699254e+01   3.8000000e+01   4.9422915e+00
   2.5709254e+01   3.8000000e+01   4.9422915e+00
   2.5719254e+01   3.8000000e+01   4.9422915e+00
   2.5729254e+01   3.8000000e+01   4.9422915e+00
   2.5739254e+01   3.8000000e+01   4.9422915e+00
   2.5749254e+01   3.8000000e+01   4.9422915e+00
   2.5759254e+01   3.8000000e+01   4.9422915e+00
   2.5769254e+01   3.8000000e+01   4.9422915e+00
   2.5779254e+01   3.8000000e+01   4.9422915e+00
   2.5789254e+01   3.8000000e+01   4.9422915e+00
   2.5799254e+01   3.8000000e+01   4.9422915e+00
   2.5809254e+01   3.8000000e+01   4.9422915e+00
   2.5819254e+01   3.8000000e+01   4.9422915e+00
   2.5829254e+01   3.8000000e+01   4.9422915e+00
   2.5839254e+01   3.8000000e+01   4.9422915e+00
   2.5849254e+01   3.8000000e+01   4.9422915e+00
   2.5859254e+01   3.8000000e+01   4.9422915e+00
   2.5869254e+01   3.8000000e+01   4.9422915e+00
   2.5879254e+01   3.8000000e+01   4.9422915e+00
   2.5889254e+01   3.8000000e+01   4.9422915e+00
   2.5899254e+01   3.8000000e+01   4.9422915e+00
   2.5909254e+01   3.8000000e+01   4.9422915e+00
   2.5919254e+01   3.8000000e+01   4.9422915e+00
   2.5929254e+01   3.8000000e+01   4.9422915e+00
   2.5939254e+01   3.8000000e+01   4.9422915e+00
   2.5949254e+01   3.8000000e+01   4.9422915e+00
   2.5959254e+01   3.8000000e+01   4.9422915e+00
   2.5969254e+01   3.8000000e+01   4.9422915e+00
   2.5979254e+01   3.8000000e+01   4.9422915e+00
   2.5989254e+01   3.8000000e+01   4.9422915e+00
   2.5999254e+01   3.8000000e+01   4.9422915e+00
   2.6009254e+01   3.8000000e+01   4.9422915e+00
   2.6019254e+01   3.8000000e+01   4.9422915e+00
   2.6029254e+01   3.8000000e+01   4.9422915e+00
   2.6039254e+01   3.8000000e+01   4.9422915e+00
   2.6049254e+01   3.8000000e+01   4.9422915e+00
   2.6059254e+01   3.8000000e+01   4.9422915e+00
   2.6069254e+01   3.8000000e+01   4.9422915e+00
   2.6079254e+01   3.8000000e+01   4.9422915e+00
   2.6089254e+01   3.8000000e+01   4.9422915e+00
   2.6099254e+01   3.8000000e+01   4.9422915e+00
   2.6109254e+01   3.8000000e+01   4.9422915e+00
   2.6119254e+01   3.8000000e+01   4.9422915e+00
   2.6129254e+01   3.8000000e+01   4.9422915e+00
   2.6139254e+01   3.8000000e+01   4.9422915e+00
   2.6147612e+01   3.8000000e+01   4.9422915e+00
   2.6147612e+01   3.9000000e+01   4.9259112e+00
   2.6147612e+01   3.9000000e+01   4.9259112e+00
   2.6157612e+01   3.9000000e+01   4.9259112e+00
   2.6167612e+01   3.9000000e+01   4.9259112e+00
   2.6177612e+01   3.9000000e+01   4.9259112e+00
   2.6187612e+01   3.9000000e+01   4.9259112e+00
   2.6197612e+01   3.9000000e+01   4.9259112e+00
   2.6207612e+01   3.9000000e+01   4.9259112e+00
   2.6217612e+01   3.9000000e+01   4.9259112e+00
   2.6227612e+01   3.9000000e+01   4.9259112e+00
   2.6237612e+01   3.9000000e+01   4.9259112e+00
   2.6247612e+01   3.9000000e+01   4.9259112e+00
   2.6257612e+01   3.9000000e+01   4.9259112e+00
   2.6267612e+01   3.9000000e+01   4.9259112e+00
   2.6277612e+01   3.9000000e+01   4.9259112e+00
   2.6287612e+01   3.9000000e+01   4.9259112e+00
   2.6297612e+01   3.9000000e+01   4.9259112e+00
   2.6307612e+01   3.9000000e+01   4.9259112e+00
   2.6317612e+01   3.9000000e+01   4.9259112e+00
   2.6327612e+01   3.9000000e+01   4.9259112e+00
   2.6337612e+01   3.9000000e+01   4.9259112e+00
   2.6347612e+01   3.9000000e+01   4.9259112e+00
   2.6357612e+01   3.9000000e+01   4.9259112e+00
   2.6367612e+01   3.9000000e+01   4.9259112e+00
   2.6377612e+01   3.9000000e+01   4.9259112e+00
   2.6387612e+01   3.9000000e+01   4.9259112e+00
   2.6397612e+01   3.9000000e+01   4.9259112e+00
   2.6407612e+01   3.9000000e+01   4.9259112e+00
   2.6417612e+01   3.9000000e+01   4.9259112e+00
   2.6427612e+01   3.9000000e+01   4.9259112e+00
   2.6437612e+01   3.9000000e+01   4.9259112e+00
   2.6447612e+01   3.9000000e+01   4.9259112e+00
   2.6457612e+01   3.9000000e+01   4.9259112e+00
   2.6467612e+01   3.9000000e+01   4.9259112e+00
   2.6477612e+01   3.9000000e+01   4.9259112e+00
   2.6487612e+01   3.9000000e+01   4.9259112e+00
   2.6497612e+01   3.9000000e+01   4.9259112e+00
   2.6507612e+01   3.9000000e+01   4.9259112e+00
   2.6517612e+01   3.9000000e+01   4.9259112e+00
   2.6527612e+01   3.9000000e+01   4.9259112e+00
   2.6537612e+01   3.9000000e+01   4.9259112e+00
   2.6547612e+01   3.9000000e+01   4.9259112e+00
   2.6557612e+01   3.9000000e+01   4.9259112e+00
   2.6567612e+01   3.9000000e+01   4.9259112e+00
   2.6577612e+01   3.9000000e+01   4.9259112e+00
   2.6587612e+01   3.9000000e+01   4.9259112e+00
   2.6597612e+01   3.9000000e+01   4.9259112e+00
   2.6607612e+01   3.9000000e+01   4.9259112e+00
   2.6617612e+01   3.9000000e+01   4.9259112e+00
   2.6627612e+01   3.9000000e+01   4.9259112e+00
   2.6637612e+01   3.9000000e+01   4.9259112e+00
   2.6647612e+01   3.9000000e+01   4.9259112e+00
   2.6657612e+01   3.9000000e+01   4.9259112e+00
   2.6667612e+01   3.9000000e+01   4.9259112e+00
   2.6677612e+01   3.9000000e+01   4.9259112e+00
   2.6687612e+01   3.9000000e+01   4.9259112e+00
   2.6697612e+01   3.9000000e+01   4.9259112e+00
   2.6707612e+01   3.9000000e+01   4.9259112e+00
   2.6717612e+01   3.9000000e+01   4.9259112e+00
   2.6727612e+01   3.9000000e+01   4.9259112e+00
   2.6737612e+01   3.9000000e+01   4.9259112e+00
   2.6747612e+01   3.9000000e+01   4.9259112e+00
   2.6757612e+01   3.9000000e+01   4.9259112e+00
   2.6767612e+01   3.9000000e+01   4.9259112e+00
   2.6777612e+01   3.9000000e+01   4.9259112e+00
   2.6787612e+01   3.9000000e+01   4.9259112e+00
   2.6797612e+01   3.9000000e+01   4.9259112e+00
   2.6807612e+01   3.9000000e+01   4.9259112e+00
   2.6817612e+01   3.9000000e+01   4.9259112e+00
   2.6827612e+01   3.9000000e+01   4.9259112e+00
   2.6837612e+01   3.9000000e+01   4.9259112e+00
   2.6847612e+01   3.9000000e+01   4.9259112e+00
   2.6857612e+01   3.9000000e+01   4.9259112e+00
   2.6867612e+01   3.9000000e+01   4.9259112e+00
   2.6877612e+01   3.9000000e+01   4.9259112e+00
   2.6887612e+01   3.9000000e+01   4.9259112e+00
   2.6897612e+01   3.9000000e+01   4.9259112e+00
   2.6907612e+01   3.9000000e+01   4.9259112e+00
   2.6917612e+01   3.9000000e+01   4.9259112e+00
   2.6927612e+01   3.9000000e+01   4.9259112e+00
   2.6937612e+01   3.9000000e+01   4.9259112e+00
   2.6947612e+01   3.9000000e+01   4.9259112e+00
   2.6957612e+01   3.9000000e+01   4.9259112e+00
   2.6967612e+01   3.9000000e+01   4.9259112e+00
   2.6977612e+01   3.9000000e+01   4.9259112e+00
   2.6987612e+01   3.9000000e+01   4.9259112e+00
   2.6997612e+01   3.9000000e+01   4.9259112e+00
   2.7007612e+01   3.9000000e+01   4.9259112e+00
   2.7017612e+01   3.9000000e+01   4.9259112e+00
   2.7027612e+01   3.9000000e+01   4.9259112e+00
   2.7037612e+01   3.9000000e+01   4.9259112e+00
   2.7047612e+01   3.9000000e+01   4.9259112e+00
   2.7057612e+01   3.9000000e+01   4.9259112e+00
   2.7067612e+01   3.9000000e+01   4.9259112e+00
   2.7077612e+01   3.9000000e+01   4.9259112e+00
   2.7087612e+01   3.9000000e+01   4.9259112e+00
   2.7097612e+01   3.9000000e+01   4.9259112e+00
   2.7107612e+01   3.9000000e+01   4.9259112e+00
   2.7117612e+01   3.9000000e+01   4.9259112e+00
   2.7127612e+01   3.9000000e+01   4.9259112e+00
   2.7137612e+01   3.9000000e+01   4.9259112e+00
   2.7147612e+01   3.9000000e+01   4.9259112e+00
   2.7157612e+01   3.9000000e+01   4.9259112e+00
   2.7167612e+01   3.9000000e+01   4.9259112e+00
   2.7177612e+01   3.9000000e+01   4.9259112e+00
   2.7187612e+01   3.9000000e+01   4.9259112e+00
   2.7197612e+01   3.9000000e+01   4.9259112e+00
   2.7207612e+01   3.9000000e+01   4.9259112e+00
   2.7217612e+01   3.9000000e+01   4.9259112e+00
   2.7227612e+01   3.9000000e+01   4.9259112e+00
   2.7237612e+01   3.9000000e+01   4.9259112e+00
   2.7247612e+01   3.9000000e+01   4.9259112e+00
   2.7257612e+01   3.9000000e+01   4.9259112e+00
   2.7267612e+01   3.9000000e+01   4.9259112e+00
   2.7277612e+01   3.9000000e+01   4.9259112e+00
   2.7287612e+01   3.9000000e+01   4.9259112e+00
   2.7297612e+01   3.9000000e+01   4.9259112e+00
   2.7305386e+01   3.9000000e+01   4.9259112e+00
   2.7305386e+01   4.0000000e+01   4.9059931e+00
   2.7305386e+01   4.0000000e+01   4.9059931e+00
   2.7315386e+01   4.0000000e+01   4.9059931e+00
   2.7325386e+01   4.0000000e+01   4.9059931e+00
   2.7335386e+01   4.0000000e+01   4.9059931e+00
   2.7345386e+01   4.0000000e+01   4.9059931e+00
   2.7355386e+01   4.0000000e+01   4.9059931e+00
   2.7365386e+01   4.0000000e+01   4.9059931e+00
   2.7375386e+01   4.0000000e+01   4.9059931e+00
   2.7385386e+01   4.0000000e+01   4.9059931e+00
   2.7395386e+01   4.0000000e+01   4.9059931e+00
   2.7405386e+01   4.0000000e+01   4.9059931e+00
   2.7415386e+01   4.0000000e+01   4.9059931e+00
   2.7425386e+01   4.0000000e+01   4.9059931e+00
   2.7435386e+01   4.0000000e+01   4.9059931e+00
   2.7445386e+01   4.0000000e+01   4.9059931e+00
   2.7455386e+01   4.0000000e+01   4.9059931e+00
   2.7465386e+01   4.0000000e+01   4.9059931e+00
   2.7475386e+01   4.0000000e+01   4.9059931e+00
   2.7485386e+01   4.0000000e+01   4.9059931e+00
   2.7495386e+01   4.0000000e+01   4.9059931e+00
   2.7505386e+01   4.0000000e+01   4.9059931e+00
   2.7515386e+01   4.0000000e+01   4.9059931e+00
   2.7525386e+01   4.0000000e+01   4.9059931e+00
   2.7535386e+01   4.0000000e+01   4.9059931e+00
   2.7545386e+01   4.0000000e+01   4.9059931e+00
   2.7555386e+01   4.0000000e+01   4.9059931e+00
   2.7565386e+01   4.0000000e+01   4.9059931e+00
   2.7575386e+01   4.0000000e+01   4.9059931e+00
   2.7585386e+01   4.0000000e+01   4.9059931e+00
   2.7595386e+01   4.0000000e+01   4.9059931e+00
   2.7605386e+01   4.0000000e+01   4.9059931e+00
   2.7615386e+01   4.0000000e+01   4.9059931e+00
   2.7625386e+01   4.0000000e+01   4.9059931e+00
   2.7635386e+01   4.0000000e+01   4.9059931e+00
   2.7645386e+01   4.0000000e+01   4.9059931e+00
   2.7655386e+01   4.0000000e+01   4.9059931e+00
   2.7665386e+01   4.0000000e+01   4.9059931e+00
   2.7675386e+01   4.0000000e+01   4.9059931e+00
   2.7685386e+01   4.0000000e+01   4.9059931e+00
   2.7695386e+01   4.0000000e+01   4.9059931e+00
   2.7705386e+01   4.0000000e+01   4.9059931e+00
   2.7715386e+01   4.0000000e+01   4.9059931e+00
   2.7725386e+01   4.0000000e+01   4.9059931e+00
   2.7735386e+01   4.0000000e+01   4.9059931e+00
   2.7745386e+01   4.0000000e+01   4.9059931e+00
   2.7755386e+01   4.0000000e+01   4.9059931e+00
   2.7765386e+01   4.0000000e+01   4.9059931e+00
   2.7775386e+01   4.0000000e+01   4.9059931e+00
   2.7785386e+01   4.0000000e+01   4.9059931e+00
   2.7795386e+01   4.0000000e+01   4.9059931e+00
   2.7805386e+01   4.0000000e+01   4.9059931e+00
   2.7815386e+01   4.0000000e+01   4.9059931e+00
   2.7825386e+01   4.0000000e+01   4.9059931e+00
   2.7835386e+01   4.0000000e+01   4.9059931e+00
   2.7845386e+01   4.0000000e+01   4.9059931e+00
   2.7855386e+01   4.0000000e+01   4.9059931e+00
   2.7865386e+01   4.0000000e+01   4.9059931e+00
   2.7875386e+01   4.0000000e+01   4.9059931e+00
   2.7885386e+01   4.0000000e+01   4.9059931e+00
   2.7895386e+01   4.0000000e+01   4.9059931e+00
   2.7905386e+01   4.0000000e+01   4.9059931e+00
   2.7915386e+01   4.0000000e+01   4.9059931e+00
   2.7925386e+01   4.0000000e+01   4.9059931e+00
   2.7935386e+01   4.0000000e+01   4.9059931e+00
   2.7945386e+01   4.0000000e+01   4.9059931e+00
   2.7955386e+01   4.0000000e+01   4.9059931e+00
   2.7965386e+01   4.0000000e+01   4.9059931e+00
   2.7975386e+01   4.0000000e+01   4.9059931e+00
   2.7985386e+01   4.0000000e+01   4.9059931e+00
   2.7995386e+01   4.0000000e+01   4.9059931e+00
   2.8005386e+01   4.0000000e+01   4.9059931e+00
   2.8015386e+01   4.0000000e+01   4.9059931e+00
   2.8025386e+01   4.0000000e+01   4.9059931e+00
   2.8035386e+01   4.0000000e+01   4.9059931e+00
   2.8045386e+01   4.0000000e+01   4.9059931e+00
   2.8055386e+01   4.0000000e+01   4.9059931e+00
   2.8065386e+01   4.0000000e+01   4.9059931e+00
   2.8075386e+01   4.0000000e+01   4.9059931e+00
   2.8085386e+01   4.0000000e+01   4.9059931e+00
   2.8095386e+01   4.0000000e+01   4.9059931e+00
   2.8105386e+01   4.0000000e+01   4.9059931e+00
   2.8115386e+01   4.0000000e+01   4.9059931e+00
   2.8125386e+01   4.0000000e+01   4.9059931e+00
   2.8135386e+01   4.0000000e+01   4.9059931e+00
   2.8145386e+01   4.0000000e+01   4.9059931e+00
   2.8155386e+01   4.0000000e+01   4.9059931e+00
   2.8165386e+01   4.0000000e+01   4.9059931e+00
   2.8175386e+01   4.0000000e+01   4.9059931e+00
   2.8185386e+01   4.0000000e+01   4.9059931e+00
   2.8195386e+01   4.0000000e+01   4.9059931e+00
   2.8205386e+01   4.0000000e+01   4.9059931e+00
   2.8215386e+01   4.0000000e+01   4.9059931e+00
   2.8225386e+01   4.0000000e+01   4.9059931e+00
   2.8235386e+01   4.0000000e+01   4.9059931e+00
   2.8245386e+01   4.0000000e+01   4.9059931e+00
   2.8255386e+01   4.0000000e+01   4.9059931e+00
   2.8265386e+01   4.0000000e+01   4.9059931e+00
   2.8275386e+01   4.0000000e+01   4.9059931e+00
   2.8285386e+01   4.0000000e+01   4.9059931e+00
   2.8295386e+01   4.0000000e+01   4.9059931e+00
   2.8305386e+01   4.0000000e+01   4.9059931e+00
   2.8315386e+01   4.0000000e+01   4.9059931e+00
   2.8325386e+01   4.0000000e+01   4.9059931e+00
   2.8335386e+01   4.0000000e+01   4.9059931e+00
   2.8345386e+01   4.0000000e+01   4.9059931e+00
   2.8355386e+01   4.0000000e+01   4.9059931e+00
   2.8365386e+01   4.0000000e+01   4.9059931e+00
   2.8375386e+01   4.0000000e+01   4.9059931e+00
   2.8385386e+01   4.0000000e+01   4.9059931e+00
   2.8395386e+01   4.0000000e+01   4.9059931e+00
   2.8405386e+01   4.0000000e+01   4.9059931e+00
   2.8415386e+01   4.0000000e+01   4.9059931e+00
   2.8425386e+01   4.0000000e+01   4.9059931e+00
   2.8435386e+01   4.0000000e+01   4.9059931e+00
   2.8445386e+01   4.0000000e+01   4.9059931e+00
   2.8455386e+01   4.0000000e+01   4.9059931e+00
   2.8465386e+01   4.0000000e+01   4.9059931e+00
   2.8475386e+01   4.0000000e+01   4.9059931e+00
   2.8482278e+01   4.0000000e+01   4.9059931e+00
   2.8482278e+01   4.1000000e+01   4.8825860e+00
   2.8482278e+01   4.1000000e+01   4.8825860e+00
   2.8492278e+01   4.1000000e+01   4.8825860e+00
   2.8502278e+01   4.1000000e+01   4.8825860e+00
   2.8512278e+01   4.1000000e+01   4.8825860e+00
   2.8522278e+01   4.1000000e+01   4.8825860e+00
   2.8532278e+01   4.1000000e+01   4.8825860e+00
   2.8542278e+01   4.1000000e+01   4.8825860e+00
   2.8552278e+01   4.1000000e+01   4.8825860e+00
   2.8562278e+01   4.1000000e+01   4.8825860e+00
   2.8572278e+01   4.1000000e+01   4.8825860e+00
   2.8582278e+01   4.1000000e+01   4.8825860e+00
   2.8592278e+01   4.1000000e+01   4.8825860e+00
   2.8602278e+01   4.1000000e+01   4.8825860e+00
   2.8612278e+01   4.1000000e+01   4.8825860e+00
   2.8622278e+01   4.1000000e+01   4.8825860e+00
   2.8632278e+01   4.1000000e+01   4.8825860e+00
   2.8642278e+01   4.1000000e+01   4.8825860e+00
   2.8652278e+01   4.1000000e+01   4.8825860e+00
   2.8662278e+01   4.1000000e+01   4.8825860e+00
   2.8672278e+01   4.1000000e+01   4.8825860e+00
   2.8682278e+01   4.1000000e+01   4.8825860e+00
   2.8692278e+01   4.1000000e+01   4.8825860e+00
   2.8702278e+01   4.1000000e+01   4.8825860e+00
   2.8712278e+01   4.1000000e+01   4.8825860e+00
   2.8722278e+01   4.1000000e+01   4.8825860e+00
   2.8732278e+01   4.1000000e+01   4.8825860e+00
   2.8742278e+01   4.1000000e+01   4.8825860e+00
   2.8752278e+01   4.1000000e+01   4.8825860e+00
   2.8762278e+01   4.1000000e+01   4.8825860e+00
   2.8772278e+01   4.1000000e+01   4.8825860e+00
   2.8782278e+01   4.1000000e+01   4.8825860e+00
   2.8792278e+01   4.1000000e+01   4.8825860e+00
   2.8802278e+01   4.1000000e+01   4.8825860e+00
   2.8812278e+01   4.1000000e+01   4.8825860e+00
   2.8822278e+01   4.1000000e+01   4.8825860e+00
   2.8832278e+01   4.1000000e+01   4.8825860e+00
   2.8842278e+01   4.1000000e+01   4.8825860e+00
   2.8852278e+01   4.1000000e+01   4.8825860e+00
   2.8862278e+01   4.1000000e+01   4.8825860e+00
   2.8872278e+01   4.1000000e+01   4.8825860e+00
   2.8882278e+01   4.1000000e+01   4.8825860e+00
   2.8892278e+01   4.1000000e+01   4.8825860e+00
   2.8902278e+01   4.1000000e+01   4.8825860e+00
   2.8912278e+01   4.1000000e+01   4.8825860e+00
   2.8922278e+01   4.1000000e+01   4.8825860e+00
   2.8932278e+01   4.1000000e+01   4.8825860e+00
   2.8942278e+01   4.1000000e+01   4.8825860e+00
   2.8952278e+01   4.1000000e+01   4.8825860e+00
   2.8962278e+01   4.1000000e+01   4.8825860e+00
   2.8972278e+01   4.1000000e+01   4.8825860e+00
   2.8982278e+01   4.1000000e+01   4.8825860e+00
   2.8992278e+01   4.1000000e+01   4.8825860e+00
   2.9002278e+01   4.1000000e+01   4.8825860e+00
   2.9012278e+01   4.1000000e+01   4.8825860e+00
   2.9022278e+01   4.1000000e+01   4.8825860e+00
   2.9032278e+01   4.1000000e+01   4.8825860e+00
   2.9042278e+01   4.1000000e+01   4.8825860e+00
   2.9052278e+01   4.1000000e+01   4.8825860e+00
   2.9062278e+01   4.1000000e+01   4.8825860e+00
   2.9072278e+01   4.1000000e+01   4.8825860e+00
   2.9082278e+01   4.1000000e+01   4.8825860e+00
   2.9092278e+01   4.1000000e+01   4.8825860e+00
   2.9102278e+01   4.1000000e+01   4.8825860e+00
   2.9112278e+01   4.1000000e+01   4.8825860e+00
   2.9122278e+01   4.1000000e+01   4.8825860e+00
   2.9132278e+01   4.1000000e+01   4.8825860e+00
   2.9142278e+01   4.1000000e+01   4.8825860e+00
   2.9152278e+01   4.1000000e+01   4.8825860e+00
   2.9162278e+01   4.1000000e+01   4.8825860e+00
   2.9172278e+01   4.1000000e+01   4.8825860e+00
   2.9182278e+01   4.1000000e+01   4.8825860e+00
   2.9192278e+01   4.1000000e+01   4.8825860e+00
   2.9202278e+01   4.1000000e+01   4.8825860e+00
   2.9212278e+01   4.1000000e+01   4.8825860e+00
   2.9222278e+01   4.1000000e+01   4.8825860e+00
   2.9232278e+01   4.1000000e+01   4.8825860e+00
   2.9242278e+01   4.1000000e+01   4.8825860e+00
   2.9252278e+01   4.1000000e+01   4.8825860e+00
   2.9262278e+01   4.1000000e+01   4.8825860e+00
   2.9272278e+01   4.1000000e+01   4.8825860e+00
   2.9282278e+01   4.1000000e+01   4.8825860e+00
   2.9292278e+01   4.1000000e+01   4.8825860e+00
   2.9302278e+01   4.1000000e+01   4.8825860e+00
   2.9312278e+01   4.1000000e+01   4.8825860e+00
   2.9322278e+01   4.1000000e+01   4.8825860e+00
   2.9332278e+01   4.1000000e+01   4.8825860e+00
   2.9342278e+01   4.1000000e+01   4.8825860e+00
   2.9352278e+01   4.1000000e+01   4.8825860e+00
   2.9362278e+01   4.1000000e+01   4.8825860e+00
   2.9372278e+01   4.1000000e+01   4.8825860e+00
   2.9382278e+01   4.1000000e+01   4.8825860e+00
   2.9392278e+01   4.1000000e+01   4.8825860e+00
   2.9402278e+01   4.1000000e+01   4.8825860e+00
   2.9412278e+01   4.1000000e+01   4.8825860e+00
   2.9422278e+01   4.1000000e+01   4.8825860e+00
   2.9432278e+01   4.1000000e+01   4.8825860e+00
   2.9442278e+01   4.1000000e+01   4.8825860e+00
   2.9452278e+01   4.1000000e+01   4.8825860e+00
   2.9462278e+01   4.1000000e+01   4.8825860e+00
   2.9472278e+01   4.1000000e+01   4.8825860e+00
   2.9482278e+01   4.1000000e+01   4.8825860e+00
   2.9492278e+01   4.1000000e+01   4.8825860e+00
   2.9502278e+01   4.1000000e+01   4.8825860e+00
   2.9512278e+01   4.1000000e+01   4.8825860e+00
   2.9522278e+01   4.1000000e+01   4.8825860e+00
   2.9532278e+01   4.1000000e+01   4.8825860e+00
   2.9542278e+01   4.1000000e+01   4.8825860e+00
   2.9552278e+01   4.1000000e+01   4.8825860e+00
   2.9562278e+01   4.1000000e+01   4.8825860e+00
   2.9572278e+01   4.1000000e+01   4.8825860e+00
   2.9582278e+01   4.1000000e+01   4.8825860e+00
   2.9592278e+01   4.1000000e+01   4.8825860e+00
   2.9602278e+01   4.1000000e+01   4.8825860e+00
   2.9612278e+01   4.1000000e+01   4.8825860e+00
   2.9622278e+01   4.1000000e+01   4.8825860e+00
   2.9632278e+01   4.1000000e+01   4.8825860e+00
   2.9642278e+01   4.1000000e+01   4.8825860e+00
   2.9652278e+01   4.1000000e+01   4.8825860e+00
   2.9662278e+01   4.1000000e+01   4.8825860e+00
   2.9672278e+01   4.1000000e+01   4.8825860e+00
   2.9677993e+01   4.1000000e+01   4.8825860e+00
   2.9677993e+01   4.2000000e+01   4.8557346e+00
   2.9677993e+01   4.2000000e+01   4.8557346e+00
   2.9687993e+01   4.2000000e+01   4.8557346e+00
   2.9697993e+01   4.2000000e+01   4.8557346e+00
   2.9707993e+01   4.2000000e+01   4.8557346e+00
   2.9717993e+01   4.2000000e+01   4.8557346e+00
   2.9727993e+01   4.2000000e+01   4.8557346e+00
   2.9737993e+01   4.2000000e+01   4.8557346e+00
   2.9747993e+01   4.2000000e+01   4.8557346e+00
   2.9757993e+01   4.2000000e+01   4.8557346e+00
   2.9767993e+01   4.2000000e+01   4.8557346e+00
   2.9777993e+01   4.2000000e+01   4.8557346e+00
   2.9787993e+01   4.2000000e+01   4.8557346e+00
   2.9797993e+01   4.2000000e+01   4.8557346e+00
   2.9807993e+01   4.2000000e+01   4.8557346e+00
   2.9817993e+01   4.2000000e+01   4.8557346e+00
   2.9827993e+01   4.2000000e+01   4.8557346e+00
   2.9837993e+01   4.2000000e+01   4.8557346e+00
   2.9847993e+01   4.2000000e+01   4.8557346e+00
   2.9857993e+01   4.2000000e+01   4.8557346e+00
   2.9867993e+01   4.2000000e+01   4.8557346e+00
   2.9877993e+01   4.2000000e+01   4.8557346e+00
   2.9887993e+01   4.2000000e+01   4.8557346e+00
   2.9897993e+01   4.2000000e+01   4.8557346e+00
   2.9907993e+01   4.2000000e+01   4.8557346e+00
   2.9917993e+01   4.2000000e+01   4.8557346e+00
   2.9927993e+01   4.2000000e+01   4.8557346e+00
   2.9937993e+01   4.2000000e+01   4.8557346e+00
   2.9947993e+01   4.2000000e+01   4.8557346e+00
   2.9957993e+01   4.2000000e+01   4.8557346e+00
   2.9967993e+01   4.2000000e+01   4.8557346e+00
   2.9977993e+01   4.2000000e+01   4.8557346e+00
   2.9987993e+01   4.2000000e+01   4.8557346e+00
   2.9997993e+01   4.2000000e+01   4.8557346e+00
   3.0007993e+01   4.2000000e+01   4.8557346e+00
   3.0017993e+01   4.2000000e+01   4.8557346e+00
   3.0027993e+01   4.2000000e+01   4.8557346e+00
   3.0037993e+01   4.2000000e+01   4.8557346e+00
   3.0047993e+01   4.2000000e+01   4.8557346e+00
   3.0057993e+01   4.2000000e+01   4.8557346e+00
   3.0067993e+01   4.2000000e+01   4.8557346e+00
   3.0077993e+01   4.2000000e+01   4.8557346e+00
   3.0087993e+01   4.2000000e+01   4.8557346e+00
   3.0097993e+01   4.2000000e+01   4.8557346e+00
   3.0107993e+01   4.2000000e+01   4.8557346e+00
   3.0117993e+01   4.2000000e+01   4.8557346e+00
   3.0127993e+01   4.2000000e+01   4.8557346e+00
   3.0137993e+01   4.2000000e+01   4.8557346e+00
   3.0147993e+01   4.2000000e+01   4.8557346e+00
   3.0157993e+01   4.2000000e+01   4.8557346e+00
   3.0167993e+01   4.2000000e+01   4.8557346e+00
   3.0177993e+01   4.2000000e+01   4.8557346e+00
   3.0187993e+01   4.2000000e+01   4.8557346e+00
   3.0197993e+01   4.2000000e+01   4.8557346e+00
   3.0207993e+01   4.2000000e+01   4.8557346e+00
   3.0217993e+01   4.2000000e+01   4.8557346e+00
   3.0227993e+01   4.2000000e+01   4.8557346e+00
   3.0237993e+01   4.2000000e+01   4.8557346e+00
   3.0247993e+01   4.2000000e+01   4.8557346e+00
   3.0257993e+01   4.2000000e+01   4.8557346e+00
   3.0267993e+01   4.2000000e+01   4.8557346e+00
   3.0277993e+01   4.2000000e+01   4.8557346e+00
   3.0287993e+01   4.2000000e+01   4.8557346e+00
   3.0297993e+01   4.2000000e+01   4.8557346e+00
   3.0307993e+01   4.2000000e+01   4.8557346e+00
   3.0317993e+01   4.2000000e+01   4.8557346e+00
   3.0327993e+01   4.2000000e+01   4.8557346e+00
   3.0337993e+01   4.2000000e+01   4.8557346e+00
   3.0347993e+01   4.2000000e+01   4.8557346e+00
   3.0357993e+01   4.2000000e+01   4.8557346e+00
   3.0367993e+01   4.2000000e+01   4.8557346e+00
   3.0377993e+01   4.2000000e+01   4.8557346e+00
   3.0387993e+01   4.2000000e+01   4.8557346e+00
   3.0397993e+01   4.2000000e+01   4.8557346e+00
   3.0407993e+01   4.2000000e+01   4.8557346e+00
   3.0417993e+01   4.2000000e+01   4.8557346e+00
   3.0427993e+01   4.2000000e+01   4.8557346e+00
   3.0437993e+01   4.2000000e+01   4.8557346e+00
   3.0447993e+01   4.2000000e+01   4.8557346e+00
   3.0457993e+01   4.2000000e+01   4.8557346e+00
   3.0467993e+01   4.2000000e+01   4.8557346e+00
   3.0477993e+01   4.2000000e+01   4.8557346e+00
   3.0487993e+01   4.2000000e+01   4.8557346e+00
   3.0497993e+01   4.2000000e+01   4.8557346e+00
   3.0507993e+01   4.2000000e+01   4.8557346e+00
   3.0517993e+01   4.2000000e+01   4.8557346e+00
   3.0527993e+01   4.2000000e+01   4.8557346e+00
   3.0537993e+01   4.2000000e+01   4.8557346e+00
   3.0547993e+01   4.2000000e+01   4.8557346e+00
   3.0557993e+01   4.2000000e+01   4.8557346e+00
   3.0567993e+01   4.2000000e+01   4.8557346e+00
   3.0577993e+01   4.2000000e+01   4.8557346e+00
   3.0587993e+01   4.2000000e+01   4.8557346e+00
   3.0597993e+01   4.2000000e+01   4.8557346e+00
   3.0607993e+01   4.2000000e+01   4.8557346e+00
   3.0617993e+01   4.2000000e+01   4.8557346e+00
   3.0627993e+01   4.2000000e+01   4.8557346e+00
   3.0637993e+01   4.2000000e+01   4.8557346e+00
   3.0647993e+01   4.2000000e+01   4.8557346e+00
   3.0657993e+01   4.2000000e+01   4.8557346e+00
   3.0667993e+01   4.2000000e+01   4.8557346e+00
   3.0677993e+01   4.2000000e+01   4.8557346e+00
   3.0687993e+01   4.2000000e+01   4.8557346e+00
   3.0697993e+01   4.2000000e+01   4.8557346e+00
   3.0707993e+01   4.2000000e+01   4.8557346e+00
   3.0717993e+01   4.2000000e+01   4.8557346e+00
   3.0727993e+01   4.2000000e+01   4.8557346e+00
   3.0737993e+01   4.2000000e+01   4.8557346e+00
   3.0747993e+01   4.2000000e+01   4.8557346e+00
   3.0757993e+01   4.2000000e+01   4.8557346e+00
   3.0767993e+01   4.2000000e+01   4.8557346e+00
   3.0777993e+01   4.2000000e+01   4.8557346e+00
   3.0787993e+01   4.2000000e+01   4.8557346e+00
   3.0797993e+01   4.2000000e+01   4.8557346e+00
   3.0807993e+01   4.2000000e+01   4.8557346e+00
   3.0817993e+01   4.2000000e+01   4.8557346e+00
   3.0827993e+01   4.2000000e+01   4.8557346e+00
   3.0837993e+01   4.2000000e+01   4.8557346e+00
   3.0847993e+01   4.2000000e+01   4.8557346e+00
   3.0857993e+01   4.2000000e+01   4.8557346e+00
   3.0867993e+01   4.2000000e+01   4.8557346e+00
   3.0877993e+01   4.2000000e+01   4.8557346e+00
   3.0887993e+01   4.2000000e+01   4.8557346e+00
   3.0892236e+01   4.2000000e+01   4.8557346e+00
   3.0892236e+01   4.3000000e+01   4.8254802e+00
   3.0892236e+01   4.3000000e+01   4.8254802e+00
   3.0902236e+01   4.3000000e+01   4.8254802e+00
   3.0912236e+01   4.3000000e+01   4.8254802e+00
   3.0922236e+01   4.3000000e+01   4.8254802e+00
   3.0932236e+01   4.3000000e+01   4.8254802e+00
   3.0942236e+01   4.3000000e+01   4.8254802e+00
   3.0952236e+01   4.3000000e+01   4.8254802e+00
   3.0962236e+01   4.3000000e+01   4.8254802e+00
   3.0972236e+01   4.3000000e+01   4.8254802e+00
   3.0982236e+01   4.3000000e+01   4.8254802e+00
   3.0992236e+01   4.3000000e+01   4.8254802e+00
   3.1002236e+01   4.3000000e+01   4.8254802e+00
   3.1012236e+01   4.3000000e+01   4.8254802e+00
   3.1022236e+01   4.3000000e+01   4.8254802e+00
   3.1032236e+01   4.3000000e+01   4.8254802e+00
   3.1042236e+01   4.3000000e+01   4.8254802e+00
   3.1052236e+01   4.3000000e+01   4.8254802e+00
   3.1062236e+01   4.3000000e+01   4.8254802e+00
   3.1072236e+01   4.3000000e+01   4.8254802e+00
   3.1082236e+01   4.3000000e+01   4.8254802e+00
   3.1092236e+01   4.3000000e+01   4.8254802e+00
   3.1102236e+01   4.3000000e+01   4.8254802e+00
   3.1112236e+01   4.3000000e+01   4.8254802e+00
   3.1122236e+01   4.3000000e+01   4.8254802e+00
   3.1132236e+01   4.3000000e+01   4.8254802e+00
   3.1142236e+01   4.3000000e+01   4.8254802e+00
   3.1152236e+01   4.3000000e+01   4.8254802e+00
   3.1162236e+01   4.3000000e+01   4.8254802e+00
   3.1172236e+01   4.3000000e+01   4.8254802e+00
   3.1182236e+01   4.3000000e+01   4.8254802e+00
   3.1192236e+01   4.3000000e+01   4.8254802e+00
   3.1202236e+01   4.3000000e+01   4.8254802e+00
   3.1212236e+01   4.3000000e+01   4.8254802e+00
   3.1222236e+01   4.3000000e+01   4.8254802e+00
   3.1232236e+01   4.3000000e+01   4.8254802e+00
   3.1242236e+01   4.3000000e+01   4.8254802e+00
   3.1252236e+01   4.3000000e+01   4.8254802e+00
   3.1262236e+01   4.3000000e+01   4.8254802e+00
   3.1272236e+01   4.3000000e+01   4.8254802e+00
   3.1282236e+01   4.3000000e+01   4.8254802e+00
   3.1292236e+01   4.3000000e+01   4.8254802e+00
   3.1302236e+01   4.3000000e+01   4.8254802e+00
   3.1312236e+01   4.3000000e+01   4.8254802e+00
   3.1322236e+01   4.3000000e+01   4.8254802e+00
   3.1332236e+01   4.3000000e+01   4.8254802e+00
   3.1342236e+01   4.3000000e+01   4.8254802e+00
   3.1352236e+01   4.3000000e+01   4.8254802e+00
   3.1362236e+01   4.3000000e+01   4.8254802e+00
   3.1372236e+01   4.3000000e+01   4.8254802e+00
   3.1382236e+01   4.3000000e+01   4.8254802e+00
   3.1392236e+01   4.3000000e+01   4.8254802e+00
   3.1402236e+01   4.3000000e+01   4.8254802e+00
   3.1412236e+01   4.3000000e+01   4.8254802e+00
   3.1422236e+01   4.3000000e+01   4.8254802e+00
   3.1432236e+01   4.3000000e+01   4.8254802e+00
   3.1442236e+01   4.3000000e+01   4.8254802e+00
   3.1452236e+01   4.3000000e+01   4.8254802e+00
   3.1462236e+01   4.3000000e+01   4.8254802e+00
   3.1472236e+01   4.3000000e+01   4.8254802e+00
   3.1482236e+01   4.3000000e+01   4.8254802e+00
   3.1492236e+01   4.3000000e+01   4.8254802e+00
   3.1502236e+01   4.3000000e+01   4.8254802e+00
   3.1512236e+01   4.3000000e+01   4.8254802e+00
   3.1522236e+01   4.3000000e+01   4.8254802e+00
   3.1532236e+01   4.3000000e+01   4.8254802e+00
   3.1542236e+01   4.3000000e+01   4.8254802e+00
   3.1552236e+01   4.3000000e+01   4.8254802e+00
   3.1562236e+01   4.3000000e+01   4.8254802e+00
   3.1572236e+01   4.3000000e+01   4.8254802e+00
   3.1582236e+01   4.3000000e+01   4.8254802e+00
   3.1592236e+01   4.3000000e+01   4.8254802e+00
   3.1602236e+01   4.3000000e+01   4.8254802e+00
   3.1612236e+01   4.3000000e+01   4.8254802e+00
   3.1622236e+01   4.3000000e+01   4.8254802e+00
   3.1632236e+01   4.3000000e+01   4.8254802e+00
   3.1642236e+01   4.3000000e+01   4.8254802e+00
   3.1652236e+01   4.3000000e+01   4.8254802e+00
   3.1662236e+01   4.3000000e+01   4.8254802e+00
   3.1672236e+01   4.3000000e+01   4.8254802e+00
   3.1682236e+01   4.3000000e+01   4.8254802e+00
   3.1692236e+01   4.3000000e+01   4.8254802e+00
   3.1702236e+01   4.3000000e+01   4.8254802e+00
   3.1712236e+01   4.3000000e+01   4.8254802e+00
   3.1722236e+01   4.3000000e+01   4.8254802e+00
   3.1732236e+01   4.3000000e+01   4.8254802e+00
   3.1742236e+01   4.3000000e+01   4.8254802e+00
   3.1752236e+01   4.3000000e+01   4.8254802e+00
   3.1762236e+01   4.3000000e+01   4.8254802e+00
   3.1772236e+01   4.3000000e+01   4.8254802e+00
   3.1782236e+01   4.3000000e+01   4.8254802e+00
   3.1792236e+01   4.3000000e+01   4.8254802e+00
   3.1802236e+01   4.3000000e+01   4.8254802e+00
   3.1812236e+01   4.3000000e+01   4.8254802e+00
   3.1822236e+01   4.3000000e+01   4.8254802e+00
   3.1832236e+01   4.3000000e+01   4.8254802e+00
   3.1842236e+01   4.3000000e+01   4.8254802e+00
   3.1852236e+01   4.3000000e+01   4.8254802e+00
   3.1862236e+01   4.3000000e+01   4.8254802e+00
   3.1872236e+01   4.3000000e+01   4.8254802e+00
   3.1882236e+01   4.3000000e+01   4.8254802e+00
   3.1892236e+01   4.3000000e+01   4.8254802e+00
   3.1902236e+01   4.3000000e+01   4.8254802e+00
   3.1912236e+01   4.3000000e+01   4.8254802e+00
   3.1922236e+01   4.3000000e+01   4.8254802e+00
   3.1932236e+01   4.3000000e+01   4.8254802e+00
   3.1942236e+01   4.3000000e+01   4.8254802e+00
   3.1952236e+01   4.3000000e+01   4.8254802e+00
   3.1962236e+01   4.3000000e+01   4.8254802e+00
   3.1972236e+01   4.3000000e+01   4.8254802e+00
   3.1982236e+01   4.3000000e+01   4.8254802e+00
   3.1992236e+01   4.3000000e+01   4.8254802e+00
   3.2002236e+01   4.3000000e+01   4.8254802e+00
   3.2012236e+01   4.3000000e+01   4.8254802e+00
   3.2022236e+01   4.3000000e+01   4.8254802e+00
   3.2032236e+01   4.3000000e+01   4.8254802e+00
   3.2042236e+01   4.3000000e+01   4.8254802e+00
   3.2052236e+01   4.3000000e+01   4.8254802e+00
   3.2062236e+01   4.3000000e+01   4.8254802e+00
   3.2072236e+01   4.3000000e+01   4.8254802e+00
   3.2082236e+01   4.3000000e+01   4.8254802e+00
   3.2092236e+01   4.3000000e+01   4.8254802e+00
   3.2102236e+01   4.3000000e+01   4.8254802e+00
   3.2112236e+01   4.3000000e+01   4.8254802e+00
   3.2122236e+01   4.3000000e+01   4.8254802e+00
   3.2124712e+01   4.3000000e+01   4.8254802e+00
   3.2124712e+01   4.4000000e+01   4.7918606e+00
   3.2124712e+01   4.4000000e+01   4.7918606e+00
   3.2134712e+01   4.4000000e+01   4.7918606e+00
   3.2144712e+01   4.4000000e+01   4.7918606e+00
   3.2154712e+01   4.4000000e+01   4.7918606e+00
   3.2164712e+01   4.4000000e+01   4.7918606e+00
   3.2174712e+01   4.4000000e+01   4.7918606e+00
   3.2184712e+01   4.4000000e+01   4.7918606e+00
   3.2194712e+01   4.4000000e+01   4.7918606e+00
   3.2204712e+01   4.4000000e+01   4.7918606e+00
   3.2214712e+01   4.4000000e+01   4.7918606e+00
   3.2224712e+01   4.4000000e+01   4.7918606e+00
   3.2234712e+01   4.4000000e+01   4.7918606e+00
   3.2244712e+01   4.4000000e+01   4.7918606e+00
   3.2254712e+01   4.4000000e+01   4.7918606e+00
   3.2264712e+01   4.4000000e+01   4.7918606e+00
   3.2274712e+01   4.4000000e+01   4.7918606e+00
   3.2284712e+01   4.4000000e+01   4.7918606e+00
   3.2294712e+01   4.4000000e+01   4.7918606e+00
   3.2304712e+01   4.4000000e+01   4.7918606e+00
   3.2314712e+01   4.4000000e+01   4.7918606e+00
   3.2324712e+01   4.4000000e+01   4.7918606e+00
   3.2334712e+01   4.4000000e+01   4.7918606e+00
   3.2344712e+01   4.4000000e+01   4.7918606e+00
   3.2354712e+01   4.4000000e+01   4.7918606e+00
   3.2364712e+01   4.4000000e+01   4.7918606e+00
   3.2374712e+01   4.4000000e+01   4.7918606e+00
   3.2384712e+01   4.4000000e+01   4.7918606e+00
   3.2394712e+01   4.4000000e+01   4.7918606e+00
   3.2404712e+01   4.4000000e+01   4.7918606e+00
   3.2414712e+01   4.4000000e+01   4.7918606e+00
   3.2424712e+01   4.4000000e+01   4.7918606e+00
   3.2434712e+01   4.4000000e+01   4.7918606e+00
   3.2444712e+01   4.4000000e+01   4.7918606e+00
   3.2454712e+01   4.4000000e+01   4.7918606e+00
   3.2464712e+01   4.4000000e+01   4.7918606e+00
   3.2474712e+01   4.4000000e+01   4.7918606e+00
   3.2484712e+01   4.4000000e+01   4.7918606e+00
   3.2494712e+01   4.4000000e+01   4.7918606e+00
   3.2504712e+01   4.4000000e+01   4.7918606e+00
   3.2514712e+01   4.4000000e+01   4.7918606e+00
   3.2524712e+01   4.4000000e+01   4.7918606e+00
   3.2534712e+01   4.4000000e+01   4.7918606e+00
   3.2544712e+01   4.4000000e+01   4.7918606e+00
   3.2554712e+01   4.4000000e+01   4.7918606e+00
   3.2564712e+01   4.4000000e+01   4.7918606e+00
   3.2574712e+01   4.4000000e+01   4.7918606e+00
   3.2584712e+01   4.4000000e+01   4.7918606e+00
   3.2594712e+01   4.4000000e+01   4.7918606e+00
   3.2604712e+01   4.4000000e+01   4.7918606e+00
   3.2614712e+01   4.4000000e+01   4.7918606e+00
   3.2624712e+01   4.4000000e+01   4.7918606e+00
   3.2634712e+01   4.4000000e+01   4.7918606e+00
   3.2644712e+01   4.4000000e+01   4.7918606e+00
   3.2654712e+01   4.4000000e+01   4.7918606e+00
   3.2664712e+01   4.4000000e+01   4.7918606e+00
   3.2674712e+01   4.4000000e+01   4.7918606e+00
   3.2684712e+01   4.4000000e+01   4.7918606e+00
   3.2694712e+01   4.4000000e+01   4.7918606e+00
   3.2704712e+01   4.4000000e+01   4.7918606e+00
   3.2714712e+01   4.4000000e+01   4.7918606e+00
   3.2724712e+01   4.4000000e+01   4.7918606e+00
   3.2734712e+01   4.4000000e+01   4.7918606e+00
   3.2744712e+01   4.4000000e+01   4.7918606e+00
   3.2754712e+01   4.4000000e+01   4.7918606e+00
   3.2764712e+01   4.4000000e+01   4.7918606e+00
   3.2774712e+01   4.4000000e+01   4.7918606e+00
   3.2784712e+01   4.4000000e+01   4.7918606e+00
   3.2794712e+01   4.4000000e+01   4.7918606e+00
   3.2804712e+01   4.4000000e+01   4.7918606e+00
   3.2814712e+01   4.4000000e+01   4.7918606e+00
   3.2824712e+01   4.4000000e+01   4.7918606e+00
   3.2834712e+01   4.4000000e+01   4.7918606e+00
   3.2844712e+01   4.4000000e+01   4.7918606e+00
   3.2854712e+01   4.4000000e+01   4.7918606e+00
   3.2864712e+01   4.4000000e+01   4.7918606e+00
   3.2874712e+01   4.4000000e+01   4.7918606e+00
   3.2884712e+01   4.4000000e+01   4.7918606e+00
   3.2894712e+01   4.4000000e+01   4.7918606e+00
   3.2904712e+01   4.4000000e+01   4.7918606e+00
   3.2914712e+01   4.4000000e+01   4.7918606e+00
   3.2924712e+01   4.4000000e+01   4.7918606e+00
   3.2934712e+01   4.4000000e+01   4.7918606e+00
   3.2944712e+01   4.4000000e+01   4.7918606e+00
   3.2954712e+01   4.4000000e+01   4.7918606e+00
   3.2964712e+01   4.4000000e+01   4.7918606e+00
   3.2974712e+01   4.4000000e+01   4.7918606e+00
   3.2984712e+01   4.4000000e+01   4.7918606e+00
   3.2994712e+01   4.4000000e+01   4.7918606e+00
   3.3004712e+01   4.4000000e+01   4.7918606e+00
   3.3014712e+01   4.4000000e+01   4.7918606e+00
   3.3024712e+01   4.4000000e+01   4.7918606e+00
   3.3034712e+01   4.4000000e+01   4.7918606e+00
   3.3044712e+01   4.4000000e+01   4.7918606e+00
   3.3054712e+01   4.4000000e+01   4.7918606e+00
   3.3064712e+01   4.4000000e+01   4.7918606e+00
   3.3074712e+01   4.4000000e+01   4.7918606e+00
   3.3084712e+01   4.4000000e+01   4.7918606e+00
   3.3094712e+01   4.4000000e+01   4.7918606e+00
   3.3104712e+01   4.4000000e+01   4.7918606e+00
   3.3114712e+01   4.4000000e+01   4.7918606e+00
   3.3124712e+01   4.4000000e+01   4.7918606e+00
   3.3134712e+01   4.4000000e+01   4.7918606e+00
   3.3144712e+01   4.4000000e+01   4.7918606e+00
   3.3154712e+01   4.4000000e+01   4.7918606e+00
   3.3164712e+01   4.4000000e+01   4.7918606e+00
   3.3174712e+01   4.4000000e+01   4.7918606e+00
   3.3184712e+01   4.4000000e+01   4.7918606e+00
   3.3194712e+01   4.4000000e+01   4.7918606e+00
   3.3204712e+01   4.4000000e+01   4.7918606e+00
   3.3214712e+01   4.4000000e+01   4.7918606e+00
   3.3224712e+01   4.4000000e+01   4.7918606e+00
   3.3234712e+01   4.4000000e+01   4.7918606e+00
   3.3244712e+01   4.4000000e+01   4.7918606e+00
   3.3254712e+01   4.4000000e+01   4.7918606e+00
   3.3264712e+01   4.4000000e+01   4.7918606e+00
   3.3274712e+01   4.4000000e+01   4.7918606e+00
   3.3284712e+01   4.4000000e+01   4.7918606e+00
   3.3294712e+01   4.4000000e+01   4.7918606e+00
   3.3304712e+01   4.4000000e+01   4.7918606e+00
   3.3314712e+01   4.4000000e+01   4.7918606e+00
   3.3324712e+01   4.4000000e+01   4.7918606e+00
   3.3334712e+01   4.4000000e+01   4.7918606e+00
   3.3344712e+01   4.4000000e+01   4.7918606e+00
   3.3354712e+01   4.4000000e+01   4.7918606e+00
   3.3364712e+01   4.4000000e+01   4.7918606e+00
   3.3374712e+01   4.4000000e+01   4.7918606e+00
   3.3375125e+01   4.4000000e+01   4.7918606e+00
   3.3375125e+01   4.5000000e+01   4.7549106e+00
   3.3375125e+01   4.5000000e+01   4.7549106e+00
   3.3385125e+01   4.5000000e+01   4.7549106e+00
   3.3395125e+01   4.5000000e+01   4.7549106e+00
   3.3405125e+01   4.5000000e+01   4.7549106e+00
   3.3415125e+01   4.5000000e+01   4.7549106e+00
   3.3425125e+01   4.5000000e+01   4.7549106e+00
   3.3435125e+01   4.5000000e+01   4.7549106e+00
   3.3445125e+01   4.5000000e+01   4.7549106e+00
   3.3455125e+01   4.5000000e+01   4.7549106e+00
   3.3465125e+01   4.5000000e+01   4.7549106e+00
   3.3475125e+01   4.5000000e+01   4.7549106e+00
   3.3485125e+01   4.5000000e+01   4.7549106e+00
   3.3495125e+01   4.5000000e+01   4.7549106e+00
   3.3505125e+01   4.5000000e+01   4.7549106e+00
   3.3515125e+01   4.5000000e+01   4.7549106e+00
   3.3525125e+01   4.5000000e+01   4.7549106e+00
   3.3535125e+01   4.5000000e+01   4.7549106e+00
   3.3545125e+01   4.5000000e+01   4.7549106e+00
   3.3555125e+01   4.5000000e+01   4.7549106e+00
   3.3565125e+01   4.5000000e+01   4.7549106e+00
   3.3575125e+01   4.5000000e+01   4.7549106e+00
   3.3585125e+01   4.5000000e+01   4.7549106e+00
   3.3595125e+01   4.5000000e+01   4.7549106e+00
   3.3605125e+01   4.5000000e+01   4.7549106e+00
   3.3615125e+01   4.5000000e+01   4.7549106e+00
   3.3625125e+01   4.5000000e+01   4.7549106e+00
   3.3635125e+01   4.5000000e+01   4.7549106e+00
   3.3645125e+01   4.5000000e+01   4.7549106e+00
   3.3655125e+01   4.5000000e+01   4.7549106e+00
   3.3665125e+01   4.5000000e+01   4.7549106e+00
   3.3675125e+01   4.5000000e+01   4.7549106e+00
   3.3685125e+01   4.5000000e+01   4.7549106e+00
   3.3695125e+01   4.5000000e+01   4.7549106e+00
   3.3705125e+01   4.5000000e+01   4.7549106e+00
   3.3715125e+01   4.5000000e+01   4.7549106e+00
   3.3725125e+01   4.5000000e+01   4.7549106e+00
   3.3735125e+01   4.5000000e+01   4.7549106e+00
   3.3745125e+01   4.5000000e+01   4.7549106e+00
   3.3755125e+01   4.5000000e+01   4.7549106e+00
   3.3765125e+01   4.5000000e+01   4.7549106e+00
   3.3775125e+01   4.5000000e+01   4.7549106e+00
   3.3785125e+01   4.5000000e+01   4.7549106e+00
   3.3795125e+01   4.5000000e+01   4.7549106e+00
   3.3805125e+01   4.5000000e+01   4.7549106e+00
   3.3815125e+01   4.5000000e+01   4.7549106e+00
   3.3825125e+01   4.5000000e+01   4.7549106e+00
   3.3835125e+01   4.5000000e+01   4.7549106e+00
   3.3845125e+01   4.5000000e+01   4.7549106e+00
   3.3855125e+01   4.5000000e+01   4.7549106e+00
   3.3865125e+01   4.5000000e+01   4.7549106e+00
   3.3875125e+01   4.5000000e+01   4.7549106e+00
   3.3885125e+01   4.5000000e+01   4.7549106e+00
   3.3895125e+01   4.5000000e+01   4.7549106e+00
   3.3905125e+01   4.5000000e+01   4.7549106e+00
   3.3915125e+01   4.5000000e+01   4.7549106e+00
   3.3925125e+01   4.5000000e+01   4.7549106e+00
   3.3935125e+01   4.5000000e+01   4.7549106e+00
   3.3945125e+01   4.5000000e+01   4.7549106e+00
   3.3955125e+01   4.5000000e+01   4.7549106e+00
   3.3965125e+01   4.5000000e+01   4.7549106e+00
   3.3975125e+01   4.5000000e+01   4.7549106e+00
   3.3985125e+01   4.5000000e+01   4.7549106e+00
   3.3995125e+01   4.5000000e+01   4.7549106e+00
   3.4005125e+01   4.5000000e+01   4.7549106e+00
   3.4015125e+01   4.5000000e+01   4.7549106e+00
   3.4025125e+01   4.5000000e+01   4.7549106e+00
   3.4035125e+01   4.5000000e+01   4.7549106e+00
   3.4045125e+01   4.5000000e+01   4.7549106e+00
   3.4055125e+01   4.5000000e+01   4.7549106e+00
   3.4065125e+01   4.5000000e+01   4.7549106e+00
   3.4075125e+01   4.5000000e+01   4.7549106e+00
   3.4085125e+01   4.5000000e+01   4.7549106e+00
   3.4095125e+01   4.5000000e+01   4.7549106e+00
   3.4105125e+01   4.5000000e+01   4.7549106e+00
   3.4115125e+01   4.5000000e+01   4.7549106e+00
   3.4125125e+01   4.5000000e+01   4.7549106e+00
   3.4135125e+01   4.5000000e+01   4.7549106e+00
   3.4145125e+01   4.5000000e+01   4.7549106e+00
   3.4155125e+01   4.5000000e+01   4.7549106e+00
   3.4165125e+01   4.5000000e+01   4.7549106e+00
   3.4175125e+01   4.5000000e+01   4.7549106e+00
   3.4185125e+01   4.5000000e+01   4.7549106e+00
   3.4195125e+01   4.5000000e+01   4.7549106e+00
   3.4205125e+01   4.5000000e+01   4.7549106e+00
   3.4215125e+01   4.5000000e+01   4.7549106e+00
   3.4225125e+01   4.5000000e+01   4.7549106e+00
   3.4235125e+01   4.5000000e+01   4.7549106e+00
   3.4245125e+01   4.5000000e+01   4.7549106e+00
   3.4255125e+01   4.5000000e+01   4.7549106e+00
   3.4265125e+01   4.5000000e+01   4.7549106e+00
   3.4275125e+01   4.5000000e+01   4.7549106e+00
   3.4285125e+01   4.5000000e+01   4.7549106e+00
   3.4295125e+01   4.5000000e+01   4.7549106e+00
   3.4305125e+01   4.5000000e+01   4.7549106e+00
   3.4315125e+01   4.5000000e+01   4.7549106e+00
   3.4325125e+01   4.5000000e+01   4.7549106e+00
   3.4335125e+01   4.5000000e+01   4.7549106e+00
   3.4345125e+01   4.5000000e+01   4.7549106e+00
   3.4355125e+01   4.5000000e+01   4.7549106e+00
   3.4365125e+01   4.5000000e+01   4.7549106e+00
   3.4375125e+01   4.5000000e+01   4.7549106e+00
   3.4385125e+01   4.5000000e+01   4.7549106e+00
   3.4395125e+01   4.5000000e+01   4.7549106e+00
   3.4405125e+01   4.5000000e+01   4.7549106e+00
   3.4415125e+01   4.5000000e+01   4.7549106e+00
   3.4425125e+01   4.5000000e+01   4.7549106e+00
   3.4435125e+01   4.5000000e+01   4.7549106e+00
   3.4445125e+01   4.5000000e+01   4.7549106e+00
   3.4455125e+01   4.5000000e+01   4.7549106e+00
   3.4465125e+01   4.5000000e+01   4.7549106e+00
   3.4475125e+01   4.5000000e+01   4.7549106e+00
   3.4485125e+01   4.5000000e+01   4.7549106e+00
   3.4495125e+01   4.5000000e+01   4.7549106e+00
   3.4505125e+01   4.5000000e+01   4.7549106e+00
   3.4515125e+01   4.5000000e+01   4.7549106e+00
   3.4525125e+01   4.5000000e+01   4.7549106e+00
   3.4535125e+01   4.5000000e+01   4.7549106e+00
   3.4545125e+01   4.5000000e+01   4.7549106e+00
   3.4555125e+01   4.5000000e+01   4.7549106e+00
   3.4565125e+01   4.5000000e+01   4.7549106e+00
   3.4575125e+01   4.5000000e+01   4.7549106e+00
   3.4585125e+01   4.5000000e+01   4.7549106e+00
   3.4595125e+01   4.5000000e+01   4.7549106e+00
   3.4605125e+01   4.5000000e+01   4.7549106e+00
   3.4615125e+01   4.5000000e+01   4.7549106e+00
   3.4625125e+01   4.5000000e+01   4.7549106e+00
   3.4635125e+01   4.5000000e+01   4.7549106e+00
   3.4643180e+01   4.5000000e+01   4.7549106e+00
   3.4643180e+01   4.6000000e+01   4.7146623e+00
   3.4643180e+01   4.6000000e+01   4.7146623e+00
   3.4653180e+01   4.6000000e+01   4.7146623e+00
   3.4663180e+01   4.6000000e+01   4.7146623e+00
   3.4673180e+01   4.6000000e+01   4.7146623e+00
   3.4683180e+01   4.6000000e+01   4.7146623e+00
   3.4693180e+01   4.6000000e+01   4.7146623e+00
   3.4703180e+01   4.6000000e+01   4.7146623e+00
   3.4713180e+01   4.6000000e+01   4.7146623e+00
   3.4723180e+01   4.6000000e+01   4.7146623e+00
   3.4733180e+01   4.6000000e+01   4.7146623e+00
   3.4743180e+01   4.6000000e+01   4.7146623e+00
   3.4753180e+01   4.6000000e+01   4.7146623e+00
   3.4763180e+01   4.6000000e+01   4.7146623e+00
   3.4773180e+01   4.6000000e+01   4.7146623e+00
   3.4783180e+01   4.6000000e+01   4.7146623e+00
   3.4793180e+01   4.6000000e+01   4.7146623e+00
   3.4803180e+01   4.6000000e+01   4.7146623e+00
   3.4813180e+01   4.6000000e+01   4.7146623e+00
   3.4823180e+01   4.6000000e+01   4.7146623e+00
   3.4833180e+01   4.6000000e+01   4.7146623e+00
   3.4843180e+01   4.6000000e+01   4.7146623e+00
   3.4853180e+01   4.6000000e+01   4.7146623e+00
   3.4863180e+01   4.6000000e+01   4.7146623e+00
   3.4873180e+01   4.6000000e+01   4.7146623e+00
   3.4883180e+01   4.6000000e+01   4.7146623e+00
   3.4893180e+01   4.6000000e+01   4.7146623e+00
   3.4903180e+01   4.6000000e+01   4.7146623e+00
   3.4913180e+01   4.6000000e+01   4.7146623e+00
   3.4923180e+01   4.6000000e+01   4.7146623e+00
   3.4933180e+01   4.6000000e+01   4.7146623e+00
   3.4943180e+01   4.6000000e+01   4.7146623e+00
   3.4953180e+01   4.6000000e+01   4.7146623e+00
   3.4963180e+01   4.6000000e+01   4.7146623e+00
   3.4973180e+01   4.6000000e+01   4.7146623e+00
   3.4983180e+01   4.6000000e+01   4.7146623e+00
   3.4993180e+01   4.6000000e+01   4.7146623e+00
   3.5003180e+01   4.6000000e+01   4.7146623e+00
   3.5013180e+01   4.6000000e+01   4.7146623e+00
   3.5023180e+01   4.6000000e+01   4.7146623e+00
   3.5033180e+01   4.6000000e+01   4.7146623e+00
   3.5043180e+01   4.6000000e+01   4.7146623e+00
   3.5053180e+01   4.6000000e+01   4.7146623e+00
   3.5063180e+01   4.6000000e+01   4.7146623e+00
   3.5073180e+01   4.6000000e+01   4.7146623e+00
   3.5083180e+01   4.6000000e+01   4.7146623e+00
   3.5093180e+01   4.6000000e+01   4.7146623e+00
   3.5103180e+01   4.6000000e+01   4.7146623e+00
   3.5113180e+01   4.6000000e+01   4.7146623e+00
   3.5123180e+01   4.6000000e+01   4.7146623e+00
   3.5133180e+01   4.6000000e+01   4.7146623e+00
   3.5143180e+01   4.6000000e+01   4.7146623e+00
   3.5153180e+01   4.6000000e+01   4.7146623e+00
   3.5163180e+01   4.6000000e+01   4.7146623e+00
   3.5173180e+01   4.6000000e+01   4.7146623e+00
   3.5183180e+01   4.6000000e+01   4.7146623e+00
   3.5193180e+01   4.6000000e+01   4.7146623e+00
   3.5203180e+01   4.6000000e+01   4.7146623e+00
   3.5213180e+01   4.6000000e+01   4.7146623e+00
   3.5223180e+01   4.6000000e+01   4.7146623e+00
   3.5233180e+01   4.6000000e+01   4.7146623e+00
   3.5243180e+01   4.6000000e+01   4.7146623e+00
   3.5253180e+01   4.6000000e+01   4.7146623e+00
   3.5263180e+01   4.6000000e+01   4.7146623e+00
   3.5273180e+01   4.6000000e+01   4.7146623e+00
   3.5283180e+01   4.6000000e+01   4.7146623e+00
   3.5293180e+01   4.6000000e+01   4.7146623e+00
   3.5303180e+01   4.6000000e+01   4.7146623e+00
   3.5313180e+01   4.6000000e+01   4.7146623e+00
   3.5323180e+01   4.6000000e+01   4.7146623e+00
   3.5333180e+01   4.6000000e+01   4.7146623e+00
   3.5343180e+01   4.6000000e+01   4.7146623e+00
   3.5353180e+01   4.6000000e+01   4.7146623e+00
   3.5363180e+01   4.6000000e+01   4.7146623e+00
   3.5373180e+01   4.6000000e+01   4.7146623e+00
   3.5383180e+01   4.6000000e+01   4.7146623e+00
   3.5393180e+01   4.6000000e+01   4.7146623e+00
   3.5403180e+01   4.6000000e+01   4.7146623e+00
   3.5413180e+01   4.6000000e+01   4.7146623e+00
   3.5423180e+01   4.6000000e+01   4.7146623e+00
   3.5433180e+01   4.6000000e+01   4.7146623e+00
   3.5443180e+01   4.6000000e+01   4.7146623e+00
   3.5453180e+01   4.6000000e+01   4.7146623e+00
   3.5463180e+01   4.6000000e+01   4.7146623e+00
   3.5473180e+01   4.6000000e+01   4.7146623e+00
   3.5483180e+01   4.6000000e+01   4.7146623e+00
   3.5493180e+01   4.6000000e+01   4.7146623e+00
   3.5503180e+01   4.6000000e+01   4.7146623e+00
   3.5513180e+01   4.6000000e+01   4.7146623e+00
   3.5523180e+01   4.6000000e+01   4.7146623e+00
   3.5533180e+01   4.6000000e+01   4.7146623e+00
   3.5543180e+01   4.6000000e+01   4.7146623e+00
   3.5553180e+01   4.6000000e+01   4.7146623e+00
   3.5563180e+01   4.6000000e+01   4.7146623e+00
   3.5573180e+01   4.6000000e+01   4.7146623e+00
   3.5583180e+01   4.6000000e+01   4.7146623e+00
   3.5593180e+01   4.6000000e+01   4.7146623e+00
   3.5603180e+01   4.6000000e+01   4.7146623e+00
   3.5613180e+01   4.6000000e+01   4.7146623e+00
   3.5623180e+01   4.6000000e+01   4.7146623e+00
   3.5633180e+01   4.6000000e+01   4.7146623e+00
   3.5643180e+01   4.6000000e+01   4.7146623e+00
   3.5653180e+01   4.6000000e+01   4.7146623e+00
   3.5663180e+01   4.6000000e+01   4.7146623e+00
   3.5673180e+01   4.6000000e+01   4.7146623e+00
   3.5683180e+01   4.6000000e+01   4.7146623e+00
   3.5693180e+01   4.6000000e+01   4.7146623e+00
   3.5703180e+01   4.6000000e+01   4.7146623e+00
   3.5713180e+01   4.6000000e+01   4.7146623e+00
   3.5723180e+01   4.6000000e+01   4.7146623e+00
   3.5733180e+01   4.6000000e+01   4.7146623e+00
   3.5743180e+01   4.6000000e+01   4.7146623e+00
   3.5753180e+01   4.6000000e+01   4.7146623e+00
   3.5763180e+01   4.6000000e+01   4.7146623e+00
   3.5773180e+01   4.6000000e+01   4.7146623e+00
   3.5783180e+01   4.6000000e+01   4.7146623e+00
   3.5793180e+01   4.6000000e+01   4.7146623e+00
   3.5803180e+01   4.6000000e+01   4.7146623e+00
   3.5813180e+01   4.6000000e+01   4.7146623e+00
   3.5823180e+01   4.6000000e+01   4.7146623e+00
   3.5833180e+01   4.6000000e+01   4.7146623e+00
   3.5843180e+01   4.6000000e+01   4.7146623e+00
   3.5853180e+01   4.6000000e+01   4.7146623e+00
   3.5863180e+01   4.6000000e+01   4.7146623e+00
   3.5873180e+01   4.6000000e+01   4.7146623e+00
   3.5883180e+01   4.6000000e+01   4.7146623e+00
   3.5893180e+01   4.6000000e+01   4.7146623e+00
   3.5903180e+01   4.6000000e+01   4.7146623e+00
   3.5913180e+01   4.6000000e+01   4.7146623e+00
   3.5923180e+01   4.6000000e+01   4.7146623e+00
   3.5928581e+01   4.6000000e+01   4.7146623e+00
   3.5928581e+01   4.7000000e+01   4.6711450e+00
   3.5928581e+01   4.7000000e+01   4.6711450e+00
   3.5938581e+01   4.7000000e+01   4.6711450e+00
   3.5948581e+01   4.7000000e+01   4.6711450e+00
   3.5958581e+01   4.7000000e+01   4.6711450e+00
   3.5968581e+01   4.7000000e+01   4.6711450e+00
   3.5978581e+01   4.7000000e+01   4.6711450e+00
   3.5988581e+01   4.7000000e+01   4.6711450e+00
   3.5998581e+01   4.7000000e+01   4.6711450e+00
   3.6008581e+01   4.7000000e+01   4.6711450e+00
   3.6018581e+01   4.7000000e+01   4.6711450e+00
   3.6028581e+01   4.7000000e+01   4.6711450e+00
   3.6038581e+01   4.7000000e+01   4.6711450e+00
   3.6048581e+01   4.7000000e+01   4.6711450e+00
   3.6058581e+01   4.7000000e+01   4.6711450e+00
   3.6068581e+01   4.7000000e+01   4.6711450e+00
   3.6078581e+01   4.7000000e+01   4.6711450e+00
   3.6088581e+01   4.7000000e+01   4.6711450e+00
   3.6098581e+01   4.7000000e+01   4.6711450e+00
   3.6108581e+01   4.7000000e+01   4.6711450e+00
   3.6118581e+01   4.7000000e+01   4.6711450e+00
   3.6128581e+01   4.7000000e+01   4.6711450e+00
   3.6138581e+01   4.7000000e+01   4.6711450e+00
   3.6148581e+01   4.7000000e+01   4.6711450e+00
   3.6158581e+01   4.7000000e+01   4.6711450e+00
   3.6168581e+01   4.7000000e+01   4.6711450e+00
   3.6178581e+01   4.7000000e+01   4.6711450e+00
   3.6188581e+01   4.7000000e+01   4.6711450e+00
   3.6198581e+01   4.7000000e+01   4.6711450e+00
   3.6208581e+01   4.7000000e+01   4.6711450e+00
   3.6218581e+01   4.7000000e+01   4.6711450e+00
   3.6228581e+01   4.7000000e+01   4.6711450e+00
   3.6238581e+01   4.7000000e+01   4.6711450e+00
   3.6248581e+01   4.7000000e+01   4.6711450e+00
   3.6258581e+01   4.7000000e+01   4.6711450e+00
   3.6268581e+01   4.7000000e+01   4.6711450e+00
   3.6278581e+01   4.7000000e+01   4.6711450e+00
   3.6288581e+01   4.7000000e+01   4.6711450e+00
   3.6298581e+01   4.7000000e+01   4.6711450e+00
   3.6308581e+01   4.7000000e+01   4.6711450e+00
   3.6318581e+01   4.7000000e+01   4.6711450e+00
   3.6328581e+01   4.7000000e+01   4.6711450e+00
   3.6338581e+01   4.7000000e+01   4.6711450e+00
   3.6348581e+01   4.7000000e+01   4.6711450e+00
   3.6358581e+01   4.7000000e+01   4.6711450e+00
   3.6368581e+01   4.7000000e+01   4.6711450e+00
   3.6378581e+01   4.7000000e+01   4.6711450e+00
   3.6388581e+01   4.7000000e+01   4.6711450e+00
   3.6398581e+01   4.7000000e+01   4.6711450e+00
   3.6408581e+01   4.7000000e+01   4.6711450e+00
   3.6418581e+01   4.7000000e+01   4.6711450e+00
   3.6428581e+01   4.7000000e+01   4.6711450e+00
   3.6438581e+01   4.7000000e+01   4.6711450e+00
   3.6448581e+01   4.7000000e+01   4.6711450e+00
   3.6458581e+01   4.7000000e+01   4.6711450e+00
   3.6468581e+01   4.7000000e+01   4.6711450e+00
   3.6478581e+01   4.7000000e+01   4.6711450e+00
   3.6488581e+01   4.7000000e+01   4.6711450e+00
   3.6498581e+01   4.7000000e+01   4.6711450e+00
   3.6508581e+01   4.7000000e+01   4.6711450e+00
   3.6518581e+01   4.7000000e+01   4.6711450e+00
   3.6528581e+01   4.7000000e+01   4.6711450e+00
   3.6538581e+01   4.7000000e+01   4.6711450e+00
   3.6548581e+01   4.7000000e+01   4.6711450e+00
   3.6558581e+01   4.7000000e+01   4.6711450e+00
   3.6568581e+01   4.7000000e+01   4.6711450e+00
   3.6578581e+01   4.7000000e+01   4.6711450e+00
   3.6588581e+01   4.7000000e+01   4.6711450e+00
   3.6598581e+01   4.7000000e+01   4.6711450e+00
   3.6608581e+01   4.7000000e+01   4.6711450e+00
   3.6618581e+01   4.7000000e+01   4.6711450e+00
   3.6628581e+01   4.7000000e+01   4.6711450e+00
   3.6638581e+01   4.7000000e+01   4.6711450e+00
   3.6648581e+01   4.7000000e+01   4.6711450e+00
   3.6658581e+01   4.7000000e+01   4.6711450e+00
   3.6668581e+01   4.7000000e+01   4.6711450e+00
   3.6678581e+01   4.7000000e+01   4.6711450e+00
   3.6688581e+01   4.7000000e+01   4.6711450e+00
   3.6698581e+01   4.7000000e+01   4.6711450e+00
   3.6708581e+01   4.7000000e+01   4.6711450e+00
   3.6718581e+01   4.7000000e+01   4.6711450e+00
   3.6728581e+01   4.7000000e+01   4.6711450e+00
   3.6738581e+01   4.7000000e+01   4.6711450e+00
   3.6748581e+01   4.7000000e+01   4.6711450e+00
   3.6758581e+01   4.7000000e+01   4.6711450e+00
   3.6768581e+01   4.7000000e+01   4.6711450e+00
   3.6778581e+01   4.7000000e+01   4.6711450e+00
   3.6788581e+01   4.7000000e+01   4.6711450e+00
   3.6798581e+01   4.7000000e+01   4.6711450e+00
   3.6808581e+01   4.7000000e+01   4.6711450e+00
   3.6818581e+01   4.7000000e+01   4.6711450e+00
   3.6828581e+01   4.7000000e+01   4.6711450e+00
   3.6838581e+01   4.7000000e+01   4.6711450e+00
   3.6848581e+01   4.7000000e+01   4.6711450e+00
   3.6858581e+01   4.7000000e+01   4.6711450e+00
   3.6868581e+01   4.7000000e+01   4.6711450e+00
   3.6878581e+01   4.7000000e+01   4.6711450e+00
   3.6888581e+01   4.7000000e+01   4.6711450e+00
   3.6898581e+01   4.7000000e+01   4.6711450e+00
   3.6908581e+01   4.7000000e+01   4.6711450e+00
   3.6918581e+01   4.7000000e+01   4.6711450e+00
   3.6928581e+01   4.7000000e+01   4.6711450e+00
   3.6938581e+01   4.7000000e+01   4.6711450e+00
   3.6948581e+01   4.7000000e+01   4.6711450e+00
   3.6958581e+01   4.7000000e+01   4.6711450e+00
   3.6968581e+01   4.7000000e+01   4.6711450e+00
   3.6978581e+01   4.7000000e+01   4.6711450e+00
   3.6988581e+01   4.7000000e+01   4.6711450e+00
   3.6998581e+01   4.7000000e+01   4.6711450e+00
   3.7008581e+01   4.7000000e+01   4.6711450e+00
   3.7018581e+01   4.7000000e+01   4.6711450e+00
   3.7028581e+01   4.7000000e+01   4.6711450e+00
   3.7038581e+01   4.7000000e+01   4.6711450e+00
   3.7048581e+01   4.7000000e+01   4.6711450e+00
   3.7058581e+01   4.7000000e+01   4.6711450e+00
   3.7068581e+01   4.7000000e+01   4.6711450e+00
   3.7078581e+01   4.7000000e+01   4.6711450e+00
   3.7088581e+01   4.7000000e+01   4.6711450e+00
   3.7098581e+01   4.7000000e+01   4.6711450e+00
   3.7108581e+01   4.7000000e+01   4.6711450e+00
   3.7118581e+01   4.7000000e+01   4.6711450e+00
   3.7128581e+01   4.7000000e+01   4.6711450e+00
   3.7138581e+01   4.7000000e+01   4.6711450e+00
   3.7148581e+01   4.7000000e+01   4.6711450e+00
   3.7158581e+01   4.7000000e+01   4.6711450e+00
   3.7168581e+01   4.7000000e+01   4.6711450e+00
   3.7178581e+01   4.7000000e+01   4.6711450e+00
   3.7188581e+01   4.7000000e+01   4.6711450e+00
   3.7198581e+01   4.7000000e+01   4.6711450e+00
   3.7208581e+01   4.7000000e+01   4.6711450e+00
   3.7218581e+01   4.7000000e+01   4.6711450e+00
   3.7228581e+01   4.7000000e+01   4.6711450e+00
   3.7231029e+01   4.7000000e+01   4.6711450e+00
   3.7231029e+01   4.8000000e+01   4.6243859e+00
   3.7231029e+01   4.8000000e+01   4.6243859e+00
   3.7241029e+01   4.8000000e+01   4.6243859e+00
   3.7251029e+01   4.8000000e+01   4.6243859e+00
   3.7261029e+01   4.8000000e+01   4.6243859e+00
   3.7271029e+01   4.8000000e+01   4.6243859e+00
   3.7281029e+01   4.8000000e+01   4.6243859e+00
   3.7291029e+01   4.8000000e+01   4.6243859e+00
   3.7301029e+01   4.8000000e+01   4.6243859e+00
   3.7311029e+01   4.8000000e+01   4.6243859e+00
   3.7321029e+01   4.8000000e+01   4.6243859e+00
   3.7331029e+01   4.8000000e+01   4.6243859e+00
   3.7341029e+01   4.8000000e+01   4.6243859e+00
   3.7351029e+01   4.8000000e+01   4.6243859e+00
   3.7361029e+01   4.8000000e+01   4.6243859e+00
   3.7371029e+01   4.8000000e+01   4.6243859e+00
   3.7381029e+01   4.8000000e+01   4.6243859e+00
   3.7391029e+01   4.8000000e+01   4.6243859e+00
   3.7401029e+01   4.8000000e+01   4.6243859e+00
   3.7411029e+01   4.8000000e+01   4.6243859e+00
   3.7421029e+01   4.8000000e+01   4.6243859e+00
   3.7431029e+01   4.8000000e+01   4.6243859e+00
   3.7441029e+01   4.8000000e+01   4.6243859e+00
   3.7451029e+01   4.8000000e+01   4.6243859e+00
   3.7461029e+01   4.8000000e+01   4.6243859e+00
   3.7471029e+01   4.8000000e+01   4.6243859e+00
   3.7481029e+01   4.8000000e+01   4.6243859e+00
   3.7491029e+01   4.8000000e+01   4.6243859e+00
   3.7501029e+01   4.8000000e+01   4.6243859e+00
   3.7511029e+01   4.8000000e+01   4.6243859e+00
   3.7521029e+01   4.8000000e+01   4.6243859e+00
   3.7531029e+01   4.8000000e+01   4.6243859e+00
   3.7541029e+01   4.8000000e+01   4.6243859e+00
   3.7551029e+01   4.8000000e+01   4.6243859e+00
   3.7561029e+01   4.8000000e+01   4.6243859e+00
   3.7571029e+01   4.8000000e+01   4.6243859e+00
   3.7581029e+01   4.8000000e+01   4.6243859e+00
   3.7591029e+01   4.8000000e+01   4.6243859e+00
   3.7601029e+01   4.8000000e+01   4.6243859e+00
   3.7611029e+01   4.8000000e+01   4.6243859e+00
   3.7621029e+01   4.8000000e+01   4.6243859e+00
   3.7631029e+01   4.8000000e+01   4.6243859e+00
   3.7641029e+01   4.8000000e+01   4.6243859e+00
   3.7651029e+01   4.8000000e+01   4.6243859e+00
   3.7661029e+01   4.8000000e+01   4.6243859e+00
   3.7671029e+01   4.8000000e+01   4.6243859e+00
   3.7681029e+01   4.8000000e+01   4.6243859e+00
   3.7691029e+01   4.8000000e+01   4.6243859e+00
   3.7701029e+01   4.8000000e+01   4.6243859e+00
   3.7711029e+01   4.8000000e+01   4.6243859e+00
   3.7721029e+01   4.8000000e+01   4.6243859e+00
   3.7731029e+01   4.8000000e+01   4.6243859e+00
   3.7741029e+01   4.8000000e+01   4.6243859e+00
   3.7751029e+01   4.8000000e+01   4.6243859e+00
   3.7761029e+01   4.8000000e+01   4.6243859e+00
   3.7771029e+01   4.8000000e+01   4.6243859e+00
   3.7781029e+01   4.8000000e+01   4.6243859e+00
   3.7791029e+01   4.8000000e+01   4.6243859e+00
   3.7801029e+01   4.8000000e+01   4.6243859e+00
   3.7811029e+01   4.8000000e+01   4.6243859e+00
   3.7821029e+01   4.8000000e+01   4.6243859e+00
   3.7831029e+01   4.8000000e+01   4.6243859e+00
   3.7841029e+01   4.8000000e+01   4.6243859e+00
   3.7851029e+01   4.8000000e+01   4.6243859e+00
   3.7861029e+01   4.8000000e+01   4.6243859e+00
   3.7871029e+01   4.8000000e+01   4.6243859e+00
   3.7881029e+01   4.8000000e+01   4.6243859e+00
   3.7891029e+01   4.8000000e+01   4.6243859e+00
   3.7901029e+01   4.8000000e+01   4.6243859e+00
   3.7911029e+01   4.8000000e+01   4.6243859e+00
   3.7921029e+01   4.8000000e+01   4.6243859e+00
   3.7931029e+01   4.8000000e+01   4.6243859e+00
   3.7941029e+01   4.8000000e+01   4.6243859e+00
   3.7951029e+01   4.8000000e+01   4.6243859e+00
   3.7961029e+01   4.8000000e+01   4.6243859e+00
   3.7971029e+01   4.8000000e+01   4.6243859e+00
   3.7981029e+01   4.8000000e+01   4.6243859e+00
   3.7991029e+01   4.8000000e+01   4.6243859e+00
   3.8001029e+01   4.8000000e+01   4.6243859e+00
   3.8011029e+01   4.8000000e+01   4.6243859e+00
   3.8021029e+01   4.8000000e+01   4.6243859e+00
   3.8031029e+01   4.8000000e+01   4.6243859e+00
   3.8041029e+01   4.8000000e+01   4.6243859e+00
   3.8051029e+01   4.8000000e+01   4.6243859e+00
   3.8061029e+01   4.8000000e+01   4.6243859e+00
   3.8071029e+01   4.8000000e+01   4.6243859e+00
   3.8081029e+01   4.8000000e+01   4.6243859e+00
   3.8091029e+01   4.8000000e+01   4.6243859e+00
   3.8101029e+01   4.8000000e+01   4.6243859e+00
   3.8111029e+01   4.8000000e+01   4.6243859e+00
   3.8121029e+01   4.8000000e+01   4.6243859e+00
   3.8131029e+01   4.8000000e+01   4.6243859e+00
   3.8141029e+01   4.8000000e+01   4.6243859e+00
   3.8151029e+01   4.8000000e+01   4.6243859e+00
   3.8161029e+01   4.8000000e+01   4.6243859e+00
   3.8171029e+01   4.8000000e+01   4.6243859e+00
   3.8181029e+01   4.8000000e+01   4.6243859e+00
   3.8191029e+01   4.8000000e+01   4.6243859e+00
   3.8201029e+01   4.8000000e+01   4.6243859e+00
   3.8211029e+01   4.8000000e+01   4.6243859e+00
   3.8221029e+01   4.8000000e+01   4.6243859e+00
   3.8231029e+01   4.8000000e+01   4.6243859e+00
   3.8241029e+01   4.8000000e+01   4.6243859e+00
   3.8251029e+01   4.8000000e+01   4.6243859e+00
   3.8261029e+01   4.8000000e+01   4.6243859e+00
   3.8271029e+01   4.8000000e+01   4.6243859e+00
   3.8281029e+01   4.8000000e+01   4.6243859e+00
   3.8291029e+01   4.8000000e+01   4.6243859e+00
   3.8301029e+01   4.8000000e+01   4.6243859e+00
   3.8311029e+01   4.8000000e+01   4.6243859e+00
   3.8321029e+01   4.8000000e+01   4.6243859e+00
   3.8331029e+01   4.8000000e+01   4.6243859e+00
   3.8341029e+01   4.8000000e+01   4.6243859e+00
   3.8351029e+01   4.8000000e+01   4.6243859e+00
   3.8361029e+01   4.8000000e+01   4.6243859e+00
   3.8371029e+01   4.8000000e+01   4.6243859e+00
   3.8381029e+01   4.8000000e+01   4.6243859e+00
   3.8391029e+01   4.8000000e+01   4.6243859e+00
   3.8401029e+01   4.8000000e+01   4.6243859e+00
   3.8411029e+01   4.8000000e+01   4.6243859e+00
   3.8421029e+01   4.8000000e+01   4.6243859e+00
   3.8431029e+01   4.8000000e+01   4.6243859e+00
   3.8441029e+01   4.8000000e+01   4.6243859e+00
   3.8451029e+01   4.8000000e+01   4.6243859e+00
   3.8461029e+01   4.8000000e+01   4.6243859e+00
   3.8471029e+01   4.8000000e+01   4.6243859e+00
   3.8481029e+01   4.8000000e+01   4.6243859e+00
   3.8491029e+01   4.8000000e+01   4.6243859e+00
   3.8501029e+01   4.8000000e+01   4.6243859e+00
   3.8511029e+01   4.8000000e+01   4.6243859e+00
   3.8521029e+01   4.8000000e+01   4.6243859e+00
   3.8531029e+01   4.8000000e+01   4.6243859e+00
   3.8541029e+01   4.8000000e+01   4.6243859e+00
   3.8550225e+01   4.8000000e+01   4.6243859e+00
   3.8550225e+01   4.9000000e+01   4.5744101e+00
   3.8550225e+01   4.9000000e+01   4.5744101e+00
   3.8560225e+01   4.9000000e+01   4.5744101e+00
   3.8570225e+01   4.9000000e+01   4.5744101e+00
   3.8580225e+01   4.9000000e+01   4.5744101e+00
   3.8590225e+01   4.9000000e+01   4.5744101e+00
   3.8600225e+01   4.9000000e+01   4.5744101e+00
   3.8610225e+01   4.9000000e+01   4.5744101e+00
   3.8620225e+01   4.9000000e+01   4.5744101e+00
   3.8630225e+01   4.9000000e+01   4.5744101e+00
   3.8640225e+01   4.9000000e+01   4.5744101e+00
   3.8650225e+01   4.9000000e+01   4.5744101e+00
   3.8660225e+01   4.9000000e+01   4.5744101e+00
   3.8670225e+01   4.9000000e+01   4.5744101e+00
   3.8680225e+01   4.9000000e+01   4.5744101e+00
   3.8690225e+01   4.9000000e+01   4.5744101e+00
   3.8700225e+01   4.9000000e+01   4.5744101e+00
   3.8710225e+01   4.9000000e+01   4.5744101e+00
   3.8720225e+01   4.9000000e+01   4.5744101e+00
   3.8730225e+01   4.9000000e+01   4.5744101e+00
   3.8740225e+01   4.9000000e+01   4.5744101e+00
   3.8750225e+01   4.9000000e+01   4.5744101e+00
   3.8760225e+01   4.9000000e+01   4.5744101e+00
   3.8770225e+01   4.9000000e+01   4.5744101e+00
   3.8780225e+01   4.9000000e+01   4.5744101e+00
   3.8790225e+01   4.9000000e+01   4.5744101e+00
   3.8800225e+01   4.9000000e+01   4.5744101e+00
   3.8810225e+01   4.9000000e+01   4.5744101e+00
   3.8820225e+01   4.9000000e+01   4.5744101e+00
   3.8830225e+01   4.9000000e+01   4.5744101e+00
   3.8840225e+01   4.9000000e+01   4.5744101e+00
   3.8850225e+01   4.9000000e+01   4.5744101e+00
   3.8860225e+01   4.9000000e+01   4.5744101e+00
   3.8870225e+01   4.9000000e+01   4.5744101e+00
   3.8880225e+01   4.9000000e+01   4.5744101e+00
   3.8890225e+01   4.9000000e+01   4.5744101e+00
   3.8900225e+01   4.9000000e+01   4.5744101e+00
   3.8910225e+01   4.9000000e+01   4.5744101e+00
   3.8920225e+01   4.9000000e+01   4.5744101e+00
   3.8930225e+01   4.9000000e+01   4.5744101e+00
   3.8940225e+01   4.9000000e+01   4.5744101e+00
   3.8950225e+01   4.9000000e+01   4.5744101e+00
   3.8960225e+01   4.9000000e+01   4.5744101e+00
   3.8970225e+01   4.9000000e+01   4.5744101e+00
   3.8980225e+01   4.9000000e+01   4.5744101e+00
   3.8990225e+01   4.9000000e+01   4.5744101e+00
   3.9000225e+01   4.9000000e+01   4.5744101e+00
   3.9010225e+01   4.9000000e+01   4.5744101e+00
   3.9020225e+01   4.9000000e+01   4.5744101e+00
   3.9030225e+01   4.9000000e+01   4.5744101e+00
   3.9040225e+01   4.9000000e+01   4.5744101e+00
   3.9050225e+01   4.9000000e+01   4.5744101e+00
   3.9060225e+01   4.9000000e+01   4.5744101e+00
   3.9070225e+01   4.9000000e+01   4.5744101e+00
   3.9080225e+01   4.9000000e+01   4.5744101e+00
   3.9090225e+01   4.9000000e+01   4.5744101e+00
   3.9100225e+01   4.9000000e+01   4.5744101e+00
   3.9110225e+01   4.9000000e+01   4.5744101e+00
   3.9120225e+01   4.9000000e+01   4.5744101e+00
   3.9130225e+01   4.9000000e+01   4.5744101e+00
   3.9140225e+01   4.9000000e+01   4.5744101e+00
   3.9150225e+01   4.9000000e+01   4.5744101e+00
   3.9160225e+01   4.9000000e+01   4.5744101e+00
   3.9170225e+01   4.9000000e+01   4.5744101e+00
   3.9180225e+01   4.9000000e+01   4.5744101e+00
   3.9190225e+01   4.9000000e+01   4.5744101e+00
   3.9200225e+01   4.9000000e+01   4.5744101e+00
   3.9210225e+01   4.9000000e+01   4.5744101e+00
   3.9220225e+01   4.9000000e+01   4.5744101e+00
   3.9230225e+01   4.9000000e+01   4.5744101e+00
   3.9240225e+01   4.9000000e+01   4.5744101e+00
   3.9250225e+01   4.9000000e+01   4.5744101e+00
   3.9260225e+01   4.9000000e+01   4.5744101e+00
   3.9270225e+01   4.9000000e+01   4.5744101e+00
   3.9280225e+01   4.9000000e+01   4.5744101e+00
   3.9290225e+01   4.9000000e+01   4.5744101e+00
   3.9300225e+01   4.9000000e+01   4.5744101e+00
   3.9310225e+01   4.9000000e+01   4.5744101e+00
   3.9320225e+01   4.9000000e+01   4.5744101e+00
   3.9330225e+01   4.9000000e+01   4.5744101e+00
   3.9340225e+01   4.9000000e+01   4.5744101e+00
   3.9350225e+01   4.9000000e+01   4.5744101e+00
   3.9360225e+01   4.9000000e+01   4.5744101e+00
   3.9370225e+01   4.9000000e+01   4.5744101e+00
   3.9380225e+01   4.9000000e+01   4.5744101e+00
   3.9390225e+01   4.9000000e+01   4.5744101e+00
   3.9400225e+01   4.9000000e+01   4.5744101e+00
   3.9410225e+01   4.9000000e+01   4.5744101e+00
   3.9420225e+01   4.9000000e+01   4.5744101e+00
   3.9430225e+01   4.9000000e+01   4.5744101e+00
   3.9440225e+01   4.9000000e+01   4.5744101e+00
   3.9450225e+01   4.9000000e+01   4.5744101e+00
   3.9460225e+01   4.9000000e+01   4.5744101e+00
   3.9470225e+01   4.9000000e+01   4.5744101e+00
   3.9480225e+01   4.9000000e+01   4.5744101e+00
   3.9490225e+01   4.9000000e+01   4.5744101e+00
   3.9500225e+01   4.9000000e+01   4.5744101e+00
   3.9510225e+01   4.9000000e+01   4.5744101e+00
   3.9520225e+01   4.9000000e+01   4.5744101e+00
   3.9530225e+01   4.9000000e+01   4.5744101e+00
   3.9540225e+01   4.9000000e+01   4.5744101e+00
   3.9550225e+01   4.9000000e+01   4.5744101e+00
   3.9560225e+01   4.9000000e+01   4.5744101e+00
   3.9570225e+01   4.9000000e+01   4.5744101e+00
   3.9580225e+01   4.9000000e+01   4.5744101e+00
   3.9590225e+01   4.9000000e+01   4.5744101e+00
   3.9600225e+01   4.9000000e+01   4.5744101e+00
   3.9610225e+01   4.9000000e+01   4.5744101e+00
   3.9620225e+01   4.9000000e+01   4.5744101e+00
   3.9630225e+01   4.9000000e+01   4.5744101e+00
   3.9640225e+01   4.9000000e+01   4.5744101e+00
   3.9650225e+01   4.9000000e+01   4.5744101e+00
   3.9660225e+01   4.9000000e+01   4.5744101e+00
   3.9670225e+01   4.9000000e+01   4.5744101e+00
   3.9680225e+01   4.9000000e+01   4.5744101e+00
   3.9690225e+01   4.9000000e+01   4.5744101e+00
   3.9700225e+01   4.9000000e+01   4.5744101e+00
   3.9710225e+01   4.9000000e+01   4.5744101e+00
   3.9720225e+01   4.9000000e+01   4.5744101e+00
   3.9730225e+01   4.9000000e+01   4.5744101e+00
   3.9740225e+01   4.9000000e+01   4.5744101e+00
   3.9750225e+01   4.9000000e+01   4.5744101e+00
   3.9760225e+01   4.9000000e+01   4.5744101e+00
   3.9770225e+01   4.9000000e+01   4.5744101e+00
   3.9780225e+01   4.9000000e+01   4.5744101e+00
   3.9790225e+01   4.9000000e+01   4.5744101e+00
   3.9800225e+01   4.9000000e+01   4.5744101e+00
   3.9810225e+01   4.9000000e+01   4.5744101e+00
   3.9820225e+01   4.9000000e+01   4.5744101e+00
   3.9830225e+01   4.9000000e+01   4.5744101e+00
   3.9840225e+01   4.9000000e+01   4.5744101e+00
   3.9850225e+01   4.9000000e+01   4.5744101e+00
   3.9860225e+01   4.9000000e+01   4.5744101e+00
   3.9870225e+01   4.9000000e+01   4.5744101e+00
   3.9880225e+01   4.9000000e+01   4.5744101e+00
   3.9885865e+01   4.9000000e+01   4.5744101e+00
   3.9885865e+01   5.0000000e+01   4.5212403e+00
   3.9885865e+01   5.0000000e+01   4.5212403e+00
   3.9895865e+01   5.0000000e+01   4.5212403e+00
   3.9905865e+01   5.0000000e+01   4.5212403e+00
   3.9915865e+01   5.0000000e+01   4.5212403e+00
   3.9925865e+01   5.0000000e+01   4.5212403e+00
   3.9935865e+01   5.0000000e+01   4.5212403e+00
   3.9945865e+01   5.0000000e+01   4.5212403e+00
   3.9955865e+01   5.0000000e+01   4.5212403e+00
   3.9965865e+01   5.0000000e+01   4.5212403e+00
   3.9975865e+01   5.0000000e+01   4.5212403e+00
   3.9985865e+01   5.0000000e+01   4.5212403e+00
   3.9995865e+01   5.0000000e+01   4.5212403e+00
   4.0005865e+01   5.0000000e+01   4.5212403e+00
   4.0015865e+01   5.0000000e+01   4.5212403e+00
   4.0025865e+01   5.0000000e+01   4.5212403e+00
   4.0035865e+01   5.0000000e+01   4.5212403e+00
   4.0045865e+01   5.0000000e+01   4.5212403e+00
   4.0055865e+01   5.0000000e+01   4.5212403e+00
   4.0065865e+01   5.0000000e+01   4.5212403e+00
   4.0075865e+01   5.0000000e+01   4.5212403e+00
   4.0085865e+01   5.0000000e+01   4.5212403e+00
   4.0095865e+01   5.0000000e+01   4.5212403e+00
   4.0105865e+01   5.0000000e+01   4.5212403e+00
   4.0115865e+01   5.0000000e+01   4.5212403e+00
   4.0125865e+01   5.0000000e+01   4.5212403e+00
   4.0135865e+01   5.0000000e+01   4.5212403e+00
   4.0145865e+01   5.0000000e+01   4.5212403e+00
   4.0155865e+01   5.0000000e+01   4.5212403e+00
   4.0165865e+01   5.0000000e+01   4.5212403e+00
   4.0175865e+01   5.0000000e+01   4.5212403e+00
   4.0185865e+01   5.0000000e+01   4.5212403e+00
   4.0195865e+01   5.0000000e+01   4.5212403e+00
   4.0205865e+01   5.0000000e+01   4.5212403e+00
   4.0215865e+01   5.0000000e+01   4.5212403e+00
   4.0225865e+01   5.0000000e+01   4.5212403e+00
   4.0235865e+01   5.0000000e+01   4.5212403e+00
   4.0245865e+01   5.0000000e+01   4.5212403e+00
   4.0255865e+01   5.0000000e+01   4.5212403e+00
   4.0265865e+01   5.0000000e+01   4.5212403e+00
   4.0275865e+01   5.0000000e+01   4.5212403e+00
   4.0285865e+01   5.0000000e+01   4.5212403e+00
   4.0295865e+01   5.0000000e+01   4.5212403e+00
   4.0305865e+01   5.0000000e+01   4.5212403e+00
   4.0315865e+01   5.0000000e+01   4.5212403e+00
   4.0325865e+01   5.0000000e+01   4.5212403e+00
   4.0335865e+01   5.0000000e+01   4.5212403e+00
   4.0345865e+01   5.0000000e+01   4.5212403e+00
   4.0355865e+01   5.0000000e+01   4.5212403e+00
   4.0365865e+01   5.0000000e+01   4.5212403e+00
   4.0375865e+01   5.0000000e+01   4.5212403e+00
   4.0385865e+01   5.0000000e+01   4.5212403e+00
   4.0395865e+01   5.0000000e+01   4.5212403e+00
   4.0405865e+01   5.0000000e+01   4.5212403e+00
   4.0415865e+01   5.0000000e+01   4.5212403e+00
   4.0425865e+01   5.0000000e+01   4.5212403e+00
   4.0435865e+01   5.0000000e+01   4.5212403e+00
   4.0445865e+01   5.0000000e+01   4.5212403e+00
   4.0455865e+01   5.0000000e+01   4.5212403e+00
   4.0465865e+01   5.0000000e+01   4.5212403e+00
   4.0475865e+01   5.0000000e+01   4.5212403e+00
   4.0485865e+01   5.0000000e+01   4.5212403e+00
   4.0495865e+01   5.0000000e+01   4.5212403e+00
   4.0505865e+01   5.0000000e+01   4.5212403e+00
   4.0515865e+01   5.0000000e+01   4.5212403e+00
   4.0525865e+01   5.0000000e+01   4.5212403e+00
   4.0535865e+01   5.0000000e+01   4.5212403e+00
   4.0545865e+01   5.0000000e+01   4.5212403e+00
   4.0555865e+01   5.0000000e+01   4.5212403e+00
   4.0565865e+01   5.0000000e+01   4.5212403e+00
   4.0575865e+01   5.0000000e+01   4.5212403e+00
   4.0585865e+01   5.0000000e+01   4.5212403e+00
   4.0595865e+01   5.0000000e+01   4.5212403e+00
   4.0605865e+01   5.0000000e+01   4.5212403e+00
   4.0615865e+01   5.0000000e+01   4.5212403e+00
   4.0625865e+01   5.0000000e+01   4.5212403e+00
   4.0635865e+01   5.0000000e+01   4.5212403e+00
   4.0645865e+01   5.0000000e+01   4.5212403e+00
   4.0655865e+01   5.0000000e+01   4.5212403e+00
   4.0665865e+01   5.0000000e+01   4.5212403e+00
   4.0675865e+01   5.0000000e+01   4.5212403e+00
   4.0685865e+01   5.0000000e+01   4.5212403e+00
   4.0695865e+01   5.0000000e+01   4.5212403e+00
   4.0705865e+01   5.0000000e+01   4.5212403e+00
   4.0715865e+01   5.0000000e+01   4.5212403e+00
   4.0725865e+01   5.0000000e+01   4.5212403e+00
   4.0735865e+01   5.0000000e+01   4.5212403e+00
   4.0745865e+01   5.0000000e+01   4.5212403e+00
   4.0755865e+01   5.0000000e+01   4.5212403e+00
   4.0765865e+01   5.0000000e+01   4.5212403e+00
   4.0775865e+01   5.0000000e+01   4.5212403e+00
   4.0785865e+01   5.0000000e+01   4.5212403e+00
   4.0795865e+01   5.0000000e+01   4.5212403e+00
   4.0805865e+01   5.0000000e+01   4.5212403e+00
   4.0815865e+01   5.0000000e+01   4.5212403e+00
   4.0825865e+01   5.0000000e+01   4.5212403e+00
   4.0835865e+01   5.0000000e+01   4.5212403e+00
   4.0845865e+01   5.0000000e+01   4.5212403e+00
   4.0855865e+01   5.0000000e+01   4.5212403e+00
   4.0865865e+01   5.0000000e+01   4.5212403e+00
   4.0875865e+01   5.0000000e+01   4.5212403e+00
   4.0885865e+01   5.0000000e+01   4.5212403e+00
   4.0895865e+01   5.0000000e+01   4.5212403e+00
   4.0905865e+01   5.0000000e+01   4.5212403e+00
   4.0915865e+01   5.0000000e+01   4.5212403e+00
   4.0925865e+01   5.0000000e+01   4.5212403e+00
   4.0935865e+01   5.0000000e+01   4.5212403e+00
   4.0945865e+01   5.0000000e+01   4.5212403e+00
   4.0955865e+01   5.0000000e+01   4.5212403e+00
   4.0965865e+01   5.0000000e+01   4.5212403e+00
   4.0975865e+01   5.0000000e+01   4.5212403e+00
   4.0985865e+01   5.0000000e+01   4.5212403e+00
   4.0995865e+01   5.0000000e+01   4.5212403e+00
   4.1005865e+01   5.0000000e+01   4.5212403e+00
   4.1015865e+01   5.0000000e+01   4.5212403e+00
   4.1025865e+01   5.0000000e+01   4.5212403e+00
   4.1035865e+01   5.0000000e+01   4.5212403e+00
   4.1045865e+01   5.0000000e+01   4.5212403e+00
   4.1055865e+01   5.0000000e+01   4.5212403e+00
   4.1065865e+01   5.0000000e+01   4.5212403e+00
   4.1075865e+01   5.0000000e+01   4.5212403e+00
   4.1085865e+01   5.0000000e+01   4.5212403e+00
   4.1095865e+01   5.0000000e+01   4.5212403e+00
   4.1105865e+01   5.0000000e+01   4.5212403e+00
   4.1115865e+01   5.0000000e+01   4.5212403e+00
   4.1125865e+01   5.0000000e+01   4.5212403e+00
   4.1135865e+01   5.0000000e+01   4.5212403e+00
   4.1145865e+01   5.0000000e+01   4.5212403e+00
   4.1155865e+01   5.0000000e+01   4.5212403e+00
   4.1165865e+01   5.0000000e+01   4.5212403e+00
   4.1175865e+01   5.0000000e+01   4.5212403e+00
   4.1185865e+01   5.0000000e+01   4.5212403e+00
   4.1195865e+01   5.0000000e+01   4.5212403e+00
   4.1205865e+01   5.0000000e+01   4.5212403e+00
   4.1215865e+01   5.0000000e+01   4.5212403e+00
   4.1225865e+01   5.0000000e+01   4.5212403e+00
   4.1235865e+01   5.0000000e+01   4.5212403e+00
   4.1237646e+01   5.0000000e+01   4.5212403e+00
   4.1237646e+01   5.1000000e+01   4.4648979e+00
   4.1237646e+01   5.1000000e+01   4.4648979e+00
   4.1247646e+01   5.1000000e+01   4.4648979e+00
   4.1257646e+01   5.1000000e+01   4.4648979e+00
   4.1267646e+01   5.1000000e+01   4.4648979e+00
   4.1277646e+01   5.1000000e+01   4.4648979e+00
   4.1287646e+01   5.1000000e+01   4.4648979e+00
   4.1297646e+01   5.1000000e+01   4.4648979e+00
   4.1307646e+01   5.1000000e+01   4.4648979e+00
   4.1317646e+01   5.1000000e+01   4.4648979e+00
   4.1327646e+01   5.1000000e+01   4.4648979e+00
   4.1337646e+01   5.1000000e+01   4.4648979e+00
   4.1347646e+01   5.1000000e+01   4.4648979e+00
   4.1357646e+01   5.1000000e+01   4.4648979e+00
   4.1367646e+01   5.1000000e+01   4.4648979e+00
   4.1377646e+01   5.1000000e+01   4.4648979e+00
   4.1387646e+01   5.1000000e+01   4.4648979e+00
   4.1397646e+01   5.1000000e+01   4.4648979e+00
   4.1407646e+01   5.1000000e+01   4.4648979e+00
   4.1417646e+01   5.1000000e+01   4.4648979e+00
   4.1427646e+01   5.1000000e+01   4.4648979e+00
   4.1437646e+01   5.1000000e+01   4.4648979e+00
   4.1447646e+01   5.1000000e+01   4.4648979e+00
   4.1457646e+01   5.1000000e+01   4.4648979e+00
   4.1467646e+01   5.1000000e+01   4.4648979e+00
   4.1477646e+01   5.1000000e+01   4.4648979e+00
   4.1487646e+01   5.1000000e+01   4.4648979e+00
   4.1497646e+01   5.1000000e+01   4.4648979e+00
   4.1507646e+01   5.1000000e+01   4.4648979e+00
   4.1517646e+01   5.1000000e+01   4.4648979e+00
   4.1527646e+01   5.1000000e+01   4.4648979e+00
   4.1537646e+01   5.1000000e+01   4.4648979e+00
   4.1547646e+01   5.1000000e+01   4.4648979e+00
   4.1557646e+01   5.1000000e+01   4.4648979e+00
   4.1567646e+01   5.1000000e+01   4.4648979e+00
   4.1577646e+01   5.1000000e+01   4.4648979e+00
   4.1587646e+01   5.1000000e+01   4.4648979e+00
   4.1597646e+01   5.1000000e+01   4.4648979e+00
   4.1607646e+01   5.1000000e+01   4.4648979e+00
   4.1617646e+01   5.1000000e+01   4.4648979e+00
   4.1627646e+01   5.1000000e+01   4.4648979e+00
   4.1637646e+01   5.1000000e+01   4.4648979e+00
   4.1647646e+01   5.1000000e+01   4.4648979e+00
   4.1657646e+01   5.1000000e+01   4.4648979e+00
   4.1667646e+01   5.1000000e+01   4.4648979e+00
   4.1677646e+01   5.1000000e+01   4.4648979e+00
   4.1687646e+01   5.1000000e+01   4.4648979e+00
   4.1697646e+01   5.1000000e+01   4.4648979e+00
   4.1707646e+01   5.1000000e+01   4.4648979e+00
   4.1717646e+01   5.1000000e+01   4.4648979e+00
   4.1727646e+01   5.1000000e+01   4.4648979e+00
   4.1737646e+01   5.1000000e+01   4.4648979e+00
   4.1747646e+01   5.1000000e+01   4.4648979e+00
   4.1757646e+01   5.1000000e+01   4.4648979e+00
   4.1767646e+01   5.1000000e+01   4.4648979e+00
   4.1777646e+01   5.1000000e+01   4.4648979e+00
   4.1787646e+01   5.1000000e+01   4.4648979e+00
   4.1797646e+01   5.1000000e+01   4.4648979e+00
   4.1807646e+01   5.1000000e+01   4.4648979e+00
   4.1817646e+01   5.1000000e+01   4.4648979e+00
   4.1827646e+01   5.1000000e+01   4.4648979e+00
   4.1837646e+01   5.1000000e+01   4.4648979e+00
   4.1847646e+01   5.1000000e+01   4.4648979e+00
   4.1857646e+01   5.1000000e+01   4.4648979e+00
   4.1867646e+01   5.1000000e+01   4.4648979e+00
   4.1877646e+01   5.1000000e+01   4.4648979e+00
   4.1887646e+01   5.1000000e+01   4.4648979e+00
   4.1897646e+01   5.1000000e+01   4.4648979e+00
   4.1907646e+01   5.1000000e+01   4.4648979e+00
   4.1917646e+01   5.1000000e+01   4.4648979e+00
   4.1927646e+01   5.1000000e+01   4.4648979e+00
   4.1937646e+01   5.1000000e+01   4.4648979e+00
   4.1947646e+01   5.1000000e+01   4.4648979e+00
   4.1957646e+01   5.1000000e+01   4.4648979e+00
   4.1967646e+01   5.1000000e+01   4.4648979e+00
   4.1977646e+01   5.1000000e+01   4.4648979e+00
   4.1987646e+01   5.1000000e+01   4.4648979e+00
   4.1997646e+01   5.1000000e+01   4.4648979e+00
   4.2007646e+01   5.1000000e+01   4.4648979e+00
   4.2017646e+01   5.1000000e+01   4.4648979e+00
   4.2027646e+01   5.1000000e+01   4.4648979e+00
   4.2037646e+01   5.1000000e+01   4.4648979e+00
   4.2047646e+01   5.1000000e+01   4.4648979e+00
   4.2057646e+01   5.1000000e+01   4.4648979e+00
   4.2067646e+01   5.1000000e+01   4.4648979e+00
   4.2077646e+01   5.1000000e+01   4.4648979e+00
   4.2087646e+01   5.1000000e+01   4.4648979e+00
   4.2097646e+01   5.1000000e+01   4.4648979e+00
   4.2107646e+01   5.1000000e+01   4.4648979e+00
   4.2117646e+01   5.1000000e+01   4.4648979e+00
   4.2127646e+01   5.1000000e+01   4.4648979e+00
   4.2137646e+01   5.1000000e+01   4.4648979e+00
   4.2147646e+01   5.1000000e+01   4.4648979e+00
   4.2157646e+01   5.1000000e+01   4.4648979e+00
   4.2167646e+01   5.1000000e+01   4.4648979e+00
   4.2177646e+01   5.1000000e+01   4.4648979e+00
   4.2187646e+01   5.1000000e+01   4.4648979e+00
   4.2197646e+01   5.1000000e+01   4.4648979e+00
   4.2207646e+01   5.1000000e+01   4.4648979e+00
   4.2217646e+01   5.1000000e+01   4.4648979e+00
   4.2227646e+01   5.1000000e+01   4.4648979e+00
   4.2237646e+01   5.1000000e+01   4.4648979e+00
   4.2247646e+01   5.1000000e+01   4.4648979e+00
   4.2257646e+01   5.1000000e+01   4.4648979e+00
   4.2267646e+01   5.1000000e+01   4.4648979e+00
   4.2277646e+01   5.1000000e+01   4.4648979e+00
   4.2287646e+01   5.1000000e+01   4.4648979e+00
   4.2297646e+01   5.1000000e+01   4.4648979e+00
   4.2307646e+01   5.1000000e+01   4.4648979e+00
   4.2317646e+01   5.1000000e+01   4.4648979e+00
   4.2327646e+01   5.1000000e+01   4.4648979e+00
   4.2337646e+01   5.1000000e+01   4.4648979e+00
   4.2347646e+01   5.1000000e+01   4.4648979e+00
   4.2357646e+01   5.1000000e+01   4.4648979e+00
   4.2367646e+01   5.1000000e+01   4.4648979e+00
   4.2377646e+01   5.1000000e+01   4.4648979e+00
   4.2387646e+01   5.1000000e+01   4.4648979e+00
   4.2397646e+01   5.1000000e+01   4.4648979e+00
   4.2407646e+01   5.1000000e+01   4.4648979e+00
   4.2417646e+01   5.1000000e+01   4.4648979e+00
   4.2427646e+01   5.1000000e+01   4.4648979e+00
   4.2437646e+01   5.1000000e+01   4.4648979e+00
   4.2447646e+01   5.1000000e+01   4.4648979e+00
   4.2457646e+01   5.1000000e+01   4.4648979e+00
   4.2467646e+01   5.1000000e+01   4.4648979e+00
   4.2477646e+01   5.1000000e+01   4.4648979e+00
   4.2487646e+01   5.1000000e+01   4.4648979e+00
   4.2497646e+01   5.1000000e+01   4.4648979e+00
   4.2507646e+01   5.1000000e+01   4.4648979e+00
   4.2517646e+01   5.1000000e+01   4.4648979e+00
   4.2527646e+01   5.1000000e+01   4.4648979e+00
   4.2537646e+01   5.1000000e+01   4.4648979e+00
   4.2547646e+01   5.1000000e+01   4.4648979e+00
   4.2557646e+01   5.1000000e+01   4.4648979e+00
   4.2567646e+01   5.1000000e+01   4.4648979e+00
   4.2577646e+01   5.1000000e+01   4.4648979e+00
   4.2587646e+01   5.1000000e+01   4.4648979e+00
   4.2597646e+01   5.1000000e+01   4.4648979e+00
   4.2605260e+01   5.1000000e+01   4.4648979e+00
   4.2605260e+01   5.2000000e+01   4.4054022e+00
   4.2605260e+01   5.2000000e+01   4.4054022e+00
   4.2615260e+01   5.2000000e+01   4.4054022e+00
   4.2625260e+01   5.2000000e+01   4.4054022e+00
   4.2635260e+01   5.2000000e+01   4.4054022e+00
   4.2645260e+01   5.2000000e+01   4.4054022e+00
   4.2655260e+01   5.2000000e+01   4.4054022e+00
   4.2665260e+01   5.2000000e+01   4.4054022e+00
   4.2675260e+01   5.2000000e+01   4.4054022e+00
   4.2685260e+01   5.2000000e+01   4.4054022e+00
   4.2695260e+01   5.2000000e+01   4.4054022e+00
   4.2705260e+01   5.2000000e+01   4.4054022e+00
   4.2715260e+01   5.2000000e+01   4.4054022e+00
   4.2725260e+01   5.2000000e+01   4.4054022e+00
   4.2735260e+01   5.2000000e+01   4.4054022e+00
   4.2745260e+01   5.2000000e+01   4.4054022e+00
   4.2755260e+01   5.2000000e+01   4.4054022e+00
   4.2765260e+01   5.2000000e+01   4.4054022e+00
   4.2775260e+01   5.2000000e+01   4.4054022e+00
   4.2785260e+01   5.2000000e+01   4.4054022e+00
   4.2795260e+01   5.2000000e+01   4.4054022e+00
   4.2805260e+01   5.2000000e+01   4.4054022e+00
   4.2815260e+01   5.2000000e+01   4.4054022e+00
   4.2825260e+01   5.2000000e+01   4.4054022e+00
   4.2835260e+01   5.2000000e+01   4.4054022e+00
   4.2845260e+01   5.2000000e+01   4.4054022e+00
   4.2855260e+01   5.2000000e+01   4.4054022e+00
   4.2865260e+01   5.2000000e+01   4.4054022e+00
   4.2875260e+01   5.2000000e+01   4.4054022e+00
   4.2885260e+01   5.2000000e+01   4.4054022e+00
   4.2895260e+01   5.2000000e+01   4.4054022e+00
   4.2905260e+01   5.2000000e+01   4.4054022e+00
   4.2915260e+01   5.2000000e+01   4.4054022e+00
   4.2925260e+01   5.2000000e+01   4.4054022e+00
   4.2935260e+01   5.2000000e+01   4.4054022e+00
   4.2945260e+01   5.2000000e+01   4.4054022e+00
   4.2955260e+01   5.2000000e+01   4.4054022e+00
   4.2965260e+01   5.2000000e+01   4.4054022e+00
   4.2975260e+01   5.2000000e+01   4.4054022e+00
   4.2985260e+01   5.2000000e+01   4.4054022e+00
   4.2995260e+01   5.2000000e+01   4.4054022e+00
   4.3005260e+01   5.2000000e+01   4.4054022e+00
   4.3015260e+01   5.2000000e+01   4.4054022e+00
   4.3025260e+01   5.2000000e+01   4.4054022e+00
   4.3035260e+01   5.2000000e+01   4.4054022e+00
   4.3045260e+01   5.2000000e+01   4.4054022e+00
   4.3055260e+01   5.2000000e+01   4.4054022e+00
   4.3065260e+01   5.2000000e+01   4.4054022e+00
   4.3075260e+01   5.2000000e+01   4.4054022e+00
   4.3085260e+01   5.2000000e+01   4.4054022e+00
   4.3095260e+01   5.2000000e+01   4.4054022e+00
   4.3105260e+01   5.2000000e+01   4.4054022e+00
   4.3115260e+01   5.2000000e+01   4.4054022e+00
   4.3125260e+01   5.2000000e+01   4.4054022e+00
   4.3135260e+01   5.2000000e+01   4.4054022e+00
   4.3145260e+01   5.2000000e+01   4.4054022e+00
   4.3155260e+01   5.2000000e+01   4.4054022e+00
   4.3165260e+01   5.2000000e+01   4.4054022e+00
   4.3175260e+01   5.2000000e+01   4.4054022e+00
   4.3185260e+01   5.2000000e+01   4.4054022e+00
   4.3195260e+01   5.2000000e+01   4.4054022e+00
   4.3205260e+01   5.2000000e+01   4.4054022e+00
   4.3215260e+01   5.2000000e+01   4.4054022e+00
   4.3225260e+01   5.2000000e+01   4.4054022e+00
   4.3235260e+01   5.2000000e+01   4.4054022e+00
   4.3245260e+01   5.2000000e+01   4.4054022e+00
   4.3255260e+01   5.2000000e+01   4.4054022e+00
   4.3265260e+01   5.2000000e+01   4.4054022e+00
   4.3275260e+01   5.2000000e+01   4.4054022e+00
   4.3285260e+01   5.2000000e+01   4.4054022e+00
   4.3295260e+01   5.2000000e+01   4.4054022e+00
   4.3305260e+01   5.2000000e+01   4.4054022e+00
   4.3315260e+01   5.2000000e+01   4.4054022e+00
   4.3325260e+01   5.2000000e+01   4.4054022e+00
   4.3335260e+01   5.2000000e+01   4.4054022e+00
   4.3345260e+01   5.2000000e+01   4.4054022e+00
   4.3355260e+01   5.2000000e+01   4.4054022e+00
   4.3365260e+01   5.2000000e+01   4.4054022e+00
   4.3375260e+01   5.2000000e+01   4.4054022e+00
   4.3385260e+01   5.2000000e+01   4.4054022e+00
   4.3395260e+01   5.2000000e+01   4.4054022e+00
   4.3405260e+01   5.2000000e+01   4.4054022e+00
   4.3415260e+01   5.2000000e+01   4.4054022e+00
   4.3425260e+01   5.2000000e+01   4.4054022e+00
   4.3435260e+01   5.2000000e+01   4.4054022e+00
   4.3445260e+01   5.2000000e+01   4.4054022e+00
   4.3455260e+01   5.2000000e+01   4.4054022e+00
   4.3465260e+01   5.2000000e+01   4.4054022e+00
   4.3475260e+01   5.2000000e+01   4.4054022e+00
   4.3485260e+01   5.2000000e+01   4.4054022e+00
   4.3495260e+01   5.2000000e+01   4.4054022e+00
   4.3505260e+01   5.2000000e+01   4.4054022e+00
   4.3515260e+01   5.2000000e+01   4.4054022e+00
   4.3525260e+01   5.2000000e+01   4.4054022e+00
   4.3535260e+01   5.2000000e+01   4.4054022e+00
   4.3545260e+01   5.2000000e+01   4.4054022e+00
   4.3555260e+01   5.2000000e+01   4.4054022e+00
   4.3565260e+01   5.2000000e+01   4.4054022e+00
   4.3575260e+01   5.2000000e+01   4.4054022e+00
   4.3585260e+01   5.2000000e+01   4.4054022e+00
   4.3595260e+01   5.2000000e+01   4.4054022e+00
   4.3605260e+01   5.2000000e+01   4.4054022e+00
   4.3615260e+01   5.2000000e+01   4.4054022e+00
   4.3625260e+01   5.2000000e+01   4.4054022e+00
   4.3635260e+01   5.2000000e+01   4.4054022e+00
   4.3645260e+01   5.2000000e+01   4.4054022e+00
   4.3655260e+01   5.2000000e+01   4.4054022e+00
   4.3665260e+01   5.2000000e+01   4.4054022e+00
   4.3675260e+01   5.2000000e+01   4.4054022e+00
   4.3685260e+01   5.2000000e+01   4.4054022e+00
   4.3695260e+01   5.2000000e+01   4.4054022e+00
   4.3705260e+01   5.2000000e+01   4.4054022e+00
   4.3715260e+01   5.2000000e+01   4.4054022e+00
   4.3725260e+01   5.2000000e+01   4.4054022e+00
   4.3735260e+01   5.2000000e+01   4.4054022e+00
   4.3745260e+01   5.2000000e+01   4.4054022e+00
   4.3755260e+01   5.2000000e+01   4.4054022e+00
   4.3765260e+01   5.2000000e+01   4.4054022e+00
   4.3775260e+01   5.2000000e+01   4.4054022e+00
   4.3785260e+01   5.2000000e+01   4.4054022e+00
   4.3795260e+01   5.2000000e+01   4.4054022e+00
   4.3805260e+01   5.2000000e+01   4.4054022e+00
   4.3815260e+01   5.2000000e+01   4.4054022e+00
   4.3825260e+01   5.2000000e+01   4.4054022e+00
   4.3835260e+01   5.2000000e+01   4.4054022e+00
   4.3845260e+01   5.2000000e+01   4.4054022e+00
   4.3855260e+01   5.2000000e+01   4.4054022e+00
   4.3865260e+01   5.2000000e+01   4.4054022e+00
   4.3875260e+01   5.2000000e+01   4.4054022e+00
   4.3885260e+01   5.2000000e+01   4.4054022e+00
   4.3895260e+01   5.2000000e+01   4.4054022e+00
   4.3905260e+01   5.2000000e+01   4.4054022e+00
   4.3915260e+01   5.2000000e+01   4.4054022e+00
   4.3925260e+01   5.2000000e+01   4.4054022e+00
   4.3935260e+01   5.2000000e+01   4.4054022e+00
   4.3945260e+01   5.2000000e+01   4.4054022e+00
   4.3955260e+01   5.2000000e+01   4.4054022e+00
   4.3965260e+01   5.2000000e+01   4.4054022e+00
   4.3975260e+01   5.2000000e+01   4.4054022e+00
   4.3985260e+01   5.2000000e+01   4.4054022e+00
   4.3988395e+01   5.2000000e+01   4.4054022e+00
   4.3988395e+01   5.3000000e+01   4.3427713e+00
   4.3988395e+01   5.3000000e+01   4.3427713e+00
   4.3998395e+01   5.3000000e+01   4.3427713e+00
   4.4008395e+01   5.3000000e+01   4.3427713e+00
   4.4018395e+01   5.3000000e+01   4.3427713e+00
   4.4028395e+01   5.3000000e+01   4.3427713e+00
   4.4038395e+01   5.3000000e+01   4.3427713e+00
   4.4048395e+01   5.3000000e+01   4.3427713e+00
   4.4058395e+01   5.3000000e+01   4.3427713e+00
   4.4068395e+01   5.3000000e+01   4.3427713e+00
   4.4078395e+01   5.3000000e+01   4.3427713e+00
   4.4088395e+01   5.3000000e+01   4.3427713e+00
   4.4098395e+01   5.3000000e+01   4.3427713e+00
   4.4108395e+01   5.3000000e+01   4.3427713e+00
   4.4118395e+01   5.3000000e+01   4.3427713e+00
   4.4128395e+01   5.3000000e+01   4.3427713e+00
   4.4138395e+01   5.3000000e+01   4.3427713e+00
   4.4148395e+01   5.3000000e+01   4.3427713e+00
   4.4158395e+01   5.3000000e+01   4.3427713e+00
   4.4168395e+01   5.3000000e+01   4.3427713e+00
   4.4178395e+01   5.3000000e+01   4.3427713e+00
   4.4188395e+01   5.3000000e+01   4.3427713e+00
   4.4198395e+01   5.3000000e+01   4.3427713e+00
   4.4208395e+01   5.3000000e+01   4.3427713e+00
   4.4218395e+01   5.3000000e+01   4.3427713e+00
   4.4228395e+01   5.3000000e+01   4.3427713e+00
   4.4238395e+01   5.3000000e+01   4.3427713e+00
   4.4248395e+01   5.3000000e+01   4.3427713e+00
   4.4258395e+01   5.3000000e+01   4.3427713e+00
   4.4268395e+01   5.3000000e+01   4.3427713e+00
   4.4278395e+01   5.3000000e+01   4.3427713e+00
   4.4288395e+01   5.3000000e+01   4.3427713e+00
   4.4298395e+01   5.3000000e+01   4.3427713e+00
   4.4308395e+01   5.3000000e+01   4.3427713e+00
   4.4318395e+01   5.3000000e+01   4.3427713e+00
   4.4328395e+01   5.3000000e+01   4.3427713e+00
   4.4338395e+01   5.3000000e+01   4.3427713e+00
   4.4348395e+01   5.3000000e+01   4.3427713e+00
   4.4358395e+01   5.3000000e+01   4.3427713e+00
   4.4368395e+01   5.3000000e+01   4.3427713e+00
   4.4378395e+01   5.3000000e+01   4.3427713e+00
   4.4388395e+01   5.3000000e+01   4.3427713e+00
   4.4398395e+01   5.3000000e+01   4.3427713e+00
   4.4408395e+01   5.3000000e+01   4.3427713e+00
   4.4418395e+01   5.3000000e+01   4.3427713e+00
   4.4428395e+01   5.3000000e+01   4.3427713e+00
   4.4438395e+01   5.3000000e+01   4.3427713e+00
   4.4448395e+01   5.3000000e+01   4.3427713e+00
   4.4458395e+01   5.3000000e+01   4.3427713e+00
   4.4468395e+01   5.3000000e+01   4.3427713e+00
   4.4478395e+01   5.3000000e+01   4.3427713e+00
   4.4488395e+01   5.3000000e+01   4.3427713e+00
   4.4498395e+01   5.3000000e+01   4.3427713e+00
   4.4508395e+01   5.3000000e+01   4.3427713e+00
   4.4518395e+01   5.3000000e+01   4.3427713e+00
   4.4528395e+01   5.3000000e+01   4.3427713e+00
   4.4538395e+01   5.3000000e+01   4.3427713e+00
   4.4548395e+01   5.3000000e+01   4.3427713e+00
   4.4558395e+01   5.3000000e+01   4.3427713e+00
   4.4568395e+01   5.3000000e+01   4.3427713e+00
   4.4578395e+01   5.3000000e+01   4.3427713e+00
   4.4588395e+01   5.3000000e+01   4.3427713e+00
   4.4598395e+01   5.3000000e+01   4.3427713e+00
   4.4608395e+01   5.3000000e+01   4.3427713e+00
   4.4618395e+01   5.3000000e+01   4.3427713e+00
   4.4628395e+01   5.3000000e+01   4.3427713e+00
   4.4638395e+01   5.3000000e+01   4.3427713e+00
   4.4648395e+01   5.3000000e+01   4.3427713e+00
   4.4658395e+01   5.3000000e+01   4.3427713e+00
   4.4668395e+01   5.3000000e+01   4.3427713e+00
   4.4678395e+01   5.3000000e+01   4.3427713e+00
   4.4688395e+01   5.3000000e+01   4.3427713e+00
   4.4698395e+01   5.3000000e+01   4.3427713e+00
   4.4708395e+01   5.3000000e+01   4.3427713e+00
   4.4718395e+01   5.3000000e+01   4.3427713e+00
   4.4728395e+01   5.3000000e+01   4.3427713e+00
   4.4738395e+01   5.3000000e+01   4.3427713e+00
   4.4748395e+01   5.3000000e+01   4.3427713e+00
   4.4758395e+01   5.3000000e+01   4.3427713e+00
   4.4768395e+01   5.3000000e+01   4.3427713e+00
   4.4778395e+01   5.3000000e+01   4.3427713e+00
   4.4788395e+01   5.3000000e+01   4.3427713e+00
   4.4798395e+01   5.3000000e+01   4.3427713e+00
   4.4808395e+01   5.3000000e+01   4.3427713e+00
   4.4818395e+01   5.3000000e+01   4.3427713e+00
   4.4828395e+01   5.3000000e+01   4.3427713e+00
   4.4838395e+01   5.3000000e+01   4.3427713e+00
   4.4848395e+01   5.3000000e+01   4.3427713e+00
   4.4858395e+01   5.3000000e+01   4.3427713e+00
   4.4868395e+01   5.3000000e+01   4.3427713e+00
   4.4878395e+01   5.3000000e+01   4.3427713e+00
   4.4888395e+01   5.3000000e+01   4.3427713e+00
   4.4898395e+01   5.3000000e+01   4.3427713e+00
   4.4908395e+01   5.3000000e+01   4.3427713e+00
   4.4918395e+01   5.3000000e+01   4.3427713e+00
   4.4928395e+01   5.3000000e+01   4.3427713e+00
   4.4938395e+01   5.3000000e+01   4.3427713e+00
   4.4948395e+01   5.3000000e+01   4.3427713e+00
   4.4958395e+01   5.3000000e+01   4.3427713e+00
   4.4968395e+01   5.3000000e+01   4.3427713e+00
   4.4978395e+01   5.3000000e+01   4.3427713e+00
   4.4988395e+01   5.3000000e+01   4.3427713e+00
   4.4998395e+01   5.3000000e+01   4.3427713e+00
   4.5008395e+01   5.3000000e+01   4.3427713e+00
   4.5018395e+01   5.3000000e+01   4.3427713e+00
   4.5028395e+01   5.3000000e+01   4.3427713e+00
   4.5038395e+01   5.3000000e+01   4.3427713e+00
   4.5048395e+01   5.3000000e+01   4.3427713e+00
   4.5058395e+01   5.3000000e+01   4.3427713e+00
   4.5068395e+01   5.3000000e+01   4.3427713e+00
   4.5078395e+01   5.3000000e+01   4.3427713e+00
   4.5088395e+01   5.3000000e+01   4.3427713e+00
   4.5098395e+01   5.3000000e+01   4.3427713e+00
   4.5108395e+01   5.3000000e+01   4.3427713e+00
   4.5118395e+01   5.3000000e+01   4.3427713e+00
   4.5128395e+01   5.3000000e+01   4.3427713e+00
   4.5138395e+01   5.3000000e+01   4.3427713e+00
   4.5148395e+01   5.3000000e+01   4.3427713e+00
   4.5158395e+01   5.3000000e+01   4.3427713e+00
   4.5168395e+01   5.3000000e+01   4.3427713e+00
   4.5178395e+01   5.3000000e+01   4.3427713e+00
   4.5188395e+01   5.3000000e+01   4.3427713e+00
   4.5198395e+01   5.3000000e+01   4.3427713e+00
   4.5208395e+01   5.3000000e+01   4.3427713e+00
   4.5218395e+01   5.3000000e+01   4.3427713e+00
   4.5228395e+01   5.3000000e+01   4.3427713e+00
   4.5238395e+01   5.3000000e+01   4.3427713e+00
   4.5248395e+01   5.3000000e+01   4.3427713e+00
   4.5258395e+01   5.3000000e+01   4.3427713e+00
   4.5268395e+01   5.3000000e+01   4.3427713e+00
   4.5278395e+01   5.3000000e+01   4.3427713e+00
   4.5288395e+01   5.3000000e+01   4.3427713e+00
   4.5298395e+01   5.3000000e+01   4.3427713e+00
   4.5308395e+01   5.3000000e+01   4.3427713e+00
   4.5318395e+01   5.3000000e+01   4.3427713e+00
   4.5328395e+01   5.3000000e+01   4.3427713e+00
   4.5338395e+01   5.3000000e+01   4.3427713e+00
   4.5348395e+01   5.3000000e+01   4.3427713e+00
   4.5358395e+01   5.3000000e+01   4.3427713e+00
   4.5368395e+01   5.3000000e+01   4.3427713e+00
   4.5378395e+01   5.3000000e+01   4.3427713e+00
   4.5386739e+01   5.3000000e+01   4.3427713e+00
   4.5386739e+01   5.4000000e+01   4.2770216e+00
   4.5386739e+01   5.4000000e+01   4.2770216e+00
   4.5396739e+01   5.4000000e+01   4.2770216e+00
   4.5406739e+01   5.4000000e+01   4.2770216e+00
   4.5416739e+01   5.4000000e+01   4.2770216e+00
   4.5426739e+01   5.4000000e+01   4.2770216e+00
   4.5436739e+01   5.4000000e+01   4.2770216e+00
   4.5446739e+01   5.4000000e+01   4.2770216e+00
   4.5456739e+01   5.4000000e+01   4.2770216e+00
   4.5466739e+01   5.4000000e+01   4.2770216e+00
   4.5476739e+01   5.4000000e+01   4.2770216e+00
   4.5486739e+01   5.4000000e+01   4.2770216e+00
   4.5496739e+01   5.4000000e+01   4.2770216e+00
   4.5506739e+01   5.4000000e+01   4.2770216e+00
   4.5516739e+01   5.4000000e+01   4.2770216e+00
   4.5526739e+01   5.4000000e+01   4.2770216e+00
   4.5536739e+01   5.4000000e+01   4.2770216e+00
   4.5546739e+01   5.4000000e+01   4.2770216e+00
   4.5556739e+01   5.4000000e+01   4.2770216e+00
   4.5566739e+01   5.4000000e+01   4.2770216e+00
   4.5576739e+01   5.4000000e+01   4.2770216e+00
   4.5586739e+01   5.4000000e+01   4.2770216e+00
   4.5596739e+01   5.4000000e+01   4.2770216e+00
   4.5606739e+01   5.4000000e+01   4.2770216e+00
   4.5616739e+01   5.4000000e+01   4.2770216e+00
   4.5626739e+01   5.4000000e+01   4.2770216e+00
   4.5636739e+01   5.4000000e+01   4.2770216e+00
   4.5646739e+01   5.4000000e+01   4.2770216e+00
   4.5656739e+01   5.4000000e+01   4.2770216e+00
   4.5666739e+01   5.4000000e+01   4.2770216e+00
   4.5676739e+01   5.4000000e+01   4.2770216e+00
   4.5686739e+01   5.4000000e+01   4.2770216e+00
   4.5696739e+01   5.4000000e+01   4.2770216e+00
   4.5706739e+01   5.4000000e+01   4.2770216e+00
   4.5716739e+01   5.4000000e+01   4.2770216e+00
   4.5726739e+01   5.4000000e+01   4.2770216e+00
   4.5736739e+01   5.4000000e+01   4.2770216e+00
   4.5746739e+01   5.4000000e+01   4.2770216e+00
   4.5756739e+01   5.4000000e+01   4.2770216e+00
   4.5766739e+01   5.4000000e+01   4.2770216e+00
   4.5776739e+01   5.4000000e+01   4.2770216e+00
   4.5786739e+01   5.4000000e+01   4.2770216e+00
   4.5796739e+01   5.4000000e+01   4.2770216e+00
   4.5806739e+01   5.4000000e+01   4.2770216e+00
   4.5816739e+01   5.4000000e+01   4.2770216e+00
   4.5826739e+01   5.4000000e+01   4.2770216e+00
   4.5836739e+01   5.4000000e+01   4.2770216e+00
   4.5846739e+01   5.4000000e+01   4.2770216e+00
   4.5856739e+01   5.4000000e+01   4.2770216e+00
   4.5866739e+01   5.4000000e+01   4.2770216e+00
   4.5876739e+01   5.4000000e+01   4.2770216e+00
   4.5886739e+01   5.4000000e+01   4.2770216e+00
   4.5896739e+01   5.4000000e+01   4.2770216e+00
   4.5906739e+01   5.4000000e+01   4.2770216e+00
   4.5916739e+01   5.4000000e+01   4.2770216e+00
   4.5926739e+01   5.4000000e+01   4.2770216e+00
   4.5936739e+01   5.4000000e+01   4.2770216e+00
   4.5946739e+01   5.4000000e+01   4.2770216e+00
   4.5956739e+01   5.4000000e+01   4.2770216e+00
   4.5966739e+01   5.4000000e+01   4.2770216e+00
   4.5976739e+01   5.4000000e+01   4.2770216e+00
   4.5986739e+01   5.4000000e+01   4.2770216e+00
   4.5996739e+01   5.4000000e+01   4.2770216e+00
   4.6006739e+01   5.4000000e+01   4.2770216e+00
   4.6016739e+01   5.4000000e+01   4.2770216e+00
   4.6026739e+01   5.4000000e+01   4.2770216e+00
   4.6036739e+01   5.4000000e+01   4.2770216e+00
   4.6046739e+01   5.4000000e+01   4.2770216e+00
   4.6056739e+01   5.4000000e+01   4.2770216e+00
   4.6066739e+01   5.4000000e+01   4.2770216e+00
   4.6076739e+01   5.4000000e+01   4.2770216e+00
   4.6086739e+01   5.4000000e+01   4.2770216e+00
   4.6096739e+01   5.4000000e+01   4.2770216e+00
   4.6106739e+01   5.4000000e+01   4.2770216e+00
   4.6116739e+01   5.4000000e+01   4.2770216e+00
   4.6126739e+01   5.4000000e+01   4.2770216e+00
   4.6136739e+01   5.4000000e+01   4.2770216e+00
   4.6146739e+01   5.4000000e+01   4.2770216e+00
   4.6156739e+01   5.4000000e+01   4.2770216e+00
   4.6166739e+01   5.4000000e+01   4.2770216e+00
   4.6176739e+01   5.4000000e+01   4.2770216e+00
   4.6186739e+01   5.4000000e+01   4.2770216e+00
   4.6196739e+01   5.4000000e+01   4.2770216e+00
   4.6206739e+01   5.4000000e+01   4.2770216e+00
   4.6216739e+01   5.4000000e+01   4.2770216e+00
   4.6226739e+01   5.4000000e+01   4.2770216e+00
   4.6236739e+01   5.4000000e+01   4.2770216e+00
   4.6246739e+01   5.4000000e+01   4.2770216e+00
   4.6256739e+01   5.4000000e+01   4.2770216e+00
   4.6266739e+01   5.4000000e+01   4.2770216e+00
   4.6276739e+01   5.4000000e+01   4.2770216e+00
   4.6286739e+01   5.4000000e+01   4.2770216e+00
   4.6296739e+01   5.4000000e+01   4.2770216e+00
   4.6306739e+01   5.4000000e+01   4.2770216e+00
   4.6316739e+01   5.4000000e+01   4.2770216e+00
   4.6326739e+01   5.4000000e+01   4.2770216e+00
   4.6336739e+01   5.4000000e+01   4.2770216e+00
   4.6346739e+01   5.4000000e+01   4.2770216e+00
   4.6356739e+01   5.4000000e+01   4.2770216e+00
   4.6366739e+01   5.4000000e+01   4.2770216e+00
   4.6376739e+01   5.4000000e+01   4.2770216e+00
   4.6386739e+01   5.4000000e+01   4.2770216e+00
   4.6396739e+01   5.4000000e+01   4.2770216e+00
   4.6406739e+01   5.4000000e+01   4.2770216e+00
   4.6416739e+01   5.4000000e+01   4.2770216e+00
   4.6426739e+01   5.4000000e+01   4.2770216e+00
   4.6436739e+01   5.4000000e+01   4.2770216e+00
   4.6446739e+01   5.4000000e+01   4.2770216e+00
   4.6456739e+01   5.4000000e+01   4.2770216e+00
   4.6466739e+01   5.4000000e+01   4.2770216e+00
   4.6476739e+01   5.4000000e+01   4.2770216e+00
   4.6486739e+01   5.4000000e+01   4.2770216e+00
   4.6496739e+01   5.4000000e+01   4.2770216e+00
   4.6506739e+01   5.4000000e+01   4.2770216e+00
   4.6516739e+01   5.4000000e+01   4.2770216e+00
   4.6526739e+01   5.4000000e+01   4.2770216e+00
   4.6536739e+01   5.4000000e+01   4.2770216e+00
   4.6546739e+01   5.4000000e+01   4.2770216e+00
   4.6556739e+01   5.4000000e+01   4.2770216e+00
   4.6566739e+01   5.4000000e+01   4.2770216e+00
   4.6576739e+01   5.4000000e+01   4.2770216e+00
   4.6586739e+01   5.4000000e+01   4.2770216e+00
   4.6596739e+01   5.4000000e+01   4.2770216e+00
   4.6606739e+01   5.4000000e+01   4.2770216e+00
   4.6616739e+01   5.4000000e+01   4.2770216e+00
   4.6626739e+01   5.4000000e+01   4.2770216e+00
   4.6636739e+01   5.4000000e+01   4.2770216e+00
   4.6646739e+01   5.4000000e+01   4.2770216e+00
   4.6656739e+01   5.4000000e+01   4.2770216e+00
   4.6666739e+01   5.4000000e+01   4.2770216e+00
   4.6676739e+01   5.4000000e+01   4.2770216e+00
   4.6686739e+01   5.4000000e+01   4.2770216e+00
   4.6696739e+01   5.4000000e+01   4.2770216e+00
   4.6706739e+01   5.4000000e+01   4.2770216e+00
   4.6716739e+01   5.4000000e+01   4.2770216e+00
   4.6726739e+01   5.4000000e+01   4.2770216e+00
   4.6736739e+01   5.4000000e+01   4.2770216e+00
   4.6746739e+01   5.4000000e+01   4.2770216e+00
   4.6756739e+01   5.4000000e+01   4.2770216e+00
   4.6766739e+01   5.4000000e+01   4.2770216e+00
   4.6776739e+01   5.4000000e+01   4.2770216e+00
   4.6786739e+01   5.4000000e+01   4.2770216e+00
   4.6796739e+01   5.4000000e+01   4.2770216e+00
   4.6799973e+01   5.4000000e+01   4.2770216e+00
   4.6799973e+01   5.5000000e+01   4.2081686e+00
   4.6799973e+01   5.5000000e+01   4.2081686e+00
   4.6809973e+01   5.5000000e+01   4.2081686e+00
   4.6819973e+01   5.5000000e+01   4.2081686e+00
   4.6829973e+01   5.5000000e+01   4.2081686e+00
   4.6839973e+01   5.5000000e+01   4.2081686e+00
   4.6849973e+01   5.5000000e+01   4.2081686e+00
   4.6859973e+01   5.5000000e+01   4.2081686e+00
   4.6869973e+01   5.5000000e+01   4.2081686e+00
   4.6879973e+01   5.5000000e+01   4.2081686e+00
   4.6889973e+01   5.5000000e+01   4.2081686e+00
   4.6899973e+01   5.5000000e+01   4.2081686e+00
   4.6909973e+01   5.5000000e+01   4.2081686e+00
   4.6919973e+01   5.5000000e+01   4.2081686e+00
   4.6929973e+01   5.5000000e+01   4.2081686e+00
   4.6939973e+01   5.5000000e+01   4.2081686e+00
   4.6949973e+01   5.5000000e+01   4.2081686e+00
   4.6959973e+01   5.5000000e+01   4.2081686e+00
   4.6969973e+01   5.5000000e+01   4.2081686e+00
   4.6979973e+01   5.5000000e+01   4.2081686e+00
   4.6989973e+01   5.5000000e+01   4.2081686e+00
   4.6999973e+01   5.5000000e+01   4.2081686e+00
   4.7009973e+01   5.5000000e+01   4.2081686e+00
   4.7019973e+01   5.5000000e+01   4.2081686e+00
   4.7029973e+01   5.5000000e+01   4.2081686e+00
   4.7039973e+01   5.5000000e+01   4.2081686e+00
   4.7049973e+01   5.5000000e+01   4.2081686e+00
   4.7059973e+01   5.5000000e+01   4.2081686e+00
   4.7069973e+01   5.5000000e+01   4.2081686e+00
   4.7079973e+01   5.5000000e+01   4.2081686e+00
   4.7089973e+01   5.5000000e+01   4.2081686e+00
   4.7099973e+01   5.5000000e+01   4.2081686e+00
   4.7109973e+01   5.5000000e+01   4.2081686e+00
   4.7119973e+01   5.5000000e+01   4.2081686e+00
   4.7129973e+01   5.5000000e+01   4.2081686e+00
   4.7139973e+01   5.5000000e+01   4.2081686e+00
   4.7149973e+01   5.5000000e+01   4.2081686e+00
   4.7159973e+01   5.5000000e+01   4.2081686e+00
   4.7169973e+01   5.5000000e+01   4.2081686e+00
   4.7179973e+01   5.5000000e+01   4.2081686e+00
   4.7189973e+01   5.5000000e+01   4.2081686e+00
   4.7199973e+01   5.5000000e+01   4.2081686e+00
   4.7209973e+01   5.5000000e+01   4.2081686e+00
   4.7219973e+01   5.5000000e+01   4.2081686e+00
   4.7229973e+01   5.5000000e+01   4.2081686e+00
   4.7239973e+01   5.5000000e+01   4.2081686e+00
   4.7249973e+01   5.5000000e+01   4.2081686e+00
   4.7259973e+01   5.5000000e+01   4.2081686e+00
   4.7269973e+01   5.5000000e+01   4.2081686e+00
   4.7279973e+01   5.5000000e+01   4.2081686e+00
   4.7289973e+01   5.5000000e+01   4.2081686e+00
   4.7299973e+01   5.5000000e+01   4.2081686e+00
   4.7309973e+01   5.5000000e+01   4.2081686e+00
   4.7319973e+01   5.5000000e+01   4.2081686e+00
   4.7329973e+01   5.5000000e+01   4.2081686e+00
   4.7339973e+01   5.5000000e+01   4.2081686e+00
   4.7349973e+01   5.5000000e+01   4.2081686e+00
   4.7359973e+01   5.5000000e+01   4.2081686e+00
   4.7369973e+01   5.5000000e+01   4.2081686e+00
   4.7379973e+01   5.5000000e+01   4.2081686e+00
   4.7389973e+01   5.5000000e+01   4.2081686e+00
   4.7399973e+01   5.5000000e+01   4.2081686e+00
   4.7409973e+01   5.5000000e+01   4.2081686e+00
   4.7419973e+01   5.5000000e+01   4.2081686e+00
   4.7429973e+01   5.5000000e+01   4.2081686e+00
   4.7439973e+01   5.5000000e+01   4.2081686e+00
   4.7449973e+01   5.5000000e+01   4.2081686e+00
   4.7459973e+01   5.5000000e+01   4.2081686e+00
   4.7469973e+01   5.5000000e+01   4.2081686e+00
   4.7479973e+01   5.5000000e+01   4.2081686e+00
   4.7489973e+01   5.5000000e+01   4.2081686e+00
   4.7499973e+01   5.5000000e+01   4.2081686e+00
   4.7509973e+01   5.5000000e+01   4.2081686e+00
   4.7519973e+01   5.5000000e+01   4.2081686e+00
   4.7529973e+01   5.5000000e+01   4.2081686e+00
   4.7539973e+01   5.5000000e+01   4.2081686e+00
   4.7549973e+01   5.5000000e+01   4.2081686e+00
   4.7559973e+01   5.5000000e+01   4.2081686e+00
   4.7569973e+01   5.5000000e+01   4.2081686e+00
   4.7579973e+01   5.5000000e+01   4.2081686e+00
   4.7589973e+01   5.5000000e+01   4.2081686e+00
   4.7599973e+01   5.5000000e+01   4.2081686e+00
   4.7609973e+01   5.5000000e+01   4.2081686e+00
   4.7619973e+01   5.5000000e+01   4.2081686e+00
   4.7629973e+01   5.5000000e+01   4.2081686e+00
   4.7639973e+01   5.5000000e+01   4.2081686e+00
   4.7649973e+01   5.5000000e+01   4.2081686e+00
   4.7659973e+01   5.5000000e+01   4.2081686e+00
   4.7669973e+01   5.5000000e+01   4.2081686e+00
   4.7679973e+01   5.5000000e+01   4.2081686e+00
   4.7689973e+01   5.5000000e+01   4.2081686e+00
   4.7699973e+01   5.5000000e+01   4.2081686e+00
   4.7709973e+01   5.5000000e+01   4.2081686e+00
   4.7719973e+01   5.5000000e+01   4.2081686e+00
   4.7729973e+01   5.5000000e+01   4.2081686e+00
   4.7739973e+01   5.5000000e+01   4.2081686e+00
   4.7749973e+01   5.5000000e+01   4.2081686e+00
   4.7759973e+01   5.5000000e+01   4.2081686e+00
   4.7769973e+01   5.5000000e+01   4.2081686e+00
   4.7779973e+01   5.5000000e+01   4.2081686e+00
   4.7789973e+01   5.5000000e+01   4.2081686e+00
   4.7799973e+01   5.5000000e+01   4.2081686e+00
   4.7809973e+01   5.5000000e+01   4.2081686e+00
   4.7819973e+01   5.5000000e+01   4.2081686e+00
   4.7829973e+01   5.5000000e+01   4.2081686e+00
   4.7839973e+01   5.5000000e+01   4.2081686e+00
   4.7849973e+01   5.5000000e+01   4.2081686e+00
   4.7859973e+01   5.5000000e+01   4.2081686e+00
   4.7869973e+01   5.5000000e+01   4.2081686e+00
   4.7879973e+01   5.5000000e+01   4.2081686e+00
   4.7889973e+01   5.5000000e+01   4.2081686e+00
   4.7899973e+01   5.5000000e+01   4.2081686e+00
   4.7909973e+01   5.5000000e+01   4.2081686e+00
   4.7919973e+01   5.5000000e+01   4.2081686e+00
   4.7929973e+01   5.5000000e+01   4.2081686e+00
   4.7939973e+01   5.5000000e+01   4.2081686e+00
   4.7949973e+01   5.5000000e+01   4.2081686e+00
   4.7959973e+01   5.5000000e+01   4.2081686e+00
   4.7969973e+01   5.5000000e+01   4.2081686e+00
   4.7979973e+01   5.5000000e+01   4.2081686e+00
   4.7989973e+01   5.5000000e+01   4.2081686e+00
   4.7999973e+01   5.5000000e+01   4.2081686e+00
   4.8009973e+01   5.5000000e+01   4.2081686e+00
   4.8019973e+01   5.5000000e+01   4.2081686e+00
   4.8029973e+01   5.5000000e+01   4.2081686e+00
   4.8039973e+01   5.5000000e+01   4.2081686e+00
   4.8049973e+01   5.5000000e+01   4.2081686e+00
   4.8059973e+01   5.5000000e+01   4.2081686e+00
   4.8069973e+01   5.5000000e+01   4.2081686e+00
   4.8079973e+01   5.5000000e+01   4.2081686e+00
   4.8089973e+01   5.5000000e+01   4.2081686e+00
   4.8099973e+01   5.5000000e+01   4.2081686e+00
   4.8109973e+01   5.5000000e+01   4.2081686e+00
   4.8119973e+01   5.5000000e+01   4.2081686e+00
   4.8129973e+01   5.5000000e+01   4.2081686e+00
   4.8139973e+01   5.5000000e+01   4.2081686e+00
   4.8149973e+01   5.5000000e+01   4.2081686e+00
   4.8159973e+01   5.5000000e+01   4.2081686e+00
   4.8169973e+01   5.5000000e+01   4.2081686e+00
   4.8179973e+01   5.5000000e+01   4.2081686e+00
   4.8189973e+01   5.5000000e+01   4.2081686e+00
   4.8199973e+01   5.5000000e+01   4.2081686e+00
   4.8209973e+01   5.5000000e+01   4.2081686e+00
   4.8219973e+01   5.5000000e+01   4.2081686e+00
   4.8227775e+01   5.5000000e+01   4.2081686e+00
   4.8227775e+01   5.6000000e+01   4.1362264e+00
   4.8227775e+01   5.6000000e+01   4.1362264e+00
   4.8237775e+01   5.6000000e+01   4.1362264e+00
   4.8247775e+01   5.6000000e+01   4.1362264e+00
   4.8257775e+01   5.6000000e+01   4.1362264e+00
   4.8267775e+01   5.6000000e+01   4.1362264e+00
   4.8277775e+01   5.6000000e+01   4.1362264e+00
   4.8287775e+01   5.6000000e+01   4.1362264e+00
   4.8297775e+01   5.6000000e+01   4.1362264e+00
   4.8307775e+01   5.6000000e+01   4.1362264e+00
   4.8317775e+01   5.6000000e+01   4.1362264e+00
   4.8327775e+01   5.6000000e+01   4.1362264e+00
   4.8337775e+01   5.6000000e+01   4.1362264e+00
   4.8347775e+01   5.6000000e+01   4.1362264e+00
   4.8357775e+01   5.6000000e+01   4.1362264e+00
   4.8367775e+01   5.6000000e+01   4.1362264e+00
   4.8377775e+01   5.6000000e+01   4.1362264e+00
   4.8387775e+01   5.6000000e+01   4.1362264e+00
   4.8397775e+01   5.6000000e+01   4.1362264e+00
   4.8407775e+01   5.6000000e+01   4.1362264e+00
   4.8417775e+01   5.6000000e+01   4.1362264e+00
   4.8427775e+01   5.6000000e+01   4.1362264e+00
   4.8437775e+01   5.6000000e+01   4.1362264e+00
   4.8447775e+01   5.6000000e+01   4.1362264e+00
   4.8457775e+01   5.6000000e+01   4.1362264e+00
   4.8467775e+01   5.6000000e+01   4.1362264e+00
   4.8477775e+01   5.6000000e+01   4.1362264e+00
   4.8487775e+01   5.6000000e+01   4.1362264e+00
   4.8497775e+01   5.6000000e+01   4.1362264e+00
   4.8507775e+01   5.6000000e+01   4.1362264e+00
   4.8517775e+01   5.6000000e+01   4.1362264e+00
   4.8527775e+01   5.6000000e+01   4.1362264e+00
   4.8537775e+01   5.6000000e+01   4.1362264e+00
   4.8547775e+01   5.6000000e+01   4.1362264e+00
   4.8557775e+01   5.6000000e+01   4.1362264e+00
   4.8567775e+01   5.6000000e+01   4.1362264e+00
   4.8577775e+01   5.6000000e+01   4.1362264e+00
   4.8587775e+01   5.6000000e+01   4.1362264e+00
   4.8597775e+01   5.6000000e+01   4.1362264e+00
   4.8607775e+01   5.6000000e+01   4.1362264e+00
   4.8617775e+01   5.6000000e+01   4.1362264e+00
   4.8627775e+01   5.6000000e+01   4.1362264e+00
   4.8637775e+01   5.6000000e+01   4.1362264e+00
   4.8647775e+01   5.6000000e+01   4.1362264e+00
   4.8657775e+01   5.6000000e+01   4.1362264e+00
   4.8667775e+01   5.6000000e+01   4.1362264e+00
   4.8677775e+01   5.6000000e+01   4.1362264e+00
   4.8687775e+01   5.6000000e+01   4.1362264e+00
   4.8697775e+01   5.6000000e+01   4.1362264e+00
   4.8707775e+01   5.6000000e+01   4.1362264e+00
   4.8717775e+01   5.6000000e+01   4.1362264e+00
   4.8727775e+01   5.6000000e+01   4.1362264e+00
   4.8737775e+01   5.6000000e+01   4.1362264e+00
   4.8747775e+01   5.6000000e+01   4.1362264e+00
   4.8757775e+01   5.6000000e+01   4.1362264e+00
   4.8767775e+01   5.6000000e+01   4.1362264e+00
   4.8777775e+01   5.6000000e+01   4.1362264e+00
   4.8787775e+01   5.6000000e+01   4.1362264e+00
   4.8797775e+01   5.6000000e+01   4.1362264e+00
   4.8807775e+01   5.6000000e+01   4.1362264e+00
   4.8817775e+01   5.6000000e+01   4.1362264e+00
   4.8827775e+01   5.6000000e+01   4.1362264e+00
   4.8837775e+01   5.6000000e+01   4.1362264e+00
   4.8847775e+01   5.6000000e+01   4.1362264e+00
   4.8857775e+01   5.6000000e+01   4.1362264e+00
   4.8867775e+01   5.6000000e+01   4.1362264e+00
   4.8877775e+01   5.6000000e+01   4.1362264e+00
   4.8887775e+01   5.6000000e+01   4.1362264e+00
   4.8897775e+01   5.6000000e+01   4.1362264e+00
   4.8907775e+01   5.6000000e+01   4.1362264e+00
   4.8917775e+01   5.6000000e+01   4.1362264e+00
   4.8927775e+01   5.6000000e+01   4.1362264e+00
   4.8937775e+01   5.6000000e+01   4.1362264e+00
   4.8947775e+01   5.6000000e+01   4.1362264e+00
   4.8957775e+01   5.6000000e+01   4.1362264e+00
   4.8967775e+01   5.6000000e+01   4.1362264e+00
   4.8977775e+01   5.6000000e+01   4.1362264e+00
   4.8987775e+01   5.6000000e+01   4.1362264e+00
   4.8997775e+01   5.6000000e+01   4.1362264e+00
   4.9007775e+01   5.6000000e+01   4.1362264e+00
   4.9017775e+01   5.6000000e+01   4.1362264e+00
   4.9027775e+01   5.6000000e+01   4.1362264e+00
   4.9037775e+01   5.6000000e+01   4.1362264e+00
   4.9047775e+01   5.6000000e+01   4.1362264e+00
   4.9057775e+01   5.6000000e+01   4.1362264e+00
   4.9067775e+01   5.6000000e+01   4.1362264e+00
   4.9077775e+01   5.6000000e+01   4.1362264e+00
   4.9087775e+01   5.6000000e+01   4.1362264e+00
   4.9097775e+01   5.6000000e+01   4.1362264e+00
   4.9107775e+01   5.6000000e+01   4.1362264e+00
   4.9117775e+01   5.6000000e+01   4.1362264e+00
   4.9127775e+01   5.6000000e+01   4.1362264e+00
   4.9137775e+01   5.6000000e+01   4.1362264e+00
   4.9147775e+01   5.6000000e+01   4.1362264e+00
   4.9157775e+01   5.6000000e+01   4.1362264e+00
   4.9167775e+01   5.6000000e+01   4.1362264e+00
   4.9177775e+01   5.6000000e+01   4.1362264e+00
   4.9187775e+01   5.6000000e+01   4.1362264e+00
   4.9197775e+01   5.6000000e+01   4.1362264e+00
   4.9207775e+01   5.6000000e+01   4.1362264e+00
   4.9217775e+01   5.6000000e+01   4.1362264e+00
   4.9227775e+01   5.6000000e+01   4.1362264e+00
   4.9237775e+01   5.6000000e+01   4.1362264e+00
   4.9247775e+01   5.6000000e+01   4.1362264e+00
   4.9257775e+01   5.6000000e+01   4.1362264e+00
   4.9267775e+01   5.6000000e+01   4.1362264e+00
   4.9277775e+01   5.6000000e+01   4.1362264e+00
   4.9287775e+01   5.6000000e+01   4.1362264e+00
   4.9297775e+01   5.6000000e+01   4.1362264e+00
   4.9307775e+01   5.6000000e+01   4.1362264e+00
   4.9317775e+01   5.6000000e+01   4.1362264e+00
   4.9327775e+01   5.6000000e+01   4.1362264e+00
   4.9337775e+01   5.6000000e+01   4.1362264e+00
   4.9347775e+01   5.6000000e+01   4.1362264e+00
   4.9357775e+01   5.6000000e+01   4.1362264e+00
   4.9367775e+01   5.6000000e+01   4.1362264e+00
   4.9377775e+01   5.6000000e+01   4.1362264e+00
   4.9387775e+01   5.6000000e+01   4.1362264e+00
   4.9397775e+01   5.6000000e+01   4.1362264e+00
   4.9407775e+01   5.6000000e+01   4.1362264e+00
   4.9417775e+01   5.6000000e+01   4.1362264e+00
   4.9427775e+01   5.6000000e+01   4.1362264e+00
   4.9437775e+01   5.6000000e+01   4.1362264e+00
   4.9447775e+01   5.6000000e+01   4.1362264e+00
   4.9457775e+01   5.6000000e+01   4.1362264e+00
   4.9467775e+01   5.6000000e+01   4.1362264e+00
   4.9477775e+01   5.6000000e+01   4.1362264e+00
   4.9487775e+01   5.6000000e+01   4.1362264e+00
   4.9497775e+01   5.6000000e+01   4.1362264e+00
   4.9507775e+01   5.6000000e+01   4.1362264e+00
   4.9517775e+01   5.6000000e+01   4.1362264e+00
   4.9527775e+01   5.6000000e+01   4.1362264e+00
   4.9537775e+01   5.6000000e+01   4.1362264e+00
   4.9547775e+01   5.6000000e+01   4.1362264e+00
   4.9557775e+01   5.6000000e+01   4.1362264e+00
   4.9567775e+01   5.6000000e+01   4.1362264e+00
   4.9577775e+01   5.6000000e+01   4.1362264e+00
   4.9587775e+01   5.6000000e+01   4.1362264e+00
   4.9597775e+01   5.6000000e+01   4.1362264e+00
   4.9607775e+01   5.6000000e+01   4.1362264e+00
   4.9617775e+01   5.6000000e+01   4.1362264e+00
   4.9627775e+01   5.6000000e+01   4.1362264e+00
   4.9637775e+01   5.6000000e+01   4.1362264e+00
   4.9647775e+01   5.6000000e+01   4.1362264e+00
   4.9657775e+01   5.6000000e+01   4.1362264e+00
   4.9667775e+01   5.6000000e+01   4.1362264e+00
   4.9669817e+01   5.6000000e+01   4.1362264e+00
   4.9669817e+01   5.7000000e+01   4.0612083e+00
   4.9669817e+01   5.7000000e+01   4.0612083e+00
   4.9679817e+01   5.7000000e+01   4.0612083e+00
   4.9689817e+01   5.7000000e+01   4.0612083e+00
   4.9699817e+01   5.7000000e+01   4.0612083e+00
   4.9709817e+01   5.7000000e+01   4.0612083e+00
   4.9719817e+01   5.7000000e+01   4.0612083e+00
   4.9729817e+01   5.7000000e+01   4.0612083e+00
   4.9739817e+01   5.7000000e+01   4.0612083e+00
   4.9749817e+01   5.7000000e+01   4.0612083e+00
   4.9759817e+01   5.7000000e+01   4.0612083e+00
   4.9769817e+01   5.7000000e+01   4.0612083e+00
   4.9779817e+01   5.7000000e+01   4.0612083e+00
   4.9789817e+01   5.7000000e+01   4.0612083e+00
   4.9799817e+01   5.7000000e+01   4.0612083e+00
   4.9809817e+01   5.7000000e+01   4.0612083e+00
   4.9819817e+01   5.7000000e+01   4.0612083e+00
   4.9829817e+01   5.7000000e+01   4.0612083e+00
   4.9839817e+01   5.7000000e+01   4.0612083e+00
   4.9849817e+01   5.7000000e+01   4.0612083e+00
   4.9859817e+01   5.7000000e+01   4.0612083e+00
   4.9869817e+01   5.7000000e+01   4.0612083e+00
   4.9879817e+01   5.7000000e+01   4.0612083e+00
   4.9889817e+01   5.7000000e+01   4.0612083e+00
   4.9899817e+01   5.7000000e+01   4.0612083e+00
   4.9909817e+01   5.7000000e+01   4.0612083e+00
   4.9919817e+01   5.7000000e+01   4.0612083e+00
   4.9929817e+01   5.7000000e+01   4.0612083e+00
   4.9939817e+01   5.7000000e+01   4.0612083e+00
   4.9949817e+01   5.7000000e+01   4.0612083e+00
   4.9959817e+01   5.7000000e+01   4.0612083e+00
   4.9969817e+01   5.7000000e+01   4.0612083e+00
   4.9979817e+01   5.7000000e+01   4.0612083e+00
   4.9989817e+01   5.7000000e+01   4.0612083e+00
   4.9999817e+01   5.7000000e+01   4.0612083e+00
   5.0009817e+01   5.7000000e+01   4.0612083e+00
   5.0019817e+01   5.7000000e+01   4.0612083e+00
   5.0029817e+01   5.7000000e+01   4.0612083e+00
   5.0039817e+01   5.7000000e+01   4.0612083e+00
   5.0049817e+01   5.7000000e+01   4.0612083e+00
   5.0059817e+01   5.7000000e+01   4.0612083e+00
   5.0069817e+01   5.7000000e+01   4.0612083e+00
   5.0079817e+01   5.7000000e+01   4.0612083e+00
   5.0089817e+01   5.7000000e+01   4.0612083e+00
   5.0099817e+01   5.7000000e+01   4.0612083e+00
   5.0109817e+01   5.7000000e+01   4.0612083e+00
   5.0119817e+01   5.7000000e+01   4.0612083e+00
   5.0129817e+01   5.7000000e+01   4.0612083e+00
   5.0139817e+01   5.7000000e+01   4.0612083e+00
   5.0149817e+01   5.7000000e+01   4.0612083e+00
   5.0159817e+01   5.7000000e+01   4.0612083e+00
   5.0169817e+01   5.7000000e+01   4.0612083e+00
   5.0179817e+01   5.7000000e+01   4.0612083e+00
   5.0189817e+01   5.7000000e+01   4.0612083e+00
   5.0199817e+01   5.7000000e+01   4.0612083e+00
   5.0209817e+01   5.7000000e+01   4.0612083e+00
   5.0219817e+01   5.7000000e+01   4.0612083e+00
   5.0229817e+01   5.7000000e+01   4.0612083e+00
   5.0239817e+01   5.7000000e+01   4.0612083e+00
   5.0249817e+01   5.7000000e+01   4.0612083e+00
   5.0259817e+01   5.7000000e+01   4.0612083e+00
   5.0269817e+01   5.7000000e+01   4.0612083e+00
   5.0279817e+01   5.7000000e+01   4.0612083e+00
   5.0289817e+01   5.7000000e+01   4.0612083e+00
   5.0299817e+01   5.7000000e+01   4.0612083e+00
   5.0309817e+01   5.7000000e+01   4.0612083e+00
   5.0319817e+01   5.7000000e+01   4.0612083e+00
   5.0329817e+01   5.7000000e+01   4.0612083e+00
   5.0339817e+01   5.7000000e+01   4.0612083e+00
   5.0349817e+01   5.7000000e+01   4.0612083e+00
   5.0359817e+01   5.7000000e+01   4.0612083e+00
   5.0369817e+01   5.7000000e+01   4.0612083e+00
   5.0379817e+01   5.7000000e+01   4.0612083e+00
   5.0389817e+01   5.7000000e+01   4.0612083e+00
   5.0399817e+01   5.7000000e+01   4.0612083e+00
   5.0409817e+01   5.7000000e+01   4.0612083e+00
   5.0419817e+01   5.7000000e+01   4.0612083e+00
   5.0429817e+01   5.7000000e+01   4.0612083e+00
   5.0439817e+01   5.7000000e+01   4.0612083e+00
   5.0449817e+01   5.7000000e+01   4.0612083e+00
   5.0459817e+01   5.7000000e+01   4.0612083e+00
   5.0469817e+01   5.7000000e+01   4.0612083e+00
   5.0479817e+01   5.7000000e+01   4.0612083e+00
   5.0489817e+01   5.7000000e+01   4.0612083e+00
   5.0499817e+01   5.7000000e+01   4.0612083e+00
   5.0509817e+01   5.7000000e+01   4.0612083e+00
   5.0519817e+01   5.7000000e+01   4.0612083e+00
   5.0529817e+01   5.7000000e+01   4.0612083e+00
   5.0539817e+01   5.7000000e+01   4.0612083e+00
   5.0549817e+01   5.7000000e+01   4.0612083e+00
   5.0559817e+01   5.7000000e+01   4.0612083e+00
   5.0569817e+01   5.7000000e+01   4.0612083e+00
   5.0579817e+01   5.7000000e+01   4.0612083e+00
   5.0589817e+01   5.7000000e+01   4.0612083e+00
   5.0599817e+01   5.7000000e+01   4.0612083e+00
   5.0609817e+01   5.7000000e+01   4.0612083e+00
   5.0619817e+01   5.7000000e+01   4.0612083e+00
   5.0629817e+01   5.7000000e+01   4.0612083e+00
   5.0639817e+01   5.7000000e+01   4.0612083e+00
   5.0649817e+01   5.7000000e+01   4.0612083e+00
   5.0659817e+01   5.7000000e+01   4.0612083e+00
   5.0669817e+01   5.7000000e+01   4.0612083e+00
   5.0679817e+01   5.7000000e+01   4.0612083e+00
   5.0689817e+01   5.7000000e+01   4.0612083e+00
   5.0699817e+01   5.7000000e+01   4.0612083e+00
   5.0709817e+01   5.7000000e+01   4.0612083e+00
   5.0719817e+01   5.7000000e+01   4.0612083e+00
   5.0729817e+01   5.7000000e+01   4.0612083e+00
   5.0739817e+01   5.7000000e+01   4.0612083e+00
   5.0749817e+01   5.7000000e+01   4.0612083e+00
   5.0759817e+01   5.7000000e+01   4.0612083e+00
   5.0769817e+01   5.7000000e+01   4.0612083e+00
   5.0779817e+01   5.7000000e+01   4.0612083e+00
   5.0789817e+01   5.7000000e+01   4.0612083e+00
   5.0799817e+01   5.7000000e+01   4.0612083e+00
   5.0809817e+01   5.7000000e+01   4.0612083e+00
   5.0819817e+01   5.7000000e+01   4.0612083e+00
   5.0829817e+01   5.7000000e+01   4.0612083e+00
   5.0839817e+01   5.7000000e+01   4.0612083e+00
   5.0849817e+01   5.7000000e+01   4.0612083e+00
   5.0859817e+01   5.7000000e+01   4.0612083e+00
   5.0869817e+01   5.7000000e+01   4.0612083e+00
   5.0879817e+01   5.7000000e+01   4.0612083e+00
   5.0889817e+01   5.7000000e+01   4.0612083e+00
   5.0899817e+01   5.7000000e+01   4.0612083e+00
   5.0909817e+01   5.7000000e+01   4.0612083e+00
   5.0919817e+01   5.7000000e+01   4.0612083e+00
   5.0929817e+01   5.7000000e+01   4.0612083e+00
   5.0939817e+01   5.7000000e+01   4.0612083e+00
   5.0949817e+01   5.7000000e+01   4.0612083e+00
   5.0959817e+01   5.7000000e+01   4.0612083e+00
   5.0969817e+01   5.7000000e+01   4.0612083e+00
   5.0979817e+01   5.7000000e+01   4.0612083e+00
   5.0989817e+01   5.7000000e+01   4.0612083e+00
   5.0999817e+01   5.7000000e+01   4.0612083e+00
   5.1009817e+01   5.7000000e+01   4.0612083e+00
   5.1019817e+01   5.7000000e+01   4.0612083e+00
   5.1029817e+01   5.7000000e+01   4.0612083e+00
   5.1039817e+01   5.7000000e+01   4.0612083e+00
   5.1049817e+01   5.7000000e+01   4.0612083e+00
   5.1059817e+01   5.7000000e+01   4.0612083e+00
   5.1069817e+01   5.7000000e+01   4.0612083e+00
   5.1079817e+01   5.7000000e+01   4.0612083e+00
   5.1089817e+01   5.7000000e+01   4.0612083e+00
   5.1099817e+01   5.7000000e+01   4.0612083e+00
   5.1109817e+01   5.7000000e+01   4.0612083e+00
   5.1119817e+01   5.7000000e+01   4.0612083e+00
   5.1125770e+01   5.7000000e+01   4.0612083e+00
   5.1125770e+01   5.8000000e+01   3.9831267e+00
   5.1125770e+01   5.8000000e+01   3.9831267e+00
   5.1135770e+01   5.8000000e+01   3.9831267e+00
   5.1145770e+01   5.8000000e+01   3.9831267e+00
   5.1155770e+01   5.8000000e+01   3.9831267e+00
   5.1165770e+01   5.8000000e+01   3.9831267e+00
   5.1175770e+01   5.8000000e+01   3.9831267e+00
   5.1185770e+01   5.8000000e+01   3.9831267e+00
   5.1195770e+01   5.8000000e+01   3.9831267e+00
   5.1205770e+01   5.8000000e+01   3.9831267e+00
   5.1215770e+01   5.8000000e+01   3.9831267e+00
   5.1225770e+01   5.8000000e+01   3.9831267e+00
   5.1235770e+01   5.8000000e+01   3.9831267e+00
   5.1245770e+01   5.8000000e+01   3.9831267e+00
   5.1255770e+01   5.8000000e+01   3.9831267e+00
   5.1265770e+01   5.8000000e+01   3.9831267e+00
   5.1275770e+01   5.8000000e+01   3.9831267e+00
   5.1285770e+01   5.8000000e+01   3.9831267e+00
   5.1295770e+01   5.8000000e+01   3.9831267e+00
   5.1305770e+01   5.8000000e+01   3.9831267e+00
   5.1315770e+01   5.8000000e+01   3.9831267e+00
   5.1325770e+01   5.8000000e+01   3.9831267e+00
   5.1335770e+01   5.8000000e+01   3.9831267e+00
   5.1345770e+01   5.8000000e+01   3.9831267e+00
   5.1355770e+01   5.8000000e+01   3.9831267e+00
   5.1365770e+01   5.8000000e+01   3.9831267e+00
   5.1375770e+01   5.8000000e+01   3.9831267e+00
   5.1385770e+01   5.8000000e+01   3.9831267e+00
   5.1395770e+01   5.8000000e+01   3.9831267e+00
   5.1405770e+01   5.8000000e+01   3.9831267e+00
   5.1415770e+01   5.8000000e+01   3.9831267e+00
   5.1425770e+01   5.8000000e+01   3.9831267e+00
   5.1435770e+01   5.8000000e+01   3.9831267e+00
   5.1445770e+01   5.8000000e+01   3.9831267e+00
   5.1455770e+01   5.8000000e+01   3.9831267e+00
   5.1465770e+01   5.8000000e+01   3.9831267e+00
   5.1475770e+01   5.8000000e+01   3.9831267e+00
   5.1485770e+01   5.8000000e+01   3.9831267e+00
   5.1495770e+01   5.8000000e+01   3.9831267e+00
   5.1505770e+01   5.8000000e+01   3.9831267e+00
   5.1515770e+01   5.8000000e+01   3.9831267e+00
   5.1525770e+01   5.8000000e+01   3.9831267e+00
   5.1535770e+01   5.8000000e+01   3.9831267e+00
   5.1545770e+01   5.8000000e+01   3.9831267e+00
   5.1555770e+01   5.8000000e+01   3.9831267e+00
   5.1565770e+01   5.8000000e+01   3.9831267e+00
   5.1575770e+01   5.8000000e+01   3.9831267e+00
   5.1585770e+01   5.8000000e+01   3.9831267e+00
   5.1595770e+01   5.8000000e+01   3.9831267e+00
   5.1605770e+01   5.8000000e+01   3.9831267e+00
   5.1615770e+01   5.8000000e+01   3.9831267e+00
   5.1625770e+01   5.8000000e+01   3.9831267e+00
   5.1635770e+01   5.8000000e+01   3.9831267e+00
   5.1645770e+01   5.8000000e+01   3.9831267e+00
   5.1655770e+01   5.8000000e+01   3.9831267e+00
   5.1665770e+01   5.8000000e+01   3.9831267e+00
   5.1675770e+01   5.8000000e+01   3.9831267e+00
   5.1685770e+01   5.8000000e+01   3.9831267e+00
   5.1695770e+01   5.8000000e+01   3.9831267e+00
   5.1705770e+01   5.8000000e+01   3.9831267e+00
   5.1715770e+01   5.8000000e+01   3.9831267e+00
   5.1725770e+01   5.8000000e+01   3.9831267e+00
   5.1735770e+01   5.8000000e+01   3.9831267e+00
   5.1745770e+01   5.8000000e+01   3.9831267e+00
   5.1755770e+01   5.8000000e+01   3.9831267e+00
   5.1765770e+01   5.8000000e+01   3.9831267e+00
   5.1775770e+01   5.8000000e+01   3.9831267e+00
   5.1785770e+01   5.8000000e+01   3.9831267e+00
   5.1795770e+01   5.8000000e+01   3.9831267e+00
   5.1805770e+01   5.8000000e+01   3.9831267e+00
   5.1815770e+01   5.8000000e+01   3.9831267e+00
   5.1825770e+01   5.8000000e+01   3.9831267e+00
   5.1835770e+01   5.8000000e+01   3.9831267e+00
   5.1845770e+01   5.8000000e+01   3.9831267e+00
   5.1855770e+01   5.8000000e+01   3.9831267e+00
   5.1865770e+01   5.8000000e+01   3.9831267e+00
   5.1875770e+01   5.8000000e+01   3.9831267e+00
   5.1885770e+01   5.8000000e+01   3.9831267e+00
   5.1895770e+01   5.8000000e+01   3.9831267e+00
   5.1905770e+01   5.8000000e+01   3.9831267e+00
   5.1915770e+01   5.8000000e+01   3.9831267e+00
   5.1925770e+01   5.8000000e+01   3.9831267e+00
   5.1935770e+01   5.8000000e+01   3.9831267e+00
   5.1945770e+01   5.8000000e+01   3.9831267e+00
   5.1955770e+01   5.8000000e+01   3.9831267e+00
   5.1965770e+01   5.8000000e+01   3.9831267e+00
   5.1975770e+01   5.8000000e+01   3.9831267e+00
   5.1985770e+01   5.8000000e+01   3.9831267e+00
   5.1995770e+01   5.8000000e+01   3.9831267e+00
   5.2005770e+01   5.8000000e+01   3.9831267e+00
   5.2015770e+01   5.8000000e+01   3.9831267e+00
   5.2025770e+01   5.8000000e+01   3.9831267e+00
   5.2035770e+01   5.8000000e+01   3.9831267e+00
   5.2045770e+01   5.8000000e+01   3.9831267e+00
   5.2055770e+01   5.8000000e+01   3.9831267e+00
   5.2065770e+01   5.8000000e+01   3.9831267e+00
   5.2075770e+01   5.8000000e+01   3.9831267e+00
   5.2085770e+01   5.8000000e+01   3.9831267e+00
   5.2095770e+01   5.8000000e+01   3.9831267e+00
   5.2105770e+01   5.8000000e+01   3.9831267e+00
   5.2115770e+01   5.8000000e+01   3.9831267e+00
   5.2125770e+01   5.8000000e+01   3.9831267e+00
   5.2135770e+01   5.8000000e+01   3.9831267e+00
   5.2145770e+01   5.8000000e+01   3.9831267e+00
   5.2155770e+01   5.8000000e+01   3.9831267e+00
   5.2165770e+01   5.8000000e+01   3.9831267e+00
   5.2175770e+01   5.8000000e+01   3.9831267e+00
   5.2185770e+01   5.8000000e+01   3.9831267e+00
   5.2195770e+01   5.8000000e+01   3.9831267e+00
   5.2205770e+01   5.8000000e+01   3.9831267e+00
   5.2215770e+01   5.8000000e+01   3.9831267e+00
   5.2225770e+01   5.8000000e+01   3.9831267e+00
   5.2235770e+01   5.8000000e+01   3.9831267e+00
   5.2245770e+01   5.8000000e+01   3.9831267e+00
   5.2255770e+01   5.8000000e+01   3.9831267e+00
   5.2265770e+01   5.8000000e+01   3.9831267e+00
   5.2275770e+01   5.8000000e+01   3.9831267e+00
   5.2285770e+01   5.8000000e+01   3.9831267e+00
   5.2295770e+01   5.8000000e+01   3.9831267e+00
   5.2305770e+01   5.8000000e+01   3.9831267e+00
   5.2315770e+01   5.8000000e+01   3.9831267e+00
   5.2325770e+01   5.8000000e+01   3.9831267e+00
   5.2335770e+01   5.8000000e+01   3.9831267e+00
   5.2345770e+01   5.8000000e+01   3.9831267e+00
   5.2355770e+01   5.8000000e+01   3.9831267e+00
   5.2365770e+01   5.8000000e+01   3.9831267e+00
   5.2375770e+01   5.8000000e+01   3.9831267e+00
   5.2385770e+01   5.8000000e+01   3.9831267e+00
   5.2395770e+01   5.8000000e+01   3.9831267e+00
   5.2405770e+01   5.8000000e+01   3.9831267e+00
   5.2415770e+01   5.8000000e+01   3.9831267e+00
   5.2425770e+01   5.8000000e+01   3.9831267e+00
   5.2435770e+01   5.8000000e+01   3.9831267e+00
   5.2445770e+01   5.8000000e+01   3.9831267e+00
   5.2455770e+01   5.8000000e+01   3.9831267e+00
   5.2465770e+01   5.8000000e+01   3.9831267e+00
   5.2475770e+01   5.8000000e+01   3.9831267e+00
   5.2485770e+01   5.8000000e+01   3.9831267e+00
   5.2495770e+01   5.8000000e+01   3.9831267e+00
   5.2505770e+01   5.8000000e+01   3.9831267e+00
   5.2515770e+01   5.8000000e+01   3.9831267e+00
   5.2525770e+01   5.8000000e+01   3.9831267e+00
   5.2535770e+01   5.8000000e+01   3.9831267e+00
   5.2545770e+01   5.8000000e+01   3.9831267e+00
   5.2555770e+01   5.8000000e+01   3.9831267e+00
   5.2565770e+01   5.8000000e+01   3.9831267e+00
   5.2575770e+01   5.8000000e+01   3.9831267e+00
   5.2585770e+01   5.8000000e+01   3.9831267e+00
   5.2595297e+01   5.8000000e+01   3.9831267e+00
   5.2595297e+01   5.9000000e+01   3.9019932e+00
   5.2595297e+01   5.9000000e+01   3.9019932e+00
   5.2605297e+01   5.9000000e+01   3.9019932e+00
   5.2615297e+01   5.9000000e+01   3.9019932e+00
   5.2625297e+01   5.9000000e+01   3.9019932e+00
   5.2635297e+01   5.9000000e+01   3.9019932e+00
   5.2645297e+01   5.9000000e+01   3.9019932e+00
   5.2655297e+01   5.9000000e+01   3.9019932e+00
   5.2665297e+01   5.9000000e+01   3.9019932e+00
   5.2675297e+01   5.9000000e+01   3.9019932e+00
   5.2685297e+01   5.9000000e+01   3.9019932e+00
   5.2695297e+01   5.9000000e+01   3.9019932e+00
   5.2705297e+01   5.9000000e+01   3.9019932e+00
   5.2715297e+01   5.9000000e+01   3.9019932e+00
   5.2725297e+01   5.9000000e+01   3.9019932e+00
   5.2735297e+01   5.9000000e+01   3.9019932e+00
   5.2745297e+01   5.9000000e+01   3.9019932e+00
   5.2755297e+01   5.9000000e+01   3.9019932e+00
   5.2765297e+01   5.9000000e+01   3.9019932e+00
   5.2775297e+01   5.9000000e+01   3.9019932e+00
   5.2785297e+01   5.9000000e+01   3.9019932e+00
   5.2795297e+01   5.9000000e+01   3.9019932e+00
   5.2805297e+01   5.9000000e+01   3.9019932e+00
   5.2815297e+01   5.9000000e+01   3.9019932e+00
   5.2825297e+01   5.9000000e+01   3.9019932e+00
   5.2835297e+01   5.9000000e+01   3.9019932e+00
   5.2845297e+01   5.9000000e+01   3.9019932e+00
   5.2855297e+01   5.9000000e+01   3.9019932e+00
   5.2865297e+01   5.9000000e+01   3.9019932e+00
   5.2875297e+01   5.9000000e+01   3.9019932e+00
   5.2885297e+01   5.9000000e+01   3.9019932e+00
   5.2895297e+01   5.9000000e+01   3.9019932e+00
   5.2905297e+01   5.9000000e+01   3.9019932e+00
   5.2915297e+01   5.9000000e+01   3.9019932e+00
   5.2925297e+01   5.9000000e+01   3.9019932e+00
   5.2935297e+01   5.9000000e+01   3.9019932e+00
   5.2945297e+01   5.9000000e+01   3.9019932e+00
   5.2955297e+01   5.9000000e+01   3.9019932e+00
   5.2965297e+01   5.9000000e+01   3.9019932e+00
   5.2975297e+01   5.9000000e+01   3.9019932e+00
   5.2985297e+01   5.9000000e+01   3.9019932e+00
   5.2995297e+01   5.9000000e+01   3.9019932e+00
   5.3005297e+01   5.9000000e+01   3.9019932e+00
   5.3015297e+01   5.9000000e+01   3.9019932e+00
   5.3025297e+01   5.9000000e+01   3.9019932e+00
   5.3035297e+01   5.9000000e+01   3.9019932e+00
   5.3045297e+01   5.9000000e+01   3.9019932e+00
   5.3055297e+01   5.9000000e+01   3.9019932e+00
   5.3065297e+01   5.9000000e+01   3.9019932e+00
   5.3075297e+01   5.9000000e+01   3.9019932e+00
   5.3085297e+01   5.9000000e+01   3.9019932e+00
   5.3095297e+01   5.9000000e+01   3.9019932e+00
   5.3105297e+01   5.9000000e+01   3.9019932e+00
   5.3115297e+01   5.9000000e+01   3.9019932e+00
   5.3125297e+01   5.9000000e+01   3.9019932e+00
   5.3135297e+01   5.9000000e+01   3.9019932e+00
   5.3145297e+01   5.9000000e+01   3.9019932e+00
   5.3155297e+01   5.9000000e+01   3.9019932e+00
   5.3165297e+01   5.9000000e+01   3.9019932e+00
   5.3175297e+01   5.9000000e+01   3.9019932e+00
   5.3185297e+01   5.9000000e+01   3.9019932e+00
   5.3195297e+01   5.9000000e+01   3.9019932e+00
   5.3205297e+01   5.9000000e+01   3.9019932e+00
   5.3215297e+01   5.9000000e+01   3.9019932e+00
   5.3225297e+01   5.9000000e+01   3.9019932e+00
   5.3235297e+01   5.9000000e+01   3.9019932e+00
   5.3245297e+01   5.9000000e+01   3.9019932e+00
   5.3255297e+01   5.9000000e+01   3.9019932e+00
   5.3265297e+01   5.9000000e+01   3.9019932e+00
   5.3275297e+01   5.9000000e+01   3.9019932e+00
   5.3285297e+01   5.9000000e+01   3.9019932e+00
   5.3295297e+01   5.9000000e+01   3.9019932e+00
   5.3305297e+01   5.9000000e+01   3.9019932e+00
   5.3315297e+01   5.9000000e+01   3.9019932e+00
   5.3325297e+01   5.9000000e+01   3.9019932e+00
   5.3335297e+01   5.9000000e+01   3.9019932e+00
   5.3345297e+01   5.9000000e+01   3.9019932e+00
   5.3355297e+01   5.9000000e+01   3.9019932e+00
   5.3365297e+01   5.9000000e+01   3.9019932e+00
   5.3375297e+01   5.9000000e+01   3.9019932e+00
   5.3385297e+01   5.9000000e+01   3.9019932e+00
   5.3395297e+01   5.9000000e+01   3.9019932e+00
   5.3405297e+01   5.9000000e+01   3.9019932e+00
   5.3415297e+01   5.9000000e+01   3.9019932e+00
   5.3425297e+01   5.9000000e+01   3.9019932e+00
   5.3435297e+01   5.9000000e+01   3.9019932e+00
   5.3445297e+01   5.9000000e+01   3.9019932e+00
   5.3455297e+01   5.9000000e+01   3.9019932e+00
   5.3465297e+01   5.9000000e+01   3.9019932e+00
   5.3475297e+01   5.9000000e+01   3.9019932e+00
   5.3485297e+01   5.9000000e+01   3.9019932e+00
   5.3495297e+01   5.9000000e+01   3.9019932e+00
   5.3505297e+01   5.9000000e+01   3.9019932e+00
   5.3515297e+01   5.9000000e+01   3.9019932e+00
   5.3525297e+01   5.9000000e+01   3.9019932e+00
   5.3535297e+01   5.9000000e+01   3.9019932e+00
   5.3545297e+01   5.9000000e+01   3.9019932e+00
   5.3555297e+01   5.9000000e+01   3.9019932e+00
   5.3565297e+01   5.9000000e+01   3.9019932e+00
   5.3575297e+01   5.9000000e+01   3.9019932e+00
   5.3585297e+01   5.9000000e+01   3.9019932e+00
   5.3595297e+01   5.9000000e+01   3.9019932e+00
   5.3605297e+01   5.9000000e+01   3.9019932e+00
   5.3615297e+01   5.9000000e+01   3.9019932e+00
   5.3625297e+01   5.9000000e+01   3.9019932e+00
   5.3635297e+01   5.9000000e+01   3.9019932e+00
   5.3645297e+01   5.9000000e+01   3.9019932e+00
   5.3655297e+01   5.9000000e+01   3.9019932e+00
   5.3665297e+01   5.9000000e+01   3.9019932e+00
   5.3675297e+01   5.9000000e+01   3.9019932e+00
   5.3685297e+01   5.9000000e+01   3.9019932e+00
   5.3695297e+01   5.9000000e+01   3.9019932e+00
   5.3705297e+01   5.9000000e+01   3.9019932e+00
   5.3715297e+01   5.9000000e+01   3.9019932e+00
   5.3725297e+01   5.9000000e+01   3.9019932e+00
   5.3735297e+01   5.9000000e+01   3.9019932e+00
   5.3745297e+01   5.9000000e+01   3.9019932e+00
   5.3755297e+01   5.9000000e+01   3.9019932e+00
   5.3765297e+01   5.9000000e+01   3.9019932e+00
   5.3775297e+01   5.9000000e+01   3.9019932e+00
   5.3785297e+01   5.9000000e+01   3.9019932e+00
   5.3795297e+01   5.9000000e+01   3.9019932e+00
   5.3805297e+01   5.9000000e+01   3.9019932e+00
   5.3815297e+01   5.9000000e+01   3.9019932e+00
   5.3825297e+01   5.9000000e+01   3.9019932e+00
   5.3835297e+01   5.9000000e+01   3.9019932e+00
   5.3845297e+01   5.9000000e+01   3.9019932e+00
   5.3855297e+01   5.9000000e+01   3.9019932e+00
   5.3865297e+01   5.9000000e+01   3.9019932e+00
   5.3875297e+01   5.9000000e+01   3.9019932e+00
   5.3885297e+01   5.9000000e+01   3.9019932e+00
   5.3895297e+01   5.9000000e+01   3.9019932e+00
   5.3905297e+01   5.9000000e+01   3.9019932e+00
   5.3915297e+01   5.9000000e+01   3.9019932e+00
   5.3925297e+01   5.9000000e+01   3.9019932e+00
   5.3935297e+01   5.9000000e+01   3.9019932e+00
   5.3945297e+01   5.9000000e+01   3.9019932e+00
   5.3955297e+01   5.9000000e+01   3.9019932e+00
   5.3965297e+01   5.9000000e+01   3.9019932e+00
   5.3975297e+01   5.9000000e+01   3.9019932e+00
   5.3985297e+01   5.9000000e+01   3.9019932e+00
   5.3995297e+01   5.9000000e+01   3.9019932e+00
   5.4005297e+01   5.9000000e+01   3.9019932e+00
   5.4015297e+01   5.9000000e+01   3.9019932e+00
   5.4025297e+01   5.9000000e+01   3.9019932e+00
   5.4035297e+01   5.9000000e+01   3.9019932e+00
   5.4045297e+01   5.9000000e+01   3.9019932e+00
   5.4055297e+01   5.9000000e+01   3.9019932e+00
   5.4065297e+01   5.9000000e+01   3.9019932e+00
   5.4075297e+01   5.9000000e+01   3.9019932e+00
   5.4078056e+01   5.9000000e+01   3.9019932e+00
   5.4078056e+01   6.0000000e+01   3.8178192e+00
   5.4078056e+01   6.0000000e+01   3.8178192e+00
   5.4088056e+01   6.0000000e+01   3.8178192e+00
   5.4098056e+01   6.0000000e+01   3.8178192e+00
   5.4108056e+01   6.0000000e+01   3.8178192e+00
   5.4118056e+01   6.0000000e+01   3.8178192e+00
   5.4128056e+01   6.0000000e+01   3.8178192e+00
   5.4138056e+01   6.0000000e+01   3.8178192e+00
   5.4148056e+01   6.0000000e+01   3.8178192e+00
   5.4158056e+01   6.0000000e+01   3.8178192e+00
   5.4168056e+01   6.0000000e+01   3.8178192e+00
   5.4178056e+01   6.0000000e+01   3.8178192e+00
   5.4188056e+01   6.0000000e+01   3.8178192e+00
   5.4198056e+01   6.0000000e+01   3.8178192e+00
   5.4208056e+01   6.0000000e+01   3.8178192e+00
   5.4218056e+01   6.0000000e+01   3.8178192e+00
   5.4228056e+01   6.0000000e+01   3.8178192e+00
   5.4238056e+01   6.0000000e+01   3.8178192e+00
   5.4248056e+01   6.0000000e+01   3.8178192e+00
   5.4258056e+01   6.0000000e+01   3.8178192e+00
   5.4268056e+01   6.0000000e+01   3.8178192e+00
   5.4278056e+01   6.0000000e+01   3.8178192e+00
   5.4288056e+01   6.0000000e+01   3.8178192e+00
   5.4298056e+01   6.0000000e+01   3.8178192e+00
   5.4308056e+01   6.0000000e+01   3.8178192e+00
   5.4318056e+01   6.0000000e+01   3.8178192e+00
   5.4328056e+01   6.0000000e+01   3.8178192e+00
   5.4338056e+01   6.0000000e+01   3.8178192e+00
   5.4348056e+01   6.0000000e+01   3.8178192e+00
   5.4358056e+01   6.0000000e+01   3.8178192e+00
   5.4368056e+01   6.0000000e+01   3.8178192e+00
   5.4378056e+01   6.0000000e+01   3.8178192e+00
   5.4388056e+01   6.0000000e+01   3.8178192e+00
   5.4398056e+01   6.0000000e+01   3.8178192e+00
   5.4408056e+01   6.0000000e+01   3.8178192e+00
   5.4418056e+01   6.0000000e+01   3.8178192e+00
   5.4428056e+01   6.0000000e+01   3.8178192e+00
   5.4438056e+01   6.0000000e+01   3.8178192e+00
   5.4448056e+01   6.0000000e+01   3.8178192e+00
   5.4458056e+01   6.0000000e+01   3.8178192e+00
   5.4468056e+01   6.0000000e+01   3.8178192e+00
   5.4478056e+01   6.0000000e+01   3.8178192e+00
   5.4488056e+01   6.0000000e+01   3.8178192e+00
   5.4498056e+01   6.0000000e+01   3.8178192e+00
   5.4508056e+01   6.0000000e+01   3.8178192e+00
   5.4518056e+01   6.0000000e+01   3.8178192e+00
   5.4528056e+01   6.0000000e+01   3.8178192e+00
   5.4538056e+01   6.0000000e+01   3.8178192e+00
   5.4548056e+01   6.0000000e+01   3.8178192e+00
   5.4558056e+01   6.0000000e+01   3.8178192e+00
   5.4568056e+01   6.0000000e+01   3.8178192e+00
   5.4578056e+01   6.0000000e+01   3.8178192e+00
   5.4588056e+01   6.0000000e+01   3.8178192e+00
   5.4598056e+01   6.0000000e+01   3.8178192e+00
   5.4608056e+01   6.0000000e+01   3.8178192e+00
   5.4618056e+01   6.0000000e+01   3.8178192e+00
   5.4628056e+01   6.0000000e+01   3.8178192e+00
   5.4638056e+01   6.0000000e+01   3.8178192e+00
   5.4648056e+01   6.0000000e+01   3.8178192e+00
   5.4658056e+01   6.0000000e+01   3.8178192e+00
   5.4668056e+01   6.0000000e+01   3.8178192e+00
   5.4678056e+01   6.0000000e+01   3.8178192e+00
   5.4688056e+01   6.0000000e+01   3.8178192e+00
   5.4698056e+01   6.0000000e+01   3.8178192e+00
   5.4708056e+01   6.0000000e+01   3.8178192e+00
   5.4718056e+01   6.0000000e+01   3.8178192e+00
   5.4728056e+01   6.0000000e+01   3.8178192e+00
   5.4738056e+01   6.0000000e+01   3.8178192e+00
   5.4748056e+01   6.0000000e+01   3.8178192e+00
   5.4758056e+01   6.0000000e+01   3.8178192e+00
   5.4768056e+01   6.0000000e+01   3.8178192e+00
   5.4778056e+01   6.0000000e+01   3.8178192e+00
   5.4788056e+01   6.0000000e+01   3.8178192e+00
   5.4798056e+01   6.0000000e+01   3.8178192e+00
   5.4808056e+01   6.0000000e+01   3.8178192e+00
   5.4818056e+01   6.0000000e+01   3.8178192e+00
   5.4828056e+01   6.0000000e+01   3.8178192e+00
   5.4838056e+01   6.0000000e+01   3.8178192e+00
   5.4848056e+01   6.0000000e+01   3.8178192e+00
   5.4858056e+01   6.0000000e+01   3.8178192e+00
   5.4868056e+01   6.0000000e+01   3.8178192e+00
   5.4878056e+01   6.0000000e+01   3.8178192e+00
   5.4888056e+01   6.0000000e+01   3.8178192e+00
   5.4898056e+01   6.0000000e+01   3.8178192e+00
   5.4908056e+01   6.0000000e+01   3.8178192e+00
   5.4918056e+01   6.0000000e+01   3.8178192e+00
   5.4928056e+01   6.0000000e+01   3.8178192e+00
   5.4938056e+01   6.0000000e+01   3.8178192e+00
   5.4948056e+01   6.0000000e+01   3.8178192e+00
   5.4958056e+01   6.0000000e+01   3.8178192e+00
   5.4968056e+01   6.0000000e+01   3.8178192e+00
   5.4978056e+01   6.0000000e+01   3.8178192e+00
   5.4988056e+01   6.0000000e+01   3.8178192e+00
   5.4998056e+01   6.0000000e+01   3.8178192e+00
   5.5008056e+01   6.0000000e+01   3.8178192e+00
   5.5018056e+01   6.0000000e+01   3.8178192e+00
   5.5028056e+01   6.0000000e+01   3.8178192e+00
   5.5038056e+01   6.0000000e+01   3.8178192e+00
   5.5048056e+01   6.0000000e+01   3.8178192e+00
   5.5058056e+01   6.0000000e+01   3.8178192e+00
   5.5068056e+01   6.0000000e+01   3.8178192e+00
   5.5078056e+01   6.0000000e+01   3.8178192e+00
   5.5088056e+01   6.0000000e+01   3.8178192e+00
   5.5098056e+01   6.0000000e+01   3.8178192e+00
   5.5108056e+01   6.0000000e+01   3.8178192e+00
   5.5118056e+01   6.0000000e+01   3.8178192e+00
   5.5128056e+01   6.0000000e+01   3.8178192e+00
   5.5138056e+01   6.0000000e+01   3.8178192e+00
   5.5148056e+01   6.0000000e+01   3.8178192e+00
   5.5158056e+01   6.0000000e+01   3.8178192e+00
   5.5168056e+01   6.0000000e+01   3.8178192e+00
   5.5178056e+01   6.0000000e+01   3.8178192e+00
   5.5188056e+01   6.0000000e+01   3.8178192e+00
   5.5198056e+01   6.0000000e+01   3.8178192e+00
   5.5208056e+01   6.0000000e+01   3.8178192e+00
   5.5218056e+01   6.0000000e+01   3.8178192e+00
   5.5228056e+01   6.0000000e+01   3.8178192e+00
   5.5238056e+01   6.0000000e+01   3.8178192e+00
   5.5248056e+01   6.0000000e+01   3.8178192e+00
   5.5258056e+01   6.0000000e+01   3.8178192e+00
   5.5268056e+01   6.0000000e+01   3.8178192e+00
   5.5278056e+01   6.0000000e+01   3.8178192e+00
   5.5288056e+01   6.0000000e+01   3.8178192e+00
   5.5298056e+01   6.0000000e+01   3.8178192e+00
   5.5308056e+01   6.0000000e+01   3.8178192e+00
   5.5318056e+01   6.0000000e+01   3.8178192e+00
   5.5328056e+01   6.0000000e+01   3.8178192e+00
   5.5338056e+01   6.0000000e+01   3.8178192e+00
   5.5348056e+01   6.0000000e+01   3.8178192e+00
   5.5358056e+01   6.0000000e+01   3.8178192e+00
   5.5368056e+01   6.0000000e+01   3.8178192e+00
   5.5378056e+01   6.0000000e+01   3.8178192e+00
   5.5388056e+01   6.0000000e+01   3.8178192e+00
   5.5398056e+01   6.0000000e+01   3.8178192e+00
   5.5408056e+01   6.0000000e+01   3.8178192e+00
   5.5418056e+01   6.0000000e+01   3.8178192e+00
   5.5428056e+01   6.0000000e+01   3.8178192e+00
   5.5438056e+01   6.0000000e+01   3.8178192e+00
   5.5448056e+01   6.0000000e+01   3.8178192e+00
   5.5458056e+01   6.0000000e+01   3.8178192e+00
   5.5468056e+01   6.0000000e+01   3.8178192e+00
   5.5478056e+01   6.0000000e+01   3.8178192e+00
   5.5488056e+01   6.0000000e+01   3.8178192e+00
   5.5498056e+01   6.0000000e+01   3.8178192e+00
   5.5508056e+01   6.0000000e+01   3.8178192e+00
   5.5518056e+01   6.0000000e+01   3.8178192e+00
   5.5528056e+01   6.0000000e+01   3.8178192e+00
   5.5538056e+01   6.0000000e+01   3.8178192e+00
   5.5548056e+01   6.0000000e+01   3.8178192e+00
   5.5558056e+01   6.0000000e+01   3.8178192e+00
   5.5568056e+01   6.0000000e+01   3.8178192e+00
   5.5573702e+01   6.0000000e+01   3.8178192e+00
   5.5573702e+01   6.1000000e+01   3.7306155e+00
   5.5573702e+01   6.1000000e+01   3.7306155e+00
   5.5583702e+01   6.1000000e+01   3.7306155e+00
   5.5593702e+01   6.1000000e+01   3.7306155e+00
   5.5603702e+01   6.1000000e+01   3.7306155e+00
   5.5613702e+01   6.1000000e+01   3.7306155e+00
   5.5623702e+01   6.1000000e+01   3.7306155e+00
   5.5633702e+01   6.1000000e+01   3.7306155e+00
   5.5643702e+01   6.1000000e+01   3.7306155e+00
   5.5653702e+01   6.1000000e+01   3.7306155e+00
   5.5663702e+01   6.1000000e+01   3.7306155e+00
   5.5673702e+01   6.1000000e+01   3.7306155e+00
   5.5683702e+01   6.1000000e+01   3.7306155e+00
   5.5693702e+01   6.1000000e+01   3.7306155e+00
   5.5703702e+01   6.1000000e+01   3.7306155e+00
   5.5713702e+01   6.1000000e+01   3.7306155e+00
   5.5723702e+01   6.1000000e+01   3.7306155e+00
   5.5733702e+01   6.1000000e+01   3.7306155e+00
   5.5743702e+01   6.1000000e+01   3.7306155e+00
   5.5753702e+01   6.1000000e+01   3.7306155e+00
   5.5763702e+01   6.1000000e+01   3.7306155e+00
   5.5773702e+01   6.1000000e+01   3.7306155e+00
   5.5783702e+01   6.1000000e+01   3.7306155e+00
   5.5793702e+01   6.1000000e+01   3.7306155e+00
   5.5803702e+01   6.1000000e+01   3.7306155e+00
   5.5813702e+01   6.1000000e+01   3.7306155e+00
   5.5823702e+01   6.1000000e+01   3.7306155e+00
   5.5833702e+01   6.1000000e+01   3.7306155e+00
   5.5843702e+01   6.1000000e+01   3.7306155e+00
   5.5853702e+01   6.1000000e+01   3.7306155e+00
   5.5863702e+01   6.1000000e+01   3.7306155e+00
   5.5873702e+01   6.1000000e+01   3.7306155e+00
   5.5883702e+01   6.1000000e+01   3.7306155e+00
   5.5893702e+01   6.1000000e+01   3.7306155e+00
   5.5903702e+01   6.1000000e+01   3.7306155e+00
   5.5913702e+01   6.1000000e+01   3.7306155e+00
   5.5923702e+01   6.1000000e+01   3.7306155e+00
   5.5933702e+01   6.1000000e+01   3.7306155e+00
   5.5943702e+01   6.1000000e+01   3.7306155e+00
   5.5953702e+01   6.1000000e+01   3.7306155e+00
   5.5963702e+01   6.1000000e+01   3.7306155e+00
   5.5973702e+01   6.1000000e+01   3.7306155e+00
   5.5983702e+01   6.1000000e+01   3.7306155e+00
   5.5993702e+01   6.1000000e+01   3.7306155e+00
   5.6003702e+01   6.1000000e+01   3.7306155e+00
   5.6013702e+01   6.1000000e+01   3.7306155e+00
   5.6023702e+01   6.1000000e+01   3.7306155e+00
   5.6033702e+01   6.1000000e+01   3.7306155e+00
   5.6043702e+01   6.1000000e+01   3.7306155e+00
   5.6053702e+01   6.1000000e+01   3.7306155e+00
   5.6063702e+01   6.1000000e+01   3.7306155e+00
   5.6073702e+01   6.1000000e+01   3.7306155e+00
   5.6083702e+01   6.1000000e+01   3.7306155e+00
   5.6093702e+01   6.1000000e+01   3.7306155e+00
   5.6103702e+01   6.1000000e+01   3.7306155e+00
   5.6113702e+01   6.1000000e+01   3.7306155e+00
   5.6123702e+01   6.1000000e+01   3.7306155e+00
   5.6133702e+01   6.1000000e+01   3.7306155e+00
   5.6143702e+01   6.1000000e+01   3.7306155e+00
   5.6153702e+01   6.1000000e+01   3.7306155e+00
   5.6163702e+01   6.1000000e+01   3.7306155e+00
   5.6173702e+01   6.1000000e+01   3.7306155e+00
   5.6183702e+01   6.1000000e+01   3.7306155e+00
   5.6193702e+01   6.1000000e+01   3.7306155e+00
   5.6203702e+01   6.1000000e+01   3.7306155e+00
   5.6213702e+01   6.1000000e+01   3.7306155e+00
   5.6223702e+01   6.1000000e+01   3.7306155e+00
   5.6233702e+01   6.1000000e+01   3.7306155e+00
   5.6243702e+01   6.1000000e+01   3.7306155e+00
   5.6253702e+01   6.1000000e+01   3.7306155e+00
   5.6263702e+01   6.1000000e+01   3.7306155e+00
   5.6273702e+01   6.1000000e+01   3.7306155e+00
   5.6283702e+01   6.1000000e+01   3.7306155e+00
   5.6293702e+01   6.1000000e+01   3.7306155e+00
   5.6303702e+01   6.1000000e+01   3.7306155e+00
   5.6313702e+01   6.1000000e+01   3.7306155e+00
   5.6323702e+01   6.1000000e+01   3.7306155e+00
   5.6333702e+01   6.1000000e+01   3.7306155e+00
   5.6343702e+01   6.1000000e+01   3.7306155e+00
   5.6353702e+01   6.1000000e+01   3.7306155e+00
   5.6363702e+01   6.1000000e+01   3.7306155e+00
   5.6373702e+01   6.1000000e+01   3.7306155e+00
   5.6383702e+01   6.1000000e+01   3.7306155e+00
   5.6393702e+01   6.1000000e+01   3.7306155e+00
   5.6403702e+01   6.1000000e+01   3.7306155e+00
   5.6413702e+01   6.1000000e+01   3.7306155e+00
   5.6423702e+01   6.1000000e+01   3.7306155e+00
   5.6433702e+01   6.1000000e+01   3.7306155e+00
   5.6443702e+01   6.1000000e+01   3.7306155e+00
   5.6453702e+01   6.1000000e+01   3.7306155e+00
   5.6463702e+01   6.1000000e+01   3.7306155e+00
   5.6473702e+01   6.1000000e+01   3.7306155e+00
   5.6483702e+01   6.1000000e+01   3.7306155e+00
   5.6493702e+01   6.1000000e+01   3.7306155e+00
   5.6503702e+01   6.1000000e+01   3.7306155e+00
   5.6513702e+01   6.1000000e+01   3.7306155e+00
   5.6523702e+01   6.1000000e+01   3.7306155e+00
   5.6533702e+01   6.1000000e+01   3.7306155e+00
   5.6543702e+01   6.1000000e+01   3.7306155e+00
   5.6553702e+01   6.1000000e+01   3.7306155e+00
   5.6563702e+01   6.1000000e+01   3.7306155e+00
   5.6573702e+01   6.1000000e+01   3.7306155e+00
   5.6583702e+01   6.1000000e+01   3.7306155e+00
   5.6593702e+01   6.1000000e+01   3.7306155e+00
   5.6603702e+01   6.1000000e+01   3.7306155e+00
   5.6613702e+01   6.1000000e+01   3.7306155e+00
   5.6623702e+01   6.1000000e+01   3.7306155e+00
   5.6633702e+01   6.1000000e+01   3.7306155e+00
   5.6643702e+01   6.1000000e+01   3.7306155e+00
   5.6653702e+01   6.1000000e+01   3.7306155e+00
   5.6663702e+01   6.1000000e+01   3.7306155e+00
   5.6673702e+01   6.1000000e+01   3.7306155e+00
   5.6683702e+01   6.1000000e+01   3.7306155e+00
   5.6693702e+01   6.1000000e+01   3.7306155e+00
   5.6703702e+01   6.1000000e+01   3.7306155e+00
   5.6713702e+01   6.1000000e+01   3.7306155e+00
   5.6723702e+01   6.1000000e+01   3.7306155e+00
   5.6733702e+01   6.1000000e+01   3.7306155e+00
   5.6743702e+01   6.1000000e+01   3.7306155e+00
   5.6753702e+01   6.1000000e+01   3.7306155e+00
   5.6763702e+01   6.1000000e+01   3.7306155e+00
   5.6773702e+01   6.1000000e+01   3.7306155e+00
   5.6783702e+01   6.1000000e+01   3.7306155e+00
   5.6793702e+01   6.1000000e+01   3.7306155e+00
   5.6803702e+01   6.1000000e+01   3.7306155e+00
   5.6813702e+01   6.1000000e+01   3.7306155e+00
   5.6823702e+01   6.1000000e+01   3.7306155e+00
   5.6833702e+01   6.1000000e+01   3.7306155e+00
   5.6843702e+01   6.1000000e+01   3.7306155e+00
   5.6853702e+01   6.1000000e+01   3.7306155e+00
   5.6863702e+01   6.1000000e+01   3.7306155e+00
   5.6873702e+01   6.1000000e+01   3.7306155e+00
   5.6883702e+01   6.1000000e+01   3.7306155e+00
   5.6893702e+01   6.1000000e+01   3.7306155e+00
   5.6903702e+01   6.1000000e+01   3.7306155e+00
   5.6913702e+01   6.1000000e+01   3.7306155e+00
   5.6923702e+01   6.1000000e+01   3.7306155e+00
   5.6933702e+01   6.1000000e+01   3.7306155e+00
   5.6943702e+01   6.1000000e+01   3.7306155e+00
   5.6953702e+01   6.1000000e+01   3.7306155e+00
   5.6963702e+01   6.1000000e+01   3.7306155e+00
   5.6973702e+01   6.1000000e+01   3.7306155e+00
   5.6983702e+01   6.1000000e+01   3.7306155e+00
   5.6993702e+01   6.1000000e+01   3.7306155e+00
   5.7003702e+01   6.1000000e+01   3.7306155e+00
   5.7013702e+01   6.1000000e+01   3.7306155e+00
   5.7023702e+01   6.1000000e+01   3.7306155e+00
   5.7033702e+01   6.1000000e+01   3.7306155e+00
   5.7043702e+01   6.1000000e+01   3.7306155e+00
   5.7053702e+01   6.1000000e+01   3.7306155e+00
   5.7063702e+01   6.1000000e+01   3.7306155e+00
   5.7073702e+01   6.1000000e+01   3.7306155e+00
   5.7081882e+01   6.1000000e+01   3.7306155e+00
   5.7081882e+01   6.2000000e+01   3.6403926e+00
   5.7081882e+01   6.2000000e+01   3.6403926e+00
   5.7091882e+01   6.2000000e+01   3.6403926e+00
   5.7101882e+01   6.2000000e+01   3.6403926e+00
   5.7111882e+01   6.2000000e+01   3.6403926e+00
   5.7121882e+01   6.2000000e+01   3.6403926e+00
   5.7131882e+01   6.2000000e+01   3.6403926e+00
   5.7141882e+01   6.2000000e+01   3.6403926e+00
   5.7151882e+01   6.2000000e+01   3.6403926e+00
   5.7161882e+01   6.2000000e+01   3.6403926e+00
   5.7171882e+01   6.2000000e+01   3.6403926e+00
   5.7181882e+01   6.2000000e+01   3.6403926e+00
   5.7191882e+01   6.2000000e+01   3.6403926e+00
   5.7201882e+01   6.2000000e+01   3.6403926e+00
   5.7211882e+01   6.2000000e+01   3.6403926e+00
   5.7221882e+01   6.2000000e+01   3.6403926e+00
   5.7231882e+01   6.2000000e+01   3.6403926e+00
   5.7241882e+01   6.2000000e+01   3.6403926e+00
   5.7251882e+01   6.2000000e+01   3.6403926e+00
   5.7261882e+01   6.2000000e+01   3.6403926e+00
   5.7271882e+01   6.2000000e+01   3.6403926e+00
   5.7281882e+01   6.2000000e+01   3.6403926e+00
   5.7291882e+01   6.2000000e+01   3.6403926e+00
   5.7301882e+01   6.2000000e+01   3.6403926e+00
   5.7311882e+01   6.2000000e+01   3.6403926e+00
   5.7321882e+01   6.2000000e+01   3.6403926e+00
   5.7331882e+01   6.2000000e+01   3.6403926e+00
   5.7341882e+01   6.2000000e+01   3.6403926e+00
   5.7351882e+01   6.2000000e+01   3.6403926e+00
   5.7361882e+01   6.2000000e+01   3.6403926e+00
   5.7371882e+01   6.2000000e+01   3.6403926e+00
   5.7381882e+01   6.2000000e+01   3.6403926e+00
   5.7391882e+01   6.2000000e+01   3.6403926e+00
   5.7401882e+01   6.2000000e+01   3.6403926e+00
   5.7411882e+01   6.2000000e+01   3.6403926e+00
   5.7421882e+01   6.2000000e+01   3.6403926e+00
   5.7431882e+01   6.2000000e+01   3.6403926e+00
   5.7441882e+01   6.2000000e+01   3.6403926e+00
   5.7451882e+01   6.2000000e+01   3.6403926e+00
   5.7461882e+01   6.2000000e+01   3.6403926e+00
   5.7471882e+01   6.2000000e+01   3.6403926e+00
   5.7481882e+01   6.2000000e+01   3.6403926e+00
   5.7491882e+01   6.2000000e+01   3.6403926e+00
   5.7501882e+01   6.2000000e+01   3.6403926e+00
   5.7511882e+01   6.2000000e+01   3.6403926e+00
   5.7521882e+01   6.2000000e+01   3.6403926e+00
   5.7531882e+01   6.2000000e+01   3.6403926e+00
   5.7541882e+01   6.2000000e+01   3.6403926e+00
   5.7551882e+01   6.2000000e+01   3.6403926e+00
   5.7561882e+01   6.2000000e+01   3.6403926e+00
   5.7571882e+01   6.2000000e+01   3.6403926e+00
   5.7581882e+01   6.2000000e+01   3.6403926e+00
   5.7591882e+01   6.2000000e+01   3.6403926e+00
   5.7601882e+01   6.2000000e+01   3.6403926e+00
   5.7611882e+01   6.2000000e+01   3.6403926e+00
   5.7621882e+01   6.2000000e+01   3.6403926e+00
   5.7631882e+01   6.2000000e+01   3.6403926e+00
   5.7641882e+01   6.2000000e+01   3.6403926e+00
   5.7651882e+01   6.2000000e+01   3.6403926e+00
   5.7661882e+01   6.2000000e+01   3.6403926e+00
   5.7671882e+01   6.2000000e+01   3.6403926e+00
   5.7681882e+01   6.2000000e+01   3.6403926e+00
   5.7691882e+01   6.2000000e+01   3.6403926e+00
   5.7701882e+01   6.2000000e+01   3.6403926e+00
   5.7711882e+01   6.2000000e+01   3.6403926e+00
   5.7721882e+01   6.2000000e+01   3.6403926e+00
   5.7731882e+01   6.2000000e+01   3.6403926e+00
   5.7741882e+01   6.2000000e+01   3.6403926e+00
   5.7751882e+01   6.2000000e+01   3.6403926e+00
   5.7761882e+01   6.2000000e+01   3.6403926e+00
   5.7771882e+01   6.2000000e+01   3.6403926e+00
   5.7781882e+01   6.2000000e+01   3.6403926e+00
   5.7791882e+01   6.2000000e+01   3.6403926e+00
   5.7801882e+01   6.2000000e+01   3.6403926e+00
   5.7811882e+01   6.2000000e+01   3.6403926e+00
   5.7821882e+01   6.2000000e+01   3.6403926e+00
   5.7831882e+01   6.2000000e+01   3.6403926e+00
   5.7841882e+01   6.2000000e+01   3.6403926e+00
   5.7851882e+01   6.2000000e+01   3.6403926e+00
   5.7861882e+01   6.2000000e+01   3.6403926e+00
   5.7871882e+01   6.2000000e+01   3.6403926e+00
   5.7881882e+01   6.2000000e+01   3.6403926e+00
   5.7891882e+01   6.2000000e+01   3.6403926e+00
   5.7901882e+01   6.2000000e+01   3.6403926e+00
   5.7911882e+01   6.2000000e+01   3.6403926e+00
   5.7921882e+01   6.2000000e+01   3.6403926e+00
   5.7931882e+01   6.2000000e+01   3.6403926e+00
   5.7941882e+01   6.2000000e+01   3.6403926e+00
   5.7951882e+01   6.2000000e+01   3.6403926e+00
   5.7961882e+01   6.2000000e+01   3.6403926e+00
   5.7971882e+01   6.2000000e+01   3.6403926e+00
   5.7981882e+01   6.2000000e+01   3.6403926e+00
   5.7991882e+01   6.2000000e+01   3.6403926e+00
   5.8001882e+01   6.2000000e+01   3.6403926e+00
   5.8011882e+01   6.2000000e+01   3.6403926e+00
   5.8021882e+01   6.2000000e+01   3.6403926e+00
   5.8031882e+01   6.2000000e+01   3.6403926e+00
   5.8041882e+01   6.2000000e+01   3.6403926e+00
   5.8051882e+01   6.2000000e+01   3.6403926e+00
   5.8061882e+01   6.2000000e+01   3.6403926e+00
   5.8071882e+01   6.2000000e+01   3.6403926e+00
   5.8081882e+01   6.2000000e+01   3.6403926e+00
   5.8091882e+01   6.2000000e+01   3.6403926e+00
   5.8101882e+01   6.2000000e+01   3.6403926e+00
   5.8111882e+01   6.2000000e+01   3.6403926e+00
   5.8121882e+01   6.2000000e+01   3.6403926e+00
   5.8131882e+01   6.2000000e+01   3.6403926e+00
   5.8141882e+01   6.2000000e+01   3.6403926e+00
   5.8151882e+01   6.2000000e+01   3.6403926e+00
   5.8161882e+01   6.2000000e+01   3.6403926e+00
   5.8171882e+01   6.2000000e+01   3.6403926e+00
   5.8181882e+01   6.2000000e+01   3.6403926e+00
   5.8191882e+01   6.2000000e+01   3.6403926e+00
   5.8201882e+01   6.2000000e+01   3.6403926e+00
   5.8211882e+01   6.2000000e+01   3.6403926e+00
   5.8221882e+01   6.2000000e+01   3.6403926e+00
   5.8231882e+01   6.2000000e+01   3.6403926e+00
   5.8241882e+01   6.2000000e+01   3.6403926e+00
   5.8251882e+01   6.2000000e+01   3.6403926e+00
   5.8261882e+01   6.2000000e+01   3.6403926e+00
   5.8271882e+01   6.2000000e+01   3.6403926e+00
   5.8281882e+01   6.2000000e+01   3.6403926e+00
   5.8291882e+01   6.2000000e+01   3.6403926e+00
   5.8301882e+01   6.2000000e+01   3.6403926e+00
   5.8311882e+01   6.2000000e+01   3.6403926e+00
   5.8321882e+01   6.2000000e+01   3.6403926e+00
   5.8331882e+01   6.2000000e+01   3.6403926e+00
   5.8341882e+01   6.2000000e+01   3.6403926e+00
   5.8351882e+01   6.2000000e+01   3.6403926e+00
   5.8361882e+01   6.2000000e+01   3.6403926e+00
   5.8371882e+01   6.2000000e+01   3.6403926e+00
   5.8381882e+01   6.2000000e+01   3.6403926e+00
   5.8391882e+01   6.2000000e+01   3.6403926e+00
   5.8401882e+01   6.2000000e+01   3.6403926e+00
   5.8411882e+01   6.2000000e+01   3.6403926e+00
   5.8421882e+01   6.2000000e+01   3.6403926e+00
   5.8431882e+01   6.2000000e+01   3.6403926e+00
   5.8441882e+01   6.2000000e+01   3.6403926e+00
   5.8451882e+01   6.2000000e+01   3.6403926e+00
   5.8461882e+01   6.2000000e+01   3.6403926e+00
   5.8471882e+01   6.2000000e+01   3.6403926e+00
   5.8481882e+01   6.2000000e+01   3.6403926e+00
   5.8491882e+01   6.2000000e+01   3.6403926e+00
   5.8501882e+01   6.2000000e+01   3.6403926e+00
   5.8511882e+01   6.2000000e+01   3.6403926e+00
   5.8521882e+01   6.2000000e+01   3.6403926e+00
   5.8531882e+01   6.2000000e+01   3.6403926e+00
   5.8541882e+01   6.2000000e+01   3.6403926e+00
   5.8551882e+01   6.2000000e+01   3.6403926e+00
   5.8561882e+01   6.2000000e+01   3.6403926e+00
   5.8571882e+01   6.2000000e+01   3.6403926e+00
   5.8581882e+01   6.2000000e+01   3.6403926e+00
   5.8591882e+01   6.2000000e+01   3.6403926e+00
   5.8601882e+01   6.2000000e+01   3.6403926e+00
   5.8602238e+01   6.2000000e+01   3.6403926e+00
   5.8602238e+01   6.3000000e+01   3.5471612e+00
   5.8602238e+01   6.3000000e+01   3.5471612e+00
   5.8612238e+01   6.3000000e+01   3.5471612e+00
   5.8622238e+01   6.3000000e+01   3.5471612e+00
   5.8632238e+01   6.3000000e+01   3.5471612e+00
   5.8642238e+01   6.3000000e+01   3.5471612e+00
   5.8652238e+01   6.3000000e+01   3.5471612e+00
   5.8662238e+01   6.3000000e+01   3.5471612e+00
   5.8672238e+01   6.3000000e+01   3.5471612e+00
   5.8682238e+01   6.3000000e+01   3.5471612e+00
   5.8692238e+01   6.3000000e+01   3.5471612e+00
   5.8702238e+01   6.3000000e+01   3.5471612e+00
   5.8712238e+01   6.3000000e+01   3.5471612e+00
   5.8722238e+01   6.3000000e+01   3.5471612e+00
   5.8732238e+01   6.3000000e+01   3.5471612e+00
   5.8742238e+01   6.3000000e+01   3.5471612e+00
   5.8752238e+01   6.3000000e+01   3.5471612e+00
   5.8762238e+01   6.3000000e+01   3.5471612e+00
   5.8772238e+01   6.3000000e+01   3.5471612e+00
   5.8782238e+01   6.3000000e+01   3.5471612e+00
   5.8792238e+01   6.3000000e+01   3.5471612e+00
   5.8802238e+01   6.3000000e+01   3.5471612e+00
   5.8812238e+01   6.3000000e+01   3.5471612e+00
   5.8822238e+01   6.3000000e+01   3.5471612e+00
   5.8832238e+01   6.3000000e+01   3.5471612e+00
   5.8842238e+01   6.3000000e+01   3.5471612e+00
   5.8852238e+01   6.3000000e+01   3.5471612e+00
   5.8862238e+01   6.3000000e+01   3.5471612e+00
   5.8872238e+01   6.3000000e+01   3.5471612e+00
   5.8882238e+01   6.3000000e+01   3.5471612e+00
   5.8892238e+01   6.3000000e+01   3.5471612e+00
   5.8902238e+01   6.3000000e+01   3.5471612e+00
   5.8912238e+01   6.3000000e+01   3.5471612e+00
   5.8922238e+01   6.3000000e+01   3.5471612e+00
   5.8932238e+01   6.3000000e+01   3.5471612e+00
   5.8942238e+01   6.3000000e+01   3.5471612e+00
   5.8952238e+01   6.3000000e+01   3.5471612e+00
   5.8962238e+01   6.3000000e+01   3.5471612e+00
   5.8972238e+01   6.3000000e+01   3.5471612e+00
   5.8982238e+01   6.3000000e+01   3.5471612e+00
   5.8992238e+01   6.3000000e+01   3.5471612e+00
   5.9002238e+01   6.3000000e+01   3.5471612e+00
   5.9012238e+01   6.3000000e+01   3.5471612e+00
   5.9022238e+01   6.3000000e+01   3.5471612e+00
   5.9032238e+01   6.3000000e+01   3.5471612e+00
   5.9042238e+01   6.3000000e+01   3.5471612e+00
   5.9052238e+01   6.3000000e+01   3.5471612e+00
   5.9062238e+01   6.3000000e+01   3.5471612e+00
   5.9072238e+01   6.3000000e+01   3.5471612e+00
   5.9082238e+01   6.3000000e+01   3.5471612e+00
   5.9092238e+01   6.3000000e+01   3.5471612e+00
   5.9102238e+01   6.3000000e+01   3.5471612e+00
   5.9112238e+01   6.3000000e+01   3.5471612e+00
   5.9122238e+01   6.3000000e+01   3.5471612e+00
   5.9132238e+01   6.3000000e+01   3.5471612e+00
   5.9142238e+01   6.3000000e+01   3.5471612e+00
   5.9152238e+01   6.3000000e+01   3.5471612e+00
   5.9162238e+01   6.3000000e+01   3.5471612e+00
   5.9172238e+01   6.3000000e+01   3.5471612e+00
   5.9182238e+01   6.3000000e+01   3.5471612e+00
   5.9192238e+01   6.3000000e+01   3.5471612e+00
   5.9202238e+01   6.3000000e+01   3.5471612e+00
   5.9212238e+01   6.3000000e+01   3.5471612e+00
   5.9222238e+01   6.3000000e+01   3.5471612e+00
   5.9232238e+01   6.3000000e+01   3.5471612e+00
   5.9242238e+01   6.3000000e+01   3.5471612e+00
   5.9252238e+01   6.3000000e+01   3.5471612e+00
   5.9262238e+01   6.3000000e+01   3.5471612e+00
   5.9272238e+01   6.3000000e+01   3.5471612e+00
   5.9282238e+01   6.3000000e+01   3.5471612e+00
   5.9292238e+01   6.3000000e+01   3.5471612e+00
   5.9302238e+01   6.3000000e+01   3.5471612e+00
   5.9312238e+01   6.3000000e+01   3.5471612e+00
   5.9322238e+01   6.3000000e+01   3.5471612e+00
   5.9332238e+01   6.3000000e+01   3.5471612e+00
   5.9342238e+01   6.3000000e+01   3.5471612e+00
   5.9352238e+01   6.3000000e+01   3.5471612e+00
   5.9362238e+01   6.3000000e+01   3.5471612e+00
   5.9372238e+01   6.3000000e+01   3.5471612e+00
   5.9382238e+01   6.3000000e+01   3.5471612e+00
   5.9392238e+01   6.3000000e+01   3.5471612e+00
   5.9402238e+01   6.3000000e+01   3.5471612e+00
   5.9412238e+01   6.3000000e+01   3.5471612e+00
   5.9422238e+01   6.3000000e+01   3.5471612e+00
   5.9432238e+01   6.3000000e+01   3.5471612e+00
   5.9442238e+01   6.3000000e+01   3.5471612e+00
   5.9452238e+01   6.3000000e+01   3.5471612e+00
   5.9462238e+01   6.3000000e+01   3.5471612e+00
   5.9472238e+01   6.3000000e+01   3.5471612e+00
   5.9482238e+01   6.3000000e+01   3.5471612e+00
   5.9492238e+01   6.3000000e+01   3.5471612e+00
   5.9502238e+01   6.3000000e+01   3.5471612e+00
   5.9512238e+01   6.3000000e+01   3.5471612e+00
   5.9522238e+01   6.3000000e+01   3.5471612e+00
   5.9532238e+01   6.3000000e+01   3.5471612e+00
   5.9542238e+01   6.3000000e+01   3.5471612e+00
   5.9552238e+01   6.3000000e+01   3.5471612e+00
   5.9562238e+01   6.3000000e+01   3.5471612e+00
   5.9572238e+01   6.3000000e+01   3.5471612e+00
   5.9582238e+01   6.3000000e+01   3.5471612e+00
   5.9592238e+01   6.3000000e+01   3.5471612e+00
   5.9602238e+01   6.3000000e+01   3.5471612e+00
   5.9612238e+01   6.3000000e+01   3.5471612e+00
   5.9622238e+01   6.3000000e+01   3.5471612e+00
   5.9632238e+01   6.3000000e+01   3.5471612e+00
   5.9642238e+01   6.3000000e+01   3.5471612e+00
   5.9652238e+01   6.3000000e+01   3.5471612e+00
   5.9662238e+01   6.3000000e+01   3.5471612e+00
   5.9672238e+01   6.3000000e+01   3.5471612e+00
   5.9682238e+01   6.3000000e+01   3.5471612e+00
   5.9692238e+01   6.3000000e+01   3.5471612e+00
   5.9702238e+01   6.3000000e+01   3.5471612e+00
   5.9712238e+01   6.3000000e+01   3.5471612e+00
   5.9722238e+01   6.3000000e+01   3.5471612e+00
   5.9732238e+01   6.3000000e+01   3.5471612e+00
   5.9742238e+01   6.3000000e+01   3.5471612e+00
   5.9752238e+01   6.3000000e+01   3.5471612e+00
   5.9762238e+01   6.3000000e+01   3.5471612e+00
   5.9772238e+01   6.3000000e+01   3.5471612e+00
   5.9782238e+01   6.3000000e+01   3.5471612e+00
   5.9792238e+01   6.3000000e+01   3.5471612e+00
   5.9802238e+01   6.3000000e+01   3.5471612e+00
   5.9812238e+01   6.3000000e+01   3.5471612e+00
   5.9822238e+01   6.3000000e+01   3.5471612e+00
   5.9832238e+01   6.3000000e+01   3.5471612e+00
   5.9842238e+01   6.3000000e+01   3.5471612e+00
   5.9852238e+01   6.3000000e+01   3.5471612e+00
   5.9862238e+01   6.3000000e+01   3.5471612e+00
   5.9872238e+01   6.3000000e+01   3.5471612e+00
   5.9882238e+01   6.3000000e+01   3.5471612e+00
   5.9892238e+01   6.3000000e+01   3.5471612e+00
   5.9902238e+01   6.3000000e+01   3.5471612e+00
   5.9912238e+01   6.3000000e+01   3.5471612e+00
   5.9922238e+01   6.3000000e+01   3.5471612e+00
   5.9932238e+01   6.3000000e+01   3.5471612e+00
   5.9942238e+01   6.3000000e+01   3.5471612e+00
   5.9952238e+01   6.3000000e+01   3.5471612e+00
   5.9962238e+01   6.3000000e+01   3.5471612e+00
   5.9972238e+01   6.3000000e+01   3.5471612e+00
   5.9982238e+01   6.3000000e+01   3.5471612e+00
   5.9992238e+01   6.3000000e+01   3.5471612e+00
   6.0002238e+01   6.3000000e+01   3.5471612e+00
   6.0012238e+01   6.3000000e+01   3.5471612e+00
   6.0022238e+01   6.3000000e+01   3.5471612e+00
   6.0032238e+01   6.3000000e+01   3.5471612e+00
   6.0042238e+01   6.3000000e+01   3.5471612e+00
   6.0052238e+01   6.3000000e+01   3.5471612e+00
   6.0062238e+01   6.3000000e+01   3.5471612e+00
   6.0072238e+01   6.3000000e+01   3.5471612e+00
   6.0082238e+01   6.3000000e+01   3.5471612e+00
   6.0092238e+01   6.3000000e+01   3.5471612e+00
   6.0102238e+01   6.3000000e+01   3.5471612e+00
   6.0112238e+01   6.3000000e+01   3.5471612e+00
   6.0122238e+01   6.3000000e+01   3.5471612e+00
   6.0132238e+01   6.3000000e+01   3.5471612e+00
   6.0134406e+01   6.3000000e+01   3.5471612e+00
   6.0134406e+01   6.4000000e+01   3.4509322e+00
   6.0134406e+01   6.4000000e+01   3.4509322e+00
   6.0144406e+01   6.4000000e+01   3.4509322e+00
   6.0154406e+01   6.4000000e+01   3.4509322e+00
   6.0164406e+01   6.4000000e+01   3.4509322e+00
   6.0174406e+01   6.4000000e+01   3.4509322e+00
   6.0184406e+01   6.4000000e+01   3.4509322e+00
   6.0194406e+01   6.4000000e+01   3.4509322e+00
   6.0204406e+01   6.4000000e+01   3.4509322e+00
   6.0214406e+01   6.4000000e+01   3.4509322e+00
   6.0224406e+01   6.4000000e+01   3.4509322e+00
   6.0234406e+01   6.4000000e+01   3.4509322e+00
   6.0244406e+01   6.4000000e+01   3.4509322e+00
   6.0254406e+01   6.4000000e+01   3.4509322e+00
   6.0264406e+01   6.4000000e+01   3.4509322e+00
   6.0274406e+01   6.4000000e+01   3.4509322e+00
   6.0284406e+01   6.4000000e+01   3.4509322e+00
   6.0294406e+01   6.4000000e+01   3.4509322e+00
   6.0304406e+01   6.4000000e+01   3.4509322e+00
   6.0314406e+01   6.4000000e+01   3.4509322e+00
   6.0324406e+01   6.4000000e+01   3.4509322e+00
   6.0334406e+01   6.4000000e+01   3.4509322e+00
   6.0344406e+01   6.4000000e+01   3.4509322e+00
   6.0354406e+01   6.4000000e+01   3.4509322e+00
   6.0364406e+01   6.4000000e+01   3.4509322e+00
   6.0374406e+01   6.4000000e+01   3.4509322e+00
   6.0384406e+01   6.4000000e+01   3.4509322e+00
   6.0394406e+01   6.4000000e+01   3.4509322e+00
   6.0404406e+01   6.4000000e+01   3.4509322e+00
   6.0414406e+01   6.4000000e+01   3.4509322e+00
   6.0424406e+01   6.4000000e+01   3.4509322e+00
   6.0434406e+01   6.4000000e+01   3.4509322e+00
   6.0444406e+01   6.4000000e+01   3.4509322e+00
   6.0454406e+01   6.4000000e+01   3.4509322e+00
   6.0464406e+01   6.4000000e+01   3.4509322e+00
   6.0474406e+01   6.4000000e+01   3.4509322e+00
   6.0484406e+01   6.4000000e+01   3.4509322e+00
   6.0494406e+01   6.4000000e+01   3.4509322e+00
   6.0504406e+01   6.4000000e+01   3.4509322e+00
   6.0514406e+01   6.4000000e+01   3.4509322e+00
   6.0524406e+01   6.4000000e+01   3.4509322e+00
   6.0534406e+01   6.4000000e+01   3.4509322e+00
   6.0544406e+01   6.4000000e+01   3.4509322e+00
   6.0554406e+01   6.4000000e+01   3.4509322e+00
   6.0564406e+01   6.4000000e+01   3.4509322e+00
   6.0574406e+01   6.4000000e+01   3.4509322e+00
   6.0584406e+01   6.4000000e+01   3.4509322e+00
   6.0594406e+01   6.4000000e+01   3.4509322e+00
   6.0604406e+01   6.4000000e+01   3.4509322e+00
   6.0614406e+01   6.4000000e+01   3.4509322e+00
   6.0624406e+01   6.4000000e+01   3.4509322e+00
   6.0634406e+01   6.4000000e+01   3.4509322e+00
   6.0644406e+01   6.4000000e+01   3.4509322e+00
   6.0654406e+01   6.4000000e+01   3.4509322e+00
   6.0664406e+01   6.4000000e+01   3.4509322e+00
   6.0674406e+01   6.4000000e+01   3.4509322e+00
   6.0684406e+01   6.4000000e+01   3.4509322e+00
   6.0694406e+01   6.4000000e+01   3.4509322e+00
   6.0704406e+01   6.4000000e+01   3.4509322e+00
   6.0714406e+01   6.4000000e+01   3.4509322e+00
   6.0724406e+01   6.4000000e+01   3.4509322e+00
   6.0734406e+01   6.4000000e+01   3.4509322e+00
   6.0744406e+01   6.4000000e+01   3.4509322e+00
   6.0754406e+01   6.4000000e+01   3.4509322e+00
   6.0764406e+01   6.4000000e+01   3.4509322e+00
   6.0774406e+01   6.4000000e+01   3.4509322e+00
   6.0784406e+01   6.4000000e+01   3.4509322e+00
   6.0794406e+01   6.4000000e+01   3.4509322e+00
   6.0804406e+01   6.4000000e+01   3.4509322e+00
   6.0814406e+01   6.4000000e+01   3.4509322e+00
   6.0824406e+01   6.4000000e+01   3.4509322e+00
   6.0834406e+01   6.4000000e+01   3.4509322e+00
   6.0844406e+01   6.4000000e+01   3.4509322e+00
   6.0854406e+01   6.4000000e+01   3.4509322e+00
   6.0864406e+01   6.4000000e+01   3.4509322e+00
   6.0874406e+01   6.4000000e+01   3.4509322e+00
   6.0884406e+01   6.4000000e+01   3.4509322e+00
   6.0894406e+01   6.4000000e+01   3.4509322e+00
   6.0904406e+01   6.4000000e+01   3.4509322e+00
   6.0914406e+01   6.4000000e+01   3.4509322e+00
   6.0924406e+01   6.4000000e+01   3.4509322e+00
   6.0934406e+01   6.4000000e+01   3.4509322e+00
   6.0944406e+01   6.4000000e+01   3.4509322e+00
   6.0954406e+01   6.4000000e+01   3.4509322e+00
   6.0964406e+01   6.4000000e+01   3.4509322e+00
   6.0974406e+01   6.4000000e+01   3.4509322e+00
   6.0984406e+01   6.4000000e+01   3.4509322e+00
   6.0994406e+01   6.4000000e+01   3.4509322e+00
   6.1004406e+01   6.4000000e+01   3.4509322e+00
   6.1014406e+01   6.4000000e+01   3.4509322e+00
   6.1024406e+01   6.4000000e+01   3.4509322e+00
   6.1034406e+01   6.4000000e+01   3.4509322e+00
   6.1044406e+01   6.4000000e+01   3.4509322e+00
   6.1054406e+01   6.4000000e+01   3.4509322e+00
   6.1064406e+01   6.4000000e+01   3.4509322e+00
   6.1074406e+01   6.4000000e+01   3.4509322e+00
   6.1084406e+01   6.4000000e+01   3.4509322e+00
   6.1094406e+01   6.4000000e+01   3.4509322e+00
   6.1104406e+01   6.4000000e+01   3.4509322e+00
   6.1114406e+01   6.4000000e+01   3.4509322e+00
   6.1124406e+01   6.4000000e+01   3.4509322e+00
   6.1134406e+01   6.4000000e+01   3.4509322e+00
   6.1144406e+01   6.4000000e+01   3.4509322e+00
   6.1154406e+01   6.4000000e+01   3.4509322e+00
   6.1164406e+01   6.4000000e+01   3.4509322e+00
   6.1174406e+01   6.4000000e+01   3.4509322e+00
   6.1184406e+01   6.4000000e+01   3.4509322e+00
   6.1194406e+01   6.4000000e+01   3.4509322e+00
   6.1204406e+01   6.4000000e+01   3.4509322e+00
   6.1214406e+01   6.4000000e+01   3.4509322e+00
   6.1224406e+01   6.4000000e+01   3.4509322e+00
   6.1234406e+01   6.4000000e+01   3.4509322e+00
   6.1244406e+01   6.4000000e+01   3.4509322e+00
   6.1254406e+01   6.4000000e+01   3.4509322e+00
   6.1264406e+01   6.4000000e+01   3.4509322e+00
   6.1274406e+01   6.4000000e+01   3.4509322e+00
   6.1284406e+01   6.4000000e+01   3.4509322e+00
   6.1294406e+01   6.4000000e+01   3.4509322e+00
   6.1304406e+01   6.4000000e+01   3.4509322e+00
   6.1314406e+01   6.4000000e+01   3.4509322e+00
   6.1324406e+01   6.4000000e+01   3.4509322e+00
   6.1334406e+01   6.4000000e+01   3.4509322e+00
   6.1344406e+01   6.4000000e+01   3.4509322e+00
   6.1354406e+01   6.4000000e+01   3.4509322e+00
   6.1364406e+01   6.4000000e+01   3.4509322e+00
   6.1374406e+01   6.4000000e+01   3.4509322e+00
   6.1384406e+01   6.4000000e+01   3.4509322e+00
   6.1394406e+01   6.4000000e+01   3.4509322e+00
   6.1404406e+01   6.4000000e+01   3.4509322e+00
   6.1414406e+01   6.4000000e+01   3.4509322e+00
   6.1424406e+01   6.4000000e+01   3.4509322e+00
   6.1434406e+01   6.4000000e+01   3.4509322e+00
   6.1444406e+01   6.4000000e+01   3.4509322e+00
   6.1454406e+01   6.4000000e+01   3.4509322e+00
   6.1464406e+01   6.4000000e+01   3.4509322e+00
   6.1474406e+01   6.4000000e+01   3.4509322e+00
   6.1484406e+01   6.4000000e+01   3.4509322e+00
   6.1494406e+01   6.4000000e+01   3.4509322e+00
   6.1504406e+01   6.4000000e+01   3.4509322e+00
   6.1514406e+01   6.4000000e+01   3.4509322e+00
   6.1524406e+01   6.4000000e+01   3.4509322e+00
   6.1534406e+01   6.4000000e+01   3.4509322e+00
   6.1544406e+01   6.4000000e+01   3.4509322e+00
   6.1554406e+01   6.4000000e+01   3.4509322e+00
   6.1564406e+01   6.4000000e+01   3.4509322e+00
   6.1574406e+01   6.4000000e+01   3.4509322e+00
   6.1584406e+01   6.4000000e+01   3.4509322e+00
   6.1594406e+01   6.4000000e+01   3.4509322e+00
   6.1604406e+01   6.4000000e+01   3.4509322e+00
   6.1614406e+01   6.4000000e+01   3.4509322e+00
   6.1624406e+01   6.4000000e+01   3.4509322e+00
   6.1634406e+01   6.4000000e+01   3.4509322e+00
   6.1644406e+01   6.4000000e+01   3.4509322e+00
   6.1654406e+01   6.4000000e+01   3.4509322e+00
   6.1664406e+01   6.4000000e+01   3.4509322e+00
   6.1674406e+01   6.4000000e+01   3.4509322e+00
   6.1678015e+01   6.4000000e+01   3.4509322e+00
   6.1678015e+01   6.5000000e+01   3.3517167e+00
   6.1678015e+01   6.5000000e+01   3.3517167e+00
   6.1688015e+01   6.5000000e+01   3.3517167e+00
   6.1698015e+01   6.5000000e+01   3.3517167e+00
   6.1708015e+01   6.5000000e+01   3.3517167e+00
   6.1718015e+01   6.5000000e+01   3.3517167e+00
   6.1728015e+01   6.5000000e+01   3.3517167e+00
   6.1738015e+01   6.5000000e+01   3.3517167e+00
   6.1748015e+01   6.5000000e+01   3.3517167e+00
   6.1758015e+01   6.5000000e+01   3.3517167e+00
   6.1768015e+01   6.5000000e+01   3.3517167e+00
   6.1778015e+01   6.5000000e+01   3.3517167e+00
   6.1788015e+01   6.5000000e+01   3.3517167e+00
   6.1798015e+01   6.5000000e+01   3.3517167e+00
   6.1808015e+01   6.5000000e+01   3.3517167e+00
   6.1818015e+01   6.5000000e+01   3.3517167e+00
   6.1828015e+01   6.5000000e+01   3.3517167e+00
   6.1838015e+01   6.5000000e+01   3.3517167e+00
   6.1848015e+01   6.5000000e+01   3.3517167e+00
   6.1858015e+01   6.5000000e+01   3.3517167e+00
   6.1868015e+01   6.5000000e+01   3.3517167e+00
   6.1878015e+01   6.5000000e+01   3.3517167e+00
   6.1888015e+01   6.5000000e+01   3.3517167e+00
   6.1898015e+01   6.5000000e+01   3.3517167e+00
   6.1908015e+01   6.5000000e+01   3.3517167e+00
   6.1918015e+01   6.5000000e+01   3.3517167e+00
   6.1928015e+01   6.5000000e+01   3.3517167e+00
   6.1938015e+01   6.5000000e+01   3.3517167e+00
   6.1948015e+01   6.5000000e+01   3.3517167e+00
   6.1958015e+01   6.5000000e+01   3.3517167e+00
   6.1968015e+01   6.5000000e+01   3.3517167e+00
   6.1978015e+01   6.5000000e+01   3.3517167e+00
   6.1988015e+01   6.5000000e+01   3.3517167e+00
   6.1998015e+01   6.5000000e+01   3.3517167e+00
   6.2008015e+01   6.5000000e+01   3.3517167e+00
   6.2018015e+01   6.5000000e+01   3.3517167e+00
   6.2028015e+01   6.5000000e+01   3.3517167e+00
   6.2038015e+01   6.5000000e+01   3.3517167e+00
   6.2048015e+01   6.5000000e+01   3.3517167e+00
   6.2058015e+01   6.5000000e+01   3.3517167e+00
   6.2068015e+01   6.5000000e+01   3.3517167e+00
   6.2078015e+01   6.5000000e+01   3.3517167e+00
   6.2088015e+01   6.5000000e+01   3.3517167e+00
   6.2098015e+01   6.5000000e+01   3.3517167e+00
   6.2108015e+01   6.5000000e+01   3.3517167e+00
   6.2118015e+01   6.5000000e+01   3.3517167e+00
   6.2128015e+01   6.5000000e+01   3.3517167e+00
   6.2138015e+01   6.5000000e+01   3.3517167e+00
   6.2148015e+01   6.5000000e+01   3.3517167e+00
   6.2158015e+01   6.5000000e+01   3.3517167e+00
   6.2168015e+01   6.5000000e+01   3.3517167e+00
   6.2178015e+01   6.5000000e+01   3.3517167e+00
   6.2188015e+01   6.5000000e+01   3.3517167e+00
   6.2198015e+01   6.5000000e+01   3.3517167e+00
   6.2208015e+01   6.5000000e+01   3.3517167e+00
   6.2218015e+01   6.5000000e+01   3.3517167e+00
   6.2228015e+01   6.5000000e+01   3.3517167e+00
   6.2238015e+01   6.5000000e+01   3.3517167e+00
   6.2248015e+01   6.5000000e+01   3.3517167e+00
   6.2258015e+01   6.5000000e+01   3.3517167e+00
   6.2268015e+01   6.5000000e+01   3.3517167e+00
   6.2278015e+01   6.5000000e+01   3.3517167e+00
   6.2288015e+01   6.5000000e+01   3.3517167e+00
   6.2298015e+01   6.5000000e+01   3.3517167e+00
   6.2308015e+01   6.5000000e+01   3.3517167e+00
   6.2318015e+01   6.5000000e+01   3.3517167e+00
   6.2328015e+01   6.5000000e+01   3.3517167e+00
   6.2338015e+01   6.5000000e+01   3.3517167e+00
   6.2348015e+01   6.5000000e+01   3.3517167e+00
   6.2358015e+01   6.5000000e+01   3.3517167e+00
   6.2368015e+01   6.5000000e+01   3.3517167e+00
   6.2378015e+01   6.5000000e+01   3.3517167e+00
   6.2388015e+01   6.5000000e+01   3.3517167e+00
   6.2398015e+01   6.5000000e+01   3.3517167e+00
   6.2408015e+01   6.5000000e+01   3.3517167e+00
   6.2418015e+01   6.5000000e+01   3.3517167e+00
   6.2428015e+01   6.5000000e+01   3.3517167e+00
   6.2438015e+01   6.5000000e+01   3.3517167e+00
   6.2448015e+01   6.5000000e+01   3.3517167e+00
   6.2458015e+01   6.5000000e+01   3.3517167e+00
   6.2468015e+01   6.5000000e+01   3.3517167e+00
   6.2478015e+01   6.5000000e+01   3.3517167e+00
   6.2488015e+01   6.5000000e+01   3.3517167e+00
   6.2498015e+01   6.5000000e+01   3.3517167e+00
   6.2508015e+01   6.5000000e+01   3.3517167e+00
   6.2518015e+01   6.5000000e+01   3.3517167e+00
   6.2528015e+01   6.5000000e+01   3.3517167e+00
   6.2538015e+01   6.5000000e+01   3.3517167e+00
   6.2548015e+01   6.5000000e+01   3.3517167e+00
   6.2558015e+01   6.5000000e+01   3.3517167e+00
   6.2568015e+01   6.5000000e+01   3.3517167e+00
   6.2578015e+01   6.5000000e+01   3.3517167e+00
   6.2588015e+01   6.5000000e+01   3.3517167e+00
   6.2598015e+01   6.5000000e+01   3.3517167e+00
   6.2608015e+01   6.5000000e+01   3.3517167e+00
   6.2618015e+01   6.5000000e+01   3.3517167e+00
   6.2628015e+01   6.5000000e+01   3.3517167e+00
   6.2638015e+01   6.5000000e+01   3.3517167e+00
   6.2648015e+01   6.5000000e+01   3.3517167e+00
   6.2658015e+01   6.5000000e+01   3.3517167e+00
   6.2668015e+01   6.5000000e+01   3.3517167e+00
   6.2678015e+01   6.5000000e+01   3.3517167e+00
   6.2688015e+01   6.5000000e+01   3.3517167e+00
   6.2698015e+01   6.5000000e+01   3.3517167e+00
   6.2708015e+01   6.5000000e+01   3.3517167e+00
   6.2718015e+01   6.5000000e+01   3.3517167e+00
   6.2728015e+01   6.5000000e+01   3.3517167e+00
   6.2738015e+01   6.5000000e+01   3.3517167e+00
   6.2748015e+01   6.5000000e+01   3.3517167e+00
   6.2758015e+01   6.5000000e+01   3.3517167e+00
   6.2768015e+01   6.5000000e+01   3.3517167e+00
   6.2778015e+01   6.5000000e+01   3.3517167e+00
   6.2788015e+01   6.5000000e+01   3.3517167e+00
   6.2798015e+01   6.5000000e+01   3.3517167e+00
   6.2808015e+01   6.5000000e+01   3.3517167e+00
   6.2818015e+01   6.5000000e+01   3.3517167e+00
   6.2828015e+01   6.5000000e+01   3.3517167e+00
   6.2838015e+01   6.5000000e+01   3.3517167e+00
   6.2848015e+01   6.5000000e+01   3.3517167e+00
   6.2858015e+01   6.5000000e+01   3.3517167e+00
   6.2868015e+01   6.5000000e+01   3.3517167e+00
   6.2878015e+01   6.5000000e+01   3.3517167e+00
   6.2888015e+01   6.5000000e+01   3.3517167e+00
   6.2898015e+01   6.5000000e+01   3.3517167e+00
   6.2908015e+01   6.5000000e+01   3.3517167e+00
   6.2918015e+01   6.5000000e+01   3.3517167e+00
   6.2928015e+01   6.5000000e+01   3.3517167e+00
   6.2938015e+01   6.5000000e+01   3.3517167e+00
   6.2948015e+01   6.5000000e+01   3.3517167e+00
   6.2958015e+01   6.5000000e+01   3.3517167e+00
   6.2968015e+01   6.5000000e+01   3.3517167e+00
   6.2978015e+01   6.5000000e+01   3.3517167e+00
   6.2988015e+01   6.5000000e+01   3.3517167e+00
   6.2998015e+01   6.5000000e+01   3.3517167e+00
   6.3008015e+01   6.5000000e+01   3.3517167e+00
   6.3018015e+01   6.5000000e+01   3.3517167e+00
   6.3028015e+01   6.5000000e+01   3.3517167e+00
   6.3038015e+01   6.5000000e+01   3.3517167e+00
   6.3048015e+01   6.5000000e+01   3.3517167e+00
   6.3058015e+01   6.5000000e+01   3.3517167e+00
   6.3068015e+01   6.5000000e+01   3.3517167e+00
   6.3078015e+01   6.5000000e+01   3.3517167e+00
   6.3088015e+01   6.5000000e+01   3.3517167e+00
   6.3098015e+01   6.5000000e+01   3.3517167e+00
   6.3108015e+01   6.5000000e+01   3.3517167e+00
   6.3118015e+01   6.5000000e+01   3.3517167e+00
   6.3128015e+01   6.5000000e+01   3.3517167e+00
   6.3138015e+01   6.5000000e+01   3.3517167e+00
   6.3148015e+01   6.5000000e+01   3.3517167e+00
   6.3158015e+01   6.5000000e+01   3.3517167e+00
   6.3168015e+01   6.5000000e+01   3.3517167e+00
   6.3178015e+01   6.5000000e+01   3.3517167e+00
   6.3188015e+01   6.5000000e+01   3.3517167e+00
   6.3198015e+01   6.5000000e+01   3.3517167e+00
   6.3208015e+01   6.5000000e+01   3.3517167e+00
   6.3218015e+01   6.5000000e+01   3.3517167e+00
   6.3228015e+01   6.5000000e+01   3.3517167e+00
   6.3232691e+01   6.5000000e+01   3.3517167e+00
   6.3232691e+01   6.6000000e+01   3.2495270e+00
   6.3232691e+01   6.6000000e+01   3.2495270e+00
   6.3242691e+01   6.6000000e+01   3.2495270e+00
   6.3252691e+01   6.6000000e+01   3.2495270e+00
   6.3262691e+01   6.6000000e+01   3.2495270e+00
   6.3272691e+01   6.6000000e+01   3.2495270e+00
   6.3282691e+01   6.6000000e+01   3.2495270e+00
   6.3292691e+01   6.6000000e+01   3.2495270e+00
   6.3302691e+01   6.6000000e+01   3.2495270e+00
   6.3312691e+01   6.6000000e+01   3.2495270e+00
   6.3322691e+01   6.6000000e+01   3.2495270e+00
   6.3332691e+01   6.6000000e+01   3.2495270e+00
   6.3342691e+01   6.6000000e+01   3.2495270e+00
   6.3352691e+01   6.6000000e+01   3.2495270e+00
   6.3362691e+01   6.6000000e+01   3.2495270e+00
   6.3372691e+01   6.6000000e+01   3.2495270e+00
   6.3382691e+01   6.6000000e+01   3.2495270e+00
   6.3392691e+01   6.6000000e+01   3.2495270e+00
   6.3402691e+01   6.6000000e+01   3.2495270e+00
   6.3412691e+01   6.6000000e+01   3.2495270e+00
   6.3422691e+01   6.6000000e+01   3.2495270e+00
   6.3432691e+01   6.6000000e+01   3.2495270e+00
   6.3442691e+01   6.6000000e+01   3.2495270e+00
   6.3452691e+01   6.6000000e+01   3.2495270e+00
   6.3462691e+01   6.6000000e+01   3.2495270e+00
   6.3472691e+01   6.6000000e+01   3.2495270e+00
   6.3482691e+01   6.6000000e+01   3.2495270e+00
   6.3492691e+01   6.6000000e+01   3.2495270e+00
   6.3502691e+01   6.6000000e+01   3.2495270e+00
   6.3512691e+01   6.6000000e+01   3.2495270e+00
   6.3522691e+01   6.6000000e+01   3.2495270e+00
   6.3532691e+01   6.6000000e+01   3.2495270e+00
   6.3542691e+01   6.6000000e+01   3.2495270e+00
   6.3552691e+01   6.6000000e+01   3.2495270e+00
   6.3562691e+01   6.6000000e+01   3.2495270e+00
   6.3572691e+01   6.6000000e+01   3.2495270e+00
   6.3582691e+01   6.6000000e+01   3.2495270e+00
   6.3592691e+01   6.6000000e+01   3.2495270e+00
   6.3602691e+01   6.6000000e+01   3.2495270e+00
   6.3612691e+01   6.6000000e+01   3.2495270e+00
   6.3622691e+01   6.6000000e+01   3.2495270e+00
   6.3632691e+01   6.6000000e+01   3.2495270e+00
   6.3642691e+01   6.6000000e+01   3.2495270e+00
   6.3652691e+01   6.6000000e+01   3.2495270e+00
   6.3662691e+01   6.6000000e+01   3.2495270e+00
   6.3672691e+01   6.6000000e+01   3.2495270e+00
   6.3682691e+01   6.6000000e+01   3.2495270e+00
   6.3692691e+01   6.6000000e+01   3.2495270e+00
   6.3702691e+01   6.6000000e+01   3.2495270e+00
   6.3712691e+01   6.6000000e+01   3.2495270e+00
   6.3722691e+01   6.6000000e+01   3.2495270e+00
   6.3732691e+01   6.6000000e+01   3.2495270e+00
   6.3742691e+01   6.6000000e+01   3.2495270e+00
   6.3752691e+01   6.6000000e+01   3.2495270e+00
   6.3762691e+01   6.6000000e+01   3.2495270e+00
   6.3772691e+01   6.6000000e+01   3.2495270e+00
   6.3782691e+01   6.6000000e+01   3.2495270e+00
   6.3792691e+01   6.6000000e+01   3.2495270e+00
   6.3802691e+01   6.6000000e+01   3.2495270e+00
   6.3812691e+01   6.6000000e+01   3.2495270e+00
   6.3822691e+01   6.6000000e+01   3.2495270e+00
   6.3832691e+01   6.6000000e+01   3.2495270e+00
   6.3842691e+01   6.6000000e+01   3.2495270e+00
   6.3852691e+01   6.6000000e+01   3.2495270e+00
   6.3862691e+01   6.6000000e+01   3.2495270e+00
   6.3872691e+01   6.6000000e+01   3.2495270e+00
   6.3882691e+01   6.6000000e+01   3.2495270e+00
   6.3892691e+01   6.6000000e+01   3.2495270e+00
   6.3902691e+01   6.6000000e+01   3.2495270e+00
   6.3912691e+01   6.6000000e+01   3.2495270e+00
   6.3922691e+01   6.6000000e+01   3.2495270e+00
   6.3932691e+01   6.6000000e+01   3.2495270e+00
   6.3942691e+01   6.6000000e+01   3.2495270e+00
   6.3952691e+01   6.6000000e+01   3.2495270e+00
   6.3962691e+01   6.6000000e+01   3.2495270e+00
   6.3972691e+01   6.6000000e+01   3.2495270e+00
   6.3982691e+01   6.6000000e+01   3.2495270e+00
   6.3992691e+01   6.6000000e+01   3.2495270e+00
   6.4002691e+01   6.6000000e+01   3.2495270e+00
   6.4012691e+01   6.6000000e+01   3.2495270e+00
   6.4022691e+01   6.6000000e+01   3.2495270e+00
   6.4032691e+01   6.6000000e+01   3.2495270e+00
   6.4042691e+01   6.6000000e+01   3.2495270e+00
   6.4052691e+01   6.6000000e+01   3.2495270e+00
   6.4062691e+01   6.6000000e+01   3.2495270e+00
   6.4072691e+01   6.6000000e+01   3.2495270e+00
   6.4082691e+01   6.6000000e+01   3.2495270e+00
   6.4092691e+01   6.6000000e+01   3.2495270e+00
   6.4102691e+01   6.6000000e+01   3.2495270e+00
   6.4112691e+01   6.6000000e+01   3.2495270e+00
   6.4122691e+01   6.6000000e+01   3.2495270e+00
   6.4132691e+01   6.6000000e+01   3.2495270e+00
   6.4142691e+01   6.6000000e+01   3.2495270e+00
   6.4152691e+01   6.6000000e+01   3.2495270e+00
   6.4162691e+01   6.6000000e+01   3.2495270e+00
   6.4172691e+01   6.6000000e+01   3.2495270e+00
   6.4182691e+01   6.6000000e+01   3.2495270e+00
   6.4192691e+01   6.6000000e+01   3.2495270e+00
   6.4202691e+01   6.6000000e+01   3.2495270e+00
   6.4212691e+01   6.6000000e+01   3.2495270e+00
   6.4222691e+01   6.6000000e+01   3.2495270e+00
   6.4232691e+01   6.6000000e+01   3.2495270e+00
   6.4242691e+01   6.6000000e+01   3.2495270e+00
   6.4252691e+01   6.6000000e+01   3.2495270e+00
   6.4262691e+01   6.6000000e+01   3.2495270e+00
   6.4272691e+01   6.6000000e+01   3.2495270e+00
   6.4282691e+01   6.6000000e+01   3.2495270e+00
   6.4292691e+01   6.6000000e+01   3.2495270e+00
   6.4302691e+01   6.6000000e+01   3.2495270e+00
   6.4312691e+01   6.6000000e+01   3.2495270e+00
   6.4322691e+01   6.6000000e+01   3.2495270e+00
   6.4332691e+01   6.6000000e+01   3.2495270e+00
   6.4342691e+01   6.6000000e+01   3.2495270e+00
   6.4352691e+01   6.6000000e+01   3.2495270e+00
   6.4362691e+01   6.6000000e+01   3.2495270e+00
   6.4372691e+01   6.6000000e+01   3.2495270e+00
   6.4382691e+01   6.6000000e+01   3.2495270e+00
   6.4392691e+01   6.6000000e+01   3.2495270e+00
   6.4402691e+01   6.6000000e+01   3.2495270e+00
   6.4412691e+01   6.6000000e+01   3.2495270e+00
   6.4422691e+01   6.6000000e+01   3.2495270e+00
   6.4432691e+01   6.6000000e+01   3.2495270e+00
   6.4442691e+01   6.6000000e+01   3.2495270e+00
   6.4452691e+01   6.6000000e+01   3.2495270e+00
   6.4462691e+01   6.6000000e+01   3.2495270e+00
   6.4472691e+01   6.6000000e+01   3.2495270e+00
   6.4482691e+01   6.6000000e+01   3.2495270e+00
   6.4492691e+01   6.6000000e+01   3.2495270e+00
   6.4502691e+01   6.6000000e+01   3.2495270e+00
   6.4512691e+01   6.6000000e+01   3.2495270e+00
   6.4522691e+01   6.6000000e+01   3.2495270e+00
   6.4532691e+01   6.6000000e+01   3.2495270e+00
   6.4542691e+01   6.6000000e+01   3.2495270e+00
   6.4552691e+01   6.6000000e+01   3.2495270e+00
   6.4562691e+01   6.6000000e+01   3.2495270e+00
   6.4572691e+01   6.6000000e+01   3.2495270e+00
   6.4582691e+01   6.6000000e+01   3.2495270e+00
   6.4592691e+01   6.6000000e+01   3.2495270e+00
   6.4602691e+01   6.6000000e+01   3.2495270e+00
   6.4612691e+01   6.6000000e+01   3.2495270e+00
   6.4622691e+01   6.6000000e+01   3.2495270e+00
   6.4632691e+01   6.6000000e+01   3.2495270e+00
   6.4642691e+01   6.6000000e+01   3.2495270e+00
   6.4652691e+01   6.6000000e+01   3.2495270e+00
   6.4662691e+01   6.6000000e+01   3.2495270e+00
   6.4672691e+01   6.6000000e+01   3.2495270e+00
   6.4682691e+01   6.6000000e+01   3.2495270e+00
   6.4692691e+01   6.6000000e+01   3.2495270e+00
   6.4702691e+01   6.6000000e+01   3.2495270e+00
   6.4712691e+01   6.6000000e+01   3.2495270e+00
   6.4722691e+01   6.6000000e+01   3.2495270e+00
   6.4732691e+01   6.6000000e+01   3.2495270e+00
   6.4742691e+01   6.6000000e+01   3.2495270e+00
   6.4752691e+01   6.6000000e+01   3.2495270e+00
   6.4762691e+01   6.6000000e+01   3.2495270e+00
   6.4772691e+01   6.6000000e+01   3.2495270e+00
   6.4782691e+01   6.6000000e+01   3.2495270e+00
   6.4792691e+01   6.6000000e+01   3.2495270e+00
   6.4798049e+01   6.6000000e+01   3.2495270e+00
   6.4798049e+01   6.7000000e+01   3.1443758e+00
   6.4798049e+01   6.7000000e+01   3.1443758e+00
   6.4808049e+01   6.7000000e+01   3.1443758e+00
   6.4818049e+01   6.7000000e+01   3.1443758e+00
   6.4828049e+01   6.7000000e+01   3.1443758e+00
   6.4838049e+01   6.7000000e+01   3.1443758e+00
   6.4848049e+01   6.7000000e+01   3.1443758e+00
   6.4858049e+01   6.7000000e+01   3.1443758e+00
   6.4868049e+01   6.7000000e+01   3.1443758e+00
   6.4878049e+01   6.7000000e+01   3.1443758e+00
   6.4888049e+01   6.7000000e+01   3.1443758e+00
   6.4898049e+01   6.7000000e+01   3.1443758e+00
   6.4908049e+01   6.7000000e+01   3.1443758e+00
   6.4918049e+01   6.7000000e+01   3.1443758e+00
   6.4928049e+01   6.7000000e+01   3.1443758e+00
   6.4938049e+01   6.7000000e+01   3.1443758e+00
   6.4948049e+01   6.7000000e+01   3.1443758e+00
   6.4958049e+01   6.7000000e+01   3.1443758e+00
   6.4968049e+01   6.7000000e+01   3.1443758e+00
   6.4978049e+01   6.7000000e+01   3.1443758e+00
   6.4988049e+01   6.7000000e+01   3.1443758e+00
   6.4998049e+01   6.7000000e+01   3.1443758e+00
   6.5008049e+01   6.7000000e+01   3.1443758e+00
   6.5018049e+01   6.7000000e+01   3.1443758e+00
   6.5028049e+01   6.7000000e+01   3.1443758e+00
   6.5038049e+01   6.7000000e+01   3.1443758e+00
   6.5048049e+01   6.7000000e+01   3.1443758e+00
   6.5058049e+01   6.7000000e+01   3.1443758e+00
   6.5068049e+01   6.7000000e+01   3.1443758e+00
   6.5078049e+01   6.7000000e+01   3.1443758e+00
   6.5088049e+01   6.7000000e+01   3.1443758e+00
   6.5098049e+01   6.7000000e+01   3.1443758e+00
   6.5108049e+01   6.7000000e+01   3.1443758e+00
   6.5118049e+01   6.7000000e+01   3.1443758e+00
   6.5128049e+01   6.7000000e+01   3.1443758e+00
   6.5138049e+01   6.7000000e+01   3.1443758e+00
   6.5148049e+01   6.7000000e+01   3.1443758e+00
   6.5158049e+01   6.7000000e+01   3.1443758e+00
   6.5168049e+01   6.7000000e+01   3.1443758e+00
   6.5178049e+01   6.7000000e+01   3.1443758e+00
   6.5188049e+01   6.7000000e+01   3.1443758e+00
   6.5198049e+01   6.7000000e+01   3.1443758e+00
   6.5208049e+01   6.7000000e+01   3.1443758e+00
   6.5218049e+01   6.7000000e+01   3.1443758e+00
   6.5228049e+01   6.7000000e+01   3.1443758e+00
   6.5238049e+01   6.7000000e+01   3.1443758e+00
   6.5248049e+01   6.7000000e+01   3.1443758e+00
   6.5258049e+01   6.7000000e+01   3.1443758e+00
   6.5268049e+01   6.7000000e+01   3.1443758e+00
   6.5278049e+01   6.7000000e+01   3.1443758e+00
   6.5288049e+01   6.7000000e+01   3.1443758e+00
   6.5298049e+01   6.7000000e+01   3.1443758e+00
   6.5308049e+01   6.7000000e+01   3.1443758e+00
   6.5318049e+01   6.7000000e+01   3.1443758e+00
   6.5328049e+01   6.7000000e+01   3.1443758e+00
   6.5338049e+01   6.7000000e+01   3.1443758e+00
   6.5348049e+01   6.7000000e+01   3.1443758e+00
   6.5358049e+01   6.7000000e+01   3.1443758e+00
   6.5368049e+01   6.7000000e+01   3.1443758e+00
   6.5378049e+01   6.7000000e+01   3.1443758e+00
   6.5388049e+01   6.7000000e+01   3.1443758e+00
   6.5398049e+01   6.7000000e+01   3.1443758e+00
   6.5408049e+01   6.7000000e+01   3.1443758e+00
   6.5418049e+01   6.7000000e+01   3.1443758e+00
   6.5428049e+01   6.7000000e+01   3.1443758e+00
   6.5438049e+01   6.7000000e+01   3.1443758e+00
   6.5448049e+01   6.7000000e+01   3.1443758e+00
   6.5458049e+01   6.7000000e+01   3.1443758e+00
   6.5468049e+01   6.7000000e+01   3.1443758e+00
   6.5478049e+01   6.7000000e+01   3.1443758e+00
   6.5488049e+01   6.7000000e+01   3.1443758e+00
   6.5498049e+01   6.7000000e+01   3.1443758e+00
   6.5508049e+01   6.7000000e+01   3.1443758e+00
   6.5518049e+01   6.7000000e+01   3.1443758e+00
   6.5528049e+01   6.7000000e+01   3.1443758e+00
   6.5538049e+01   6.7000000e+01   3.1443758e+00
   6.5548049e+01   6.7000000e+01   3.1443758e+00
   6.5558049e+01   6.7000000e+01   3.1443758e+00
   6.5568049e+01   6.7000000e+01   3.1443758e+00
   6.5578049e+01   6.7000000e+01   3.1443758e+00
   6.5588049e+01   6.7000000e+01   3.1443758e+00
   6.5598049e+01   6.7000000e+01   3.1443758e+00
   6.5608049e+01   6.7000000e+01   3.1443758e+00
   6.5618049e+01   6.7000000e+01   3.1443758e+00
   6.5628049e+01   6.7000000e+01   3.1443758e+00
   6.5638049e+01   6.7000000e+01   3.1443758e+00
   6.5648049e+01   6.7000000e+01   3.1443758e+00
   6.5658049e+01   6.7000000e+01   3.1443758e+00
   6.5668049e+01   6.7000000e+01   3.1443758e+00
   6.5678049e+01   6.7000000e+01   3.1443758e+00
   6.5688049e+01   6.7000000e+01   3.1443758e+00
   6.5698049e+01   6.7000000e+01   3.1443758e+00
   6.5708049e+01   6.7000000e+01   3.1443758e+00
   6.5718049e+01   6.7000000e+01   3.1443758e+00
   6.5728049e+01   6.7000000e+01   3.1443758e+00
   6.5738049e+01   6.7000000e+01   3.1443758e+00
   6.5748049e+01   6.7000000e+01   3.1443758e+00
   6.5758049e+01   6.7000000e+01   3.1443758e+00
   6.5768049e+01   6.7000000e+01   3.1443758e+00
   6.5778049e+01   6.7000000e+01   3.1443758e+00
   6.5788049e+01   6.7000000e+01   3.1443758e+00
   6.5798049e+01   6.7000000e+01   3.1443758e+00
   6.5808049e+01   6.7000000e+01   3.1443758e+00
   6.5818049e+01   6.7000000e+01   3.1443758e+00
   6.5828049e+01   6.7000000e+01   3.1443758e+00
   6.5838049e+01   6.7000000e+01   3.1443758e+00
   6.5848049e+01   6.7000000e+01   3.1443758e+00
   6.5858049e+01   6.7000000e+01   3.1443758e+00
   6.5868049e+01   6.7000000e+01   3.1443758e+00
   6.5878049e+01   6.7000000e+01   3.1443758e+00
   6.5888049e+01   6.7000000e+01   3.1443758e+00
   6.5898049e+01   6.7000000e+01   3.1443758e+00
   6.5908049e+01   6.7000000e+01   3.1443758e+00
   6.5918049e+01   6.7000000e+01   3.1443758e+00
   6.5928049e+01   6.7000000e+01   3.1443758e+00
   6.5938049e+01   6.7000000e+01   3.1443758e+00
   6.5948049e+01   6.7000000e+01   3.1443758e+00
   6.5958049e+01   6.7000000e+01   3.1443758e+00
   6.5968049e+01   6.7000000e+01   3.1443758e+00
   6.5978049e+01   6.7000000e+01   3.1443758e+00
   6.5988049e+01   6.7000000e+01   3.1443758e+00
   6.5998049e+01   6.7000000e+01   3.1443758e+00
   6.6008049e+01   6.7000000e+01   3.1443758e+00
   6.6018049e+01   6.7000000e+01   3.1443758e+00
   6.6028049e+01   6.7000000e+01   3.1443758e+00
   6.6038049e+01   6.7000000e+01   3.1443758e+00
   6.6048049e+01   6.7000000e+01   3.1443758e+00
   6.6058049e+01   6.7000000e+01   3.1443758e+00
   6.6068049e+01   6.7000000e+01   3.1443758e+00
   6.6078049e+01   6.7000000e+01   3.1443758e+00
   6.6088049e+01   6.7000000e+01   3.1443758e+00
   6.6098049e+01   6.7000000e+01   3.1443758e+00
   6.6108049e+01   6.7000000e+01   3.1443758e+00
   6.6118049e+01   6.7000000e+01   3.1443758e+00
   6.6128049e+01   6.7000000e+01   3.1443758e+00
   6.6138049e+01   6.7000000e+01   3.1443758e+00
   6.6148049e+01   6.7000000e+01   3.1443758e+00
   6.6158049e+01   6.7000000e+01   3.1443758e+00
   6.6168049e+01   6.7000000e+01   3.1443758e+00
   6.6178049e+01   6.7000000e+01   3.1443758e+00
   6.6188049e+01   6.7000000e+01   3.1443758e+00
   6.6198049e+01   6.7000000e+01   3.1443758e+00
   6.6208049e+01   6.7000000e+01   3.1443758e+00
   6.6218049e+01   6.7000000e+01   3.1443758e+00
   6.6228049e+01   6.7000000e+01   3.1443758e+00
   6.6238049e+01   6.7000000e+01   3.1443758e+00
   6.6248049e+01   6.7000000e+01   3.1443758e+00
   6.6258049e+01   6.7000000e+01   3.1443758e+00
   6.6268049e+01   6.7000000e+01   3.1443758e+00
   6.6278049e+01   6.7000000e+01   3.1443758e+00
   6.6288049e+01   6.7000000e+01   3.1443758e+00
   6.6298049e+01   6.7000000e+01   3.1443758e+00
   6.6308049e+01   6.7000000e+01   3.1443758e+00
   6.6318049e+01   6.7000000e+01   3.1443758e+00
   6.6328049e+01   6.7000000e+01   3.1443758e+00
   6.6338049e+01   6.7000000e+01   3.1443758e+00
   6.6348049e+01   6.7000000e+01   3.1443758e+00
   6.6358049e+01   6.7000000e+01   3.1443758e+00
   6.6368049e+01   6.7000000e+01   3.1443758e+00
   6.6373700e+01   6.7000000e+01   3.1443758e+00
   6.6373700e+01   6.8000000e+01   3.0362776e+00
   6.6373700e+01   6.8000000e+01   3.0362776e+00
   6.6383700e+01   6.8000000e+01   3.0362776e+00
   6.6393700e+01   6.8000000e+01   3.0362776e+00
   6.6403700e+01   6.8000000e+01   3.0362776e+00
   6.6413700e+01   6.8000000e+01   3.0362776e+00
   6.6423700e+01   6.8000000e+01   3.0362776e+00
   6.6433700e+01   6.8000000e+01   3.0362776e+00
   6.6443700e+01   6.8000000e+01   3.0362776e+00
   6.6453700e+01   6.8000000e+01   3.0362776e+00
   6.6463700e+01   6.8000000e+01   3.0362776e+00
   6.6473700e+01   6.8000000e+01   3.0362776e+00
   6.6483700e+01   6.8000000e+01   3.0362776e+00
   6.6493700e+01   6.8000000e+01   3.0362776e+00
   6.6503700e+01   6.8000000e+01   3.0362776e+00
   6.6513700e+01   6.8000000e+01   3.0362776e+00
   6.6523700e+01   6.8000000e+01   3.0362776e+00
   6.6533700e+01   6.8000000e+01   3.0362776e+00
   6.6543700e+01   6.8000000e+01   3.0362776e+00
   6.6553700e+01   6.8000000e+01   3.0362776e+00
   6.6563700e+01   6.8000000e+01   3.0362776e+00
   6.6573700e+01   6.8000000e+01   3.0362776e+00
   6.6583700e+01   6.8000000e+01   3.0362776e+00
   6.6593700e+01   6.8000000e+01   3.0362776e+00
   6.6603700e+01   6.8000000e+01   3.0362776e+00
   6.6613700e+01   6.8000000e+01   3.0362776e+00
   6.6623700e+01   6.8000000e+01   3.0362776e+00
   6.6633700e+01   6.8000000e+01   3.0362776e+00
   6.6643700e+01   6.8000000e+01   3.0362776e+00
   6.6653700e+01   6.8000000e+01   3.0362776e+00
   6.6663700e+01   6.8000000e+01   3.0362776e+00
   6.6673700e+01   6.8000000e+01   3.0362776e+00
   6.6683700e+01   6.8000000e+01   3.0362776e+00
   6.6693700e+01   6.8000000e+01   3.0362776e+00
   6.6703700e+01   6.8000000e+01   3.0362776e+00
   6.6713700e+01   6.8000000e+01   3.0362776e+00
   6.6723700e+01   6.8000000e+01   3.0362776e+00
   6.6733700e+01   6.8000000e+01   3.0362776e+00
   6.6743700e+01   6.8000000e+01   3.0362776e+00
   6.6753700e+01   6.8000000e+01   3.0362776e+00
   6.6763700e+01   6.8000000e+01   3.0362776e+00
   6.6773700e+01   6.8000000e+01   3.0362776e+00
   6.6783700e+01   6.8000000e+01   3.0362776e+00
   6.6793700e+01   6.8000000e+01   3.0362776e+00
   6.6803700e+01   6.8000000e+01   3.0362776e+00
   6.6813700e+01   6.8000000e+01   3.0362776e+00
   6.6823700e+01   6.8000000e+01   3.0362776e+00
   6.6833700e+01   6.8000000e+01   3.0362776e+00
   6.6843700e+01   6.8000000e+01   3.0362776e+00
   6.6853700e+01   6.8000000e+01   3.0362776e+00
   6.6863700e+01   6.8000000e+01   3.0362776e+00
   6.6873700e+01   6.8000000e+01   3.0362776e+00
   6.6883700e+01   6.8000000e+01   3.0362776e+00
   6.6893700e+01   6.8000000e+01   3.0362776e+00
   6.6903700e+01   6.8000000e+01   3.0362776e+00
   6.6913700e+01   6.8000000e+01   3.0362776e+00
   6.6923700e+01   6.8000000e+01   3.0362776e+00
   6.6933700e+01   6.8000000e+01   3.0362776e+00
   6.6943700e+01   6.8000000e+01   3.0362776e+00
   6.6953700e+01   6.8000000e+01   3.0362776e+00
   6.6963700e+01   6.8000000e+01   3.0362776e+00
   6.6973700e+01   6.8000000e+01   3.0362776e+00
   6.6983700e+01   6.8000000e+01   3.0362776e+00
   6.6993700e+01   6.8000000e+01   3.0362776e+00
   6.7003700e+01   6.8000000e+01   3.0362776e+00
   6.7013700e+01   6.8000000e+01   3.0362776e+00
   6.7023700e+01   6.8000000e+01   3.0362776e+00
   6.7033700e+01   6.8000000e+01   3.0362776e+00
   6.7043700e+01   6.8000000e+01   3.0362776e+00
   6.7053700e+01   6.8000000e+01   3.0362776e+00
   6.7063700e+01   6.8000000e+01   3.0362776e+00
   6.7073700e+01   6.8000000e+01   3.0362776e+00
   6.7083700e+01   6.8000000e+01   3.0362776e+00
   6.7093700e+01   6.8000000e+01   3.0362776e+00
   6.7103700e+01   6.8000000e+01   3.0362776e+00
   6.7113700e+01   6.8000000e+01   3.0362776e+00
   6.7123700e+01   6.8000000e+01   3.0362776e+00
   6.7133700e+01   6.8000000e+01   3.0362776e+00
   6.7143700e+01   6.8000000e+01   3.0362776e+00
   6.7153700e+01   6.8000000e+01   3.0362776e+00
   6.7163700e+01   6.8000000e+01   3.0362776e+00
   6.7173700e+01   6.8000000e+01   3.0362776e+00
   6.7183700e+01   6.8000000e+01   3.0362776e+00
   6.7193700e+01   6.8000000e+01   3.0362776e+00
   6.7203700e+01   6.8000000e+01   3.0362776e+00
   6.7213700e+01   6.8000000e+01   3.0362776e+00
   6.7223700e+01   6.8000000e+01   3.0362776e+00
   6.7233700e+01   6.8000000e+01   3.0362776e+00
   6.7243700e+01   6.8000000e+01   3.0362776e+00
   6.7253700e+01   6.8000000e+01   3.0362776e+00
   6.7263700e+01   6.8000000e+01   3.0362776e+00
   6.7273700e+01   6.8000000e+01   3.0362776e+00
   6.7283700e+01   6.8000000e+01   3.0362776e+00
   6.7293700e+01   6.8000000e+01   3.0362776e+00
   6.7303700e+01   6.8000000e+01   3.0362776e+00
   6.7313700e+01   6.8000000e+01   3.0362776e+00
   6.7323700e+01   6.8000000e+01   3.0362776e+00
   6.7333700e+01   6.8000000e+01   3.0362776e+00
   6.7343700e+01   6.8000000e+01   3.0362776e+00
   6.7353700e+01   6.8000000e+01   3.0362776e+00
   6.7363700e+01   6.8000000e+01   3.0362776e+00
   6.7373700e+01   6.8000000e+01   3.0362776e+00
   6.7383700e+01   6.8000000e+01   3.0362776e+00
   6.7393700e+01   6.8000000e+01   3.0362776e+00
   6.7403700e+01   6.8000000e+01   3.0362776e+00
   6.7413700e+01   6.8000000e+01   3.0362776e+00
   6.7423700e+01   6.8000000e+01   3.0362776e+00
   6.7433700e+01   6.8000000e+01   3.0362776e+00
   6.7443700e+01   6.8000000e+01   3.0362776e+00
   6.7453700e+01   6.8000000e+01   3.0362776e+00
   6.7463700e+01   6.8000000e+01   3.0362776e+00
   6.7473700e+01   6.8000000e+01   3.0362776e+00
   6.7483700e+01   6.8000000e+01   3.0362776e+00
   6.7493700e+01   6.8000000e+01   3.0362776e+00
   6.7503700e+01   6.8000000e+01   3.0362776e+00
   6.7513700e+01   6.8000000e+01   3.0362776e+00
   6.7523700e+01   6.8000000e+01   3.0362776e+00
   6.7533700e+01   6.8000000e+01   3.0362776e+00
   6.7543700e+01   6.8000000e+01   3.0362776e+00
   6.7553700e+01   6.8000000e+01   3.0362776e+00
   6.7563700e+01   6.8000000e+01   3.0362776e+00
   6.7573700e+01   6.8000000e+01   3.0362776e+00
   6.7583700e+01   6.8000000e+01   3.0362776e+00
   6.7593700e+01   6.8000000e+01   3.0362776e+00
   6.7603700e+01   6.8000000e+01   3.0362776e+00
   6.7613700e+01   6.8000000e+01   3.0362776e+00
   6.7623700e+01   6.8000000e+01   3.0362776e+00
   6.7633700e+01   6.8000000e+01   3.0362776e+00
   6.7643700e+01   6.8000000e+01   3.0362776e+00
   6.7653700e+01   6.8000000e+01   3.0362776e+00
   6.7663700e+01   6.8000000e+01   3.0362776e+00
   6.7673700e+01   6.8000000e+01   3.0362776e+00
   6.7683700e+01   6.8000000e+01   3.0362776e+00
   6.7693700e+01   6.8000000e+01   3.0362776e+00
   6.7703700e+01   6.8000000e+01   3.0362776e+00
   6.7713700e+01   6.8000000e+01   3.0362776e+00
   6.7723700e+01   6.8000000e+01   3.0362776e+00
   6.7733700e+01   6.8000000e+01   3.0362776e+00
   6.7743700e+01   6.8000000e+01   3.0362776e+00
   6.7753700e+01   6.8000000e+01   3.0362776e+00
   6.7763700e+01   6.8000000e+01   3.0362776e+00
   6.7773700e+01   6.8000000e+01   3.0362776e+00
   6.7783700e+01   6.8000000e+01   3.0362776e+00
   6.7793700e+01   6.8000000e+01   3.0362776e+00
   6.7803700e+01   6.8000000e+01   3.0362776e+00
   6.7813700e+01   6.8000000e+01   3.0362776e+00
   6.7823700e+01   6.8000000e+01   3.0362776e+00
   6.7833700e+01   6.8000000e+01   3.0362776e+00
   6.7843700e+01   6.8000000e+01   3.0362776e+00
   6.7853700e+01   6.8000000e+01   3.0362776e+00
   6.7863700e+01   6.8000000e+01   3.0362776e+00
   6.7873700e+01   6.8000000e+01   3.0362776e+00
   6.7883700e+01   6.8000000e+01   3.0362776e+00
   6.7893700e+01   6.8000000e+01   3.0362776e+00
   6.7903700e+01   6.8000000e+01   3.0362776e+00
   6.7913700e+01   6.8000000e+01   3.0362776e+00
   6.7923700e+01   6.8000000e+01   3.0362776e+00
   6.7933700e+01   6.8000000e+01   3.0362776e+00
   6.7943700e+01   6.8000000e+01   3.0362776e+00
   6.7953700e+01   6.8000000e+01   3.0362776e+00
   6.7959248e+01   6.8000000e+01   3.0362776e+00
   6.7959248e+01   6.9000000e+01   2.9252483e+00
   6.7959248e+01   6.9000000e+01   2.9252483e+00
   6.7969248e+01   6.9000000e+01   2.9252483e+00
   6.7979248e+01   6.9000000e+01   2.9252483e+00
   6.7989248e+01   6.9000000e+01   2.9252483e+00
   6.7999248e+01   6.9000000e+01   2.9252483e+00
   6.8009248e+01   6.9000000e+01   2.9252483e+00
   6.8019248e+01   6.9000000e+01   2.9252483e+00
   6.8029248e+01   6.9000000e+01   2.9252483e+00
   6.8039248e+01   6.9000000e+01   2.9252483e+00
   6.8049248e+01   6.9000000e+01   2.9252483e+00
   6.8059248e+01   6.9000000e+01   2.9252483e+00
   6.8069248e+01   6.9000000e+01   2.9252483e+00
   6.8079248e+01   6.9000000e+01   2.9252483e+00
   6.8089248e+01   6.9000000e+01   2.9252483e+00
   6.8099248e+01   6.9000000e+01   2.9252483e+00
   6.8109248e+01   6.9000000e+01   2.9252483e+00
   6.8119248e+01   6.9000000e+01   2.9252483e+00
   6.8129248e+01   6.9000000e+01   2.9252483e+00
   6.8139248e+01   6.9000000e+01   2.9252483e+00
   6.8149248e+01   6.9000000e+01   2.9252483e+00
   6.8159248e+01   6.9000000e+01   2.9252483e+00
   6.8169248e+01   6.9000000e+01   2.9252483e+00
   6.8179248e+01   6.9000000e+01   2.9252483e+00
   6.8189248e+01   6.9000000e+01   2.9252483e+00
   6.8199248e+01   6.9000000e+01   2.9252483e+00
   6.8209248e+01   6.9000000e+01   2.9252483e+00
   6.8219248e+01   6.9000000e+01   2.9252483e+00
   6.8229248e+01   6.9000000e+01   2.9252483e+00
   6.8239248e+01   6.9000000e+01   2.9252483e+00
   6.8249248e+01   6.9000000e+01   2.9252483e+00
   6.8259248e+01   6.9000000e+01   2.9252483e+00
   6.8269248e+01   6.9000000e+01   2.9252483e+00
   6.8279248e+01   6.9000000e+01   2.9252483e+00
   6.8289248e+01   6.9000000e+01   2.9252483e+00
   6.8299248e+01   6.9000000e+01   2.9252483e+00
   6.8309248e+01   6.9000000e+01   2.9252483e+00
   6.8319248e+01   6.9000000e+01   2.9252483e+00
   6.8329248e+01   6.9000000e+01   2.9252483e+00
   6.8339248e+01   6.9000000e+01   2.9252483e+00
   6.8349248e+01   6.9000000e+01   2.9252483e+00
   6.8359248e+01   6.9000000e+01   2.9252483e+00
   6.8369248e+01   6.9000000e+01   2.9252483e+00
   6.8379248e+01   6.9000000e+01   2.9252483e+00
   6.8389248e+01   6.9000000e+01   2.9252483e+00
   6.8399248e+01   6.9000000e+01   2.9252483e+00
   6.8409248e+01   6.9000000e+01   2.9252483e+00
   6.8419248e+01   6.9000000e+01   2.9252483e+00
   6.8429248e+01   6.9000000e+01   2.9252483e+00
   6.8439248e+01   6.9000000e+01   2.9252483e+00
   6.8449248e+01   6.9000000e+01   2.9252483e+00
   6.8459248e+01   6.9000000e+01   2.9252483e+00
   6.8469248e+01   6.9000000e+01   2.9252483e+00
   6.8479248e+01   6.9000000e+01   2.9252483e+00
   6.8489248e+01   6.9000000e+01   2.9252483e+00
   6.8499248e+01   6.9000000e+01   2.9252483e+00
   6.8509248e+01   6.9000000e+01   2.9252483e+00
   6.8519248e+01   6.9000000e+01   2.9252483e+00
   6.8529248e+01   6.9000000e+01   2.9252483e+00
   6.8539248e+01   6.9000000e+01   2.9252483e+00
   6.8549248e+01   6.9000000e+01   2.9252483e+00
   6.8559248e+01   6.9000000e+01   2.9252483e+00
   6.8569248e+01   6.9000000e+01   2.9252483e+00
   6.8579248e+01   6.9000000e+01   2.9252483e+00
   6.8589248e+01   6.9000000e+01   2.9252483e+00
   6.8599248e+01   6.9000000e+01   2.9252483e+00
   6.8609248e+01   6.9000000e+01   2.9252483e+00
   6.8619248e+01   6.9000000e+01   2.9252483e+00
   6.8629248e+01   6.9000000e+01   2.9252483e+00
   6.8639248e+01   6.9000000e+01   2.9252483e+00
   6.8649248e+01   6.9000000e+01   2.9252483e+00
   6.8659248e+01   6.9000000e+01   2.9252483e+00
   6.8669248e+01   6.9000000e+01   2.9252483e+00
   6.8679248e+01   6.9000000e+01   2.9252483e+00
   6.8689248e+01   6.9000000e+01   2.9252483e+00
   6.8699248e+01   6.9000000e+01   2.9252483e+00
   6.8709248e+01   6.9000000e+01   2.9252483e+00
   6.8719248e+01   6.9000000e+01   2.9252483e+00
   6.8729248e+01   6.9000000e+01   2.9252483e+00
   6.8739248e+01   6.9000000e+01   2.9252483e+00
   6.8749248e+01   6.9000000e+01   2.9252483e+00
   6.8759248e+01   6.9000000e+01   2.9252483e+00
   6.8769248e+01   6.9000000e+01   2.9252483e+00
   6.8779248e+01   6.9000000e+01   2.9252483e+00
   6.8789248e+01   6.9000000e+01   2.9252483e+00
   6.8799248e+01   6.9000000e+01   2.9252483e+00
   6.8809248e+01   6.9000000e+01   2.9252483e+00
   6.8819248e+01   6.9000000e+01   2.9252483e+00
   6.8829248e+01   6.9000000e+01   2.9252483e+00
   6.8839248e+01   6.9000000e+01   2.9252483e+00
   6.8849248e+01   6.9000000e+01   2.9252483e+00
   6.8859248e+01   6.9000000e+01   2.9252483e+00
   6.8869248e+01   6.9000000e+01   2.9252483e+00
   6.8879248e+01   6.9000000e+01   2.9252483e+00
   6.8889248e+01   6.9000000e+01   2.9252483e+00
   6.8899248e+01   6.9000000e+01   2.9252483e+00
   6.8909248e+01   6.9000000e+01   2.9252483e+00
   6.8919248e+01   6.9000000e+01   2.9252483e+00
   6.8929248e+01   6.9000000e+01   2.9252483e+00
   6.8939248e+01   6.9000000e+01   2.9252483e+00
   6.8949248e+01   6.9000000e+01   2.9252483e+00
   6.8959248e+01   6.9000000e+01   2.9252483e+00
   6.8969248e+01   6.9000000e+01   2.9252483e+00
   6.8979248e+01   6.9000000e+01   2.9252483e+00
   6.8989248e+01   6.9000000e+01   2.9252483e+00
   6.8999248e+01   6.9000000e+01   2.9252483e+00
   6.9009248e+01   6.9000000e+01   2.9252483e+00
   6.9019248e+01   6.9000000e+01   2.9252483e+00
   6.9029248e+01   6.9000000e+01   2.9252483e+00
   6.9039248e+01   6.9000000e+01   2.9252483e+00
   6.9049248e+01   6.9000000e+01   2.9252483e+00
   6.9059248e+01   6.9000000e+01   2.9252483e+00
   6.9069248e+01   6.9000000e+01   2.9252483e+00
   6.9079248e+01   6.9000000e+01   2.9252483e+00
   6.9089248e+01   6.9000000e+01   2.9252483e+00
   6.9099248e+01   6.9000000e+01   2.9252483e+00
   6.9109248e+01   6.9000000e+01   2.9252483e+00
   6.9119248e+01   6.9000000e+01   2.9252483e+00
   6.9129248e+01   6.9000000e+01   2.9252483e+00
   6.9139248e+01   6.9000000e+01   2.9252483e+00
   6.9149248e+01   6.9000000e+01   2.9252483e+00
   6.9159248e+01   6.9000000e+01   2.9252483e+00
   6.9169248e+01   6.9000000e+01   2.9252483e+00
   6.9179248e+01   6.9000000e+01   2.9252483e+00
   6.9189248e+01   6.9000000e+01   2.9252483e+00
   6.9199248e+01   6.9000000e+01   2.9252483e+00
   6.9209248e+01   6.9000000e+01   2.9252483e+00
   6.9219248e+01   6.9000000e+01   2.9252483e+00
   6.9229248e+01   6.9000000e+01   2.9252483e+00
   6.9239248e+01   6.9000000e+01   2.9252483e+00
   6.9249248e+01   6.9000000e+01   2.9252483e+00
   6.9259248e+01   6.9000000e+01   2.9252483e+00
   6.9269248e+01   6.9000000e+01   2.9252483e+00
   6.9279248e+01   6.9000000e+01   2.9252483e+00
   6.9289248e+01   6.9000000e+01   2.9252483e+00
   6.9299248e+01   6.9000000e+01   2.9252483e+00
   6.9309248e+01   6.9000000e+01   2.9252483e+00
   6.9319248e+01   6.9000000e+01   2.9252483e+00
   6.9329248e+01   6.9000000e+01   2.9252483e+00
   6.9339248e+01   6.9000000e+01   2.9252483e+00
   6.9349248e+01   6.9000000e+01   2.9252483e+00
   6.9359248e+01   6.9000000e+01   2.9252483e+00
   6.9369248e+01   6.9000000e+01   2.9252483e+00
   6.9379248e+01   6.9000000e+01   2.9252483e+00
   6.9389248e+01   6.9000000e+01   2.9252483e+00
   6.9399248e+01   6.9000000e+01   2.9252483e+00
   6.9409248e+01   6.9000000e+01   2.9252483e+00
   6.9419248e+01   6.9000000e+01   2.9252483e+00
   6.9429248e+01   6.9000000e+01   2.9252483e+00
   6.9439248e+01   6.9000000e+01   2.9252483e+00
   6.9449248e+01   6.9000000e+01   2.9252483e+00
   6.9459248e+01   6.9000000e+01   2.9252483e+00
   6.9469248e+01   6.9000000e+01   2.9252483e+00
   6.9479248e+01   6.9000000e+01   2.9252483e+00
   6.9489248e+01   6.9000000e+01   2.9252483e+00
   6.9499248e+01   6.9000000e+01   2.9252483e+00
   6.9509248e+01   6.9000000e+01   2.9252483e+00
   6.9519248e+01   6.9000000e+01   2.9252483e+00
   6.9529248e+01   6.9000000e+01   2.9252483e+00
   6.9539248e+01   6.9000000e+01   2.9252483e+00
   6.9549248e+01   6.9000000e+01   2.9252483e+00
   6.9554290e+01   6.9000000e+01   2.9252483e+00
   6.9554290e+01   7.0000000e+01   2.8113061e+00
   6.9554290e+01   7.0000000e+01   2.8113061e+00
   6.9564290e+01   7.0000000e+01   2.8113061e+00
   6.9574290e+01   7.0000000e+01   2.8113061e+00
   6.9584290e+01   7.0000000e+01   2.8113061e+00
   6.9594290e+01   7.0000000e+01   2.8113061e+00
   6.9604290e+01   7.0000000e+01   2.8113061e+00
   6.9614290e+01   7.0000000e+01   2.8113061e+00
   6.9624290e+01   7.0000000e+01   2.8113061e+00
   6.9634290e+01   7.0000000e+01   2.8113061e+00
   6.9644290e+01   7.0000000e+01   2.8113061e+00
   6.9654290e+01   7.0000000e+01   2.8113061e+00
   6.9664290e+01   7.0000000e+01   2.8113061e+00
   6.9674290e+01   7.0000000e+01   2.8113061e+00
   6.9684290e+01   7.0000000e+01   2.8113061e+00
   6.9694290e+01   7.0000000e+01   2.8113061e+00
   6.9704290e+01   7.0000000e+01   2.8113061e+00
   6.9714290e+01   7.0000000e+01   2.8113061e+00
   6.9724290e+01   7.0000000e+01   2.8113061e+00
   6.9734290e+01   7.0000000e+01   2.8113061e+00
   6.9744290e+01   7.0000000e+01   2.8113061e+00
   6.9754290e+01   7.0000000e+01   2.8113061e+00
   6.9764290e+01   7.0000000e+01   2.8113061e+00
   6.9774290e+01   7.0000000e+01   2.8113061e+00
   6.9784290e+01   7.0000000e+01   2.8113061e+00
   6.9794290e+01   7.0000000e+01   2.8113061e+00
   6.9804290e+01   7.0000000e+01   2.8113061e+00
   6.9814290e+01   7.0000000e+01   2.8113061e+00
   6.9824290e+01   7.0000000e+01   2.8113061e+00
   6.9834290e+01   7.0000000e+01   2.8113061e+00
   6.9844290e+01   7.0000000e+01   2.8113061e+00
   6.9854290e+01   7.0000000e+01   2.8113061e+00
   6.9864290e+01   7.0000000e+01   2.8113061e+00
   6.9874290e+01   7.0000000e+01   2.8113061e+00
   6.9884290e+01   7.0000000e+01   2.8113061e+00
   6.9894290e+01   7.0000000e+01   2.8113061e+00
   6.9904290e+01   7.0000000e+01   2.8113061e+00
   6.9914290e+01   7.0000000e+01   2.8113061e+00
   6.9924290e+01   7.0000000e+01   2.8113061e+00
   6.9934290e+01   7.0000000e+01   2.8113061e+00
   6.9944290e+01   7.0000000e+01   2.8113061e+00
   6.9954290e+01   7.0000000e+01   2.8113061e+00
   6.9964290e+01   7.0000000e+01   2.8113061e+00
   6.9974290e+01   7.0000000e+01   2.8113061e+00
   6.9984290e+01   7.0000000e+01   2.8113061e+00
   6.9994290e+01   7.0000000e+01   2.8113061e+00
   7.0004290e+01   7.0000000e+01   2.8113061e+00
   7.0014290e+01   7.0000000e+01   2.8113061e+00
   7.0024290e+01   7.0000000e+01   2.8113061e+00
   7.0034290e+01   7.0000000e+01   2.8113061e+00
   7.0044290e+01   7.0000000e+01   2.8113061e+00
   7.0054290e+01   7.0000000e+01   2.8113061e+00
   7.0064290e+01   7.0000000e+01   2.8113061e+00
   7.0074290e+01   7.0000000e+01   2.8113061e+00
   7.0084290e+01   7.0000000e+01   2.8113061e+00
   7.0094290e+01   7.0000000e+01   2.8113061e+00
   7.0104290e+01   7.0000000e+01   2.8113061e+00
   7.0114290e+01   7.0000000e+01   2.8113061e+00
   7.0124290e+01   7.0000000e+01   2.8113061e+00
   7.0134290e+01   7.0000000e+01   2.8113061e+00
   7.0144290e+01   7.0000000e+01   2.8113061e+00
   7.0154290e+01   7.0000000e+01   2.8113061e+00
   7.0164290e+01   7.0000000e+01   2.8113061e+00
   7.0174290e+01   7.0000000e+01   2.8113061e+00
   7.0184290e+01   7.0000000e+01   2.8113061e+00
   7.0194290e+01   7.0000000e+01   2.8113061e+00
   7.0204290e+01   7.0000000e+01   2.8113061e+00
   7.0214290e+01   7.0000000e+01   2.8113061e+00
   7.0224290e+01   7.0000000e+01   2.8113061e+00
   7.0234290e+01   7.0000000e+01   2.8113061e+00
   7.0244290e+01   7.0000000e+01   2.8113061e+00
   7.0254290e+01   7.0000000e+01   2.8113061e+00
   7.0264290e+01   7.0000000e+01   2.8113061e+00
   7.0274290e+01   7.0000000e+01   2.8113061e+00
   7.0284290e+01   7.0000000e+01   2.8113061e+00
   7.0294290e+01   7.0000000e+01   2.8113061e+00
   7.0304290e+01   7.0000000e+01   2.8113061e+00
   7.0314290e+01   7.0000000e+01   2.8113061e+00
   7.0324290e+01   7.0000000e+01   2.8113061e+00
   7.0334290e+01   7.0000000e+01   2.8113061e+00
   7.0344290e+01   7.0000000e+01   2.8113061e+00
   7.0354290e+01   7.0000000e+01   2.8113061e+00
   7.0364290e+01   7.0000000e+01   2.8113061e+00
   7.0374290e+01   7.0000000e+01   2.8113061e+00
   7.0384290e+01   7.0000000e+01   2.8113061e+00
   7.0394290e+01   7.0000000e+01   2.8113061e+00
   7.0404290e+01   7.0000000e+01   2.8113061e+00
   7.0414290e+01   7.0000000e+01   2.8113061e+00
   7.0424290e+01   7.0000000e+01   2.8113061e+00
   7.0434290e+01   7.0000000e+01   2.8113061e+00
   7.0444290e+01   7.0000000e+01   2.8113061e+00
   7.0454290e+01   7.0000000e+01   2.8113061e+00
   7.0464290e+01   7.0000000e+01   2.8113061e+00
   7.0474290e+01   7.0000000e+01   2.8113061e+00
   7.0484290e+01   7.0000000e+01   2.8113061e+00
   7.0494290e+01   7.0000000e+01   2.8113061e+00
   7.0504290e+01   7.0000000e+01   2.8113061e+00
   7.0514290e+01   7.0000000e+01   2.8113061e+00
   7.0524290e+01   7.0000000e+01   2.8113061e+00
   7.0534290e+01   7.0000000e+01   2.8113061e+00
   7.0544290e+01   7.0000000e+01   2.8113061e+00
   7.0554290e+01   7.0000000e+01   2.8113061e+00
   7.0564290e+01   7.0000000e+01   2.8113061e+00
   7.0574290e+01   7.0000000e+01   2.8113061e+00
   7.0584290e+01   7.0000000e+01   2.8113061e+00
   7.0594290e+01   7.0000000e+01   2.8113061e+00
   7.0604290e+01   7.0000000e+01   2.8113061e+00
   7.0614290e+01   7.0000000e+01   2.8113061e+00
   7.0624290e+01   7.0000000e+01   2.8113061e+00
   7.0634290e+01   7.0000000e+01   2.8113061e+00
   7.0644290e+01   7.0000000e+01   2.8113061e+00
   7.0654290e+01   7.0000000e+01   2.8113061e+00
   7.0664290e+01   7.0000000e+01   2.8113061e+00
   7.0674290e+01   7.0000000e+01   2.8113061e+00
   7.0684290e+01   7.0000000e+01   2.8113061e+00
   7.0694290e+01   7.0000000e+01   2.8113061e+00
   7.0704290e+01   7.0000000e+01   2.8113061e+00
   7.0714290e+01   7.0000000e+01   2.8113061e+00
   7.0724290e+01   7.0000000e+01   2.8113061e+00
   7.0734290e+01   7.0000000e+01   2.8113061e+00
   7.0744290e+01   7.0000000e+01   2.8113061e+00
   7.0754290e+01   7.0000000e+01   2.8113061e+00
   7.0764290e+01   7.0000000e+01   2.8113061e+00
   7.0774290e+01   7.0000000e+01   2.8113061e+00
   7.0784290e+01   7.0000000e+01   2.8113061e+00
   7.0794290e+01   7.0000000e+01   2.8113061e+00
   7.0804290e+01   7.0000000e+01   2.8113061e+00
   7.0814290e+01   7.0000000e+01   2.8113061e+00
   7.0824290e+01   7.0000000e+01   2.8113061e+00
   7.0834290e+01   7.0000000e+01   2.8113061e+00
   7.0844290e+01   7.0000000e+01   2.8113061e+00
   7.0854290e+01   7.0000000e+01   2.8113061e+00
   7.0864290e+01   7.0000000e+01   2.8113061e+00
   7.0874290e+01   7.0000000e+01   2.8113061e+00
   7.0884290e+01   7.0000000e+01   2.8113061e+00
   7.0894290e+01   7.0000000e+01   2.8113061e+00
   7.0904290e+01   7.0000000e+01   2.8113061e+00
   7.0914290e+01   7.0000000e+01   2.8113061e+00
   7.0924290e+01   7.0000000e+01   2.8113061e+00
   7.0934290e+01   7.0000000e+01   2.8113061e+00
   7.0944290e+01   7.0000000e+01   2.8113061e+00
   7.0954290e+01   7.0000000e+01   2.8113061e+00
   7.0964290e+01   7.0000000e+01   2.8113061e+00
   7.0974290e+01   7.0000000e+01   2.8113061e+00
   7.0984290e+01   7.0000000e+01   2.8113061e+00
   7.0994290e+01   7.0000000e+01   2.8113061e+00
   7.1004290e+01   7.0000000e+01   2.8113061e+00
   7.1014290e+01   7.0000000e+01   2.8113061e+00
   7.1024290e+01   7.0000000e+01   2.8113061e+00
   7.1034290e+01   7.0000000e+01   2.8113061e+00
   7.1044290e+01   7.0000000e+01   2.8113061e+00
   7.1054290e+01   7.0000000e+01   2.8113061e+00
   7.1064290e+01   7.0000000e+01   2.8113061e+00
   7.1074290e+01   7.0000000e+01   2.8113061e+00
   7.1084290e+01   7.0000000e+01   2.8113061e+00
   7.1094290e+01   7.0000000e+01   2.8113061e+00
   7.1104290e+01   7.0000000e+01   2.8113061e+00
   7.1114290e+01   7.0000000e+01   2.8113061e+00
   7.1124290e+01   7.0000000e+01   2.8113061e+00
   7.1134290e+01   7.0000000e+01   2.8113061e+00
   7.1144290e+01   7.0000000e+01   2.8113061e+00
   7.1154290e+01   7.0000000e+01   2.8113061e+00
   7.1158417e+01   7.0000000e+01   2.8113061e+00
   7.1158417e+01   7.1000000e+01   2.6944717e+00
   7.1158417e+01   7.1000000e+01   2.6944717e+00
   7.1168417e+01   7.1000000e+01   2.6944717e+00
   7.1178417e+01   7.1000000e+01   2.6944717e+00
   7.1188417e+01   7.1000000e+01   2.6944717e+00
   7.1198417e+01   7.1000000e+01   2.6944717e+00
   7.1208417e+01   7.1000000e+01   2.6944717e+00
   7.1218417e+01   7.1000000e+01   2.6944717e+00
   7.1228417e+01   7.1000000e+01   2.6944717e+00
   7.1238417e+01   7.1000000e+01   2.6944717e+00
   7.1248417e+01   7.1000000e+01   2.6944717e+00
   7.1258417e+01   7.1000000e+01   2.6944717e+00
   7.1268417e+01   7.1000000e+01   2.6944717e+00
   7.1278417e+01   7.1000000e+01   2.6944717e+00
   7.1288417e+01   7.1000000e+01   2.6944717e+00
   7.1298417e+01   7.1000000e+01   2.6944717e+00
   7.1308417e+01   7.1000000e+01   2.6944717e+00
   7.1318417e+01   7.1000000e+01   2.6944717e+00
   7.1328417e+01   7.1000000e+01   2.6944717e+00
   7.1338417e+01   7.1000000e+01   2.6944717e+00
   7.1348417e+01   7.1000000e+01   2.6944717e+00
   7.1358417e+01   7.1000000e+01   2.6944717e+00
   7.1368417e+01   7.1000000e+01   2.6944717e+00
   7.1378417e+01   7.1000000e+01   2.6944717e+00
   7.1388417e+01   7.1000000e+01   2.6944717e+00
   7.1398417e+01   7.1000000e+01   2.6944717e+00
   7.1408417e+01   7.1000000e+01   2.6944717e+00
   7.1418417e+01   7.1000000e+01   2.6944717e+00
   7.1428417e+01   7.1000000e+01   2.6944717e+00
   7.1438417e+01   7.1000000e+01   2.6944717e+00
   7.1448417e+01   7.1000000e+01   2.6944717e+00
   7.1458417e+01   7.1000000e+01   2.6944717e+00
   7.1468417e+01   7.1000000e+01   2.6944717e+00
   7.1478417e+01   7.1000000e+01   2.6944717e+00
   7.1488417e+01   7.1000000e+01   2.6944717e+00
   7.1498417e+01   7.1000000e+01   2.6944717e+00
   7.1508417e+01   7.1000000e+01   2.6944717e+00
   7.1518417e+01   7.1000000e+01   2.6944717e+00
   7.1528417e+01   7.1000000e+01   2.6944717e+00
   7.1538417e+01   7.1000000e+01   2.6944717e+00
   7.1548417e+01   7.1000000e+01   2.6944717e+00
   7.1558417e+01   7.1000000e+01   2.6944717e+00
   7.1568417e+01   7.1000000e+01   2.6944717e+00
   7.1578417e+01   7.1000000e+01   2.6944717e+00
   7.1588417e+01   7.1000000e+01   2.6944717e+00
   7.1598417e+01   7.1000000e+01   2.6944717e+00
   7.1608417e+01   7.1000000e+01   2.6944717e+00
   7.1618417e+01   7.1000000e+01   2.6944717e+00
   7.1628417e+01   7.1000000e+01   2.6944717e+00
   7.1638417e+01   7.1000000e+01   2.6944717e+00
   7.1648417e+01   7.1000000e+01   2.6944717e+00
   7.1658417e+01   7.1000000e+01   2.6944717e+00
   7.1668417e+01   7.1000000e+01   2.6944717e+00
   7.1678417e+01   7.1000000e+01   2.6944717e+00
   7.1688417e+01   7.1000000e+01   2.6944717e+00
   7.1698417e+01   7.1000000e+01   2.6944717e+00
   7.1708417e+01   7.1000000e+01   2.6944717e+00
   7.1718417e+01   7.1000000e+01   2.6944717e+00
   7.1728417e+01   7.1000000e+01   2.6944717e+00
   7.1738417e+01   7.1000000e+01   2.6944717e+00
   7.1748417e+01   7.1000000e+01   2.6944717e+00
   7.1758417e+01   7.1000000e+01   2.6944717e+00
   7.1768417e+01   7.1000000e+01   2.6944717e+00
   7.1778417e+01   7.1000000e+01   2.6944717e+00
   7.1788417e+01   7.1000000e+01   2.6944717e+00
   7.1798417e+01   7.1000000e+01   2.6944717e+00
   7.1808417e+01   7.1000000e+01   2.6944717e+00
   7.1818417e+01   7.1000000e+01   2.6944717e+00
   7.1828417e+01   7.1000000e+01   2.6944717e+00
   7.1838417e+01   7.1000000e+01   2.6944717e+00
   7.1848417e+01   7.1000000e+01   2.6944717e+00
   7.1858417e+01   7.1000000e+01   2.6944717e+00
   7.1868417e+01   7.1000000e+01   2.6944717e+00
   7.1878417e+01   7.1000000e+01   2.6944717e+00
   7.1888417e+01   7.1000000e+01   2.6944717e+00
   7.1898417e+01   7.1000000e+01   2.6944717e+00
   7.1908417e+01   7.1000000e+01   2.6944717e+00
   7.1918417e+01   7.1000000e+01   2.6944717e+00
   7.1928417e+01   7.1000000e+01   2.6944717e+00
   7.1938417e+01   7.1000000e+01   2.6944717e+00
   7.1948417e+01   7.1000000e+01   2.6944717e+00
   7.1958417e+01   7.1000000e+01   2.6944717e+00
   7.1968417e+01   7.1000000e+01   2.6944717e+00
   7.1978417e+01   7.1000000e+01   2.6944717e+00
   7.1988417e+01   7.1000000e+01   2.6944717e+00
   7.1998417e+01   7.1000000e+01   2.6944717e+00
   7.2008417e+01   7.1000000e+01   2.6944717e+00
   7.2018417e+01   7.1000000e+01   2.6944717e+00
   7.2028417e+01   7.1000000e+01   2.6944717e+00
   7.2038417e+01   7.1000000e+01   2.6944717e+00
   7.2048417e+01   7.1000000e+01   2.6944717e+00
   7.2058417e+01   7.1000000e+01   2.6944717e+00
   7.2068417e+01   7.1000000e+01   2.6944717e+00
   7.2078417e+01   7.1000000e+01   2.6944717e+00
   7.2088417e+01   7.1000000e+01   2.6944717e+00
   7.2098417e+01   7.1000000e+01   2.6944717e+00
   7.2108417e+01   7.1000000e+01   2.6944717e+00
   7.2118417e+01   7.1000000e+01   2.6944717e+00
   7.2128417e+01   7.1000000e+01   2.6944717e+00
   7.2138417e+01   7.1000000e+01   2.6944717e+00
   7.2148417e+01   7.1000000e+01   2.6944717e+00
   7.2158417e+01   7.1000000e+01   2.6944717e+00
   7.2168417e+01   7.1000000e+01   2.6944717e+00
   7.2178417e+01   7.1000000e+01   2.6944717e+00
   7.2188417e+01   7.1000000e+01   2.6944717e+00
   7.2198417e+01   7.1000000e+01   2.6944717e+00
   7.2208417e+01   7.1000000e+01   2.6944717e+00
   7.2218417e+01   7.1000000e+01   2.6944717e+00
   7.2228417e+01   7.1000000e+01   2.6944717e+00
   7.2238417e+01   7.1000000e+01   2.6944717e+00
   7.2248417e+01   7.1000000e+01   2.6944717e+00
   7.2258417e+01   7.1000000e+01   2.6944717e+00
   7.2268417e+01   7.1000000e+01   2.6944717e+00
   7.2278417e+01   7.1000000e+01   2.6944717e+00
   7.2288417e+01   7.1000000e+01   2.6944717e+00
   7.2298417e+01   7.1000000e+01   2.6944717e+00
   7.2308417e+01   7.1000000e+01   2.6944717e+00
   7.2318417e+01   7.1000000e+01   2.6944717e+00
   7.2328417e+01   7.1000000e+01   2.6944717e+00
   7.2338417e+01   7.1000000e+01   2.6944717e+00
   7.2348417e+01   7.1000000e+01   2.6944717e+00
   7.2358417e+01   7.1000000e+01   2.6944717e+00
   7.2368417e+01   7.1000000e+01   2.6944717e+00
   7.2378417e+01   7.1000000e+01   2.6944717e+00
   7.2388417e+01   7.1000000e+01   2.6944717e+00
   7.2398417e+01   7.1000000e+01   2.6944717e+00
   7.2408417e+01   7.1000000e+01   2.6944717e+00
   7.2418417e+01   7.1000000e+01   2.6944717e+00
   7.2428417e+01   7.1000000e+01   2.6944717e+00
   7.2438417e+01   7.1000000e+01   2.6944717e+00
   7.2448417e+01   7.1000000e+01   2.6944717e+00
   7.2458417e+01   7.1000000e+01   2.6944717e+00
   7.2468417e+01   7.1000000e+01   2.6944717e+00
   7.2478417e+01   7.1000000e+01   2.6944717e+00
   7.2488417e+01   7.1000000e+01   2.6944717e+00
   7.2498417e+01   7.1000000e+01   2.6944717e+00
   7.2508417e+01   7.1000000e+01   2.6944717e+00
   7.2518417e+01   7.1000000e+01   2.6944717e+00
   7.2528417e+01   7.1000000e+01   2.6944717e+00
   7.2538417e+01   7.1000000e+01   2.6944717e+00
   7.2548417e+01   7.1000000e+01   2.6944717e+00
   7.2558417e+01   7.1000000e+01   2.6944717e+00
   7.2568417e+01   7.1000000e+01   2.6944717e+00
   7.2578417e+01   7.1000000e+01   2.6944717e+00
   7.2588417e+01   7.1000000e+01   2.6944717e+00
   7.2598417e+01   7.1000000e+01   2.6944717e+00
   7.2608417e+01   7.1000000e+01   2.6944717e+00
   7.2618417e+01   7.1000000e+01   2.6944717e+00
   7.2628417e+01   7.1000000e+01   2.6944717e+00
   7.2638417e+01   7.1000000e+01   2.6944717e+00
   7.2648417e+01   7.1000000e+01   2.6944717e+00
   7.2658417e+01   7.1000000e+01   2.6944717e+00
   7.2668417e+01   7.1000000e+01   2.6944717e+00
   7.2678417e+01   7.1000000e+01   2.6944717e+00
   7.2688417e+01   7.1000000e+01   2.6944717e+00
   7.2698417e+01   7.1000000e+01   2.6944717e+00
   7.2708417e+01   7.1000000e+01   2.6944717e+00
   7.2718417e+01   7.1000000e+01   2.6944717e+00
   7.2728417e+01   7.1000000e+01   2.6944717e+00
   7.2738417e+01   7.1000000e+01   2.6944717e+00
   7.2748417e+01   7.1000000e+01   2.6944717e+00
   7.2758417e+01   7.1000000e+01   2.6944717e+00
   7.2768417e+01   7.1000000e+01   2.6944717e+00
   7.2771211e+01   7.1000000e+01   2.6944717e+00
   7.2771211e+01   7.2000000e+01   2.5747688e+00
   7.2771211e+01   7.2000000e+01   2.5747688e+00
   7.2781211e+01   7.2000000e+01   2.5747688e+00
   7.2791211e+01   7.2000000e+01   2.5747688e+00
   7.2801211e+01   7.2000000e+01   2.5747688e+00
   7.2811211e+01   7.2000000e+01   2.5747688e+00
   7.2821211e+01   7.2000000e+01   2.5747688e+00
   7.2831211e+01   7.2000000e+01   2.5747688e+00
   7.2841211e+01   7.2000000e+01   2.5747688e+00
   7.2851211e+01   7.2000000e+01   2.5747688e+00
   7.2861211e+01   7.2000000e+01   2.5747688e+00
   7.2871211e+01   7.2000000e+01   2.5747688e+00
   7.2881211e+01   7.2000000e+01   2.5747688e+00
   7.2891211e+01   7.2000000e+01   2.5747688e+00
   7.2901211e+01   7.2000000e+01   2.5747688e+00
   7.2911211e+01   7.2000000e+01   2.5747688e+00
   7.2921211e+01   7.2000000e+01   2.5747688e+00
   7.2931211e+01   7.2000000e+01   2.5747688e+00
   7.2941211e+01   7.2000000e+01   2.5747688e+00
   7.2951211e+01   7.2000000e+01   2.5747688e+00
   7.2961211e+01   7.2000000e+01   2.5747688e+00
   7.2971211e+01   7.2000000e+01   2.5747688e+00
   7.2981211e+01   7.2000000e+01   2.5747688e+00
   7.2991211e+01   7.2000000e+01   2.5747688e+00
   7.3001211e+01   7.2000000e+01   2.5747688e+00
   7.3011211e+01   7.2000000e+01   2.5747688e+00
   7.3021211e+01   7.2000000e+01   2.5747688e+00
   7.3031211e+01   7.2000000e+01   2.5747688e+00
   7.3041211e+01   7.2000000e+01   2.5747688e+00
   7.3051211e+01   7.2000000e+01   2.5747688e+00
   7.3061211e+01   7.2000000e+01   2.5747688e+00
   7.3071211e+01   7.2000000e+01   2.5747688e+00
   7.3081211e+01   7.2000000e+01   2.5747688e+00
   7.3091211e+01   7.2000000e+01   2.5747688e+00
   7.3101211e+01   7.2000000e+01   2.5747688e+00
   7.3111211e+01   7.2000000e+01   2.5747688e+00
   7.3121211e+01   7.2000000e+01   2.5747688e+00
   7.3131211e+01   7.2000000e+01   2.5747688e+00
   7.3141211e+01   7.2000000e+01   2.5747688e+00
   7.3151211e+01   7.2000000e+01   2.5747688e+00
   7.3161211e+01   7.2000000e+01   2.5747688e+00
   7.3171211e+01   7.2000000e+01   2.5747688e+00
   7.3181211e+01   7.2000000e+01   2.5747688e+00
   7.3191211e+01   7.2000000e+01   2.5747688e+00
   7.3201211e+01   7.2000000e+01   2.5747688e+00
   7.3211211e+01   7.2000000e+01   2.5747688e+00
   7.3221211e+01   7.2000000e+01   2.5747688e+00
   7.3231211e+01   7.2000000e+01   2.5747688e+00
   7.3241211e+01   7.2000000e+01   2.5747688e+00
   7.3251211e+01   7.2000000e+01   2.5747688e+00
   7.3261211e+01   7.2000000e+01   2.5747688e+00
   7.3271211e+01   7.2000000e+01   2.5747688e+00
   7.3281211e+01   7.2000000e+01   2.5747688e+00
   7.3291211e+01   7.2000000e+01   2.5747688e+00
   7.3301211e+01   7.2000000e+01   2.5747688e+00
   7.3311211e+01   7.2000000e+01   2.5747688e+00
   7.3321211e+01   7.2000000e+01   2.5747688e+00
   7.3331211e+01   7.2000000e+01   2.5747688e+00
   7.3341211e+01   7.2000000e+01   2.5747688e+00
   7.3351211e+01   7.2000000e+01   2.5747688e+00
   7.3361211e+01   7.2000000e+01   2.5747688e+00
   7.3371211e+01   7.2000000e+01   2.5747688e+00
   7.3381211e+01   7.2000000e+01   2.5747688e+00
   7.3391211e+01   7.2000000e+01   2.5747688e+00
   7.3401211e+01   7.2000000e+01   2.5747688e+00
   7.3411211e+01   7.2000000e+01   2.5747688e+00
   7.3421211e+01   7.2000000e+01   2.5747688e+00
   7.3431211e+01   7.2000000e+01   2.5747688e+00
   7.3441211e+01   7.2000000e+01   2.5747688e+00
   7.3451211e+01   7.2000000e+01   2.5747688e+00
   7.3461211e+01   7.2000000e+01   2.5747688e+00
   7.3471211e+01   7.2000000e+01   2.5747688e+00
   7.3481211e+01   7.2000000e+01   2.5747688e+00
   7.3491211e+01   7.2000000e+01   2.5747688e+00
   7.3501211e+01   7.2000000e+01   2.5747688e+00
   7.3511211e+01   7.2000000e+01   2.5747688e+00
   7.3521211e+01   7.2000000e+01   2.5747688e+00
   7.3531211e+01   7.2000000e+01   2.5747688e+00
   7.3541211e+01   7.2000000e+01   2.5747688e+00
   7.3551211e+01   7.2000000e+01   2.5747688e+00
   7.3561211e+01   7.2000000e+01   2.5747688e+00
   7.3571211e+01   7.2000000e+01   2.5747688e+00
   7.3581211e+01   7.2000000e+01   2.5747688e+00
   7.3591211e+01   7.2000000e+01   2.5747688e+00
   7.3601211e+01   7.2000000e+01   2.5747688e+00
   7.3611211e+01   7.2000000e+01   2.5747688e+00
   7.3621211e+01   7.2000000e+01   2.5747688e+00
   7.3631211e+01   7.2000000e+01   2.5747688e+00
   7.3641211e+01   7.2000000e+01   2.5747688e+00
   7.3651211e+01   7.2000000e+01   2.5747688e+00
   7.3661211e+01   7.2000000e+01   2.5747688e+00
   7.3671211e+01   7.2000000e+01   2.5747688e+00
   7.3681211e+01   7.2000000e+01   2.5747688e+00
   7.3691211e+01   7.2000000e+01   2.5747688e+00
   7.3701211e+01   7.2000000e+01   2.5747688e+00
   7.3711211e+01   7.2000000e+01   2.5747688e+00
   7.3721211e+01   7.2000000e+01   2.5747688e+00
   7.3731211e+01   7.2000000e+01   2.5747688e+00
   7.3741211e+01   7.2000000e+01   2.5747688e+00
   7.3751211e+01   7.2000000e+01   2.5747688e+00
   7.3761211e+01   7.2000000e+01   2.5747688e+00
   7.3771211e+01   7.2000000e+01   2.5747688e+00
   7.3781211e+01   7.2000000e+01   2.5747688e+00
   7.3791211e+01   7.2000000e+01   2.5747688e+00
   7.3801211e+01   7.2000000e+01   2.5747688e+00
   7.3811211e+01   7.2000000e+01   2.5747688e+00
   7.3821211e+01   7.2000000e+01   2.5747688e+00
   7.3831211e+01   7.2000000e+01   2.5747688e+00
   7.3841211e+01   7.2000000e+01   2.5747688e+00
   7.3851211e+01   7.2000000e+01   2.5747688e+00
   7.3861211e+01   7.2000000e+01   2.5747688e+00
   7.3871211e+01   7.2000000e+01   2.5747688e+00
   7.3881211e+01   7.2000000e+01   2.5747688e+00
   7.3891211e+01   7.2000000e+01   2.5747688e+00
   7.3901211e+01   7.2000000e+01   2.5747688e+00
   7.3911211e+01   7.2000000e+01   2.5747688e+00
   7.3921211e+01   7.2000000e+01   2.5747688e+00
   7.3931211e+01   7.2000000e+01   2.5747688e+00
   7.3941211e+01   7.2000000e+01   2.5747688e+00
   7.3951211e+01   7.2000000e+01   2.5747688e+00
   7.3961211e+01   7.2000000e+01   2.5747688e+00
   7.3971211e+01   7.2000000e+01   2.5747688e+00
   7.3981211e+01   7.2000000e+01   2.5747688e+00
   7.3991211e+01   7.2000000e+01   2.5747688e+00
   7.4001211e+01   7.2000000e+01   2.5747688e+00
   7.4011211e+01   7.2000000e+01   2.5747688e+00
   7.4021211e+01   7.2000000e+01   2.5747688e+00
   7.4031211e+01   7.2000000e+01   2.5747688e+00
   7.4041211e+01   7.2000000e+01   2.5747688e+00
   7.4051211e+01   7.2000000e+01   2.5747688e+00
   7.4061211e+01   7.2000000e+01   2.5747688e+00
   7.4071211e+01   7.2000000e+01   2.5747688e+00
   7.4081211e+01   7.2000000e+01   2.5747688e+00
   7.4091211e+01   7.2000000e+01   2.5747688e+00
   7.4101211e+01   7.2000000e+01   2.5747688e+00
   7.4111211e+01   7.2000000e+01   2.5747688e+00
   7.4121211e+01   7.2000000e+01   2.5747688e+00
   7.4131211e+01   7.2000000e+01   2.5747688e+00
   7.4141211e+01   7.2000000e+01   2.5747688e+00
   7.4151211e+01   7.2000000e+01   2.5747688e+00
   7.4161211e+01   7.2000000e+01   2.5747688e+00
   7.4171211e+01   7.2000000e+01   2.5747688e+00
   7.4181211e+01   7.2000000e+01   2.5747688e+00
   7.4191211e+01   7.2000000e+01   2.5747688e+00
   7.4201211e+01   7.2000000e+01   2.5747688e+00
   7.4211211e+01   7.2000000e+01   2.5747688e+00
   7.4221211e+01   7.2000000e+01   2.5747688e+00
   7.4231211e+01   7.2000000e+01   2.5747688e+00
   7.4241211e+01   7.2000000e+01   2.5747688e+00
   7.4251211e+01   7.2000000e+01   2.5747688e+00
   7.4261211e+01   7.2000000e+01   2.5747688e+00
   7.4271211e+01   7.2000000e+01   2.5747688e+00
   7.4281211e+01   7.2000000e+01   2.5747688e+00
   7.4291211e+01   7.2000000e+01   2.5747688e+00
   7.4301211e+01   7.2000000e+01   2.5747688e+00
   7.4311211e+01   7.2000000e+01   2.5747688e+00
   7.4321211e+01   7.2000000e+01   2.5747688e+00
   7.4331211e+01   7.2000000e+01   2.5747688e+00
   7.4341211e+01   7.2000000e+01   2.5747688e+00
   7.4351211e+01   7.2000000e+01   2.5747688e+00
   7.4361211e+01   7.2000000e+01   2.5747688e+00
   7.4371211e+01   7.2000000e+01   2.5747688e+00
   7.4381211e+01   7.2000000e+01   2.5747688e+00
   7.4391211e+01   7.2000000e+01   2.5747688e+00
   7.4392251e+01   7.2000000e+01   2.5747688e+00
   7.4392251e+01   7.3000000e+01   2.4522251e+00
   7.4392251e+01   7.3000000e+01   2.4522251e+00
   7.4402251e+01   7.3000000e+01   2.4522251e+00
   7.4412251e+01   7.3000000e+01   2.4522251e+00
   7.4422251e+01   7.3000000e+01   2.4522251e+00
   7.4432251e+01   7.3000000e+01   2.4522251e+00
   7.4442251e+01   7.3000000e+01   2.4522251e+00
   7.4452251e+01   7.3000000e+01   2.4522251e+00
   7.4462251e+01   7.3000000e+01   2.4522251e+00
   7.4472251e+01   7.3000000e+01   2.4522251e+00
   7.4482251e+01   7.3000000e+01   2.4522251e+00
   7.4492251e+01   7.3000000e+01   2.4522251e+00
   7.4502251e+01   7.3000000e+01   2.4522251e+00
   7.4512251e+01   7.3000000e+01   2.4522251e+00
   7.4522251e+01   7.3000000e+01   2.4522251e+00
   7.4532251e+01   7.3000000e+01   2.4522251e+00
   7.4542251e+01   7.3000000e+01   2.4522251e+00
   7.4552251e+01   7.3000000e+01   2.4522251e+00
   7.4562251e+01   7.3000000e+01   2.4522251e+00
   7.4572251e+01   7.3000000e+01   2.4522251e+00
   7.4582251e+01   7.3000000e+01   2.4522251e+00
   7.4592251e+01   7.3000000e+01   2.4522251e+00
   7.4602251e+01   7.3000000e+01   2.4522251e+00
   7.4612251e+01   7.3000000e+01   2.4522251e+00
   7.4622251e+01   7.3000000e+01   2.4522251e+00
   7.4632251e+01   7.3000000e+01   2.4522251e+00
   7.4642251e+01   7.3000000e+01   2.4522251e+00
   7.4652251e+01   7.3000000e+01   2.4522251e+00
   7.4662251e+01   7.3000000e+01   2.4522251e+00
   7.4672251e+01   7.3000000e+01   2.4522251e+00
   7.4682251e+01   7.3000000e+01   2.4522251e+00
   7.4692251e+01   7.3000000e+01   2.4522251e+00
   7.4702251e+01   7.3000000e+01   2.4522251e+00
   7.4712251e+01   7.3000000e+01   2.4522251e+00
   7.4722251e+01   7.3000000e+01   2.4522251e+00
   7.4732251e+01   7.3000000e+01   2.4522251e+00
   7.4742251e+01   7.3000000e+01   2.4522251e+00
   7.4752251e+01   7.3000000e+01   2.4522251e+00
   7.4762251e+01   7.3000000e+01   2.4522251e+00
   7.4772251e+01   7.3000000e+01   2.4522251e+00
   7.4782251e+01   7.3000000e+01   2.4522251e+00
   7.4792251e+01   7.3000000e+01   2.4522251e+00
   7.4802251e+01   7.3000000e+01   2.4522251e+00
   7.4812251e+01   7.3000000e+01   2.4522251e+00
   7.4822251e+01   7.3000000e+01   2.4522251e+00
   7.4832251e+01   7.3000000e+01   2.4522251e+00
   7.4842251e+01   7.3000000e+01   2.4522251e+00
   7.4852251e+01   7.3000000e+01   2.4522251e+00
   7.4862251e+01   7.3000000e+01   2.4522251e+00
   7.4872251e+01   7.3000000e+01   2.4522251e+00
   7.4882251e+01   7.3000000e+01   2.4522251e+00
   7.4892251e+01   7.3000000e+01   2.4522251e+00
   7.4902251e+01   7.3000000e+01   2.4522251e+00
   7.4912251e+01   7.3000000e+01   2.4522251e+00
   7.4922251e+01   7.3000000e+01   2.4522251e+00
   7.4932251e+01   7.3000000e+01   2.4522251e+00
   7.4942251e+01   7.3000000e+01   2.4522251e+00
   7.4952251e+01   7.3000000e+01   2.4522251e+00
   7.4962251e+01   7.3000000e+01   2.4522251e+00
   7.4972251e+01   7.3000000e+01   2.4522251e+00
   7.4982251e+01   7.3000000e+01   2.4522251e+00
   7.4992251e+01   7.3000000e+01   2.4522251e+00
   7.5002251e+01   7.3000000e+01   2.4522251e+00
   7.5012251e+01   7.3000000e+01   2.4522251e+00
   7.5022251e+01   7.3000000e+01   2.4522251e+00
   7.5032251e+01   7.3000000e+01   2.4522251e+00
   7.5042251e+01   7.3000000e+01   2.4522251e+00
   7.5052251e+01   7.3000000e+01   2.4522251e+00
   7.5062251e+01   7.3000000e+01   2.4522251e+00
   7.5072251e+01   7.3000000e+01   2.4522251e+00
   7.5082251e+01   7.3000000e+01   2.4522251e+00
   7.5092251e+01   7.3000000e+01   2.4522251e+00
   7.5102251e+01   7.3000000e+01   2.4522251e+00
   7.5112251e+01   7.3000000e+01   2.4522251e+00
   7.5122251e+01   7.3000000e+01   2.4522251e+00
   7.5132251e+01   7.3000000e+01   2.4522251e+00
   7.5142251e+01   7.3000000e+01   2.4522251e+00
   7.5152251e+01   7.3000000e+01   2.4522251e+00
   7.5162251e+01   7.3000000e+01   2.4522251e+00
   7.5172251e+01   7.3000000e+01   2.4522251e+00
   7.5182251e+01   7.3000000e+01   2.4522251e+00
   7.5192251e+01   7.3000000e+01   2.4522251e+00
   7.5202251e+01   7.3000000e+01   2.4522251e+00
   7.5212251e+01   7.3000000e+01   2.4522251e+00
   7.5222251e+01   7.3000000e+01   2.4522251e+00
   7.5232251e+01   7.3000000e+01   2.4522251e+00
   7.5242251e+01   7.3000000e+01   2.4522251e+00
   7.5252251e+01   7.3000000e+01   2.4522251e+00
   7.5262251e+01   7.3000000e+01   2.4522251e+00
   7.5272251e+01   7.3000000e+01   2.4522251e+00
   7.5282251e+01   7.3000000e+01   2.4522251e+00
   7.5292251e+01   7.3000000e+01   2.4522251e+00
   7.5302251e+01   7.3000000e+01   2.4522251e+00
   7.5312251e+01   7.3000000e+01   2.4522251e+00
   7.5322251e+01   7.3000000e+01   2.4522251e+00
   7.5332251e+01   7.3000000e+01   2.4522251e+00
   7.5342251e+01   7.3000000e+01   2.4522251e+00
   7.5352251e+01   7.3000000e+01   2.4522251e+00
   7.5362251e+01   7.3000000e+01   2.4522251e+00
   7.5372251e+01   7.3000000e+01   2.4522251e+00
   7.5382251e+01   7.3000000e+01   2.4522251e+00
   7.5392251e+01   7.3000000e+01   2.4522251e+00
   7.5402251e+01   7.3000000e+01   2.4522251e+00
   7.5412251e+01   7.3000000e+01   2.4522251e+00
   7.5422251e+01   7.3000000e+01   2.4522251e+00
   7.5432251e+01   7.3000000e+01   2.4522251e+00
   7.5442251e+01   7.3000000e+01   2.4522251e+00
   7.5452251e+01   7.3000000e+01   2.4522251e+00
   7.5462251e+01   7.3000000e+01   2.4522251e+00
   7.5472251e+01   7.3000000e+01   2.4522251e+00
   7.5482251e+01   7.3000000e+01   2.4522251e+00
   7.5492251e+01   7.3000000e+01   2.4522251e+00
   7.5502251e+01   7.3000000e+01   2.4522251e+00
   7.5512251e+01   7.3000000e+01   2.4522251e+00
   7.5522251e+01   7.3000000e+01   2.4522251e+00
   7.5532251e+01   7.3000000e+01   2.4522251e+00
   7.5542251e+01   7.3000000e+01   2.4522251e+00
   7.5552251e+01   7.3000000e+01   2.4522251e+00
   7.5562251e+01   7.3000000e+01   2.4522251e+00
   7.5572251e+01   7.3000000e+01   2.4522251e+00
   7.5582251e+01   7.3000000e+01   2.4522251e+00
   7.5592251e+01   7.3000000e+01   2.4522251e+00
   7.5602251e+01   7.3000000e+01   2.4522251e+00
   7.5612251e+01   7.3000000e+01   2.4522251e+00
   7.5622251e+01   7.3000000e+01   2.4522251e+00
   7.5632251e+01   7.3000000e+01   2.4522251e+00
   7.5642251e+01   7.3000000e+01   2.4522251e+00
   7.5652251e+01   7.3000000e+01   2.4522251e+00
   7.5662251e+01   7.3000000e+01   2.4522251e+00
   7.5672251e+01   7.3000000e+01   2.4522251e+00
   7.5682251e+01   7.3000000e+01   2.4522251e+00
   7.5692251e+01   7.3000000e+01   2.4522251e+00
   7.5702251e+01   7.3000000e+01   2.4522251e+00
   7.5712251e+01   7.3000000e+01   2.4522251e+00
   7.5722251e+01   7.3000000e+01   2.4522251e+00
   7.5732251e+01   7.3000000e+01   2.4522251e+00
   7.5742251e+01   7.3000000e+01   2.4522251e+00
   7.5752251e+01   7.3000000e+01   2.4522251e+00
   7.5762251e+01   7.3000000e+01   2.4522251e+00
   7.5772251e+01   7.3000000e+01   2.4522251e+00
   7.5782251e+01   7.3000000e+01   2.4522251e+00
   7.5792251e+01   7.3000000e+01   2.4522251e+00
   7.5802251e+01   7.3000000e+01   2.4522251e+00
   7.5812251e+01   7.3000000e+01   2.4522251e+00
   7.5822251e+01   7.3000000e+01   2.4522251e+00
   7.5832251e+01   7.3000000e+01   2.4522251e+00
   7.5842251e+01   7.3000000e+01   2.4522251e+00
   7.5852251e+01   7.3000000e+01   2.4522251e+00
   7.5862251e+01   7.3000000e+01   2.4522251e+00
   7.5872251e+01   7.3000000e+01   2.4522251e+00
   7.5882251e+01   7.3000000e+01   2.4522251e+00
   7.5892251e+01   7.3000000e+01   2.4522251e+00
   7.5902251e+01   7.3000000e+01   2.4522251e+00
   7.5912251e+01   7.3000000e+01   2.4522251e+00
   7.5922251e+01   7.3000000e+01   2.4522251e+00
   7.5932251e+01   7.3000000e+01   2.4522251e+00
   7.5942251e+01   7.3000000e+01   2.4522251e+00
   7.5952251e+01   7.3000000e+01   2.4522251e+00
   7.5962251e+01   7.3000000e+01   2.4522251e+00
   7.5972251e+01   7.3000000e+01   2.4522251e+00
   7.5982251e+01   7.3000000e+01   2.4522251e+00
   7.5992251e+01   7.3000000e+01   2.4522251e+00
   7.6002251e+01   7.3000000e+01   2.4522251e+00
   7.6012251e+01   7.3000000e+01   2.4522251e+00
   7.6021105e+01   7.3000000e+01   2.4522251e+00
   7.6021105e+01   7.4000000e+01   2.3268724e+00
   7.6021105e+01   7.4000000e+01   2.3268724e+00
   7.6031105e+01   7.4000000e+01   2.3268724e+00
   7.6041105e+01   7.4000000e+01   2.3268724e+00
   7.6051105e+01   7.4000000e+01   2.3268724e+00
   7.6061105e+01   7.4000000e+01   2.3268724e+00
   7.6071105e+01   7.4000000e+01   2.3268724e+00
   7.6081105e+01   7.4000000e+01   2.3268724e+00
   7.6091105e+01   7.4000000e+01   2.3268724e+00
   7.6101105e+01   7.4000000e+01   2.3268724e+00
   7.6111105e+01   7.4000000e+01   2.3268724e+00
   7.6121105e+01   7.4000000e+01   2.3268724e+00
   7.6131105e+01   7.4000000e+01   2.3268724e+00
   7.6141105e+01   7.4000000e+01   2.3268724e+00
   7.6151105e+01   7.4000000e+01   2.3268724e+00
   7.6161105e+01   7.4000000e+01   2.3268724e+00
   7.6171105e+01   7.4000000e+01   2.3268724e+00
   7.6181105e+01   7.4000000e+01   2.3268724e+00
   7.6191105e+01   7.4000000e+01   2.3268724e+00
   7.6201105e+01   7.4000000e+01   2.3268724e+00
   7.6211105e+01   7.4000000e+01   2.3268724e+00
   7.6221105e+01   7.4000000e+01   2.3268724e+00
   7.6231105e+01   7.4000000e+01   2.3268724e+00
   7.6241105e+01   7.4000000e+01   2.3268724e+00
   7.6251105e+01   7.4000000e+01   2.3268724e+00
   7.6261105e+01   7.4000000e+01   2.3268724e+00
   7.6271105e+01   7.4000000e+01   2.3268724e+00
   7.6281105e+01   7.4000000e+01   2.3268724e+00
   7.6291105e+01   7.4000000e+01   2.3268724e+00
   7.6301105e+01   7.4000000e+01   2.3268724e+00
   7.6311105e+01   7.4000000e+01   2.3268724e+00
   7.6321105e+01   7.4000000e+01   2.3268724e+00
   7.6331105e+01   7.4000000e+01   2.3268724e+00
   7.6341105e+01   7.4000000e+01   2.3268724e+00
   7.6351105e+01   7.4000000e+01   2.3268724e+00
   7.6361105e+01   7.4000000e+01   2.3268724e+00
   7.6371105e+01   7.4000000e+01   2.3268724e+00
   7.6381105e+01   7.4000000e+01   2.3268724e+00
   7.6391105e+01   7.4000000e+01   2.3268724e+00
   7.6401105e+01   7.4000000e+01   2.3268724e+00
   7.6411105e+01   7.4000000e+01   2.3268724e+00
   7.6421105e+01   7.4000000e+01   2.3268724e+00
   7.6431105e+01   7.4000000e+01   2.3268724e+00
   7.6441105e+01   7.4000000e+01   2.3268724e+00
   7.6451105e+01   7.4000000e+01   2.3268724e+00
   7.6461105e+01   7.4000000e+01   2.3268724e+00
   7.6471105e+01   7.4000000e+01   2.3268724e+00
   7.6481105e+01   7.4000000e+01   2.3268724e+00
   7.6491105e+01   7.4000000e+01   2.3268724e+00
   7.6501105e+01   7.4000000e+01   2.3268724e+00
   7.6511105e+01   7.4000000e+01   2.3268724e+00
   7.6521105e+01   7.4000000e+01   2.3268724e+00
   7.6531105e+01   7.4000000e+01   2.3268724e+00
   7.6541105e+01   7.4000000e+01   2.3268724e+00
   7.6551105e+01   7.4000000e+01   2.3268724e+00
   7.6561105e+01   7.4000000e+01   2.3268724e+00
   7.6571105e+01   7.4000000e+01   2.3268724e+00
   7.6581105e+01   7.4000000e+01   2.3268724e+00
   7.6591105e+01   7.4000000e+01   2.3268724e+00
   7.6601105e+01   7.4000000e+01   2.3268724e+00
   7.6611105e+01   7.4000000e+01   2.3268724e+00
   7.6621105e+01   7.4000000e+01   2.3268724e+00
   7.6631105e+01   7.4000000e+01   2.3268724e+00
   7.6641105e+01   7.4000000e+01   2.3268724e+00
   7.6651105e+01   7.4000000e+01   2.3268724e+00
   7.6661105e+01   7.4000000e+01   2.3268724e+00
   7.6671105e+01   7.4000000e+01   2.3268724e+00
   7.6681105e+01   7.4000000e+01   2.3268724e+00
   7.6691105e+01   7.4000000e+01   2.3268724e+00
   7.6701105e+01   7.4000000e+01   2.3268724e+00
   7.6711105e+01   7.4000000e+01   2.3268724e+00
   7.6721105e+01   7.4000000e+01   2.3268724e+00
   7.6731105e+01   7.4000000e+01   2.3268724e+00
   7.6741105e+01   7.4000000e+01   2.3268724e+00
   7.6751105e+01   7.4000000e+01   2.3268724e+00
   7.6761105e+01   7.4000000e+01   2.3268724e+00
   7.6771105e+01   7.4000000e+01   2.3268724e+00
   7.6781105e+01   7.4000000e+01   2.3268724e+00
   7.6791105e+01   7.4000000e+01   2.3268724e+00
   7.6801105e+01   7.4000000e+01   2.3268724e+00
   7.6811105e+01   7.4000000e+01   2.3268724e+00
   7.6821105e+01   7.4000000e+01   2.3268724e+00
   7.6831105e+01   7.4000000e+01   2.3268724e+00
   7.6841105e+01   7.4000000e+01   2.3268724e+00
   7.6851105e+01   7.4000000e+01   2.3268724e+00
   7.6861105e+01   7.4000000e+01   2.3268724e+00
   7.6871105e+01   7.4000000e+01   2.3268724e+00
   7.6881105e+01   7.4000000e+01   2.3268724e+00
   7.6891105e+01   7.4000000e+01   2.3268724e+00
   7.6901105e+01   7.4000000e+01   2.3268724e+00
   7.6911105e+01   7.4000000e+01   2.3268724e+00
   7.6921105e+01   7.4000000e+01   2.3268724e+00
   7.6931105e+01   7.4000000e+01   2.3268724e+00
   7.6941105e+01   7.4000000e+01   2.3268724e+00
   7.6951105e+01   7.4000000e+01   2.3268724e+00
   7.6961105e+01   7.4000000e+01   2.3268724e+00
   7.6971105e+01   7.4000000e+01   2.3268724e+00
   7.6981105e+01   7.4000000e+01   2.3268724e+00
   7.6991105e+01   7.4000000e+01   2.3268724e+00
   7.7001105e+01   7.4000000e+01   2.3268724e+00
   7.7011105e+01   7.4000000e+01   2.3268724e+00
   7.7021105e+01   7.4000000e+01   2.3268724e+00
   7.7031105e+01   7.4000000e+01   2.3268724e+00
   7.7041105e+01   7.4000000e+01   2.3268724e+00
   7.7051105e+01   7.4000000e+01   2.3268724e+00
   7.7061105e+01   7.4000000e+01   2.3268724e+00
   7.7071105e+01   7.4000000e+01   2.3268724e+00
   7.7081105e+01   7.4000000e+01   2.3268724e+00
   7.7091105e+01   7.4000000e+01   2.3268724e+00
   7.7101105e+01   7.4000000e+01   2.3268724e+00
   7.7111105e+01   7.4000000e+01   2.3268724e+00
   7.7121105e+01   7.4000000e+01   2.3268724e+00
   7.7131105e+01   7.4000000e+01   2.3268724e+00
   7.7141105e+01   7.4000000e+01   2.3268724e+00
   7.7151105e+01   7.4000000e+01   2.3268724e+00
   7.7161105e+01   7.4000000e+01   2.3268724e+00
   7.7171105e+01   7.4000000e+01   2.3268724e+00
   7.7181105e+01   7.4000000e+01   2.3268724e+00
   7.7191105e+01   7.4000000e+01   2.3268724e+00
   7.7201105e+01   7.4000000e+01   2.3268724e+00
   7.7211105e+01   7.4000000e+01   2.3268724e+00
   7.7221105e+01   7.4000000e+01   2.3268724e+00
   7.7231105e+01   7.4000000e+01   2.3268724e+00
   7.7241105e+01   7.4000000e+01   2.3268724e+00
   7.7251105e+01   7.4000000e+01   2.3268724e+00
   7.7261105e+01   7.4000000e+01   2.3268724e+00
   7.7271105e+01   7.4000000e+01   2.3268724e+00
   7.7281105e+01   7.4000000e+01   2.3268724e+00
   7.7291105e+01   7.4000000e+01   2.3268724e+00
   7.7301105e+01   7.4000000e+01   2.3268724e+00
   7.7311105e+01   7.4000000e+01   2.3268724e+00
   7.7321105e+01   7.4000000e+01   2.3268724e+00
   7.7331105e+01   7.4000000e+01   2.3268724e+00
   7.7341105e+01   7.4000000e+01   2.3268724e+00
   7.7351105e+01   7.4000000e+01   2.3268724e+00
   7.7361105e+01   7.4000000e+01   2.3268724e+00
   7.7371105e+01   7.4000000e+01   2.3268724e+00
   7.7381105e+01   7.4000000e+01   2.3268724e+00
   7.7391105e+01   7.4000000e+01   2.3268724e+00
   7.7401105e+01   7.4000000e+01   2.3268724e+00
   7.7411105e+01   7.4000000e+01   2.3268724e+00
   7.7421105e+01   7.4000000e+01   2.3268724e+00
   7.7431105e+01   7.4000000e+01   2.3268724e+00
   7.7441105e+01   7.4000000e+01   2.3268724e+00
   7.7451105e+01   7.4000000e+01   2.3268724e+00
   7.7461105e+01   7.4000000e+01   2.3268724e+00
   7.7471105e+01   7.4000000e+01   2.3268724e+00
   7.7481105e+01   7.4000000e+01   2.3268724e+00
   7.7491105e+01   7.4000000e+01   2.3268724e+00
   7.7501105e+01   7.4000000e+01   2.3268724e+00
   7.7511105e+01   7.4000000e+01   2.3268724e+00
   7.7521105e+01   7.4000000e+01   2.3268724e+00
   7.7531105e+01   7.4000000e+01   2.3268724e+00
   7.7541105e+01   7.4000000e+01   2.3268724e+00
   7.7551105e+01   7.4000000e+01   2.3268724e+00
   7.7561105e+01   7.4000000e+01   2.3268724e+00
   7.7571105e+01   7.4000000e+01   2.3268724e+00
   7.7581105e+01   7.4000000e+01   2.3268724e+00
   7.7591105e+01   7.4000000e+01   2.3268724e+00
   7.7601105e+01   7.4000000e+01   2.3268724e+00
   7.7611105e+01   7.4000000e+01   2.3268724e+00
   7.7621105e+01   7.4000000e+01   2.3268724e+00
   7.7631105e+01   7.4000000e+01   2.3268724e+00
   7.7641105e+01   7.4000000e+01   2.3268724e+00
   7.7651105e+01   7.4000000e+01   2.3268724e+00
   7.7657338e+01   7.4000000e+01   2.3268724e+00
   7.7657338e+01   7.5000000e+01   2.1987478e+00
   7.7657338e+01   7.5000000e+01   2.1987478e+00
   7.7667338e+01   7.5000000e+01   2.1987478e+00
   7.7677338e+01   7.5000000e+01   2.1987478e+00
   7.7687338e+01   7.5000000e+01   2.1987478e+00
   7.7697338e+01   7.5000000e+01   2.1987478e+00
   7.7707338e+01   7.5000000e+01   2.1987478e+00
   7.7717338e+01   7.5000000e+01   2.1987478e+00
   7.7727338e+01   7.5000000e+01   2.1987478e+00
   7.7737338e+01   7.5000000e+01   2.1987478e+00
   7.7747338e+01   7.5000000e+01   2.1987478e+00
   7.7757338e+01   7.5000000e+01   2.1987478e+00
   7.7767338e+01   7.5000000e+01   2.1987478e+00
   7.7777338e+01   7.5000000e+01   2.1987478e+00
   7.7787338e+01   7.5000000e+01   2.1987478e+00
   7.7797338e+01   7.5000000e+01   2.1987478e+00
   7.7807338e+01   7.5000000e+01   2.1987478e+00
   7.7817338e+01   7.5000000e+01   2.1987478e+00
   7.7827338e+01   7.5000000e+01   2.1987478e+00
   7.7837338e+01   7.5000000e+01   2.1987478e+00
   7.7847338e+01   7.5000000e+01   2.1987478e+00
   7.7857338e+01   7.5000000e+01   2.1987478e+00
   7.7867338e+01   7.5000000e+01   2.1987478e+00
   7.7877338e+01   7.5000000e+01   2.1987478e+00
   7.7887338e+01   7.5000000e+01   2.1987478e+00
   7.7897338e+01   7.5000000e+01   2.1987478e+00
   7.7907338e+01   7.5000000e+01   2.1987478e+00
   7.7917338e+01   7.5000000e+01   2.1987478e+00
   7.7927338e+01   7.5000000e+01   2.1987478e+00
   7.7937338e+01   7.5000000e+01   2.1987478e+00
   7.7947338e+01   7.5000000e+01   2.1987478e+00
   7.7957338e+01   7.5000000e+01   2.1987478e+00
   7.7967338e+01   7.5000000e+01   2.1987478e+00
   7.7977338e+01   7.5000000e+01   2.1987478e+00
   7.7987338e+01   7.5000000e+01   2.1987478e+00
   7.7997338e+01   7.5000000e+01   2.1987478e+00
   7.8007338e+01   7.5000000e+01   2.1987478e+00
   7.8017338e+01   7.5000000e+01   2.1987478e+00
   7.8027338e+01   7.5000000e+01   2.1987478e+00
   7.8037338e+01   7.5000000e+01   2.1987478e+00
   7.8047338e+01   7.5000000e+01   2.1987478e+00
   7.8057338e+01   7.5000000e+01   2.1987478e+00
   7.8067338e+01   7.5000000e+01   2.1987478e+00
   7.8077338e+01   7.5000000e+01   2.1987478e+00
   7.8087338e+01   7.5000000e+01   2.1987478e+00
   7.8097338e+01   7.5000000e+01   2.1987478e+00
   7.8107338e+01   7.5000000e+01   2.1987478e+00
   7.8117338e+01   7.5000000e+01   2.1987478e+00
   7.8127338e+01   7.5000000e+01   2.1987478e+00
   7.8137338e+01   7.5000000e+01   2.1987478e+00
   7.8147338e+01   7.5000000e+01   2.1987478e+00
   7.8157338e+01   7.5000000e+01   2.1987478e+00
   7.8167338e+01   7.5000000e+01   2.1987478e+00
   7.8177338e+01   7.5000000e+01   2.1987478e+00
   7.8187338e+01   7.5000000e+01   2.1987478e+00
   7.8197338e+01   7.5000000e+01   2.1987478e+00
   7.8207338e+01   7.5000000e+01   2.1987478e+00
   7.8217338e+01   7.5000000e+01   2.1987478e+00
   7.8227338e+01   7.5000000e+01   2.1987478e+00
   7.8237338e+01   7.5000000e+01   2.1987478e+00
   7.8247338e+01   7.5000000e+01   2.1987478e+00
   7.8257338e+01   7.5000000e+01   2.1987478e+00
   7.8267338e+01   7.5000000e+01   2.1987478e+00
   7.8277338e+01   7.5000000e+01   2.1987478e+00
   7.8287338e+01   7.5000000e+01   2.1987478e+00
   7.8297338e+01   7.5000000e+01   2.1987478e+00
   7.8307338e+01   7.5000000e+01   2.1987478e+00
   7.8317338e+01   7.5000000e+01   2.1987478e+00
   7.8327338e+01   7.5000000e+01   2.1987478e+00
   7.8337338e+01   7.5000000e+01   2.1987478e+00
   7.8347338e+01   7.5000000e+01   2.1987478e+00
   7.8357338e+01   7.5000000e+01   2.1987478e+00
   7.8367338e+01   7.5000000e+01   2.1987478e+00
   7.8377338e+01   7.5000000e+01   2.1987478e+00
   7.8387338e+01   7.5000000e+01   2.1987478e+00
   7.8397338e+01   7.5000000e+01   2.1987478e+00
   7.8407338e+01   7.5000000e+01   2.1987478e+00
   7.8417338e+01   7.5000000e+01   2.1987478e+00
   7.8427338e+01   7.5000000e+01   2.1987478e+00
   7.8437338e+01   7.5000000e+01   2.1987478e+00
   7.8447338e+01   7.5000000e+01   2.1987478e+00
   7.8457338e+01   7.5000000e+01   2.1987478e+00
   7.8467338e+01   7.5000000e+01   2.1987478e+00
   7.8477338e+01   7.5000000e+01   2.1987478e+00
   7.8487338e+01   7.5000000e+01   2.1987478e+00
   7.8497338e+01   7.5000000e+01   2.1987478e+00
   7.8507338e+01   7.5000000e+01   2.1987478e+00
   7.8517338e+01   7.5000000e+01   2.1987478e+00
   7.8527338e+01   7.5000000e+01   2.1987478e+00
   7.8537338e+01   7.5000000e+01   2.1987478e+00
   7.8547338e+01   7.5000000e+01   2.1987478e+00
   7.8557338e+01   7.5000000e+01   2.1987478e+00
   7.8567338e+01   7.5000000e+01   2.1987478e+00
   7.8577338e+01   7.5000000e+01   2.1987478e+00
   7.8587338e+01   7.5000000e+01   2.1987478e+00
   7.8597338e+01   7.5000000e+01   2.1987478e+00
   7.8607338e+01   7.5000000e+01   2.1987478e+00
   7.8617338e+01   7.5000000e+01   2.1987478e+00
   7.8627338e+01   7.5000000e+01   2.1987478e+00
   7.8637338e+01   7.5000000e+01   2.1987478e+00
   7.8647338e+01   7.5000000e+01   2.1987478e+00
   7.8657338e+01   7.5000000e+01   2.1987478e+00
   7.8667338e+01   7.5000000e+01   2.1987478e+00
   7.8677338e+01   7.5000000e+01   2.1987478e+00
   7.8687338e+01   7.5000000e+01   2.1987478e+00
   7.8697338e+01   7.5000000e+01   2.1987478e+00
   7.8707338e+01   7.5000000e+01   2.1987478e+00
   7.8717338e+01   7.5000000e+01   2.1987478e+00
   7.8727338e+01   7.5000000e+01   2.1987478e+00
   7.8737338e+01   7.5000000e+01   2.1987478e+00
   7.8747338e+01   7.5000000e+01   2.1987478e+00
   7.8757338e+01   7.5000000e+01   2.1987478e+00
   7.8767338e+01   7.5000000e+01   2.1987478e+00
   7.8777338e+01   7.5000000e+01   2.1987478e+00
   7.8787338e+01   7.5000000e+01   2.1987478e+00
   7.8797338e+01   7.5000000e+01   2.1987478e+00
   7.8807338e+01   7.5000000e+01   2.1987478e+00
   7.8817338e+01   7.5000000e+01   2.1987478e+00
   7.8827338e+01   7.5000000e+01   2.1987478e+00
   7.8837338e+01   7.5000000e+01   2.1987478e+00
   7.8847338e+01   7.5000000e+01   2.1987478e+00
   7.8857338e+01   7.5000000e+01   2.1987478e+00
   7.8867338e+01   7.5000000e+01   2.1987478e+00
   7.8877338e+01   7.5000000e+01   2.1987478e+00
   7.8887338e+01   7.5000000e+01   2.1987478e+00
   7.8897338e+01   7.5000000e+01   2.1987478e+00
   7.8907338e+01   7.5000000e+01   2.1987478e+00
   7.8917338e+01   7.5000000e+01   2.1987478e+00
   7.8927338e+01   7.5000000e+01   2.1987478e+00
   7.8937338e+01   7.5000000e+01   2.1987478e+00
   7.8947338e+01   7.5000000e+01   2.1987478e+00
   7.8957338e+01   7.5000000e+01   2.1987478e+00
   7.8967338e+01   7.5000000e+01   2.1987478e+00
   7.8977338e+01   7.5000000e+01   2.1987478e+00
   7.8987338e+01   7.5000000e+01   2.1987478e+00
   7.8997338e+01   7.5000000e+01   2.1987478e+00
   7.9007338e+01   7.5000000e+01   2.1987478e+00
   7.9017338e+01   7.5000000e+01   2.1987478e+00
   7.9027338e+01   7.5000000e+01   2.1987478e+00
   7.9037338e+01   7.5000000e+01   2.1987478e+00
   7.9047338e+01   7.5000000e+01   2.1987478e+00
   7.9057338e+01   7.5000000e+01   2.1987478e+00
   7.9067338e+01   7.5000000e+01   2.1987478e+00
   7.9077338e+01   7.5000000e+01   2.1987478e+00
   7.9087338e+01   7.5000000e+01   2.1987478e+00
   7.9097338e+01   7.5000000e+01   2.1987478e+00
   7.9107338e+01   7.5000000e+01   2.1987478e+00
   7.9117338e+01   7.5000000e+01   2.1987478e+00
   7.9127338e+01   7.5000000e+01   2.1987478e+00
   7.9137338e+01   7.5000000e+01   2.1987478e+00
   7.9147338e+01   7.5000000e+01   2.1987478e+00
   7.9157338e+01   7.5000000e+01   2.1987478e+00
   7.9167338e+01   7.5000000e+01   2.1987478e+00
   7.9177338e+01   7.5000000e+01   2.1987478e+00
   7.9187338e+01   7.5000000e+01   2.1987478e+00
   7.9197338e+01   7.5000000e+01   2.1987478e+00
   7.9207338e+01   7.5000000e+01   2.1987478e+00
   7.9217338e+01   7.5000000e+01   2.1987478e+00
   7.9227338e+01   7.5000000e+01   2.1987478e+00
   7.9237338e+01   7.5000000e+01   2.1987478e+00
   7.9247338e+01   7.5000000e+01   2.1987478e+00
   7.9257338e+01   7.5000000e+01   2.1987478e+00
   7.9267338e+01   7.5000000e+01   2.1987478e+00
   7.9277338e+01   7.5000000e+01   2.1987478e+00
   7.9287338e+01   7.5000000e+01   2.1987478e+00
   7.9297338e+01   7.5000000e+01   2.1987478e+00
   7.9300506e+01   7.5000000e+01   2.1987478e+00
   7.9300506e+01   7.6000000e+01   2.0678946e+00
   7.9300506e+01   7.6000000e+01   2.0678946e+00
   7.9310506e+01   7.6000000e+01   2.0678946e+00
   7.9320506e+01   7.6000000e+01   2.0678946e+00
   7.9330506e+01   7.6000000e+01   2.0678946e+00
   7.9340506e+01   7.6000000e+01   2.0678946e+00
   7.9350506e+01   7.6000000e+01   2.0678946e+00
   7.9360506e+01   7.6000000e+01   2.0678946e+00
   7.9370506e+01   7.6000000e+01   2.0678946e+00
   7.9380506e+01   7.6000000e+01   2.0678946e+00
   7.9390506e+01   7.6000000e+01   2.0678946e+00
   7.9400506e+01   7.6000000e+01   2.0678946e+00
   7.9410506e+01   7.6000000e+01   2.0678946e+00
   7.9420506e+01   7.6000000e+01   2.0678946e+00
   7.9430506e+01   7.6000000e+01   2.0678946e+00
   7.9440506e+01   7.6000000e+01   2.0678946e+00
   7.9450506e+01   7.6000000e+01   2.0678946e+00
   7.9460506e+01   7.6000000e+01   2.0678946e+00
   7.9470506e+01   7.6000000e+01   2.0678946e+00
   7.9480506e+01   7.6000000e+01   2.0678946e+00
   7.9490506e+01   7.6000000e+01   2.0678946e+00
   7.9500506e+01   7.6000000e+01   2.0678946e+00
   7.9510506e+01   7.6000000e+01   2.0678946e+00
   7.9520506e+01   7.6000000e+01   2.0678946e+00
   7.9530506e+01   7.6000000e+01   2.0678946e+00
   7.9540506e+01   7.6000000e+01   2.0678946e+00
   7.9550506e+01   7.6000000e+01   2.0678946e+00
   7.9560506e+01   7.6000000e+01   2.0678946e+00
   7.9570506e+01   7.6000000e+01   2.0678946e+00
   7.9580506e+01   7.6000000e+01   2.0678946e+00
   7.9590506e+01   7.6000000e+01   2.0678946e+00
   7.9600506e+01   7.6000000e+01   2.0678946e+00
   7.9610506e+01   7.6000000e+01   2.0678946e+00
   7.9620506e+01   7.6000000e+01   2.0678946e+00
   7.9630506e+01   7.6000000e+01   2.0678946e+00
   7.9640506e+01   7.6000000e+01   2.0678946e+00
   7.9650506e+01   7.6000000e+01   2.0678946e+00
   7.9660506e+01   7.6000000e+01   2.0678946e+00
   7.9670506e+01   7.6000000e+01   2.0678946e+00
   7.9680506e+01   7.6000000e+01   2.0678946e+00
   7.9690506e+01   7.6000000e+01   2.0678946e+00
   7.9700506e+01   7.6000000e+01   2.0678946e+00
   7.9710506e+01   7.6000000e+01   2.0678946e+00
   7.9720506e+01   7.6000000e+01   2.0678946e+00
   7.9730506e+01   7.6000000e+01   2.0678946e+00
   7.9740506e+01   7.6000000e+01   2.0678946e+00
   7.9750506e+01   7.6000000e+01   2.0678946e+00
   7.9760506e+01   7.6000000e+01   2.0678946e+00
   7.9770506e+01   7.6000000e+01   2.0678946e+00
   7.9780506e+01   7.6000000e+01   2.0678946e+00
   7.9790506e+01   7.6000000e+01   2.0678946e+00
   7.9800506e+01   7.6000000e+01   2.0678946e+00
   7.9810506e+01   7.6000000e+01   2.0678946e+00
   7.9820506e+01   7.6000000e+01   2.0678946e+00
   7.9830506e+01   7.6000000e+01   2.0678946e+00
   7.9840506e+01   7.6000000e+01   2.0678946e+00
   7.9850506e+01   7.6000000e+01   2.0678946e+00
   7.9860506e+01   7.6000000e+01   2.0678946e+00
   7.9870506e+01   7.6000000e+01   2.0678946e+00
   7.9880506e+01   7.6000000e+01   2.0678946e+00
   7.9890506e+01   7.6000000e+01   2.0678946e+00
   7.9900506e+01   7.6000000e+01   2.0678946e+00
   7.9910506e+01   7.6000000e+01   2.0678946e+00
   7.9920506e+01   7.6000000e+01   2.0678946e+00
   7.9930506e+01   7.6000000e+01   2.0678946e+00
   7.9940506e+01   7.6000000e+01   2.0678946e+00
   7.9950506e+01   7.6000000e+01   2.0678946e+00
   7.9960506e+01   7.6000000e+01   2.0678946e+00
   7.9970506e+01   7.6000000e+01   2.0678946e+00
   7.9980506e+01   7.6000000e+01   2.0678946e+00
   7.9990506e+01   7.6000000e+01   2.0678946e+00
   8.0000506e+01   7.6000000e+01   2.0678946e+00
   8.0010506e+01   7.6000000e+01   2.0678946e+00
   8.0020506e+01   7.6000000e+01   2.0678946e+00
   8.0030506e+01   7.6000000e+01   2.0678946e+00
   8.0040506e+01   7.6000000e+01   2.0678946e+00
   8.0050506e+01   7.6000000e+01   2.0678946e+00
   8.0060506e+01   7.6000000e+01   2.0678946e+00
   8.0070506e+01   7.6000000e+01   2.0678946e+00
   8.0080506e+01   7.6000000e+01   2.0678946e+00
   8.0090506e+01   7.6000000e+01   2.0678946e+00
   8.0100506e+01   7.6000000e+01   2.0678946e+00
   8.0110506e+01   7.6000000e+01   2.0678946e+00
   8.0120506e+01   7.6000000e+01   2.0678946e+00
   8.0130506e+01   7.6000000e+01   2.0678946e+00
   8.0140506e+01   7.6000000e+01   2.0678946e+00
   8.0150506e+01   7.6000000e+01   2.0678946e+00
   8.0160506e+01   7.6000000e+01   2.0678946e+00
   8.0170506e+01   7.6000000e+01   2.0678946e+00
   8.0180506e+01   7.6000000e+01   2.0678946e+00
   8.0190506e+01   7.6000000e+01   2.0678946e+00
   8.0200506e+01   7.6000000e+01   2.0678946e+00
   8.0210506e+01   7.6000000e+01   2.0678946e+00
   8.0220506e+01   7.6000000e+01   2.0678946e+00
   8.0230506e+01   7.6000000e+01   2.0678946e+00
   8.0240506e+01   7.6000000e+01   2.0678946e+00
   8.0250506e+01   7.6000000e+01   2.0678946e+00
   8.0260506e+01   7.6000000e+01   2.0678946e+00
   8.0270506e+01   7.6000000e+01   2.0678946e+00
   8.0280506e+01   7.6000000e+01   2.0678946e+00
   8.0290506e+01   7.6000000e+01   2.0678946e+00
   8.0300506e+01   7.6000000e+01   2.0678946e+00
   8.0310506e+01   7.6000000e+01   2.0678946e+00
   8.0320506e+01   7.6000000e+01   2.0678946e+00
   8.0330506e+01   7.6000000e+01   2.0678946e+00
   8.0340506e+01   7.6000000e+01   2.0678946e+00
   8.0350506e+01   7.6000000e+01   2.0678946e+00
   8.0360506e+01   7.6000000e+01   2.0678946e+00
   8.0370506e+01   7.6000000e+01   2.0678946e+00
   8.0380506e+01   7.6000000e+01   2.0678946e+00
   8.0390506e+01   7.6000000e+01   2.0678946e+00
   8.0400506e+01   7.6000000e+01   2.0678946e+00
   8.0410506e+01   7.6000000e+01   2.0678946e+00
   8.0420506e+01   7.6000000e+01   2.0678946e+00
   8.0430506e+01   7.6000000e+01   2.0678946e+00
   8.0440506e+01   7.6000000e+01   2.0678946e+00
   8.0450506e+01   7.6000000e+01   2.0678946e+00
   8.0460506e+01   7.6000000e+01   2.0678946e+00
   8.0470506e+01   7.6000000e+01   2.0678946e+00
   8.0480506e+01   7.6000000e+01   2.0678946e+00
   8.0490506e+01   7.6000000e+01   2.0678946e+00
   8.0500506e+01   7.6000000e+01   2.0678946e+00
   8.0510506e+01   7.6000000e+01   2.0678946e+00
   8.0520506e+01   7.6000000e+01   2.0678946e+00
   8.0530506e+01   7.6000000e+01   2.0678946e+00
   8.0540506e+01   7.6000000e+01   2.0678946e+00
   8.0550506e+01   7.6000000e+01   2.0678946e+00
   8.0560506e+01   7.6000000e+01   2.0678946e+00
   8.0570506e+01   7.6000000e+01   2.0678946e+00
   8.0580506e+01   7.6000000e+01   2.0678946e+00
   8.0590506e+01   7.6000000e+01   2.0678946e+00
   8.0600506e+01   7.6000000e+01   2.0678946e+00
   8.0610506e+01   7.6000000e+01   2.0678946e+00
   8.0620506e+01   7.6000000e+01   2.0678946e+00
   8.0630506e+01   7.6000000e+01   2.0678946e+00
   8.0640506e+01   7.6000000e+01   2.0678946e+00
   8.0650506e+01   7.6000000e+01   2.0678946e+00
   8.0660506e+01   7.6000000e+01   2.0678946e+00
   8.0670506e+01   7.6000000e+01   2.0678946e+00
   8.0680506e+01   7.6000000e+01   2.0678946e+00
   8.0690506e+01   7.6000000e+01   2.0678946e+00
   8.0700506e+01   7.6000000e+01   2.0678946e+00
   8.0710506e+01   7.6000000e+01   2.0678946e+00
   8.0720506e+01   7.6000000e+01   2.0678946e+00
   8.0730506e+01   7.6000000e+01   2.0678946e+00
   8.0740506e+01   7.6000000e+01   2.0678946e+00
   8.0750506e+01   7.6000000e+01   2.0678946e+00
   8.0760506e+01   7.6000000e+01   2.0678946e+00
   8.0770506e+01   7.6000000e+01   2.0678946e+00
   8.0780506e+01   7.6000000e+01   2.0678946e+00
   8.0790506e+01   7.6000000e+01   2.0678946e+00
   8.0800506e+01   7.6000000e+01   2.0678946e+00
   8.0810506e+01   7.6000000e+01   2.0678946e+00
   8.0820506e+01   7.6000000e+01   2.0678946e+00
   8.0830506e+01   7.6000000e+01   2.0678946e+00
   8.0840506e+01   7.6000000e+01   2.0678946e+00
   8.0850506e+01   7.6000000e+01   2.0678946e+00
   8.0860506e+01   7.6000000e+01   2.0678946e+00
   8.0870506e+01   7.6000000e+01   2.0678946e+00
   8.0880506e+01   7.6000000e+01   2.0678946e+00
   8.0890506e+01   7.6000000e+01   2.0678946e+00
   8.0900506e+01   7.6000000e+01   2.0678946e+00
   8.0910506e+01   7.6000000e+01   2.0678946e+00
   8.0920506e+01   7.6000000e+01   2.0678946e+00
   8.0930506e+01   7.6000000e+01   2.0678946e+00
   8.0940506e+01   7.6000000e+01   2.0678946e+00
   8.0950160e+01   7.6000000e+01   2.0678946e+00
   8.0950160e+01   7.7000000e+01   1.9343630e+00
   8.0950160e+01   7.7000000e+01   1.9343630e+00
   8.0960160e+01   7.7000000e+01   1.9343630e+00
   8.0970160e+01   7.7000000e+01   1.9343630e+00
   8.0980160e+01   7.7000000e+01   1.9343630e+00
   8.0990160e+01   7.7000000e+01   1.9343630e+00
   8.1000160e+01   7.7000000e+01   1.9343630e+00
   8.1010160e+01   7.7000000e+01   1.9343630e+00
   8.1020160e+01   7.7000000e+01   1.9343630e+00
   8.1030160e+01   7.7000000e+01   1.9343630e+00
   8.1040160e+01   7.7000000e+01   1.9343630e+00
   8.1050160e+01   7.7000000e+01   1.9343630e+00
   8.1060160e+01   7.7000000e+01   1.9343630e+00
   8.1070160e+01   7.7000000e+01   1.9343630e+00
   8.1080160e+01   7.7000000e+01   1.9343630e+00
   8.1090160e+01   7.7000000e+01   1.9343630e+00
   8.1100160e+01   7.7000000e+01   1.9343630e+00
   8.1110160e+01   7.7000000e+01   1.9343630e+00
   8.1120160e+01   7.7000000e+01   1.9343630e+00
   8.1130160e+01   7.7000000e+01   1.9343630e+00
   8.1140160e+01   7.7000000e+01   1.9343630e+00
   8.1150160e+01   7.7000000e+01   1.9343630e+00
   8.1160160e+01   7.7000000e+01   1.9343630e+00
   8.1170160e+01   7.7000000e+01   1.9343630e+00
   8.1180160e+01   7.7000000e+01   1.9343630e+00
   8.1190160e+01   7.7000000e+01   1.9343630e+00
   8.1200160e+01   7.7000000e+01   1.9343630e+00
   8.1210160e+01   7.7000000e+01   1.9343630e+00
   8.1220160e+01   7.7000000e+01   1.9343630e+00
   8.1230160e+01   7.7000000e+01   1.9343630e+00
   8.1240160e+01   7.7000000e+01   1.9343630e+00
   8.1250160e+01   7.7000000e+01   1.9343630e+00
   8.1260160e+01   7.7000000e+01   1.9343630e+00
   8.1270160e+01   7.7000000e+01   1.9343630e+00
   8.1280160e+01   7.7000000e+01   1.9343630e+00
   8.1290160e+01   7.7000000e+01   1.9343630e+00
   8.1300160e+01   7.7000000e+01   1.9343630e+00
   8.1310160e+01   7.7000000e+01   1.9343630e+00
   8.1320160e+01   7.7000000e+01   1.9343630e+00
   8.1330160e+01   7.7000000e+01   1.9343630e+00
   8.1340160e+01   7.7000000e+01   1.9343630e+00
   8.1350160e+01   7.7000000e+01   1.9343630e+00
   8.1360160e+01   7.7000000e+01   1.9343630e+00
   8.1370160e+01   7.7000000e+01   1.9343630e+00
   8.1380160e+01   7.7000000e+01   1.9343630e+00
   8.1390160e+01   7.7000000e+01   1.9343630e+00
   8.1400160e+01   7.7000000e+01   1.9343630e+00
   8.1410160e+01   7.7000000e+01   1.9343630e+00
   8.1420160e+01   7.7000000e+01   1.9343630e+00
   8.1430160e+01   7.7000000e+01   1.9343630e+00
   8.1440160e+01   7.7000000e+01   1.9343630e+00
   8.1450160e+01   7.7000000e+01   1.9343630e+00
   8.1460160e+01   7.7000000e+01   1.9343630e+00
   8.1470160e+01   7.7000000e+01   1.9343630e+00
   8.1480160e+01   7.7000000e+01   1.9343630e+00
   8.1490160e+01   7.7000000e+01   1.9343630e+00
   8.1500160e+01   7.7000000e+01   1.9343630e+00
   8.1510160e+01   7.7000000e+01   1.9343630e+00
   8.1520160e+01   7.7000000e+01   1.9343630e+00
   8.1530160e+01   7.7000000e+01   1.9343630e+00
   8.1540160e+01   7.7000000e+01   1.9343630e+00
   8.1550160e+01   7.7000000e+01   1.9343630e+00
   8.1560160e+01   7.7000000e+01   1.9343630e+00
   8.1570160e+01   7.7000000e+01   1.9343630e+00
   8.1580160e+01   7.7000000e+01   1.9343630e+00
   8.1590160e+01   7.7000000e+01   1.9343630e+00
   8.1600160e+01   7.7000000e+01   1.9343630e+00
   8.1610160e+01   7.7000000e+01   1.9343630e+00
   8.1620160e+01   7.7000000e+01   1.9343630e+00
   8.1630160e+01   7.7000000e+01   1.9343630e+00
   8.1640160e+01   7.7000000e+01   1.9343630e+00
   8.1650160e+01   7.7000000e+01   1.9343630e+00
   8.1660160e+01   7.7000000e+01   1.9343630e+00
   8.1670160e+01   7.7000000e+01   1.9343630e+00
   8.1680160e+01   7.7000000e+01   1.9343630e+00
   8.1690160e+01   7.7000000e+01   1.9343630e+00
   8.1700160e+01   7.7000000e+01   1.9343630e+00
   8.1710160e+01   7.7000000e+01   1.9343630e+00
   8.1720160e+01   7.7000000e+01   1.9343630e+00
   8.1730160e+01   7.7000000e+01   1.9343630e+00
   8.1740160e+01   7.7000000e+01   1.9343630e+00
   8.1750160e+01   7.7000000e+01   1.9343630e+00
   8.1760160e+01   7.7000000e+01   1.9343630e+00
   8.1770160e+01   7.7000000e+01   1.9343630e+00
   8.1780160e+01   7.7000000e+01   1.9343630e+00
   8.1790160e+01   7.7000000e+01   1.9343630e+00
   8.1800160e+01   7.7000000e+01   1.9343630e+00
   8.1810160e+01   7.7000000e+01   1.9343630e+00
   8.1820160e+01   7.7000000e+01   1.9343630e+00
   8.1830160e+01   7.7000000e+01   1.9343630e+00
   8.1840160e+01   7.7000000e+01   1.9343630e+00
   8.1850160e+01   7.7000000e+01   1.9343630e+00
   8.1860160e+01   7.7000000e+01   1.9343630e+00
   8.1870160e+01   7.7000000e+01   1.9343630e+00
   8.1880160e+01   7.7000000e+01   1.9343630e+00
   8.1890160e+01   7.7000000e+01   1.9343630e+00
   8.1900160e+01   7.7000000e+01   1.9343630e+00
   8.1910160e+01   7.7000000e+01   1.9343630e+00
   8.1920160e+01   7.7000000e+01   1.9343630e+00
   8.1930160e+01   7.7000000e+01   1.9343630e+00
   8.1940160e+01   7.7000000e+01   1.9343630e+00
   8.1950160e+01   7.7000000e+01   1.9343630e+00
   8.1960160e+01   7.7000000e+01   1.9343630e+00
   8.1970160e+01   7.7000000e+01   1.9343630e+00
   8.1980160e+01   7.7000000e+01   1.9343630e+00
   8.1990160e+01   7.7000000e+01   1.9343630e+00
   8.2000160e+01   7.7000000e+01   1.9343630e+00
   8.2010160e+01   7.7000000e+01   1.9343630e+00
   8.2020160e+01   7.7000000e+01   1.9343630e+00
   8.2030160e+01   7.7000000e+01   1.9343630e+00
   8.2040160e+01   7.7000000e+01   1.9343630e+00
   8.2050160e+01   7.7000000e+01   1.9343630e+00
   8.2060160e+01   7.7000000e+01   1.9343630e+00
   8.2070160e+01   7.7000000e+01   1.9343630e+00
   8.2080160e+01   7.7000000e+01   1.9343630e+00
   8.2090160e+01   7.7000000e+01   1.9343630e+00
   8.2100160e+01   7.7000000e+01   1.9343630e+00
   8.2110160e+01   7.7000000e+01   1.9343630e+00
   8.2120160e+01   7.7000000e+01   1.9343630e+00
   8.2130160e+01   7.7000000e+01   1.9343630e+00
   8.2140160e+01   7.7000000e+01   1.9343630e+00
   8.2150160e+01   7.7000000e+01   1.9343630e+00
   8.2160160e+01   7.7000000e+01   1.9343630e+00
   8.2170160e+01   7.7000000e+01   1.9343630e+00
   8.2180160e+01   7.7000000e+01   1.9343630e+00
   8.2190160e+01   7.7000000e+01   1.9343630e+00
   8.2200160e+01   7.7000000e+01   1.9343630e+00
   8.2210160e+01   7.7000000e+01   1.9343630e+00
   8.2220160e+01   7.7000000e+01   1.9343630e+00
   8.2230160e+01   7.7000000e+01   1.9343630e+00
   8.2240160e+01   7.7000000e+01   1.9343630e+00
   8.2250160e+01   7.7000000e+01   1.9343630e+00
   8.2260160e+01   7.7000000e+01   1.9343630e+00
   8.2270160e+01   7.7000000e+01   1.9343630e+00
   8.2280160e+01   7.7000000e+01   1.9343630e+00
   8.2290160e+01   7.7000000e+01   1.9343630e+00
   8.2300160e+01   7.7000000e+01   1.9343630e+00
   8.2310160e+01   7.7000000e+01   1.9343630e+00
   8.2320160e+01   7.7000000e+01   1.9343630e+00
   8.2330160e+01   7.7000000e+01   1.9343630e+00
   8.2340160e+01   7.7000000e+01   1.9343630e+00
   8.2350160e+01   7.7000000e+01   1.9343630e+00
   8.2360160e+01   7.7000000e+01   1.9343630e+00
   8.2370160e+01   7.7000000e+01   1.9343630e+00
   8.2380160e+01   7.7000000e+01   1.9343630e+00
   8.2390160e+01   7.7000000e+01   1.9343630e+00
   8.2400160e+01   7.7000000e+01   1.9343630e+00
   8.2410160e+01   7.7000000e+01   1.9343630e+00
   8.2420160e+01   7.7000000e+01   1.9343630e+00
   8.2430160e+01   7.7000000e+01   1.9343630e+00
   8.2440160e+01   7.7000000e+01   1.9343630e+00
   8.2450160e+01   7.7000000e+01   1.9343630e+00
   8.2460160e+01   7.7000000e+01   1.9343630e+00
   8.2470160e+01   7.7000000e+01   1.9343630e+00
   8.2480160e+01   7.7000000e+01   1.9343630e+00
   8.2490160e+01   7.7000000e+01   1.9343630e+00
   8.2500160e+01   7.7000000e+01   1.9343630e+00
   8.2510160e+01   7.7000000e+01   1.9343630e+00
   8.2520160e+01   7.7000000e+01   1.9343630e+00
   8.2530160e+01   7.7000000e+01   1.9343630e+00
   8.2540160e+01   7.7000000e+01   1.9343630e+00
   8.2550160e+01   7.7000000e+01   1.9343630e+00
   8.2560160e+01   7.7000000e+01   1.9343630e+00
   8.2570160e+01   7.7000000e+01   1.9343630e+00
   8.2580160e+01   7.7000000e+01   1.9343630e+00
   8.2590160e+01   7.7000000e+01   1.9343630e+00
   8.2600160e+01   7.7000000e+01   1.9343630e+00
   8.2605844e+01   7.7000000e+01   1.9343630e+00
   8.2605844e+01   7.8000000e+01   1.7982114e+00
   8.2605844e+01   7.8000000e+01   1.7982114e+00
   8.2615844e+01   7.8000000e+01   1.7982114e+00
   8.2625844e+01   7.8000000e+01   1.7982114e+00
   8.2635844e+01   7.8000000e+01   1.7982114e+00
   8.2645844e+01   7.8000000e+01   1.7982114e+00
   8.2655844e+01   7.8000000e+01   1.7982114e+00
   8.2665844e+01   7.8000000e+01   1.7982114e+00
   8.2675844e+01   7.8000000e+01   1.7982114e+00
   8.2685844e+01   7.8000000e+01   1.7982114e+00
   8.2695844e+01   7.8000000e+01   1.7982114e+00
   8.2705844e+01   7.8000000e+01   1.7982114e+00
   8.2715844e+01   7.8000000e+01   1.7982114e+00
   8.2725844e+01   7.8000000e+01   1.7982114e+00
   8.2735844e+01   7.8000000e+01   1.7982114e+00
   8.2745844e+01   7.8000000e+01   1.7982114e+00
   8.2755844e+01   7.8000000e+01   1.7982114e+00
   8.2765844e+01   7.8000000e+01   1.7982114e+00
   8.2775844e+01   7.8000000e+01   1.7982114e+00
   8.2785844e+01   7.8000000e+01   1.7982114e+00
   8.2795844e+01   7.8000000e+01   1.7982114e+00
   8.2805844e+01   7.8000000e+01   1.7982114e+00
   8.2815844e+01   7.8000000e+01   1.7982114e+00
   8.2825844e+01   7.8000000e+01   1.7982114e+00
   8.2835844e+01   7.8000000e+01   1.7982114e+00
   8.2845844e+01   7.8000000e+01   1.7982114e+00
   8.2855844e+01   7.8000000e+01   1.7982114e+00
   8.2865844e+01   7.8000000e+01   1.7982114e+00
   8.2875844e+01   7.8000000e+01   1.7982114e+00
   8.2885844e+01   7.8000000e+01   1.7982114e+00
   8.2895844e+01   7.8000000e+01   1.7982114e+00
   8.2905844e+01   7.8000000e+01   1.7982114e+00
   8.2915844e+01   7.8000000e+01   1.7982114e+00
   8.2925844e+01   7.8000000e+01   1.7982114e+00
   8.2935844e+01   7.8000000e+01   1.7982114e+00
   8.2945844e+01   7.8000000e+01   1.7982114e+00
   8.2955844e+01   7.8000000e+01   1.7982114e+00
   8.2965844e+01   7.8000000e+01   1.7982114e+00
   8.2975844e+01   7.8000000e+01   1.7982114e+00
   8.2985844e+01   7.8000000e+01   1.7982114e+00
   8.2995844e+01   7.8000000e+01   1.7982114e+00
   8.3005844e+01   7.8000000e+01   1.7982114e+00
   8.3015844e+01   7.8000000e+01   1.7982114e+00
   8.3025844e+01   7.8000000e+01   1.7982114e+00
   8.3035844e+01   7.8000000e+01   1.7982114e+00
   8.3045844e+01   7.8000000e+01   1.7982114e+00
   8.3055844e+01   7.8000000e+01   1.7982114e+00
   8.3065844e+01   7.8000000e+01   1.7982114e+00
   8.3075844e+01   7.8000000e+01   1.7982114e+00
   8.3085844e+01   7.8000000e+01   1.7982114e+00
   8.3095844e+01   7.8000000e+01   1.7982114e+00
   8.3105844e+01   7.8000000e+01   1.7982114e+00
   8.3115844e+01   7.8000000e+01   1.7982114e+00
   8.3125844e+01   7.8000000e+01   1.7982114e+00
   8.3135844e+01   7.8000000e+01   1.7982114e+00
   8.3145844e+01   7.8000000e+01   1.7982114e+00
   8.3155844e+01   7.8000000e+01   1.7982114e+00
   8.3165844e+01   7.8000000e+01   1.7982114e+00
   8.3175844e+01   7.8000000e+01   1.7982114e+00
   8.3185844e+01   7.8000000e+01   1.7982114e+00
   8.3195844e+01   7.8000000e+01   1.7982114e+00
   8.3205844e+01   7.8000000e+01   1.7982114e+00
   8.3215844e+01   7.8000000e+01   1.7982114e+00
   8.3225844e+01   7.8000000e+01   1.7982114e+00
   8.3235844e+01   7.8000000e+01   1.7982114e+00
   8.3245844e+01   7.8000000e+01   1.7982114e+00
   8.3255844e+01   7.8000000e+01   1.7982114e+00
   8.3265844e+01   7.8000000e+01   1.7982114e+00
   8.3275844e+01   7.8000000e+01   1.7982114e+00
   8.3285844e+01   7.8000000e+01   1.7982114e+00
   8.3295844e+01   7.8000000e+01   1.7982114e+00
   8.3305844e+01   7.8000000e+01   1.7982114e+00
   8.3315844e+01   7.8000000e+01   1.7982114e+00
   8.3325844e+01   7.8000000e+01   1.7982114e+00
   8.3335844e+01   7.8000000e+01   1.7982114e+00
   8.3345844e+01   7.8000000e+01   1.7982114e+00
   8.3355844e+01   7.8000000e+01   1.7982114e+00
   8.3365844e+01   7.8000000e+01   1.7982114e+00
   8.3375844e+01   7.8000000e+01   1.7982114e+00
   8.3385844e+01   7.8000000e+01   1.7982114e+00
   8.3395844e+01   7.8000000e+01   1.7982114e+00
   8.3405844e+01   7.8000000e+01   1.7982114e+00
   8.3415844e+01   7.8000000e+01   1.7982114e+00
   8.3425844e+01   7.8000000e+01   1.7982114e+00
   8.3435844e+01   7.8000000e+01   1.7982114e+00
   8.3445844e+01   7.8000000e+01   1.7982114e+00
   8.3455844e+01   7.8000000e+01   1.7982114e+00
   8.3465844e+01   7.8000000e+01   1.7982114e+00
   8.3475844e+01   7.8000000e+01   1.7982114e+00
   8.3485844e+01   7.8000000e+01   1.7982114e+00
   8.3495844e+01   7.8000000e+01   1.7982114e+00
   8.3505844e+01   7.8000000e+01   1.7982114e+00
   8.3515844e+01   7.8000000e+01   1.7982114e+00
   8.3525844e+01   7.8000000e+01   1.7982114e+00
   8.3535844e+01   7.8000000e+01   1.7982114e+00
   8.3545844e+01   7.8000000e+01   1.7982114e+00
   8.3555844e+01   7.8000000e+01   1.7982114e+00
   8.3565844e+01   7.8000000e+01   1.7982114e+00
   8.3575844e+01   7.8000000e+01   1.7982114e+00
   8.3585844e+01   7.8000000e+01   1.7982114e+00
   8.3595844e+01   7.8000000e+01   1.7982114e+00
   8.3605844e+01   7.8000000e+01   1.7982114e+00
   8.3615844e+01   7.8000000e+01   1.7982114e+00
   8.3625844e+01   7.8000000e+01   1.7982114e+00
   8.3635844e+01   7.8000000e+01   1.7982114e+00
   8.3645844e+01   7.8000000e+01   1.7982114e+00
   8.3655844e+01   7.8000000e+01   1.7982114e+00
   8.3665844e+01   7.8000000e+01   1.7982114e+00
   8.3675844e+01   7.8000000e+01   1.7982114e+00
   8.3685844e+01   7.8000000e+01   1.7982114e+00
   8.3695844e+01   7.8000000e+01   1.7982114e+00
   8.3705844e+01   7.8000000e+01   1.7982114e+00
   8.3715844e+01   7.8000000e+01   1.7982114e+00
   8.3725844e+01   7.8000000e+01   1.7982114e+00
   8.3735844e+01   7.8000000e+01   1.7982114e+00
   8.3745844e+01   7.8000000e+01   1.7982114e+00
   8.3755844e+01   7.8000000e+01   1.7982114e+00
   8.3765844e+01   7.8000000e+01   1.7982114e+00
   8.3775844e+01   7.8000000e+01   1.7982114e+00
   8.3785844e+01   7.8000000e+01   1.7982114e+00
   8.3795844e+01   7.8000000e+01   1.7982114e+00
   8.3805844e+01   7.8000000e+01   1.7982114e+00
   8.3815844e+01   7.8000000e+01   1.7982114e+00
   8.3825844e+01   7.8000000e+01   1.7982114e+00
   8.3835844e+01   7.8000000e+01   1.7982114e+00
   8.3845844e+01   7.8000000e+01   1.7982114e+00
   8.3855844e+01   7.8000000e+01   1.7982114e+00
   8.3865844e+01   7.8000000e+01   1.7982114e+00
   8.3875844e+01   7.8000000e+01   1.7982114e+00
   8.3885844e+01   7.8000000e+01   1.7982114e+00
   8.3895844e+01   7.8000000e+01   1.7982114e+00
   8.3905844e+01   7.8000000e+01   1.7982114e+00
   8.3915844e+01   7.8000000e+01   1.7982114e+00
   8.3925844e+01   7.8000000e+01   1.7982114e+00
   8.3935844e+01   7.8000000e+01   1.7982114e+00
   8.3945844e+01   7.8000000e+01   1.7982114e+00
   8.3955844e+01   7.8000000e+01   1.7982114e+00
   8.3965844e+01   7.8000000e+01   1.7982114e+00
   8.3975844e+01   7.8000000e+01   1.7982114e+00
   8.3985844e+01   7.8000000e+01   1.7982114e+00
   8.3995844e+01   7.8000000e+01   1.7982114e+00
   8.4005844e+01   7.8000000e+01   1.7982114e+00
   8.4015844e+01   7.8000000e+01   1.7982114e+00
   8.4025844e+01   7.8000000e+01   1.7982114e+00
   8.4035844e+01   7.8000000e+01   1.7982114e+00
   8.4045844e+01   7.8000000e+01   1.7982114e+00
   8.4055844e+01   7.8000000e+01   1.7982114e+00
   8.4065844e+01   7.8000000e+01   1.7982114e+00
   8.4075844e+01   7.8000000e+01   1.7982114e+00
   8.4085844e+01   7.8000000e+01   1.7982114e+00
   8.4095844e+01   7.8000000e+01   1.7982114e+00
   8.4105844e+01   7.8000000e+01   1.7982114e+00
   8.4115844e+01   7.8000000e+01   1.7982114e+00
   8.4125844e+01   7.8000000e+01   1.7982114e+00
   8.4135844e+01   7.8000000e+01   1.7982114e+00
   8.4145844e+01   7.8000000e+01   1.7982114e+00
   8.4155844e+01   7.8000000e+01   1.7982114e+00
   8.4165844e+01   7.8000000e+01   1.7982114e+00
   8.4175844e+01   7.8000000e+01   1.7982114e+00
   8.4185844e+01   7.8000000e+01   1.7982114e+00
   8.4195844e+01   7.8000000e+01   1.7982114e+00
   8.4205844e+01   7.8000000e+01   1.7982114e+00
   8.4215844e+01   7.8000000e+01   1.7982114e+00
   8.4225844e+01   7.8000000e+01   1.7982114e+00
   8.4235844e+01   7.8000000e+01   1.7982114e+00
   8.4245844e+01   7.8000000e+01   1.7982114e+00
   8.4255844e+01   7.8000000e+01   1.7982114e+00
   8.4265844e+01   7.8000000e+01   1.7982114e+00
   8.4267098e+01   7.8000000e+01   1.7982114e+00
   8.4267098e+01   7.9000000e+01   1.6595076e+00
   8.4267098e+01   7.9000000e+01   1.6595076e+00
   8.4277098e+01   7.9000000e+01   1.6595076e+00
   8.4287098e+01   7.9000000e+01   1.6595076e+00
   8.4297098e+01   7.9000000e+01   1.6595076e+00
   8.4307098e+01   7.9000000e+01   1.6595076e+00
   8.4317098e+01   7.9000000e+01   1.6595076e+00
   8.4327098e+01   7.9000000e+01   1.6595076e+00
   8.4337098e+01   7.9000000e+01   1.6595076e+00
   8.4347098e+01   7.9000000e+01   1.6595076e+00
   8.4357098e+01   7.9000000e+01   1.6595076e+00
   8.4367098e+01   7.9000000e+01   1.6595076e+00
   8.4377098e+01   7.9000000e+01   1.6595076e+00
   8.4387098e+01   7.9000000e+01   1.6595076e+00
   8.4397098e+01   7.9000000e+01   1.6595076e+00
   8.4407098e+01   7.9000000e+01   1.6595076e+00
   8.4417098e+01   7.9000000e+01   1.6595076e+00
   8.4427098e+01   7.9000000e+01   1.6595076e+00
   8.4437098e+01   7.9000000e+01   1.6595076e+00
   8.4447098e+01   7.9000000e+01   1.6595076e+00
   8.4457098e+01   7.9000000e+01   1.6595076e+00
   8.4467098e+01   7.9000000e+01   1.6595076e+00
   8.4477098e+01   7.9000000e+01   1.6595076e+00
   8.4487098e+01   7.9000000e+01   1.6595076e+00
   8.4497098e+01   7.9000000e+01   1.6595076e+00
   8.4507098e+01   7.9000000e+01   1.6595076e+00
   8.4517098e+01   7.9000000e+01   1.6595076e+00
   8.4527098e+01   7.9000000e+01   1.6595076e+00
   8.4537098e+01   7.9000000e+01   1.6595076e+00
   8.4547098e+01   7.9000000e+01   1.6595076e+00
   8.4557098e+01   7.9000000e+01   1.6595076e+00
   8.4567098e+01   7.9000000e+01   1.6595076e+00
   8.4577098e+01   7.9000000e+01   1.6595076e+00
   8.4587098e+01   7.9000000e+01   1.6595076e+00
   8.4597098e+01   7.9000000e+01   1.6595076e+00
   8.4607098e+01   7.9000000e+01   1.6595076e+00
   8.4617098e+01   7.9000000e+01   1.6595076e+00
   8.4627098e+01   7.9000000e+01   1.6595076e+00
   8.4637098e+01   7.9000000e+01   1.6595076e+00
   8.4647098e+01   7.9000000e+01   1.6595076e+00
   8.4657098e+01   7.9000000e+01   1.6595076e+00
   8.4667098e+01   7.9000000e+01   1.6595076e+00
   8.4677098e+01   7.9000000e+01   1.6595076e+00
   8.4687098e+01   7.9000000e+01   1.6595076e+00
   8.4697098e+01   7.9000000e+01   1.6595076e+00
   8.4707098e+01   7.9000000e+01   1.6595076e+00
   8.4717098e+01   7.9000000e+01   1.6595076e+00
   8.4727098e+01   7.9000000e+01   1.6595076e+00
   8.4737098e+01   7.9000000e+01   1.6595076e+00
   8.4747098e+01   7.9000000e+01   1.6595076e+00
   8.4757098e+01   7.9000000e+01   1.6595076e+00
   8.4767098e+01   7.9000000e+01   1.6595076e+00
   8.4777098e+01   7.9000000e+01   1.6595076e+00
   8.4787098e+01   7.9000000e+01   1.6595076e+00
   8.4797098e+01   7.9000000e+01   1.6595076e+00
   8.4807098e+01   7.9000000e+01   1.6595076e+00
   8.4817098e+01   7.9000000e+01   1.6595076e+00
   8.4827098e+01   7.9000000e+01   1.6595076e+00
   8.4837098e+01   7.9000000e+01   1.6595076e+00
   8.4847098e+01   7.9000000e+01   1.6595076e+00
   8.4857098e+01   7.9000000e+01   1.6595076e+00
   8.4867098e+01   7.9000000e+01   1.6595076e+00
   8.4877098e+01   7.9000000e+01   1.6595076e+00
   8.4887098e+01   7.9000000e+01   1.6595076e+00
   8.4897098e+01   7.9000000e+01   1.6595076e+00
   8.4907098e+01   7.9000000e+01   1.6595076e+00
   8.4917098e+01   7.9000000e+01   1.6595076e+00
   8.4927098e+01   7.9000000e+01   1.6595076e+00
   8.4937098e+01   7.9000000e+01   1.6595076e+00
   8.4947098e+01   7.9000000e+01   1.6595076e+00
   8.4957098e+01   7.9000000e+01   1.6595076e+00
   8.4967098e+01   7.9000000e+01   1.6595076e+00
   8.4977098e+01   7.9000000e+01   1.6595076e+00
   8.4987098e+01   7.9000000e+01   1.6595076e+00
   8.4997098e+01   7.9000000e+01   1.6595076e+00
   8.5007098e+01   7.9000000e+01   1.6595076e+00
   8.5017098e+01   7.9000000e+01   1.6595076e+00
   8.5027098e+01   7.9000000e+01   1.6595076e+00
   8.5037098e+01   7.9000000e+01   1.6595076e+00
   8.5047098e+01   7.9000000e+01   1.6595076e+00
   8.5057098e+01   7.9000000e+01   1.6595076e+00
   8.5067098e+01   7.9000000e+01   1.6595076e+00
   8.5077098e+01   7.9000000e+01   1.6595076e+00
   8.5087098e+01   7.9000000e+01   1.6595076e+00
   8.5097098e+01   7.9000000e+01   1.6595076e+00
   8.5107098e+01   7.9000000e+01   1.6595076e+00
   8.5117098e+01   7.9000000e+01   1.6595076e+00
   8.5127098e+01   7.9000000e+01   1.6595076e+00
   8.5137098e+01   7.9000000e+01   1.6595076e+00
   8.5147098e+01   7.9000000e+01   1.6595076e+00
   8.5157098e+01   7.9000000e+01   1.6595076e+00
   8.5167098e+01   7.9000000e+01   1.6595076e+00
   8.5177098e+01   7.9000000e+01   1.6595076e+00
   8.5187098e+01   7.9000000e+01   1.6595076e+00
   8.5197098e+01   7.9000000e+01   1.6595076e+00
   8.5207098e+01   7.9000000e+01   1.6595076e+00
   8.5217098e+01   7.9000000e+01   1.6595076e+00
   8.5227098e+01   7.9000000e+01   1.6595076e+00
   8.5237098e+01   7.9000000e+01   1.6595076e+00
   8.5247098e+01   7.9000000e+01   1.6595076e+00
   8.5257098e+01   7.9000000e+01   1.6595076e+00
   8.5267098e+01   7.9000000e+01   1.6595076e+00
   8.5277098e+01   7.9000000e+01   1.6595076e+00
   8.5287098e+01   7.9000000e+01   1.6595076e+00
   8.5297098e+01   7.9000000e+01   1.6595076e+00
   8.5307098e+01   7.9000000e+01   1.6595076e+00
   8.5317098e+01   7.9000000e+01   1.6595076e+00
   8.5327098e+01   7.9000000e+01   1.6595076e+00
   8.5337098e+01   7.9000000e+01   1.6595076e+00
   8.5347098e+01   7.9000000e+01   1.6595076e+00
   8.5357098e+01   7.9000000e+01   1.6595076e+00
   8.5367098e+01   7.9000000e+01   1.6595076e+00
   8.5377098e+01   7.9000000e+01   1.6595076e+00
   8.5387098e+01   7.9000000e+01   1.6595076e+00
   8.5397098e+01   7.9000000e+01   1.6595076e+00
   8.5407098e+01   7.9000000e+01   1.6595076e+00
   8.5417098e+01   7.9000000e+01   1.6595076e+00
   8.5427098e+01   7.9000000e+01   1.6595076e+00
   8.5437098e+01   7.9000000e+01   1.6595076e+00
   8.5447098e+01   7.9000000e+01   1.6595076e+00
   8.5457098e+01   7.9000000e+01   1.6595076e+00
   8.5467098e+01   7.9000000e+01   1.6595076e+00
   8.5477098e+01   7.9000000e+01   1.6595076e+00
   8.5487098e+01   7.9000000e+01   1.6595076e+00
   8.5497098e+01   7.9000000e+01   1.6595076e+00
   8.5507098e+01   7.9000000e+01   1.6595076e+00
   8.5517098e+01   7.9000000e+01   1.6595076e+00
   8.5527098e+01   7.9000000e+01   1.6595076e+00
   8.5537098e+01   7.9000000e+01   1.6595076e+00
   8.5547098e+01   7.9000000e+01   1.6595076e+00
   8.5557098e+01   7.9000000e+01   1.6595076e+00
   8.5567098e+01   7.9000000e+01   1.6595076e+00
   8.5577098e+01   7.9000000e+01   1.6595076e+00
   8.5587098e+01   7.9000000e+01   1.6595076e+00
   8.5597098e+01   7.9000000e+01   1.6595076e+00
   8.5607098e+01   7.9000000e+01   1.6595076e+00
   8.5617098e+01   7.9000000e+01   1.6595076e+00
   8.5627098e+01   7.9000000e+01   1.6595076e+00
   8.5637098e+01   7.9000000e+01   1.6595076e+00
   8.5647098e+01   7.9000000e+01   1.6595076e+00
   8.5657098e+01   7.9000000e+01   1.6595076e+00
   8.5667098e+01   7.9000000e+01   1.6595076e+00
   8.5677098e+01   7.9000000e+01   1.6595076e+00
   8.5687098e+01   7.9000000e+01   1.6595076e+00
   8.5697098e+01   7.9000000e+01   1.6595076e+00
   8.5707098e+01   7.9000000e+01   1.6595076e+00
   8.5717098e+01   7.9000000e+01   1.6595076e+00
   8.5727098e+01   7.9000000e+01   1.6595076e+00
   8.5737098e+01   7.9000000e+01   1.6595076e+00
   8.5747098e+01   7.9000000e+01   1.6595076e+00
   8.5757098e+01   7.9000000e+01   1.6595076e+00
   8.5767098e+01   7.9000000e+01   1.6595076e+00
   8.5777098e+01   7.9000000e+01   1.6595076e+00
   8.5787098e+01   7.9000000e+01   1.6595076e+00
   8.5797098e+01   7.9000000e+01   1.6595076e+00
   8.5807098e+01   7.9000000e+01   1.6595076e+00
   8.5817098e+01   7.9000000e+01   1.6595076e+00
   8.5827098e+01   7.9000000e+01   1.6595076e+00
   8.5837098e+01   7.9000000e+01   1.6595076e+00
   8.5847098e+01   7.9000000e+01   1.6595076e+00
   8.5857098e+01   7.9000000e+01   1.6595076e+00
   8.5867098e+01   7.9000000e+01   1.6595076e+00
   8.5877098e+01   7.9000000e+01   1.6595076e+00
   8.5887098e+01   7.9000000e+01   1.6595076e+00
   8.5897098e+01   7.9000000e+01   1.6595076e+00
   8.5907098e+01   7.9000000e+01   1.6595076e+00
   8.5917098e+01   7.9000000e+01   1.6595076e+00
   8.5927098e+01   7.9000000e+01   1.6595076e+00
   8.5933455e+01   7.9000000e+01   1.6595076e+00
   8.5933455e+01   8.0000000e+01   1.5183305e+00
   8.5933455e+01   8.0000000e+01   1.5183305e+00
   8.5943455e+01   8.0000000e+01   1.5183305e+00
   8.5953455e+01   8.0000000e+01   1.5183305e+00
   8.5963455e+01   8.0000000e+01   1.5183305e+00
   8.5973455e+01   8.0000000e+01   1.5183305e+00
   8.5983455e+01   8.0000000e+01   1.5183305e+00
   8.5993455e+01   8.0000000e+01   1.5183305e+00
   8.6003455e+01   8.0000000e+01   1.5183305e+00
   8.6013455e+01   8.0000000e+01   1.5183305e+00
   8.6023455e+01   8.0000000e+01   1.5183305e+00
   8.6033455e+01   8.0000000e+01   1.5183305e+00
   8.6043455e+01   8.0000000e+01   1.5183305e+00
   8.6053455e+01   8.0000000e+01   1.5183305e+00
   8.6063455e+01   8.0000000e+01   1.5183305e+00
   8.6073455e+01   8.0000000e+01   1.5183305e+00
   8.6083455e+01   8.0000000e+01   1.5183305e+00
   8.6093455e+01   8.0000000e+01   1.5183305e+00
   8.6103455e+01   8.0000000e+01   1.5183305e+00
   8.6113455e+01   8.0000000e+01   1.5183305e+00
   8.6123455e+01   8.0000000e+01   1.5183305e+00
   8.6133455e+01   8.0000000e+01   1.5183305e+00
   8.6143455e+01   8.0000000e+01   1.5183305e+00
   8.6153455e+01   8.0000000e+01   1.5183305e+00
   8.6163455e+01   8.0000000e+01   1.5183305e+00
   8.6173455e+01   8.0000000e+01   1.5183305e+00
   8.6183455e+01   8.0000000e+01   1.5183305e+00
   8.6193455e+01   8.0000000e+01   1.5183305e+00
   8.6203455e+01   8.0000000e+01   1.5183305e+00
   8.6213455e+01   8.0000000e+01   1.5183305e+00
   8.6223455e+01   8.0000000e+01   1.5183305e+00
   8.6233455e+01   8.0000000e+01   1.5183305e+00
   8.6243455e+01   8.0000000e+01   1.5183305e+00
   8.6253455e+01   8.0000000e+01   1.5183305e+00
   8.6263455e+01   8.0000000e+01   1.5183305e+00
   8.6273455e+01   8.0000000e+01   1.5183305e+00
   8.6283455e+01   8.0000000e+01   1.5183305e+00
   8.6293455e+01   8.0000000e+01   1.5183305e+00
   8.6303455e+01   8.0000000e+01   1.5183305e+00
   8.6313455e+01   8.0000000e+01   1.5183305e+00
   8.6323455e+01   8.0000000e+01   1.5183305e+00
   8.6333455e+01   8.0000000e+01   1.5183305e+00
   8.6343455e+01   8.0000000e+01   1.5183305e+00
   8.6353455e+01   8.0000000e+01   1.5183305e+00
   8.6363455e+01   8.0000000e+01   1.5183305e+00
   8.6373455e+01   8.0000000e+01   1.5183305e+00
   8.6383455e+01   8.0000000e+01   1.5183305e+00
   8.6393455e+01   8.0000000e+01   1.5183305e+00
   8.6403455e+01   8.0000000e+01   1.5183305e+00
   8.6413455e+01   8.0000000e+01   1.5183305e+00
   8.6423455e+01   8.0000000e+01   1.5183305e+00
   8.6433455e+01   8.0000000e+01   1.5183305e+00
   8.6443455e+01   8.0000000e+01   1.5183305e+00
   8.6453455e+01   8.0000000e+01   1.5183305e+00
   8.6463455e+01   8.0000000e+01   1.5183305e+00
   8.6473455e+01   8.0000000e+01   1.5183305e+00
   8.6483455e+01   8.0000000e+01   1.5183305e+00
   8.6493455e+01   8.0000000e+01   1.5183305e+00
   8.6503455e+01   8.0000000e+01   1.5183305e+00
   8.6513455e+01   8.0000000e+01   1.5183305e+00
   8.6523455e+01   8.0000000e+01   1.5183305e+00
   8.6533455e+01   8.0000000e+01   1.5183305e+00
   8.6543455e+01   8.0000000e+01   1.5183305e+00
   8.6553455e+01   8.0000000e+01   1.5183305e+00
   8.6563455e+01   8.0000000e+01   1.5183305e+00
   8.6573455e+01   8.0000000e+01   1.5183305e+00
   8.6583455e+01   8.0000000e+01   1.5183305e+00
   8.6593455e+01   8.0000000e+01   1.5183305e+00
   8.6603455e+01   8.0000000e+01   1.5183305e+00
   8.6613455e+01   8.0000000e+01   1.5183305e+00
   8.6623455e+01   8.0000000e+01   1.5183305e+00
   8.6633455e+01   8.0000000e+01   1.5183305e+00
   8.6643455e+01   8.0000000e+01   1.5183305e+00
   8.6653455e+01   8.0000000e+01   1.5183305e+00
   8.6663455e+01   8.0000000e+01   1.5183305e+00
   8.6673455e+01   8.0000000e+01   1.5183305e+00
   8.6683455e+01   8.0000000e+01   1.5183305e+00
   8.6693455e+01   8.0000000e+01   1.5183305e+00
   8.6703455e+01   8.0000000e+01   1.5183305e+00
   8.6713455e+01   8.0000000e+01   1.5183305e+00
   8.6723455e+01   8.0000000e+01   1.5183305e+00
   8.6733455e+01   8.0000000e+01   1.5183305e+00
   8.6743455e+01   8.0000000e+01   1.5183305e+00
   8.6753455e+01   8.0000000e+01   1.5183305e+00
   8.6763455e+01   8.0000000e+01   1.5183305e+00
   8.6773455e+01   8.0000000e+01   1.5183305e+00
   8.6783455e+01   8.0000000e+01   1.5183305e+00
   8.6793455e+01   8.0000000e+01   1.5183305e+00
   8.6803455e+01   8.0000000e+01   1.5183305e+00
   8.6813455e+01   8.0000000e+01   1.5183305e+00
   8.6823455e+01   8.0000000e+01   1.5183305e+00
   8.6833455e+01   8.0000000e+01   1.5183305e+00
   8.6843455e+01   8.0000000e+01   1.5183305e+00
   8.6853455e+01   8.0000000e+01   1.5183305e+00
   8.6863455e+01   8.0000000e+01   1.5183305e+00
   8.6873455e+01   8.0000000e+01   1.5183305e+00
   8.6883455e+01   8.0000000e+01   1.5183305e+00
   8.6893455e+01   8.0000000e+01   1.5183305e+00
   8.6903455e+01   8.0000000e+01   1.5183305e+00
   8.6913455e+01   8.0000000e+01   1.5183305e+00
   8.6923455e+01   8.0000000e+01   1.5183305e+00
   8.6933455e+01   8.0000000e+01   1.5183305e+00
   8.6943455e+01   8.0000000e+01   1.5183305e+00
   8.6953455e+01   8.0000000e+01   1.5183305e+00
   8.6963455e+01   8.0000000e+01   1.5183305e+00
   8.6973455e+01   8.0000000e+01   1.5183305e+00
   8.6983455e+01   8.0000000e+01   1.5183305e+00
   8.6993455e+01   8.0000000e+01   1.5183305e+00
   8.7003455e+01   8.0000000e+01   1.5183305e+00
   8.7013455e+01   8.0000000e+01   1.5183305e+00
   8.7023455e+01   8.0000000e+01   1.5183305e+00
   8.7033455e+01   8.0000000e+01   1.5183305e+00
   8.7043455e+01   8.0000000e+01   1.5183305e+00
   8.7053455e+01   8.0000000e+01   1.5183305e+00
   8.7063455e+01   8.0000000e+01   1.5183305e+00
   8.7073455e+01   8.0000000e+01   1.5183305e+00
   8.7083455e+01   8.0000000e+01   1.5183305e+00
   8.7093455e+01   8.0000000e+01   1.5183305e+00
   8.7103455e+01   8.0000000e+01   1.5183305e+00
   8.7113455e+01   8.0000000e+01   1.5183305e+00
   8.7123455e+01   8.0000000e+01   1.5183305e+00
   8.7133455e+01   8.0000000e+01   1.5183305e+00
   8.7143455e+01   8.0000000e+01   1.5183305e+00
   8.7153455e+01   8.0000000e+01   1.5183305e+00
   8.7163455e+01   8.0000000e+01   1.5183305e+00
   8.7173455e+01   8.0000000e+01   1.5183305e+00
   8.7183455e+01   8.0000000e+01   1.5183305e+00
   8.7193455e+01   8.0000000e+01   1.5183305e+00
   8.7203455e+01   8.0000000e+01   1.5183305e+00
   8.7213455e+01   8.0000000e+01   1.5183305e+00
   8.7223455e+01   8.0000000e+01   1.5183305e+00
   8.7233455e+01   8.0000000e+01   1.5183305e+00
   8.7243455e+01   8.0000000e+01   1.5183305e+00
   8.7253455e+01   8.0000000e+01   1.5183305e+00
   8.7263455e+01   8.0000000e+01   1.5183305e+00
   8.7273455e+01   8.0000000e+01   1.5183305e+00
   8.7283455e+01   8.0000000e+01   1.5183305e+00
   8.7293455e+01   8.0000000e+01   1.5183305e+00
   8.7303455e+01   8.0000000e+01   1.5183305e+00
   8.7313455e+01   8.0000000e+01   1.5183305e+00
   8.7323455e+01   8.0000000e+01   1.5183305e+00
   8.7333455e+01   8.0000000e+01   1.5183305e+00
   8.7343455e+01   8.0000000e+01   1.5183305e+00
   8.7353455e+01   8.0000000e+01   1.5183305e+00
   8.7363455e+01   8.0000000e+01   1.5183305e+00
   8.7373455e+01   8.0000000e+01   1.5183305e+00
   8.7383455e+01   8.0000000e+01   1.5183305e+00
   8.7393455e+01   8.0000000e+01   1.5183305e+00
   8.7403455e+01   8.0000000e+01   1.5183305e+00
   8.7413455e+01   8.0000000e+01   1.5183305e+00
   8.7423455e+01   8.0000000e+01   1.5183305e+00
   8.7433455e+01   8.0000000e+01   1.5183305e+00
   8.7443455e+01   8.0000000e+01   1.5183305e+00
   8.7453455e+01   8.0000000e+01   1.5183305e+00
   8.7463455e+01   8.0000000e+01   1.5183305e+00
   8.7473455e+01   8.0000000e+01   1.5183305e+00
   8.7483455e+01   8.0000000e+01   1.5183305e+00
   8.7493455e+01   8.0000000e+01   1.5183305e+00
   8.7503455e+01   8.0000000e+01   1.5183305e+00
   8.7513455e+01   8.0000000e+01   1.5183305e+00
   8.7523455e+01   8.0000000e+01   1.5183305e+00
   8.7533455e+01   8.0000000e+01   1.5183305e+00
   8.7543455e+01   8.0000000e+01   1.5183305e+00
   8.7553455e+01   8.0000000e+01   1.5183305e+00
   8.7563455e+01   8.0000000e+01   1.5183305e+00
   8.7573455e+01   8.0000000e+01   1.5183305e+00
   8.7583455e+01   8.0000000e+01   1.5183305e+00
   8.7593455e+01   8.0000000e+01   1.5183305e+00
   8.7603455e+01   8.0000000e+01   1.5183305e+00
   8.7604442e+01   8.0000000e+01   1.5183305e+00
   8.7604442e+01   8.1000000e+01   1.3747716e+00
   8.7604442e+01   8.1000000e+01   1.3747716e+00
   8.7614442e+01   8.1000000e+01   1.3747716e+00
   8.7624442e+01   8.1000000e+01   1.3747716e+00
   8.7634442e+01   8.1000000e+01   1.3747716e+00
   8.7644442e+01   8.1000000e+01   1.3747716e+00
   8.7654442e+01   8.1000000e+01   1.3747716e+00
   8.7664442e+01   8.1000000e+01   1.3747716e+00
   8.7674442e+01   8.1000000e+01   1.3747716e+00
   8.7684442e+01   8.1000000e+01   1.3747716e+00
   8.7694442e+01   8.1000000e+01   1.3747716e+00
   8.7704442e+01   8.1000000e+01   1.3747716e+00
   8.7714442e+01   8.1000000e+01   1.3747716e+00
   8.7724442e+01   8.1000000e+01   1.3747716e+00
   8.7734442e+01   8.1000000e+01   1.3747716e+00
   8.7744442e+01   8.1000000e+01   1.3747716e+00
   8.7754442e+01   8.1000000e+01   1.3747716e+00
   8.7764442e+01   8.1000000e+01   1.3747716e+00
   8.7774442e+01   8.1000000e+01   1.3747716e+00
   8.7784442e+01   8.1000000e+01   1.3747716e+00
   8.7794442e+01   8.1000000e+01   1.3747716e+00
   8.7804442e+01   8.1000000e+01   1.3747716e+00
   8.7814442e+01   8.1000000e+01   1.3747716e+00
   8.7824442e+01   8.1000000e+01   1.3747716e+00
   8.7834442e+01   8.1000000e+01   1.3747716e+00
   8.7844442e+01   8.1000000e+01   1.3747716e+00
   8.7854442e+01   8.1000000e+01   1.3747716e+00
   8.7864442e+01   8.1000000e+01   1.3747716e+00
   8.7874442e+01   8.1000000e+01   1.3747716e+00
   8.7884442e+01   8.1000000e+01   1.3747716e+00
   8.7894442e+01   8.1000000e+01   1.3747716e+00
   8.7904442e+01   8.1000000e+01   1.3747716e+00
   8.7914442e+01   8.1000000e+01   1.3747716e+00
   8.7924442e+01   8.1000000e+01   1.3747716e+00
   8.7934442e+01   8.1000000e+01   1.3747716e+00
   8.7944442e+01   8.1000000e+01   1.3747716e+00
   8.7954442e+01   8.1000000e+01   1.3747716e+00
   8.7964442e+01   8.1000000e+01   1.3747716e+00
   8.7974442e+01   8.1000000e+01   1.3747716e+00
   8.7984442e+01   8.1000000e+01   1.3747716e+00
   8.7994442e+01   8.1000000e+01   1.3747716e+00
   8.8004442e+01   8.1000000e+01   1.3747716e+00
   8.8014442e+01   8.1000000e+01   1.3747716e+00
   8.8024442e+01   8.1000000e+01   1.3747716e+00
   8.8034442e+01   8.1000000e+01   1.3747716e+00
   8.8044442e+01   8.1000000e+01   1.3747716e+00
   8.8054442e+01   8.1000000e+01   1.3747716e+00
   8.8064442e+01   8.1000000e+01   1.3747716e+00
   8.8074442e+01   8.1000000e+01   1.3747716e+00
   8.8084442e+01   8.1000000e+01   1.3747716e+00
   8.8094442e+01   8.1000000e+01   1.3747716e+00
   8.8104442e+01   8.1000000e+01   1.3747716e+00
   8.8114442e+01   8.1000000e+01   1.3747716e+00
   8.8124442e+01   8.1000000e+01   1.3747716e+00
   8.8134442e+01   8.1000000e+01   1.3747716e+00
   8.8144442e+01   8.1000000e+01   1.3747716e+00
   8.8154442e+01   8.1000000e+01   1.3747716e+00
   8.8164442e+01   8.1000000e+01   1.3747716e+00
   8.8174442e+01   8.1000000e+01   1.3747716e+00
   8.8184442e+01   8.1000000e+01   1.3747716e+00
   8.8194442e+01   8.1000000e+01   1.3747716e+00
   8.8204442e+01   8.1000000e+01   1.3747716e+00
   8.8214442e+01   8.1000000e+01   1.3747716e+00
   8.8224442e+01   8.1000000e+01   1.3747716e+00
   8.8234442e+01   8.1000000e+01   1.3747716e+00
   8.8244442e+01   8.1000000e+01   1.3747716e+00
   8.8254442e+01   8.1000000e+01   1.3747716e+00
   8.8264442e+01   8.1000000e+01   1.3747716e+00
   8.8274442e+01   8.1000000e+01   1.3747716e+00
   8.8284442e+01   8.1000000e+01   1.3747716e+00
   8.8294442e+01   8.1000000e+01   1.3747716e+00
   8.8304442e+01   8.1000000e+01   1.3747716e+00
   8.8314442e+01   8.1000000e+01   1.3747716e+00
   8.8324442e+01   8.1000000e+01   1.3747716e+00
   8.8334442e+01   8.1000000e+01   1.3747716e+00
   8.8344442e+01   8.1000000e+01   1.3747716e+00
   8.8354442e+01   8.1000000e+01   1.3747716e+00
   8.8364442e+01   8.1000000e+01   1.3747716e+00
   8.8374442e+01   8.1000000e+01   1.3747716e+00
   8.8384442e+01   8.1000000e+01   1.3747716e+00
   8.8394442e+01   8.1000000e+01   1.3747716e+00
   8.8404442e+01   8.1000000e+01   1.3747716e+00
   8.8414442e+01   8.1000000e+01   1.3747716e+00
   8.8424442e+01   8.1000000e+01   1.3747716e+00
   8.8434442e+01   8.1000000e+01   1.3747716e+00
   8.8444442e+01   8.1000000e+01   1.3747716e+00
   8.8454442e+01   8.1000000e+01   1.3747716e+00
   8.8464442e+01   8.1000000e+01   1.3747716e+00
   8.8474442e+01   8.1000000e+01   1.3747716e+00
   8.8484442e+01   8.1000000e+01   1.3747716e+00
   8.8494442e+01   8.1000000e+01   1.3747716e+00
   8.8504442e+01   8.1000000e+01   1.3747716e+00
   8.8514442e+01   8.1000000e+01   1.3747716e+00
   8.8524442e+01   8.1000000e+01   1.3747716e+00
   8.8534442e+01   8.1000000e+01   1.3747716e+00
   8.8544442e+01   8.1000000e+01   1.3747716e+00
   8.8554442e+01   8.1000000e+01   1.3747716e+00
   8.8564442e+01   8.1000000e+01   1.3747716e+00
   8.8574442e+01   8.1000000e+01   1.3747716e+00
   8.8584442e+01   8.1000000e+01   1.3747716e+00
   8.8594442e+01   8.1000000e+01   1.3747716e+00
   8.8604442e+01   8.1000000e+01   1.3747716e+00
   8.8614442e+01   8.1000000e+01   1.3747716e+00
   8.8624442e+01   8.1000000e+01   1.3747716e+00
   8.8634442e+01   8.1000000e+01   1.3747716e+00
   8.8644442e+01   8.1000000e+01   1.3747716e+00
   8.8654442e+01   8.1000000e+01   1.3747716e+00
   8.8664442e+01   8.1000000e+01   1.3747716e+00
   8.8674442e+01   8.1000000e+01   1.3747716e+00
   8.8684442e+01   8.1000000e+01   1.3747716e+00
   8.8694442e+01   8.1000000e+01   1.3747716e+00
   8.8704442e+01   8.1000000e+01   1.3747716e+00
   8.8714442e+01   8.1000000e+01   1.3747716e+00
   8.8724442e+01   8.1000000e+01   1.3747716e+00
   8.8734442e+01   8.1000000e+01   1.3747716e+00
   8.8744442e+01   8.1000000e+01   1.3747716e+00
   8.8754442e+01   8.1000000e+01   1.3747716e+00
   8.8764442e+01   8.1000000e+01   1.3747716e+00
   8.8774442e+01   8.1000000e+01   1.3747716e+00
   8.8784442e+01   8.1000000e+01   1.3747716e+00
   8.8794442e+01   8.1000000e+01   1.3747716e+00
   8.8804442e+01   8.1000000e+01   1.3747716e+00
   8.8814442e+01   8.1000000e+01   1.3747716e+00
   8.8824442e+01   8.1000000e+01   1.3747716e+00
   8.8834442e+01   8.1000000e+01   1.3747716e+00
   8.8844442e+01   8.1000000e+01   1.3747716e+00
   8.8854442e+01   8.1000000e+01   1.3747716e+00
   8.8864442e+01   8.1000000e+01   1.3747716e+00
   8.8874442e+01   8.1000000e+01   1.3747716e+00
   8.8884442e+01   8.1000000e+01   1.3747716e+00
   8.8894442e+01   8.1000000e+01   1.3747716e+00
   8.8904442e+01   8.1000000e+01   1.3747716e+00
   8.8914442e+01   8.1000000e+01   1.3747716e+00
   8.8924442e+01   8.1000000e+01   1.3747716e+00
   8.8934442e+01   8.1000000e+01   1.3747716e+00
   8.8944442e+01   8.1000000e+01   1.3747716e+00
   8.8954442e+01   8.1000000e+01   1.3747716e+00
   8.8964442e+01   8.1000000e+01   1.3747716e+00
   8.8974442e+01   8.1000000e+01   1.3747716e+00
   8.8984442e+01   8.1000000e+01   1.3747716e+00
   8.8994442e+01   8.1000000e+01   1.3747716e+00
   8.9004442e+01   8.1000000e+01   1.3747716e+00
   8.9014442e+01   8.1000000e+01   1.3747716e+00
   8.9024442e+01   8.1000000e+01   1.3747716e+00
   8.9034442e+01   8.1000000e+01   1.3747716e+00
   8.9044442e+01   8.1000000e+01   1.3747716e+00
   8.9054442e+01   8.1000000e+01   1.3747716e+00
   8.9064442e+01   8.1000000e+01   1.3747716e+00
   8.9074442e+01   8.1000000e+01   1.3747716e+00
   8.9084442e+01   8.1000000e+01   1.3747716e+00
   8.9094442e+01   8.1000000e+01   1.3747716e+00
   8.9104442e+01   8.1000000e+01   1.3747716e+00
   8.9114442e+01   8.1000000e+01   1.3747716e+00
   8.9124442e+01   8.1000000e+01   1.3747716e+00
   8.9134442e+01   8.1000000e+01   1.3747716e+00
   8.9144442e+01   8.1000000e+01   1.3747716e+00
   8.9154442e+01   8.1000000e+01   1.3747716e+00
   8.9164442e+01   8.1000000e+01   1.3747716e+00
   8.9174442e+01   8.1000000e+01   1.3747716e+00
   8.9184442e+01   8.1000000e+01   1.3747716e+00
   8.9194442e+01   8.1000000e+01   1.3747716e+00
   8.9204442e+01   8.1000000e+01   1.3747716e+00
   8.9214442e+01   8.1000000e+01   1.3747716e+00
   8.9224442e+01   8.1000000e+01   1.3747716e+00
   8.9234442e+01   8.1000000e+01   1.3747716e+00
   8.9244442e+01   8.1000000e+01   1.3747716e+00
   8.9254442e+01   8.1000000e+01   1.3747716e+00
   8.9264442e+01   8.1000000e+01   1.3747716e+00
   8.9274442e+01   8.1000000e+01   1.3747716e+00
   8.9279585e+01   8.1000000e+01   1.3747716e+00
   8.9279585e+01   8.2000000e+01   1.2289366e+00
   8.9279585e+01   8.2000000e+01   1.2289366e+00
   8.9289585e+01   8.2000000e+01   1.2289366e+00
   8.9299585e+01   8.2000000e+01   1.2289366e+00
   8.9309585e+01   8.2000000e+01   1.2289366e+00
   8.9319585e+01   8.2000000e+01   1.2289366e+00
   8.9329585e+01   8.2000000e+01   1.2289366e+00
   8.9339585e+01   8.2000000e+01   1.2289366e+00
   8.9349585e+01   8.2000000e+01   1.2289366e+00
   8.9359585e+01   8.2000000e+01   1.2289366e+00
   8.9369585e+01   8.2000000e+01   1.2289366e+00
   8.9379585e+01   8.2000000e+01   1.2289366e+00
   8.9389585e+01   8.2000000e+01   1.2289366e+00
   8.9399585e+01   8.2000000e+01   1.2289366e+00
   8.9409585e+01   8.2000000e+01   1.2289366e+00
   8.9419585e+01   8.2000000e+01   1.2289366e+00
   8.9429585e+01   8.2000000e+01   1.2289366e+00
   8.9439585e+01   8.2000000e+01   1.2289366e+00
   8.9449585e+01   8.2000000e+01   1.2289366e+00
   8.9459585e+01   8.2000000e+01   1.2289366e+00
   8.9469585e+01   8.2000000e+01   1.2289366e+00
   8.9479585e+01   8.2000000e+01   1.2289366e+00
   8.9489585e+01   8.2000000e+01   1.2289366e+00
   8.9499585e+01   8.2000000e+01   1.2289366e+00
   8.9509585e+01   8.2000000e+01   1.2289366e+00
   8.9519585e+01   8.2000000e+01   1.2289366e+00
   8.9529585e+01   8.2000000e+01   1.2289366e+00
   8.9539585e+01   8.2000000e+01   1.2289366e+00
   8.9549585e+01   8.2000000e+01   1.2289366e+00
   8.9559585e+01   8.2000000e+01   1.2289366e+00
   8.9569585e+01   8.2000000e+01   1.2289366e+00
   8.9579585e+01   8.2000000e+01   1.2289366e+00
   8.9589585e+01   8.2000000e+01   1.2289366e+00
   8.9599585e+01   8.2000000e+01   1.2289366e+00
   8.9609585e+01   8.2000000e+01   1.2289366e+00
   8.9619585e+01   8.2000000e+01   1.2289366e+00
   8.9629585e+01   8.2000000e+01   1.2289366e+00
   8.9639585e+01   8.2000000e+01   1.2289366e+00
   8.9649585e+01   8.2000000e+01   1.2289366e+00
   8.9659585e+01   8.2000000e+01   1.2289366e+00
   8.9669585e+01   8.2000000e+01   1.2289366e+00
   8.9679585e+01   8.2000000e+01   1.2289366e+00
   8.9689585e+01   8.2000000e+01   1.2289366e+00
   8.9699585e+01   8.2000000e+01   1.2289366e+00
   8.9709585e+01   8.2000000e+01   1.2289366e+00
   8.9719585e+01   8.2000000e+01   1.2289366e+00
   8.9729585e+01   8.2000000e+01   1.2289366e+00
   8.9739585e+01   8.2000000e+01   1.2289366e+00
   8.9749585e+01   8.2000000e+01   1.2289366e+00
   8.9759585e+01   8.2000000e+01   1.2289366e+00
   8.9769585e+01   8.2000000e+01   1.2289366e+00
   8.9779585e+01   8.2000000e+01   1.2289366e+00
   8.9789585e+01   8.2000000e+01   1.2289366e+00
   8.9799585e+01   8.2000000e+01   1.2289366e+00
   8.9809585e+01   8.2000000e+01   1.2289366e+00
   8.9819585e+01   8.2000000e+01   1.2289366e+00
   8.9829585e+01   8.2000000e+01   1.2289366e+00
   8.9839585e+01   8.2000000e+01   1.2289366e+00
   8.9849585e+01   8.2000000e+01   1.2289366e+00
   8.9859585e+01   8.2000000e+01   1.2289366e+00
   8.9869585e+01   8.2000000e+01   1.2289366e+00
   8.9879585e+01   8.2000000e+01   1.2289366e+00
   8.9889585e+01   8.2000000e+01   1.2289366e+00
   8.9899585e+01   8.2000000e+01   1.2289366e+00
   8.9909585e+01   8.2000000e+01   1.2289366e+00
   8.9919585e+01   8.2000000e+01   1.2289366e+00
   8.9929585e+01   8.2000000e+01   1.2289366e+00
   8.9939585e+01   8.2000000e+01   1.2289366e+00
   8.9949585e+01   8.2000000e+01   1.2289366e+00
   8.9959585e+01   8.2000000e+01   1.2289366e+00
   8.9969585e+01   8.2000000e+01   1.2289366e+00
   8.9979585e+01   8.2000000e+01   1.2289366e+00
   8.9989585e+01   8.2000000e+01   1.2289366e+00
   8.9999585e+01   8.2000000e+01   1.2289366e+00
   9.0009585e+01   8.2000000e+01   1.2289366e+00
   9.0019585e+01   8.2000000e+01   1.2289366e+00
   9.0029585e+01   8.2000000e+01   1.2289366e+00
   9.0039585e+01   8.2000000e+01   1.2289366e+00
   9.0049585e+01   8.2000000e+01   1.2289366e+00
   9.0059585e+01   8.2000000e+01   1.2289366e+00
   9.0069585e+01   8.2000000e+01   1.2289366e+00
   9.0079585e+01   8.2000000e+01   1.2289366e+00
   9.0089585e+01   8.2000000e+01   1.2289366e+00
   9.0099585e+01   8.2000000e+01   1.2289366e+00
   9.0109585e+01   8.2000000e+01   1.2289366e+00
   9.0119585e+01   8.2000000e+01   1.2289366e+00
   9.0129585e+01   8.2000000e+01   1.2289366e+00
   9.0139585e+01   8.2000000e+01   1.2289366e+00
   9.0149585e+01   8.2000000e+01   1.2289366e+00
   9.0159585e+01   8.2000000e+01   1.2289366e+00
   9.0169585e+01   8.2000000e+01   1.2289366e+00
   9.0179585e+01   8.2000000e+01   1.2289366e+00
   9.0189585e+01   8.2000000e+01   1.2289366e+00
   9.0199585e+01   8.2000000e+01   1.2289366e+00
   9.0209585e+01   8.2000000e+01   1.2289366e+00
   9.0219585e+01   8.2000000e+01   1.2289366e+00
   9.0229585e+01   8.2000000e+01   1.2289366e+00
   9.0239585e+01   8.2000000e+01   1.2289366e+00
   9.0249585e+01   8.2000000e+01   1.2289366e+00
   9.0259585e+01   8.2000000e+01   1.2289366e+00
   9.0269585e+01   8.2000000e+01   1.2289366e+00
   9.0279585e+01   8.2000000e+01   1.2289366e+00
   9.0289585e+01   8.2000000e+01   1.2289366e+00
   9.0299585e+01   8.2000000e+01   1.2289366e+00
   9.0309585e+01   8.2000000e+01   1.2289366e+00
   9.0319585e+01   8.2000000e+01   1.2289366e+00
   9.0329585e+01   8.2000000e+01   1.2289366e+00
   9.0339585e+01   8.2000000e+01   1.2289366e+00
   9.0349585e+01   8.2000000e+01   1.2289366e+00
   9.0359585e+01   8.2000000e+01   1.2289366e+00
   9.0369585e+01   8.2000000e+01   1.2289366e+00
   9.0379585e+01   8.2000000e+01   1.2289366e+00
   9.0389585e+01   8.2000000e+01   1.2289366e+00
   9.0399585e+01   8.2000000e+01   1.2289366e+00
   9.0409585e+01   8.2000000e+01   1.2289366e+00
   9.0419585e+01   8.2000000e+01   1.2289366e+00
   9.0429585e+01   8.2000000e+01   1.2289366e+00
   9.0439585e+01   8.2000000e+01   1.2289366e+00
   9.0449585e+01   8.2000000e+01   1.2289366e+00
   9.0459585e+01   8.2000000e+01   1.2289366e+00
   9.0469585e+01   8.2000000e+01   1.2289366e+00
   9.0479585e+01   8.2000000e+01   1.2289366e+00
   9.0489585e+01   8.2000000e+01   1.2289366e+00
   9.0499585e+01   8.2000000e+01   1.2289366e+00
   9.0509585e+01   8.2000000e+01   1.2289366e+00
   9.0519585e+01   8.2000000e+01   1.2289366e+00
   9.0529585e+01   8.2000000e+01   1.2289366e+00
   9.0539585e+01   8.2000000e+01   1.2289366e+00
   9.0549585e+01   8.2000000e+01   1.2289366e+00
   9.0559585e+01   8.2000000e+01   1.2289366e+00
   9.0569585e+01   8.2000000e+01   1.2289366e+00
   9.0579585e+01   8.2000000e+01   1.2289366e+00
   9.0589585e+01   8.2000000e+01   1.2289366e+00
   9.0599585e+01   8.2000000e+01   1.2289366e+00
   9.0609585e+01   8.2000000e+01   1.2289366e+00
   9.0619585e+01   8.2000000e+01   1.2289366e+00
   9.0629585e+01   8.2000000e+01   1.2289366e+00
   9.0639585e+01   8.2000000e+01   1.2289366e+00
   9.0649585e+01   8.2000000e+01   1.2289366e+00
   9.0659585e+01   8.2000000e+01   1.2289366e+00
   9.0669585e+01   8.2000000e+01   1.2289366e+00
   9.0679585e+01   8.2000000e+01   1.2289366e+00
   9.0689585e+01   8.2000000e+01   1.2289366e+00
   9.0699585e+01   8.2000000e+01   1.2289366e+00
   9.0709585e+01   8.2000000e+01   1.2289366e+00
   9.0719585e+01   8.2000000e+01   1.2289366e+00
   9.0729585e+01   8.2000000e+01   1.2289366e+00
   9.0739585e+01   8.2000000e+01   1.2289366e+00
   9.0749585e+01   8.2000000e+01   1.2289366e+00
   9.0759585e+01   8.2000000e+01   1.2289366e+00
   9.0769585e+01   8.2000000e+01   1.2289366e+00
   9.0779585e+01   8.2000000e+01   1.2289366e+00
   9.0789585e+01   8.2000000e+01   1.2289366e+00
   9.0799585e+01   8.2000000e+01   1.2289366e+00
   9.0809585e+01   8.2000000e+01   1.2289366e+00
   9.0819585e+01   8.2000000e+01   1.2289366e+00
   9.0829585e+01   8.2000000e+01   1.2289366e+00
   9.0839585e+01   8.2000000e+01   1.2289366e+00
   9.0849585e+01   8.2000000e+01   1.2289366e+00
   9.0859585e+01   8.2000000e+01   1.2289366e+00
   9.0869585e+01   8.2000000e+01   1.2289366e+00
   9.0879585e+01   8.2000000e+01   1.2289366e+00
   9.0889585e+01   8.2000000e+01   1.2289366e+00
   9.0899585e+01   8.2000000e+01   1.2289366e+00
   9.0909585e+01   8.2000000e+01   1.2289366e+00
   9.0919585e+01   8.2000000e+01   1.2289366e+00
   9.0929585e+01   8.2000000e+01   1.2289366e+00
   9.0939585e+01   8.2000000e+01   1.2289366e+00
   9.0949585e+01   8.2000000e+01   1.2289366e+00
   9.0958402e+01   8.2000000e+01   1.2289366e+00
   9.0958402e+01   8.3000000e+01   1.0809482e+00
   9.0958402e+01   8.3000000e+01   1.0809482e+00
   9.0968402e+01   8.3000000e+01   1.0809482e+00
   9.0978402e+01   8.3000000e+01   1.0809482e+00
   9.0988402e+01   8.3000000e+01   1.0809482e+00
   9.0998402e+01   8.3000000e+01   1.0809482e+00
   9.1008402e+01   8.3000000e+01   1.0809482e+00
   9.1018402e+01   8.3000000e+01   1.0809482e+00
   9.1028402e+01   8.3000000e+01   1.0809482e+00
   9.1038402e+01   8.3000000e+01   1.0809482e+00
   9.1048402e+01   8.3000000e+01   1.0809482e+00
   9.1058402e+01   8.3000000e+01   1.0809482e+00
   9.1068402e+01   8.3000000e+01   1.0809482e+00
   9.1078402e+01   8.3000000e+01   1.0809482e+00
   9.1088402e+01   8.3000000e+01   1.0809482e+00
   9.1098402e+01   8.3000000e+01   1.0809482e+00
   9.1108402e+01   8.3000000e+01   1.0809482e+00
   9.1118402e+01   8.3000000e+01   1.0809482e+00
   9.1128402e+01   8.3000000e+01   1.0809482e+00
   9.1138402e+01   8.3000000e+01   1.0809482e+00
   9.1148402e+01   8.3000000e+01   1.0809482e+00
   9.1158402e+01   8.3000000e+01   1.0809482e+00
   9.1168402e+01   8.3000000e+01   1.0809482e+00
   9.1178402e+01   8.3000000e+01   1.0809482e+00
   9.1188402e+01   8.3000000e+01   1.0809482e+00
   9.1198402e+01   8.3000000e+01   1.0809482e+00
   9.1208402e+01   8.3000000e+01   1.0809482e+00
   9.1218402e+01   8.3000000e+01   1.0809482e+00
   9.1228402e+01   8.3000000e+01   1.0809482e+00
   9.1238402e+01   8.3000000e+01   1.0809482e+00
   9.1248402e+01   8.3000000e+01   1.0809482e+00
   9.1258402e+01   8.3000000e+01   1.0809482e+00
   9.1268402e+01   8.3000000e+01   1.0809482e+00
   9.1278402e+01   8.3000000e+01   1.0809482e+00
   9.1288402e+01   8.3000000e+01   1.0809482e+00
   9.1298402e+01   8.3000000e+01   1.0809482e+00
   9.1308402e+01   8.3000000e+01   1.0809482e+00
   9.1318402e+01   8.3000000e+01   1.0809482e+00
   9.1328402e+01   8.3000000e+01   1.0809482e+00
   9.1338402e+01   8.3000000e+01   1.0809482e+00
   9.1348402e+01   8.3000000e+01   1.0809482e+00
   9.1358402e+01   8.3000000e+01   1.0809482e+00
   9.1368402e+01   8.3000000e+01   1.0809482e+00
   9.1378402e+01   8.3000000e+01   1.0809482e+00
   9.1388402e+01   8.3000000e+01   1.0809482e+00
   9.1398402e+01   8.3000000e+01   1.0809482e+00
   9.1408402e+01   8.3000000e+01   1.0809482e+00
   9.1418402e+01   8.3000000e+01   1.0809482e+00
   9.1428402e+01   8.3000000e+01   1.0809482e+00
   9.1438402e+01   8.3000000e+01   1.0809482e+00
   9.1448402e+01   8.3000000e+01   1.0809482e+00
   9.1458402e+01   8.3000000e+01   1.0809482e+00
   9.1468402e+01   8.3000000e+01   1.0809482e+00
   9.1478402e+01   8.3000000e+01   1.0809482e+00
   9.1488402e+01   8.3000000e+01   1.0809482e+00
   9.1498402e+01   8.3000000e+01   1.0809482e+00
   9.1508402e+01   8.3000000e+01   1.0809482e+00
   9.1518402e+01   8.3000000e+01   1.0809482e+00
   9.1528402e+01   8.3000000e+01   1.0809482e+00
   9.1538402e+01   8.3000000e+01   1.0809482e+00
   9.1548402e+01   8.3000000e+01   1.0809482e+00
   9.1558402e+01   8.3000000e+01   1.0809482e+00
   9.1568402e+01   8.3000000e+01   1.0809482e+00
   9.1578402e+01   8.3000000e+01   1.0809482e+00
   9.1588402e+01   8.3000000e+01   1.0809482e+00
   9.1598402e+01   8.3000000e+01   1.0809482e+00
   9.1608402e+01   8.3000000e+01   1.0809482e+00
   9.1618402e+01   8.3000000e+01   1.0809482e+00
   9.1628402e+01   8.3000000e+01   1.0809482e+00
   9.1638402e+01   8.3000000e+01   1.0809482e+00
   9.1648402e+01   8.3000000e+01   1.0809482e+00
   9.1658402e+01   8.3000000e+01   1.0809482e+00
   9.1668402e+01   8.3000000e+01   1.0809482e+00
   9.1678402e+01   8.3000000e+01   1.0809482e+00
   9.1688402e+01   8.3000000e+01   1.0809482e+00
   9.1698402e+01   8.3000000e+01   1.0809482e+00
   9.1708402e+01   8.3000000e+01   1.0809482e+00
   9.1718402e+01   8.3000000e+01   1.0809482e+00
   9.1728402e+01   8.3000000e+01   1.0809482e+00
   9.1738402e+01   8.3000000e+01   1.0809482e+00
   9.1748402e+01   8.3000000e+01   1.0809482e+00
   9.1758402e+01   8.3000000e+01   1.0809482e+00
   9.1768402e+01   8.3000000e+01   1.0809482e+00
   9.1778402e+01   8.3000000e+01   1.0809482e+00
   9.1788402e+01   8.3000000e+01   1.0809482e+00
   9.1798402e+01   8.3000000e+01   1.0809482e+00
   9.1808402e+01   8.3000000e+01   1.0809482e+00
   9.1818402e+01   8.3000000e+01   1.0809482e+00
   9.1828402e+01   8.3000000e+01   1.0809482e+00
   9.1838402e+01   8.3000000e+01   1.0809482e+00
   9.1848402e+01   8.3000000e+01   1.0809482e+00
   9.1858402e+01   8.3000000e+01   1.0809482e+00
   9.1868402e+01   8.3000000e+01   1.0809482e+00
   9.1878402e+01   8.3000000e+01   1.0809482e+00
   9.1888402e+01   8.3000000e+01   1.0809482e+00
   9.1898402e+01   8.3000000e+01   1.0809482e+00
   9.1908402e+01   8.3000000e+01   1.0809482e+00
   9.1918402e+01   8.3000000e+01   1.0809482e+00
   9.1928402e+01   8.3000000e+01   1.0809482e+00
   9.1938402e+01   8.3000000e+01   1.0809482e+00
   9.1948402e+01   8.3000000e+01   1.0809482e+00
   9.1958402e+01   8.3000000e+01   1.0809482e+00
   9.1968402e+01   8.3000000e+01   1.0809482e+00
   9.1978402e+01   8.3000000e+01   1.0809482e+00
   9.1988402e+01   8.3000000e+01   1.0809482e+00
   9.1998402e+01   8.3000000e+01   1.0809482e+00
   9.2008402e+01   8.3000000e+01   1.0809482e+00
   9.2018402e+01   8.3000000e+01   1.0809482e+00
   9.2028402e+01   8.3000000e+01   1.0809482e+00
   9.2038402e+01   8.3000000e+01   1.0809482e+00
   9.2048402e+01   8.3000000e+01   1.0809482e+00
   9.2058402e+01   8.3000000e+01   1.0809482e+00
   9.2068402e+01   8.3000000e+01   1.0809482e+00
   9.2078402e+01   8.3000000e+01   1.0809482e+00
   9.2088402e+01   8.3000000e+01   1.0809482e+00
   9.2098402e+01   8.3000000e+01   1.0809482e+00
   9.2108402e+01   8.3000000e+01   1.0809482e+00
   9.2118402e+01   8.3000000e+01   1.0809482e+00
   9.2128402e+01   8.3000000e+01   1.0809482e+00
   9.2138402e+01   8.3000000e+01   1.0809482e+00
   9.2148402e+01   8.3000000e+01   1.0809482e+00
   9.2158402e+01   8.3000000e+01   1.0809482e+00
   9.2168402e+01   8.3000000e+01   1.0809482e+00
   9.2178402e+01   8.3000000e+01   1.0809482e+00
   9.2188402e+01   8.3000000e+01   1.0809482e+00
   9.2198402e+01   8.3000000e+01   1.0809482e+00
   9.2208402e+01   8.3000000e+01   1.0809482e+00
   9.2218402e+01   8.3000000e+01   1.0809482e+00
   9.2228402e+01   8.3000000e+01   1.0809482e+00
   9.2238402e+01   8.3000000e+01   1.0809482e+00
   9.2248402e+01   8.3000000e+01   1.0809482e+00
   9.2258402e+01   8.3000000e+01   1.0809482e+00
   9.2268402e+01   8.3000000e+01   1.0809482e+00
   9.2278402e+01   8.3000000e+01   1.0809482e+00
   9.2288402e+01   8.3000000e+01   1.0809482e+00
   9.2298402e+01   8.3000000e+01   1.0809482e+00
   9.2308402e+01   8.3000000e+01   1.0809482e+00
   9.2318402e+01   8.3000000e+01   1.0809482e+00
   9.2328402e+01   8.3000000e+01   1.0809482e+00
   9.2338402e+01   8.3000000e+01   1.0809482e+00
   9.2348402e+01   8.3000000e+01   1.0809482e+00
   9.2358402e+01   8.3000000e+01   1.0809482e+00
   9.2368402e+01   8.3000000e+01   1.0809482e+00
   9.2378402e+01   8.3000000e+01   1.0809482e+00
   9.2388402e+01   8.3000000e+01   1.0809482e+00
   9.2398402e+01   8.3000000e+01   1.0809482e+00
   9.2408402e+01   8.3000000e+01   1.0809482e+00
   9.2418402e+01   8.3000000e+01   1.0809482e+00
   9.2428402e+01   8.3000000e+01   1.0809482e+00
   9.2438402e+01   8.3000000e+01   1.0809482e+00
   9.2448402e+01   8.3000000e+01   1.0809482e+00
   9.2458402e+01   8.3000000e+01   1.0809482e+00
   9.2468402e+01   8.3000000e+01   1.0809482e+00
   9.2478402e+01   8.3000000e+01   1.0809482e+00
   9.2488402e+01   8.3000000e+01   1.0809482e+00
   9.2498402e+01   8.3000000e+01   1.0809482e+00
   9.2508402e+01   8.3000000e+01   1.0809482e+00
   9.2518402e+01   8.3000000e+01   1.0809482e+00
   9.2528402e+01   8.3000000e+01   1.0809482e+00
   9.2538402e+01   8.3000000e+01   1.0809482e+00
   9.2548402e+01   8.3000000e+01   1.0809482e+00
   9.2558402e+01   8.3000000e+01   1.0809482e+00
   9.2568402e+01   8.3000000e+01   1.0809482e+00
   9.2578402e+01   8.3000000e+01   1.0809482e+00
   9.2588402e+01   8.3000000e+01   1.0809482e+00
   9.2598402e+01   8.3000000e+01   1.0809482e+00
   9.2608402e+01   8.3000000e+01   1.0809482e+00
   9.2618402e+01   8.3000000e+01   1.0809482e+00
   9.2628402e+01   8.3000000e+01   1.0809482e+00
   9.2638402e+01   8.3000000e+01   1.0809482e+00
   9.2640410e+01   8.3000000e+01   1.0809482e+00
   9.2640410e+01   8.4000000e+01   9.3094808e-01
   9.2640410e+01   8.4000000e+01   9.3094808e-01
   9.2650410e+01   8.4000000e+01   9.3094808e-01
   9.2660410e+01   8.4000000e+01   9.3094808e-01
   9.2670410e+01   8.4000000e+01   9.3094808e-01
   9.2680410e+01   8.4000000e+01   9.3094808e-01
   9.2690410e+01   8.4000000e+01   9.3094808e-01
   9.2700410e+01   8.4000000e+01   9.3094808e-01
   9.2710410e+01   8.4000000e+01   9.3094808e-01
   9.2720410e+01   8.4000000e+01   9.3094808e-01
   9.2730410e+01   8.4000000e+01   9.3094808e-01
   9.2740410e+01   8.4000000e+01   9.3094808e-01
   9.2750410e+01   8.4000000e+01   9.3094808e-01
   9.2760410e+01   8.4000000e+01   9.3094808e-01
   9.2770410e+01   8.4000000e+01   9.3094808e-01
   9.2780410e+01   8.4000000e+01   9.3094808e-01
   9.2790410e+01   8.4000000e+01   9.3094808e-01
   9.2800410e+01   8.4000000e+01   9.3094808e-01
   9.2810410e+01   8.4000000e+01   9.3094808e-01
   9.2820410e+01   8.4000000e+01   9.3094808e-01
   9.2830410e+01   8.4000000e+01   9.3094808e-01
   9.2840410e+01   8.4000000e+01   9.3094808e-01
   9.2850410e+01   8.4000000e+01   9.3094808e-01
   9.2860410e+01   8.4000000e+01   9.3094808e-01
   9.2870410e+01   8.4000000e+01   9.3094808e-01
   9.2880410e+01   8.4000000e+01   9.3094808e-01
   9.2890410e+01   8.4000000e+01   9.3094808e-01
   9.2900410e+01   8.4000000e+01   9.3094808e-01
   9.2910410e+01   8.4000000e+01   9.3094808e-01
   9.2920410e+01   8.4000000e+01   9.3094808e-01
   9.2930410e+01   8.4000000e+01   9.3094808e-01
   9.2940410e+01   8.4000000e+01   9.3094808e-01
   9.2950410e+01   8.4000000e+01   9.3094808e-01
   9.2960410e+01   8.4000000e+01   9.3094808e-01
   9.2970410e+01   8.4000000e+01   9.3094808e-01
   9.2980410e+01   8.4000000e+01   9.3094808e-01
   9.2990410e+01   8.4000000e+01   9.3094808e-01
   9.3000410e+01   8.4000000e+01   9.3094808e-01
   9.3010410e+01   8.4000000e+01   9.3094808e-01
   9.3020410e+01   8.4000000e+01   9.3094808e-01
   9.3030410e+01   8.4000000e+01   9.3094808e-01
   9.3040410e+01   8.4000000e+01   9.3094808e-01
   9.3050410e+01   8.4000000e+01   9.3094808e-01
   9.3060410e+01   8.4000000e+01   9.3094808e-01
   9.3070410e+01   8.4000000e+01   9.3094808e-01
   9.3080410e+01   8.4000000e+01   9.3094808e-01
   9.3090410e+01   8.4000000e+01   9.3094808e-01
   9.3100410e+01   8.4000000e+01   9.3094808e-01
   9.3110410e+01   8.4000000e+01   9.3094808e-01
   9.3120410e+01   8.4000000e+01   9.3094808e-01
   9.3130410e+01   8.4000000e+01   9.3094808e-01
   9.3140410e+01   8.4000000e+01   9.3094808e-01
   9.3150410e+01   8.4000000e+01   9.3094808e-01
   9.3160410e+01   8.4000000e+01   9.3094808e-01
   9.3170410e+01   8.4000000e+01   9.3094808e-01
   9.3180410e+01   8.4000000e+01   9.3094808e-01
   9.3190410e+01   8.4000000e+01   9.3094808e-01
   9.3200410e+01   8.4000000e+01   9.3094808e-01
   9.3210410e+01   8.4000000e+01   9.3094808e-01
   9.3220410e+01   8.4000000e+01   9.3094808e-01
   9.3230410e+01   8.4000000e+01   9.3094808e-01
   9.3240410e+01   8.4000000e+01   9.3094808e-01
   9.3250410e+01   8.4000000e+01   9.3094808e-01
   9.3260410e+01   8.4000000e+01   9.3094808e-01
   9.3270410e+01   8.4000000e+01   9.3094808e-01
   9.3280410e+01   8.4000000e+01   9.3094808e-01
   9.3290410e+01   8.4000000e+01   9.3094808e-01
   9.3300410e+01   8.4000000e+01   9.3094808e-01
   9.3310410e+01   8.4000000e+01   9.3094808e-01
   9.3320410e+01   8.4000000e+01   9.3094808e-01
   9.3330410e+01   8.4000000e+01   9.3094808e-01
   9.3340410e+01   8.4000000e+01   9.3094808e-01
   9.3350410e+01   8.4000000e+01   9.3094808e-01
   9.3360410e+01   8.4000000e+01   9.3094808e-01
   9.3370410e+01   8.4000000e+01   9.3094808e-01
   9.3380410e+01   8.4000000e+01   9.3094808e-01
   9.3390410e+01   8.4000000e+01   9.3094808e-01
   9.3400410e+01   8.4000000e+01   9.3094808e-01
   9.3410410e+01   8.4000000e+01   9.3094808e-01
   9.3420410e+01   8.4000000e+01   9.3094808e-01
   9.3430410e+01   8.4000000e+01   9.3094808e-01
   9.3440410e+01   8.4000000e+01   9.3094808e-01
   9.3450410e+01   8.4000000e+01   9.3094808e-01
   9.3460410e+01   8.4000000e+01   9.3094808e-01
   9.3470410e+01   8.4000000e+01   9.3094808e-01
   9.3480410e+01   8.4000000e+01   9.3094808e-01
   9.3490410e+01   8.4000000e+01   9.3094808e-01
   9.3500410e+01   8.4000000e+01   9.3094808e-01
   9.3510410e+01   8.4000000e+01   9.3094808e-01
   9.3520410e+01   8.4000000e+01   9.3094808e-01
   9.3530410e+01   8.4000000e+01   9.3094808e-01
   9.3540410e+01   8.4000000e+01   9.3094808e-01
   9.3550410e+01   8.4000000e+01   9.3094808e-01
   9.3560410e+01   8.4000000e+01   9.3094808e-01
   9.3570410e+01   8.4000000e+01   9.3094808e-01
   9.3580410e+01   8.4000000e+01   9.3094808e-01
   9.3590410e+01   8.4000000e+01   9.3094808e-01
   9.3600410e+01   8.4000000e+01   9.3094808e-01
   9.3610410e+01   8.4000000e+01   9.3094808e-01
   9.3620410e+01   8.4000000e+01   9.3094808e-01
   9.3630410e+01   8.4000000e+01   9.3094808e-01
   9.3640410e+01   8.4000000e+01   9.3094808e-01
   9.3650410e+01   8.4000000e+01   9.3094808e-01
   9.3660410e+01   8.4000000e+01   9.3094808e-01
   9.3670410e+01   8.4000000e+01   9.3094808e-01
   9.3680410e+01   8.4000000e+01   9.3094808e-01
   9.3690410e+01   8.4000000e+01   9.3094808e-01
   9.3700410e+01   8.4000000e+01   9.3094808e-01
   9.3710410e+01   8.4000000e+01   9.3094808e-01
   9.3720410e+01   8.4000000e+01   9.3094808e-01
   9.3730410e+01   8.4000000e+01   9.3094808e-01
   9.3740410e+01   8.4000000e+01   9.3094808e-01
   9.3750410e+01   8.4000000e+01   9.3094808e-01
   9.3760410e+01   8.4000000e+01   9.3094808e-01
   9.3770410e+01   8.4000000e+01   9.3094808e-01
   9.3780410e+01   8.4000000e+01   9.3094808e-01
   9.3790410e+01   8.4000000e+01   9.3094808e-01
   9.3800410e+01   8.4000000e+01   9.3094808e-01
   9.3810410e+01   8.4000000e+01   9.3094808e-01
   9.3820410e+01   8.4000000e+01   9.3094808e-01
   9.3830410e+01   8.4000000e+01   9.3094808e-01
   9.3840410e+01   8.4000000e+01   9.3094808e-01
   9.3850410e+01   8.4000000e+01   9.3094808e-01
   9.3860410e+01   8.4000000e+01   9.3094808e-01
   9.3870410e+01   8.4000000e+01   9.3094808e-01
   9.3880410e+01   8.4000000e+01   9.3094808e-01
   9.3890410e+01   8.4000000e+01   9.3094808e-01
   9.3900410e+01   8.4000000e+01   9.3094808e-01
   9.3910410e+01   8.4000000e+01   9.3094808e-01
   9.3920410e+01   8.4000000e+01   9.3094808e-01
   9.3930410e+01   8.4000000e+01   9.3094808e-01
   9.3940410e+01   8.4000000e+01   9.3094808e-01
   9.3950410e+01   8.4000000e+01   9.3094808e-01
   9.3960410e+01   8.4000000e+01   9.3094808e-01
   9.3970410e+01   8.4000000e+01   9.3094808e-01
   9.3980410e+01   8.4000000e+01   9.3094808e-01
   9.3990410e+01   8.4000000e+01   9.3094808e-01
   9.4000410e+01   8.4000000e+01   9.3094808e-01
   9.4010410e+01   8.4000000e+01   9.3094808e-01
   9.4020410e+01   8.4000000e+01   9.3094808e-01
   9.4030410e+01   8.4000000e+01   9.3094808e-01
   9.4040410e+01   8.4000000e+01   9.3094808e-01
   9.4050410e+01   8.4000000e+01   9.3094808e-01
   9.4060410e+01   8.4000000e+01   9.3094808e-01
   9.4070410e+01   8.4000000e+01   9.3094808e-01
   9.4080410e+01   8.4000000e+01   9.3094808e-01
   9.4090410e+01   8.4000000e+01   9.3094808e-01
   9.4100410e+01   8.4000000e+01   9.3094808e-01
   9.4110410e+01   8.4000000e+01   9.3094808e-01
   9.4120410e+01   8.4000000e+01   9.3094808e-01
   9.4130410e+01   8.4000000e+01   9.3094808e-01
   9.4140410e+01   8.4000000e+01   9.3094808e-01
   9.4150410e+01   8.4000000e+01   9.3094808e-01
   9.4160410e+01   8.4000000e+01   9.3094808e-01
   9.4170410e+01   8.4000000e+01   9.3094808e-01
   9.4180410e+01   8.4000000e+01   9.3094808e-01
   9.4190410e+01   8.4000000e+01   9.3094808e-01
   9.4200410e+01   8.4000000e+01   9.3094808e-01
   9.4210410e+01   8.4000000e+01   9.3094808e-01
   9.4220410e+01   8.4000000e+01   9.3094808e-01
   9.4230410e+01   8.4000000e+01   9.3094808e-01
   9.4240410e+01   8.4000000e+01   9.3094808e-01
   9.4250410e+01   8.4000000e+01   9.3094808e-01
   9.4260410e+01   8.4000000e+01   9.3094808e-01
   9.4270410e+01   8.4000000e+01   9.3094808e-01
   9.4280410e+01   8.4000000e+01   9.3094808e-01
   9.4290410e+01   8.4000000e+01   9.3094808e-01
   9.4300410e+01   8.4000000e+01   9.3094808e-01
   9.4310410e+01   8.4000000e+01   9.3094808e-01
   9.4320410e+01   8.4000000e+01   9.3094808e-01
   9.4325122e+01   8.4000000e+01   9.3094808e-01
   9.4325122e+01   8.5000000e+01   7.7910005e-01
   9.4325122e+01   8.5000000e+01   7.7910005e-01
   9.4335122e+01   8.5000000e+01   7.7910005e-01
   9.4345122e+01   8.5000000e+01   7.7910005e-01
   9.4355122e+01   8.5000000e+01   7.7910005e-01
   9.4365122e+01   8.5000000e+01   7.7910005e-01
   9.4375122e+01   8.5000000e+01   7.7910005e-01
   9.4385122e+01   8.5000000e+01   7.7910005e-01
   9.4395122e+01   8.5000000e+01   7.7910005e-01
   9.4405122e+01   8.5000000e+01   7.7910005e-01
   9.4415122e+01   8.5000000e+01   7.7910005e-01
   9.4425122e+01   8.5000000e+01   7.7910005e-01
   9.4435122e+01   8.5000000e+01   7.7910005e-01
   9.4445122e+01   8.5000000e+01   7.7910005e-01
   9.4455122e+01   8.5000000e+01   7.7910005e-01
   9.4465122e+01   8.5000000e+01   7.7910005e-01
   9.4475122e+01   8.5000000e+01   7.7910005e-01
   9.4485122e+01   8.5000000e+01   7.7910005e-01
   9.4495122e+01   8.5000000e+01   7.7910005e-01
   9.4505122e+01   8.5000000e+01   7.7910005e-01
   9.4515122e+01   8.5000000e+01   7.7910005e-01
   9.4525122e+01   8.5000000e+01   7.7910005e-01
   9.4535122e+01   8.5000000e+01   7.7910005e-01
   9.4545122e+01   8.5000000e+01   7.7910005e-01
   9.4555122e+01   8.5000000e+01   7.7910005e-01
   9.4565122e+01   8.5000000e+01   7.7910005e-01
   9.4575122e+01   8.5000000e+01   7.7910005e-01
   9.4585122e+01   8.5000000e+01   7.7910005e-01
   9.4595122e+01   8.5000000e+01   7.7910005e-01
   9.4605122e+01   8.5000000e+01   7.7910005e-01
   9.4615122e+01   8.5000000e+01   7.7910005e-01
   9.4625122e+01   8.5000000e+01   7.7910005e-01
   9.4635122e+01   8.5000000e+01   7.7910005e-01
   9.4645122e+01   8.5000000e+01   7.7910005e-01
   9.4655122e+01   8.5000000e+01   7.7910005e-01
   9.4665122e+01   8.5000000e+01   7.7910005e-01
   9.4675122e+01   8.5000000e+01   7.7910005e-01
   9.4685122e+01   8.5000000e+01   7.7910005e-01
   9.4695122e+01   8.5000000e+01   7.7910005e-01
   9.4705122e+01   8.5000000e+01   7.7910005e-01
   9.4715122e+01   8.5000000e+01   7.7910005e-01
   9.4725122e+01   8.5000000e+01   7.7910005e-01
   9.4735122e+01   8.5000000e+01   7.7910005e-01
   9.4745122e+01   8.5000000e+01   7.7910005e-01
   9.4755122e+01   8.5000000e+01   7.7910005e-01
   9.4765122e+01   8.5000000e+01   7.7910005e-01
   9.4775122e+01   8.5000000e+01   7.7910005e-01
   9.4785122e+01   8.5000000e+01   7.7910005e-01
   9.4795122e+01   8.5000000e+01   7.7910005e-01
   9.4805122e+01   8.5000000e+01   7.7910005e-01
   9.4815122e+01   8.5000000e+01   7.7910005e-01
   9.4825122e+01   8.5000000e+01   7.7910005e-01
   9.4835122e+01   8.5000000e+01   7.7910005e-01
   9.4845122e+01   8.5000000e+01   7.7910005e-01
   9.4855122e+01   8.5000000e+01   7.7910005e-01
   9.4865122e+01   8.5000000e+01   7.7910005e-01
   9.4875122e+01   8.5000000e+01   7.7910005e-01
   9.4885122e+01   8.5000000e+01   7.7910005e-01
   9.4895122e+01   8.5000000e+01   7.7910005e-01
   9.4905122e+01   8.5000000e+01   7.7910005e-01
   9.4915122e+01   8.5000000e+01   7.7910005e-01
   9.4925122e+01   8.5000000e+01   7.7910005e-01
   9.4935122e+01   8.5000000e+01   7.7910005e-01
   9.4945122e+01   8.5000000e+01   7.7910005e-01
   9.4955122e+01   8.5000000e+01   7.7910005e-01
   9.4965122e+01   8.5000000e+01   7.7910005e-01
   9.4975122e+01   8.5000000e+01   7.7910005e-01
   9.4985122e+01   8.5000000e+01   7.7910005e-01
   9.4995122e+01   8.5000000e+01   7.7910005e-01
   9.5005122e+01   8.5000000e+01   7.7910005e-01
   9.5015122e+01   8.5000000e+01   7.7910005e-01
   9.5025122e+01   8.5000000e+01   7.7910005e-01
   9.5035122e+01   8.5000000e+01   7.7910005e-01
   9.5045122e+01   8.5000000e+01   7.7910005e-01
   9.5055122e+01   8.5000000e+01   7.7910005e-01
   9.5065122e+01   8.5000000e+01   7.7910005e-01
   9.5075122e+01   8.5000000e+01   7.7910005e-01
   9.5085122e+01   8.5000000e+01   7.7910005e-01
   9.5095122e+01   8.5000000e+01   7.7910005e-01
   9.5105122e+01   8.5000000e+01   7.7910005e-01
   9.5115122e+01   8.5000000e+01   7.7910005e-01
   9.5125122e+01   8.5000000e+01   7.7910005e-01
   9.5135122e+01   8.5000000e+01   7.7910005e-01
   9.5145122e+01   8.5000000e+01   7.7910005e-01
   9.5155122e+01   8.5000000e+01   7.7910005e-01
   9.5165122e+01   8.5000000e+01   7.7910005e-01
   9.5175122e+01   8.5000000e+01   7.7910005e-01
   9.5185122e+01   8.5000000e+01   7.7910005e-01
   9.5195122e+01   8.5000000e+01   7.7910005e-01
   9.5205122e+01   8.5000000e+01   7.7910005e-01
   9.5215122e+01   8.5000000e+01   7.7910005e-01
   9.5225122e+01   8.5000000e+01   7.7910005e-01
   9.5235122e+01   8.5000000e+01   7.7910005e-01
   9.5245122e+01   8.5000000e+01   7.7910005e-01
   9.5255122e+01   8.5000000e+01   7.7910005e-01
   9.5265122e+01   8.5000000e+01   7.7910005e-01
   9.5275122e+01   8.5000000e+01   7.7910005e-01
   9.5285122e+01   8.5000000e+01   7.7910005e-01
   9.5295122e+01   8.5000000e+01   7.7910005e-01
   9.5305122e+01   8.5000000e+01   7.7910005e-01
   9.5315122e+01   8.5000000e+01   7.7910005e-01
   9.5325122e+01   8.5000000e+01   7.7910005e-01
   9.5335122e+01   8.5000000e+01   7.7910005e-01
   9.5345122e+01   8.5000000e+01   7.7910005e-01
   9.5355122e+01   8.5000000e+01   7.7910005e-01
   9.5365122e+01   8.5000000e+01   7.7910005e-01
   9.5375122e+01   8.5000000e+01   7.7910005e-01
   9.5385122e+01   8.5000000e+01   7.7910005e-01
   9.5395122e+01   8.5000000e+01   7.7910005e-01
   9.5405122e+01   8.5000000e+01   7.7910005e-01
   9.5415122e+01   8.5000000e+01   7.7910005e-01
   9.5425122e+01   8.5000000e+01   7.7910005e-01
   9.5435122e+01   8.5000000e+01   7.7910005e-01
   9.5445122e+01   8.5000000e+01   7.7910005e-01
   9.5455122e+01   8.5000000e+01   7.7910005e-01
   9.5465122e+01   8.5000000e+01   7.7910005e-01
   9.5475122e+01   8.5000000e+01   7.7910005e-01
   9.5485122e+01   8.5000000e+01   7.7910005e-01
   9.5495122e+01   8.5000000e+01   7.7910005e-01
   9.5505122e+01   8.5000000e+01   7.7910005e-01
   9.5515122e+01   8.5000000e+01   7.7910005e-01
   9.5525122e+01   8.5000000e+01   7.7910005e-01
   9.5535122e+01   8.5000000e+01   7.7910005e-01
   9.5545122e+01   8.5000000e+01   7.7910005e-01
   9.5555122e+01   8.5000000e+01   7.7910005e-01
   9.5565122e+01   8.5000000e+01   7.7910005e-01
   9.5575122e+01   8.5000000e+01   7.7910005e-01
   9.5585122e+01   8.5000000e+01   7.7910005e-01
   9.5595122e+01   8.5000000e+01   7.7910005e-01
   9.5605122e+01   8.5000000e+01   7.7910005e-01
   9.5615122e+01   8.5000000e+01   7.7910005e-01
   9.5625122e+01   8.5000000e+01   7.7910005e-01
   9.5635122e+01   8.5000000e+01   7.7910005e-01
   9.5645122e+01   8.5000000e+01   7.7910005e-01
   9.5655122e+01   8.5000000e+01   7.7910005e-01
   9.5665122e+01   8.5000000e+01   7.7910005e-01
   9.5675122e+01   8.5000000e+01   7.7910005e-01
   9.5685122e+01   8.5000000e+01   7.7910005e-01
   9.5695122e+01   8.5000000e+01   7.7910005e-01
   9.5705122e+01   8.5000000e+01   7.7910005e-01
   9.5715122e+01   8.5000000e+01   7.7910005e-01
   9.5725122e+01   8.5000000e+01   7.7910005e-01
   9.5735122e+01   8.5000000e+01   7.7910005e-01
   9.5745122e+01   8.5000000e+01   7.7910005e-01
   9.5755122e+01   8.5000000e+01   7.7910005e-01
   9.5765122e+01   8.5000000e+01   7.7910005e-01
   9.5775122e+01   8.5000000e+01   7.7910005e-01
   9.5785122e+01   8.5000000e+01   7.7910005e-01
   9.5795122e+01   8.5000000e+01   7.7910005e-01
   9.5805122e+01   8.5000000e+01   7.7910005e-01
   9.5815122e+01   8.5000000e+01   7.7910005e-01
   9.5825122e+01   8.5000000e+01   7.7910005e-01
   9.5835122e+01   8.5000000e+01   7.7910005e-01
   9.5845122e+01   8.5000000e+01   7.7910005e-01
   9.5855122e+01   8.5000000e+01   7.7910005e-01
   9.5865122e+01   8.5000000e+01   7.7910005e-01
   9.5875122e+01   8.5000000e+01   7.7910005e-01
   9.5885122e+01   8.5000000e+01   7.7910005e-01
   9.5895122e+01   8.5000000e+01   7.7910005e-01
   9.5905122e+01   8.5000000e+01   7.7910005e-01
   9.5915122e+01   8.5000000e+01   7.7910005e-01
   9.5925122e+01   8.5000000e+01   7.7910005e-01
   9.5935122e+01   8.5000000e+01   7.7910005e-01
   9.5945122e+01   8.5000000e+01   7.7910005e-01
   9.5955122e+01   8.5000000e+01   7.7910005e-01
   9.5965122e+01   8.5000000e+01   7.7910005e-01
   9.5975122e+01   8.5000000e+01   7.7910005e-01
   9.5985122e+01   8.5000000e+01   7.7910005e-01
   9.5995122e+01   8.5000000e+01   7.7910005e-01
   9.6005122e+01   8.5000000e+01   7.7910005e-01
   9.6012049e+01   8.5000000e+01   7.7910005e-01
   9.6012049e+01   8.6000000e+01   6.2559369e-01
   9.6012049e+01   8.6000000e+01   6.2559369e-01
   9.6022049e+01   8.6000000e+01   6.2559369e-01
   9.6032049e+01   8.6000000e+01   6.2559369e-01
   9.6042049e+01   8.6000000e+01   6.2559369e-01
   9.6052049e+01   8.6000000e+01   6.2559369e-01
   9.6062049e+01   8.6000000e+01   6.2559369e-01
   9.6072049e+01   8.6000000e+01   6.2559369e-01
   9.6082049e+01   8.6000000e+01   6.2559369e-01
   9.6092049e+01   8.6000000e+01   6.2559369e-01
   9.6102049e+01   8.6000000e+01   6.2559369e-01
   9.6112049e+01   8.6000000e+01   6.2559369e-01
   9.6122049e+01   8.6000000e+01   6.2559369e-01
   9.6132049e+01   8.6000000e+01   6.2559369e-01
   9.6142049e+01   8.6000000e+01   6.2559369e-01
   9.6152049e+01   8.6000000e+01   6.2559369e-01
   9.6162049e+01   8.6000000e+01   6.2559369e-01
   9.6172049e+01   8.6000000e+01   6.2559369e-01
   9.6182049e+01   8.6000000e+01   6.2559369e-01
   9.6192049e+01   8.6000000e+01   6.2559369e-01
   9.6202049e+01   8.6000000e+01   6.2559369e-01
   9.6212049e+01   8.6000000e+01   6.2559369e-01
   9.6222049e+01   8.6000000e+01   6.2559369e-01
   9.6232049e+01   8.6000000e+01   6.2559369e-01
   9.6242049e+01   8.6000000e+01   6.2559369e-01
   9.6252049e+01   8.6000000e+01   6.2559369e-01
   9.6262049e+01   8.6000000e+01   6.2559369e-01
   9.6272049e+01   8.6000000e+01   6.2559369e-01
   9.6282049e+01   8.6000000e+01   6.2559369e-01
   9.6292049e+01   8.6000000e+01   6.2559369e-01
   9.6302049e+01   8.6000000e+01   6.2559369e-01
   9.6312049e+01   8.6000000e+01   6.2559369e-01
   9.6322049e+01   8.6000000e+01   6.2559369e-01
   9.6332049e+01   8.6000000e+01   6.2559369e-01
   9.6342049e+01   8.6000000e+01   6.2559369e-01
   9.6352049e+01   8.6000000e+01   6.2559369e-01
   9.6362049e+01   8.6000000e+01   6.2559369e-01
   9.6372049e+01   8.6000000e+01   6.2559369e-01
   9.6382049e+01   8.6000000e+01   6.2559369e-01
   9.6392049e+01   8.6000000e+01   6.2559369e-01
   9.6402049e+01   8.6000000e+01   6.2559369e-01
   9.6412049e+01   8.6000000e+01   6.2559369e-01
   9.6422049e+01   8.6000000e+01   6.2559369e-01
   9.6432049e+01   8.6000000e+01   6.2559369e-01
   9.6442049e+01   8.6000000e+01   6.2559369e-01
   9.6452049e+01   8.6000000e+01   6.2559369e-01
   9.6462049e+01   8.6000000e+01   6.2559369e-01
   9.6472049e+01   8.6000000e+01   6.2559369e-01
   9.6482049e+01   8.6000000e+01   6.2559369e-01
   9.6492049e+01   8.6000000e+01   6.2559369e-01
   9.6502049e+01   8.6000000e+01   6.2559369e-01
   9.6512049e+01   8.6000000e+01   6.2559369e-01
   9.6522049e+01   8.6000000e+01   6.2559369e-01
   9.6532049e+01   8.6000000e+01   6.2559369e-01
   9.6542049e+01   8.6000000e+01   6.2559369e-01
   9.6552049e+01   8.6000000e+01   6.2559369e-01
   9.6562049e+01   8.6000000e+01   6.2559369e-01
   9.6572049e+01   8.6000000e+01   6.2559369e-01
   9.6582049e+01   8.6000000e+01   6.2559369e-01
   9.6592049e+01   8.6000000e+01   6.2559369e-01
   9.6602049e+01   8.6000000e+01   6.2559369e-01
   9.6612049e+01   8.6000000e+01   6.2559369e-01
   9.6622049e+01   8.6000000e+01   6.2559369e-01
   9.6632049e+01   8.6000000e+01   6.2559369e-01
   9.6642049e+01   8.6000000e+01   6.2559369e-01
   9.6652049e+01   8.6000000e+01   6.2559369e-01
   9.6662049e+01   8.6000000e+01   6.2559369e-01
   9.6672049e+01   8.6000000e+01   6.2559369e-01
   9.6682049e+01   8.6000000e+01   6.2559369e-01
   9.6692049e+01   8.6000000e+01   6.2559369e-01
   9.6702049e+01   8.6000000e+01   6.2559369e-01
   9.6712049e+01   8.6000000e+01   6.2559369e-01
   9.6722049e+01   8.6000000e+01   6.2559369e-01
   9.6732049e+01   8.6000000e+01   6.2559369e-01
   9.6742049e+01   8.6000000e+01   6.2559369e-01
   9.6752049e+01   8.6000000e+01   6.2559369e-01
   9.6762049e+01   8.6000000e+01   6.2559369e-01
   9.6772049e+01   8.6000000e+01   6.2559369e-01
   9.6782049e+01   8.6000000e+01   6.2559369e-01
   9.6792049e+01   8.6000000e+01   6.2559369e-01
   9.6802049e+01   8.6000000e+01   6.2559369e-01
   9.6812049e+01   8.6000000e+01   6.2559369e-01
   9.6822049e+01   8.6000000e+01   6.2559369e-01
   9.6832049e+01   8.6000000e+01   6.2559369e-01
   9.6842049e+01   8.6000000e+01   6.2559369e-01
   9.6852049e+01   8.6000000e+01   6.2559369e-01
   9.6862049e+01   8.6000000e+01   6.2559369e-01
   9.6872049e+01   8.6000000e+01   6.2559369e-01
   9.6882049e+01   8.6000000e+01   6.2559369e-01
   9.6892049e+01   8.6000000e+01   6.2559369e-01
   9.6902049e+01   8.6000000e+01   6.2559369e-01
   9.6912049e+01   8.6000000e+01   6.2559369e-01
   9.6922049e+01   8.6000000e+01   6.2559369e-01
   9.6932049e+01   8.6000000e+01   6.2559369e-01
   9.6942049e+01   8.6000000e+01   6.2559369e-01
   9.6952049e+01   8.6000000e+01   6.2559369e-01
   9.6962049e+01   8.6000000e+01   6.2559369e-01
   9.6972049e+01   8.6000000e+01   6.2559369e-01
   9.6982049e+01   8.6000000e+01   6.2559369e-01
   9.6992049e+01   8.6000000e+01   6.2559369e-01
   9.7002049e+01   8.6000000e+01   6.2559369e-01
   9.7012049e+01   8.6000000e+01   6.2559369e-01
   9.7022049e+01   8.6000000e+01   6.2559369e-01
   9.7032049e+01   8.6000000e+01   6.2559369e-01
   9.7042049e+01   8.6000000e+01   6.2559369e-01
   9.7052049e+01   8.6000000e+01   6.2559369e-01
   9.7062049e+01   8.6000000e+01   6.2559369e-01
   9.7072049e+01   8.6000000e+01   6.2559369e-01
   9.7082049e+01   8.6000000e+01   6.2559369e-01
   9.7092049e+01   8.6000000e+01   6.2559369e-01
   9.7102049e+01   8.6000000e+01   6.2559369e-01
   9.7112049e+01   8.6000000e+01   6.2559369e-01
   9.7122049e+01   8.6000000e+01   6.2559369e-01
   9.7132049e+01   8.6000000e+01   6.2559369e-01
   9.7142049e+01   8.6000000e+01   6.2559369e-01
   9.7152049e+01   8.6000000e+01   6.2559369e-01
   9.7162049e+01   8.6000000e+01   6.2559369e-01
   9.7172049e+01   8.6000000e+01   6.2559369e-01
   9.7182049e+01   8.6000000e+01   6.2559369e-01
   9.7192049e+01   8.6000000e+01   6.2559369e-01
   9.7202049e+01   8.6000000e+01   6.2559369e-01
   9.7212049e+01   8.6000000e+01   6.2559369e-01
   9.7222049e+01   8.6000000e+01   6.2559369e-01
   9.7232049e+01   8.6000000e+01   6.2559369e-01
   9.7242049e+01   8.6000000e+01   6.2559369e-01
   9.7252049e+01   8.6000000e+01   6.2559369e-01
   9.7262049e+01   8.6000000e+01   6.2559369e-01
   9.7272049e+01   8.6000000e+01   6.2559369e-01
   9.7282049e+01   8.6000000e+01   6.2559369e-01
   9.7292049e+01   8.6000000e+01   6.2559369e-01
   9.7302049e+01   8.6000000e+01   6.2559369e-01
   9.7312049e+01   8.6000000e+01   6.2559369e-01
   9.7322049e+01   8.6000000e+01   6.2559369e-01
   9.7332049e+01   8.6000000e+01   6.2559369e-01
   9.7342049e+01   8.6000000e+01   6.2559369e-01
   9.7352049e+01   8.6000000e+01   6.2559369e-01
   9.7362049e+01   8.6000000e+01   6.2559369e-01
   9.7372049e+01   8.6000000e+01   6.2559369e-01
   9.7382049e+01   8.6000000e+01   6.2559369e-01
   9.7392049e+01   8.6000000e+01   6.2559369e-01
   9.7402049e+01   8.6000000e+01   6.2559369e-01
   9.7412049e+01   8.6000000e+01   6.2559369e-01
   9.7422049e+01   8.6000000e+01   6.2559369e-01
   9.7432049e+01   8.6000000e+01   6.2559369e-01
   9.7442049e+01   8.6000000e+01   6.2559369e-01
   9.7452049e+01   8.6000000e+01   6.2559369e-01
   9.7462049e+01   8.6000000e+01   6.2559369e-01
   9.7472049e+01   8.6000000e+01   6.2559369e-01
   9.7482049e+01   8.6000000e+01   6.2559369e-01
   9.7492049e+01   8.6000000e+01   6.2559369e-01
   9.7502049e+01   8.6000000e+01   6.2559369e-01
   9.7512049e+01   8.6000000e+01   6.2559369e-01
   9.7522049e+01   8.6000000e+01   6.2559369e-01
   9.7532049e+01   8.6000000e+01   6.2559369e-01
   9.7542049e+01   8.6000000e+01   6.2559369e-01
   9.7552049e+01   8.6000000e+01   6.2559369e-01
   9.7562049e+01   8.6000000e+01   6.2559369e-01
   9.7572049e+01   8.6000000e+01   6.2559369e-01
   9.7582049e+01   8.6000000e+01   6.2559369e-01
   9.7592049e+01   8.6000000e+01   6.2559369e-01
   9.7602049e+01   8.6000000e+01   6.2559369e-01
   9.7612049e+01   8.6000000e+01   6.2559369e-01
   9.7622049e+01   8.6000000e+01   6.2559369e-01
   9.7632049e+01   8.6000000e+01   6.2559369e-01
   9.7642049e+01   8.6000000e+01   6.2559369e-01
   9.7652049e+01   8.6000000e+01   6.2559369e-01
   9.7662049e+01   8.6000000e+01   6.2559369e-01
   9.7672049e+01   8.6000000e+01   6.2559369e-01
   9.7682049e+01   8.6000000e+01   6.2559369e-01
   9.7692049e+01   8.6000000e+01   6.2559369e-01
   9.7700699e+01   8.6000000e+01   6.2559369e-01
   9.7700699e+01   8.7000000e+01   4.7064880e-01
   9.7700699e+01   8.7000000e+01   4.7064880e-01
   9.7710699e+01   8.7000000e+01   4.7064880e-01
   9.7720699e+01   8.7000000e+01   4.7064880e-01
   9.7730699e+01   8.7000000e+01   4.7064880e-01
   9.7740699e+01   8.7000000e+01   4.7064880e-01
   9.7750699e+01   8.7000000e+01   4.7064880e-01
   9.7760699e+01   8.7000000e+01   4.7064880e-01
   9.7770699e+01   8.7000000e+01   4.7064880e-01
   9.7780699e+01   8.7000000e+01   4.7064880e-01
   9.7790699e+01   8.7000000e+01   4.7064880e-01
   9.7800699e+01   8.7000000e+01   4.7064880e-01
   9.7810699e+01   8.7000000e+01   4.7064880e-01
   9.7820699e+01   8.7000000e+01   4.7064880e-01
   9.7830699e+01   8.7000000e+01   4.7064880e-01
   9.7840699e+01   8.7000000e+01   4.7064880e-01
   9.7850699e+01   8.7000000e+01   4.7064880e-01
   9.7860699e+01   8.7000000e+01   4.7064880e-01
   9.7870699e+01   8.7000000e+01   4.7064880e-01
   9.7880699e+01   8.7000000e+01   4.7064880e-01
   9.7890699e+01   8.7000000e+01   4.7064880e-01
   9.7900699e+01   8.7000000e+01   4.7064880e-01
   9.7910699e+01   8.7000000e+01   4.7064880e-01
   9.7920699e+01   8.7000000e+01   4.7064880e-01
   9.7930699e+01   8.7000000e+01   4.7064880e-01
   9.7940699e+01   8.7000000e+01   4.7064880e-01
   9.7950699e+01   8.7000000e+01   4.7064880e-01
   9.7960699e+01   8.7000000e+01   4.7064880e-01
   9.7970699e+01   8.7000000e+01   4.7064880e-01
   9.7980699e+01   8.7000000e+01   4.7064880e-01
   9.7990699e+01   8.7000000e+01   4.7064880e-01
   9.8000699e+01   8.7000000e+01   4.7064880e-01
   9.8010699e+01   8.7000000e+01   4.7064880e-01
   9.8020699e+01   8.7000000e+01   4.7064880e-01
   9.8030699e+01   8.7000000e+01   4.7064880e-01
   9.8040699e+01   8.7000000e+01   4.7064880e-01
   9.8050699e+01   8.7000000e+01   4.7064880e-01
   9.8060699e+01   8.7000000e+01   4.7064880e-01
   9.8070699e+01   8.7000000e+01   4.7064880e-01
   9.8080699e+01   8.7000000e+01   4.7064880e-01
   9.8090699e+01   8.7000000e+01   4.7064880e-01
   9.8100699e+01   8.7000000e+01   4.7064880e-01
   9.8110699e+01   8.7000000e+01   4.7064880e-01
   9.8120699e+01   8.7000000e+01   4.7064880e-01
   9.8130699e+01   8.7000000e+01   4.7064880e-01
   9.8140699e+01   8.7000000e+01   4.7064880e-01
   9.8150699e+01   8.7000000e+01   4.7064880e-01
   9.8160699e+01   8.7000000e+01   4.7064880e-01
   9.8170699e+01   8.7000000e+01   4.7064880e-01
   9.8180699e+01   8.7000000e+01   4.7064880e-01
   9.8190699e+01   8.7000000e+01   4.7064880e-01
   9.8200699e+01   8.7000000e+01   4.7064880e-01
   9.8210699e+01   8.7000000e+01   4.7064880e-01
   9.8220699e+01   8.7000000e+01   4.7064880e-01
   9.8230699e+01   8.7000000e+01   4.7064880e-01
   9.8240699e+01   8.7000000e+01   4.7064880e-01
   9.8250699e+01   8.7000000e+01   4.7064880e-01
   9.8260699e+01   8.7000000e+01   4.7064880e-01
   9.8270699e+01   8.7000000e+01   4.7064880e-01
   9.8280699e+01   8.7000000e+01   4.7064880e-01
   9.8290699e+01   8.7000000e+01   4.7064880e-01
   9.8300699e+01   8.7000000e+01   4.7064880e-01
   9.8310699e+01   8.7000000e+01   4.7064880e-01
   9.8320699e+01   8.7000000e+01   4.7064880e-01
   9.8330699e+01   8.7000000e+01   4.7064880e-01
   9.8340699e+01   8.7000000e+01   4.7064880e-01
   9.8350699e+01   8.7000000e+01   4.7064880e-01
   9.8360699e+01   8.7000000e+01   4.7064880e-01
   9.8370699e+01   8.7000000e+01   4.7064880e-01
   9.8380699e+01   8.7000000e+01   4.7064880e-01
   9.8390699e+01   8.7000000e+01   4.7064880e-01
   9.8400699e+01   8.7000000e+01   4.7064880e-01
   9.8410699e+01   8.7000000e+01   4.7064880e-01
   9.8420699e+01   8.7000000e+01   4.7064880e-01
   9.8430699e+01   8.7000000e+01   4.7064880e-01
   9.8440699e+01   8.7000000e+01   4.7064880e-01
   9.8450699e+01   8.7000000e+01   4.7064880e-01
   9.8460699e+01   8.7000000e+01   4.7064880e-01
   9.8470699e+01   8.7000000e+01   4.7064880e-01
   9.8480699e+01   8.7000000e+01   4.7064880e-01
   9.8490699e+01   8.7000000e+01   4.7064880e-01
   9.8500699e+01   8.7000000e+01   4.7064880e-01
   9.8510699e+01   8.7000000e+01   4.7064880e-01
   9.8520699e+01   8.7000000e+01   4.7064880e-01
   9.8530699e+01   8.7000000e+01   4.7064880e-01
   9.8540699e+01   8.7000000e+01   4.7064880e-01
   9.8550699e+01   8.7000000e+01   4.7064880e-01
   9.8560699e+01   8.7000000e+01   4.7064880e-01
   9.8570699e+01   8.7000000e+01   4.7064880e-01
   9.8580699e+01   8.7000000e+01   4.7064880e-01
   9.8590699e+01   8.7000000e+01   4.7064880e-01
   9.8600699e+01   8.7000000e+01   4.7064880e-01
   9.8610699e+01   8.7000000e+01   4.7064880e-01
   9.8620699e+01   8.7000000e+01   4.7064880e-01
   9.8630699e+01   8.7000000e+01   4.7064880e-01
   9.8640699e+01   8.7000000e+01   4.7064880e-01
   9.8650699e+01   8.7000000e+01   4.7064880e-01
   9.8660699e+01   8.7000000e+01   4.7064880e-01
   9.8670699e+01   8.7000000e+01   4.7064880e-01
   9.8680699e+01   8.7000000e+01   4.7064880e-01
   9.8690699e+01   8.7000000e+01   4.7064880e-01
   9.8700699e+01   8.7000000e+01   4.7064880e-01
   9.8710699e+01   8.7000000e+01   4.7064880e-01
   9.8720699e+01   8.7000000e+01   4.7064880e-01
   9.8730699e+01   8.7000000e+01   4.7064880e-01
   9.8740699e+01   8.7000000e+01   4.7064880e-01
   9.8750699e+01   8.7000000e+01   4.7064880e-01
   9.8760699e+01   8.7000000e+01   4.7064880e-01
   9.8770699e+01   8.7000000e+01   4.7064880e-01
   9.8780699e+01   8.7000000e+01   4.7064880e-01
   9.8790699e+01   8.7000000e+01   4.7064880e-01
   9.8800699e+01   8.7000000e+01   4.7064880e-01
   9.8810699e+01   8.7000000e+01   4.7064880e-01
   9.8820699e+01   8.7000000e+01   4.7064880e-01
   9.8830699e+01   8.7000000e+01   4.7064880e-01
   9.8840699e+01   8.7000000e+01   4.7064880e-01
   9.8850699e+01   8.7000000e+01   4.7064880e-01
   9.8860699e+01   8.7000000e+01   4.7064880e-01
   9.8870699e+01   8.7000000e+01   4.7064880e-01
   9.8880699e+01   8.7000000e+01   4.7064880e-01
   9.8890699e+01   8.7000000e+01   4.7064880e-01
   9.8900699e+01   8.7000000e+01   4.7064880e-01
   9.8910699e+01   8.7000000e+01   4.7064880e-01
   9.8920699e+01   8.7000000e+01   4.7064880e-01
   9.8930699e+01   8.7000000e+01   4.7064880e-01
   9.8940699e+01   8.7000000e+01   4.7064880e-01
   9.8950699e+01   8.7000000e+01   4.7064880e-01
   9.8960699e+01   8.7000000e+01   4.7064880e-01
   9.8970699e+01   8.7000000e+01   4.7064880e-01
   9.8980699e+01   8.7000000e+01   4.7064880e-01
   9.8990699e+01   8.7000000e+01   4.7064880e-01
   9.9000699e+01   8.7000000e+01   4.7064880e-01
   9.9010699e+01   8.7000000e+01   4.7064880e-01
   9.9020699e+01   8.7000000e+01   4.7064880e-01
   9.9030699e+01   8.7000000e+01   4.7064880e-01
   9.9040699e+01   8.7000000e+01   4.7064880e-01
   9.9050699e+01   8.7000000e+01   4.7064880e-01
   9.9060699e+01   8.7000000e+01   4.7064880e-01
   9.9070699e+01   8.7000000e+01   4.7064880e-01
   9.9080699e+01   8.7000000e+01   4.7064880e-01
   9.9090699e+01   8.7000000e+01   4.7064880e-01
   9.9100699e+01   8.7000000e+01   4.7064880e-01
   9.9110699e+01   8.7000000e+01   4.7064880e-01
   9.9120699e+01   8.7000000e+01   4.7064880e-01
   9.9130699e+01   8.7000000e+01   4.7064880e-01
   9.9140699e+01   8.7000000e+01   4.7064880e-01
   9.9150699e+01   8.7000000e+01   4.7064880e-01
   9.9160699e+01   8.7000000e+01   4.7064880e-01
   9.9170699e+01   8.7000000e+01   4.7064880e-01
   9.9180699e+01   8.7000000e+01   4.7064880e-01
   9.9190699e+01   8.7000000e+01   4.7064880e-01
   9.9200699e+01   8.7000000e+01   4.7064880e-01
   9.9210699e+01   8.7000000e+01   4.7064880e-01
   9.9220699e+01   8.7000000e+01   4.7064880e-01
   9.9230699e+01   8.7000000e+01   4.7064880e-01
   9.9240699e+01   8.7000000e+01   4.7064880e-01
   9.9250699e+01   8.7000000e+01   4.7064880e-01
   9.9260699e+01   8.7000000e+01   4.7064880e-01
   9.9270699e+01   8.7000000e+01   4.7064880e-01
   9.9280699e+01   8.7000000e+01   4.7064880e-01
   9.9290699e+01   8.7000000e+01   4.7064880e-01
   9.9300699e+01   8.7000000e+01   4.7064880e-01
   9.9310699e+01   8.7000000e+01   4.7064880e-01
   9.9320699e+01   8.7000000e+01   4.7064880e-01
   9.9330699e+01   8.7000000e+01   4.7064880e-01
   9.9340699e+01   8.7000000e+01   4.7064880e-01
   9.9350699e+01   8.7000000e+01   4.7064880e-01
   9.9360699e+01   8.7000000e+01   4.7064880e-01
   9.9370699e+01   8.7000000e+01   4.7064880e-01
   9.9380699e+01   8.7000000e+01   4.7064880e-01
   9.9390581e+01   8.7000000e+01   4.7064880e-01
   9.9390581e+01   8.8000000e+01   3.1452170e-01
   9.9390581e+01   8.8000000e+01   3.1452170e-01
   9.9400581e+01   8.8000000e+01   3.1452170e-01
   9.9410581e+01   8.8000000e+01   3.1452170e-01
   9.9420581e+01   8.8000000e+01   3.1452170e-01
   9.9430581e+01   8.8000000e+01   3.1452170e-01
   9.9440581e+01   8.8000000e+01   3.1452170e-01
   9.9450581e+01   8.8000000e+01   3.1452170e-01
   9.9460581e+01   8.8000000e+01   3.1452170e-01
   9.9470581e+01   8.8000000e+01   3.1452170e-01
   9.9480581e+01   8.8000000e+01   3.1452170e-01
   9.9490581e+01   8.8000000e+01   3.1452170e-01
   9.9500581e+01   8.8000000e+01   3.1452170e-01
   9.9510581e+01   8.8000000e+01   3.1452170e-01
   9.9520581e+01   8.8000000e+01   3.1452170e-01
   9.9530581e+01   8.8000000e+01   3.1452170e-01
   9.9540581e+01   8.8000000e+01   3.1452170e-01
   9.9550581e+01   8.8000000e+01   3.1452170e-01
   9.9560581e+01   8.8000000e+01   3.1452170e-01
   9.9570581e+01   8.8000000e+01   3.1452170e-01
   9.9580581e+01   8.8000000e+01   3.1452170e-01
   9.9590581e+01   8.8000000e+01   3.1452170e-01
   9.9600581e+01   8.8000000e+01   3.1452170e-01
   9.9610581e+01   8.8000000e+01   3.1452170e-01
   9.9620581e+01   8.8000000e+01   3.1452170e-01
   9.9630581e+01   8.8000000e+01   3.1452170e-01
   9.9640581e+01   8.8000000e+01   3.1452170e-01
   9.9650581e+01   8.8000000e+01   3.1452170e-01
   9.9660581e+01   8.8000000e+01   3.1452170e-01
   9.9670581e+01   8.8000000e+01   3.1452170e-01
   9.9680581e+01   8.8000000e+01   3.1452170e-01
   9.9690581e+01   8.8000000e+01   3.1452170e-01
   9.9700581e+01   8.8000000e+01   3.1452170e-01
   9.9710581e+01   8.8000000e+01   3.1452170e-01
   9.9720581e+01   8.8000000e+01   3.1452170e-01
   9.9730581e+01   8.8000000e+01   3.1452170e-01
   9.9740581e+01   8.8000000e+01   3.1452170e-01
   9.9750581e+01   8.8000000e+01   3.1452170e-01
   9.9760581e+01   8.8000000e+01   3.1452170e-01
   9.9770581e+01   8.8000000e+01   3.1452170e-01
   9.9780581e+01   8.8000000e+01   3.1452170e-01
   9.9790581e+01   8.8000000e+01   3.1452170e-01
   9.9800581e+01   8.8000000e+01   3.1452170e-01
   9.9810581e+01   8.8000000e+01   3.1452170e-01
   9.9820581e+01   8.8000000e+01   3.1452170e-01
   9.9830581e+01   8.8000000e+01   3.1452170e-01
   9.9840581e+01   8.8000000e+01   3.1452170e-01
   9.9850581e+01   8.8000000e+01   3.1452170e-01
   9.9860581e+01   8.8000000e+01   3.1452170e-01
   9.9870581e+01   8.8000000e+01   3.1452170e-01
   9.9880581e+01   8.8000000e+01   3.1452170e-01
   9.9890581e+01   8.8000000e+01   3.1452170e-01
   9.9900581e+01   8.8000000e+01   3.1452170e-01
   9.9910581e+01   8.8000000e+01   3.1452170e-01
   9.9920581e+01   8.8000000e+01   3.1452170e-01
   9.9930581e+01   8.8000000e+01   3.1452170e-01
   9.9940581e+01   8.8000000e+01   3.1452170e-01
   9.9950581e+01   8.8000000e+01   3.1452170e-01
   9.9960581e+01   8.8000000e+01   3.1452170e-01
   9.9970581e+01   8.8000000e+01   3.1452170e-01
   9.9980581e+01   8.8000000e+01   3.1452170e-01
   9.9990581e+01   8.8000000e+01   3.1452170e-01
   1.0000058e+02   8.8000000e+01   3.1452170e-01
   1.0001058e+02   8.8000000e+01   3.1452170e-01
   1.0002058e+02   8.8000000e+01   3.1452170e-01
   1.0003058e+02   8.8000000e+01   3.1452170e-01
   1.0004058e+02   8.8000000e+01   3.1452170e-01
   1.0005058e+02   8.8000000e+01   3.1452170e-01
   1.0006058e+02   8.8000000e+01   3.1452170e-01
   1.0007058e+02   8.8000000e+01   3.1452170e-01
   1.0008058e+02   8.8000000e+01   3.1452170e-01
   1.0009058e+02   8.8000000e+01   3.1452170e-01
   1.0010058e+02   8.8000000e+01   3.1452170e-01
   1.0011058e+02   8.8000000e+01   3.1452170e-01
   1.0012058e+02   8.8000000e+01   3.1452170e-01
   1.0013058e+02   8.8000000e+01   3.1452170e-01
   1.0014058e+02   8.8000000e+01   3.1452170e-01
   1.0015058e+02   8.8000000e+01   3.1452170e-01
   1.0016058e+02   8.8000000e+01   3.1452170e-01
   1.0017058e+02   8.8000000e+01   3.1452170e-01
   1.0018058e+02   8.8000000e+01   3.1452170e-01
   1.0019058e+02   8.8000000e+01   3.1452170e-01
   1.0020058e+02   8.8000000e+01   3.1452170e-01
   1.0021058e+02   8.8000000e+01   3.1452170e-01
   1.0022058e+02   8.8000000e+01   3.1452170e-01
   1.0023058e+02   8.8000000e+01   3.1452170e-01
   1.0024058e+02   8.8000000e+01   3.1452170e-01
   1.0025058e+02   8.8000000e+01   3.1452170e-01
   1.0026058e+02   8.8000000e+01   3.1452170e-01
   1.0027058e+02   8.8000000e+01   3.1452170e-01
   1.0028058e+02   8.8000000e+01   3.1452170e-01
   1.0029058e+02   8.8000000e+01   3.1452170e-01
   1.0030058e+02   8.8000000e+01   3.1452170e-01
   1.0031058e+02   8.8000000e+01   3.1452170e-01
   1.0032058e+02   8.8000000e+01   3.1452170e-01
   1.0033058e+02   8.8000000e+01   3.1452170e-01
   1.0034058e+02   8.8000000e+01   3.1452170e-01
   1.0035058e+02   8.8000000e+01   3.1452170e-01
   1.0036058e+02   8.8000000e+01   3.1452170e-01
   1.0037058e+02   8.8000000e+01   3.1452170e-01
   1.0038058e+02   8.8000000e+01   3.1452170e-01
   1.0039058e+02   8.8000000e+01   3.1452170e-01
   1.0040058e+02   8.8000000e+01   3.1452170e-01
   1.0041058e+02   8.8000000e+01   3.1452170e-01
   1.0042058e+02   8.8000000e+01   3.1452170e-01
   1.0043058e+02   8.8000000e+01   3.1452170e-01
   1.0044058e+02   8.8000000e+01   3.1452170e-01
   1.0045058e+02   8.8000000e+01   3.1452170e-01
   1.0046058e+02   8.8000000e+01   3.1452170e-01
   1.0047058e+02   8.8000000e+01   3.1452170e-01
   1.0048058e+02   8.8000000e+01   3.1452170e-01
   1.0049058e+02   8.8000000e+01   3.1452170e-01
   1.0050058e+02   8.8000000e+01   3.1452170e-01
   1.0051058e+02   8.8000000e+01   3.1452170e-01
   1.0052058e+02   8.8000000e+01   3.1452170e-01
   1.0053058e+02   8.8000000e+01   3.1452170e-01
   1.0054058e+02   8.8000000e+01   3.1452170e-01
   1.0055058e+02   8.8000000e+01   3.1452170e-01
   1.0056058e+02   8.8000000e+01   3.1452170e-01
   1.0057058e+02   8.8000000e+01   3.1452170e-01
   1.0058058e+02   8.8000000e+01   3.1452170e-01
   1.0059058e+02   8.8000000e+01   3.1452170e-01
   1.0060058e+02   8.8000000e+01   3.1452170e-01
   1.0061058e+02   8.8000000e+01   3.1452170e-01
   1.0062058e+02   8.8000000e+01   3.1452170e-01
   1.0063058e+02   8.8000000e+01   3.1452170e-01
   1.0064058e+02   8.8000000e+01   3.1452170e-01
   1.0065058e+02   8.8000000e+01   3.1452170e-01
   1.0066058e+02   8.8000000e+01   3.1452170e-01
   1.0067058e+02   8.8000000e+01   3.1452170e-01
   1.0068058e+02   8.8000000e+01   3.1452170e-01
   1.0069058e+02   8.8000000e+01   3.1452170e-01
   1.0070058e+02   8.8000000e+01   3.1452170e-01
   1.0071058e+02   8.8000000e+01   3.1452170e-01
   1.0072058e+02   8.8000000e+01   3.1452170e-01
   1.0073058e+02   8.8000000e+01   3.1452170e-01
   1.0074058e+02   8.8000000e+01   3.1452170e-01
   1.0075058e+02   8.8000000e+01   3.1452170e-01
   1.0076058e+02   8.8000000e+01   3.1452170e-01
   1.0077058e+02   8.8000000e+01   3.1452170e-01
   1.0078058e+02   8.8000000e+01   3.1452170e-01
   1.0079058e+02   8.8000000e+01   3.1452170e-01
   1.0080058e+02   8.8000000e+01   3.1452170e-01
   1.0081058e+02   8.8000000e+01   3.1452170e-01
   1.0082058e+02   8.8000000e+01   3.1452170e-01
   1.0083058e+02   8.8000000e+01   3.1452170e-01
   1.0084058e+02   8.8000000e+01   3.1452170e-01
   1.0085058e+02   8.8000000e+01   3.1452170e-01
   1.0086058e+02   8.8000000e+01   3.1452170e-01
   1.0087058e+02   8.8000000e+01   3.1452170e-01
   1.0088058e+02   8.8000000e+01   3.1452170e-01
   1.0089058e+02   8.8000000e+01   3.1452170e-01
   1.0090058e+02   8.8000000e+01   3.1452170e-01
   1.0091058e+02   8.8000000e+01   3.1452170e-01
   1.0092058e+02   8.8000000e+01   3.1452170e-01
   1.0093058e+02   8.8000000e+01   3.1452170e-01
   1.0094058e+02   8.8000000e+01   3.1452170e-01
   1.0095058e+02   8.8000000e+01   3.1452170e-01
   1.0096058e+02   8.8000000e+01   3.1452170e-01
   1.0097058e+02   8.8000000e+01   3.1452170e-01
   1.0098058e+02   8.8000000e+01   3.1452170e-01
   1.0099058e+02   8.8000000e+01   3.1452170e-01
   1.0100058e+02   8.8000000e+01   3.1452170e-01
   1.0101058e+02   8.8000000e+01   3.1452170e-01
   1.0102058e+02   8.8000000e+01   3.1452170e-01
   1.0103058e+02   8.8000000e+01   3.1452170e-01
   1.0104058e+02   8.8000000e+01   3.1452170e-01
   1.0105058e+02   8.8000000e+01   3.1452170e-01
   1.0106058e+02   8.8000000e+01   3.1452170e-01
   1.0107058e+02   8.8000000e+01   3.1452170e-01
   1.0108058e+02   8.8000000e+01   3.1452170e-01
   1.0108120e+02   8.8000000e+01   3.1452170e-01
   1.0108120e+02   8.9000000e+01   1.5751518e-01
   1.0108120e+02   8.9000000e+01   1.5751518e-01
   1.0109120e+02   8.9000000e+01   1.5751518e-01
   1.0110120e+02   8.9000000e+01   1.5751518e-01
   1.0111120e+02   8.9000000e+01   1.5751518e-01
   1.0112120e+02   8.9000000e+01   1.5751518e-01
   1.0113120e+02   8.9000000e+01   1.5751518e-01
   1.0114120e+02   8.9000000e+01   1.5751518e-01
   1.0115120e+02   8.9000000e+01   1.5751518e-01
   1.0116120e+02   8.9000000e+01   1.5751518e-01
   1.0117120e+02   8.9000000e+01   1.5751518e-01
   1.0118120e+02   8.9000000e+01   1.5751518e-01
   1.0119120e+02   8.9000000e+01   1.5751518e-01
   1.0120120e+02   8.9000000e+01   1.5751518e-01
   1.0121120e+02   8.9000000e+01   1.5751518e-01
   1.0122120e+02   8.9000000e+01   1.5751518e-01
   1.0123120e+02   8.9000000e+01   1.5751518e-01
   1.0124120e+02   8.9000000e+01   1.5751518e-01
   1.0125120e+02   8.9000000e+01   1.5751518e-01
   1.0126120e+02   8.9000000e+01   1.5751518e-01
   1.0127120e+02   8.9000000e+01   1.5751518e-01
   1.0128120e+02   8.9000000e+01   1.5751518e-01
   1.0129120e+02   8.9000000e+01   1.5751518e-01
   1.0130120e+02   8.9000000e+01   1.5751518e-01
   1.0131120e+02   8.9000000e+01   1.5751518e-01
   1.0132120e+02   8.9000000e+01   1.5751518e-01
   1.0133120e+02   8.9000000e+01   1.5751518e-01
   1.0134120e+02   8.9000000e+01   1.5751518e-01
   1.0135120e+02   8.9000000e+01   1.5751518e-01
   1.0136120e+02   8.9000000e+01   1.5751518e-01
   1.0137120e+02   8.9000000e+01   1.5751518e-01
   1.0138120e+02   8.9000000e+01   1.5751518e-01
   1.0139120e+02   8.9000000e+01   1.5751518e-01
   1.0140120e+02   8.9000000e+01   1.5751518e-01
   1.0141120e+02   8.9000000e+01   1.5751518e-01
   1.0142120e+02   8.9000000e+01   1.5751518e-01
   1.0143120e+02   8.9000000e+01   1.5751518e-01
   1.0144120e+02   8.9000000e+01   1.5751518e-01
   1.0145120e+02   8.9000000e+01   1.5751518e-01
   1.0146120e+02   8.9000000e+01   1.5751518e-01
   1.0147120e+02   8.9000000e+01   1.5751518e-01
   1.0148120e+02   8.9000000e+01   1.5751518e-01
   1.0149120e+02   8.9000000e+01   1.5751518e-01
   1.0150120e+02   8.9000000e+01   1.5751518e-01
   1.0151120e+02   8.9000000e+01   1.5751518e-01
   1.0152120e+02   8.9000000e+01   1.5751518e-01
   1.0153120e+02   8.9000000e+01   1.5751518e-01
   1.0154120e+02   8.9000000e+01   1.5751518e-01
   1.0155120e+02   8.9000000e+01   1.5751518e-01
   1.0156120e+02   8.9000000e+01   1.5751518e-01
   1.0157120e+02   8.9000000e+01   1.5751518e-01
   1.0158120e+02   8.9000000e+01   1.5751518e-01
   1.0159120e+02   8.9000000e+01   1.5751518e-01
   1.0160120e+02   8.9000000e+01   1.5751518e-01
   1.0161120e+02   8.9000000e+01   1.5751518e-01
   1.0162120e+02   8.9000000e+01   1.5751518e-01
   1.0163120e+02   8.9000000e+01   1.5751518e-01
   1.0164120e+02   8.9000000e+01   1.5751518e-01
   1.0165120e+02   8.9000000e+01   1.5751518e-01
   1.0166120e+02   8.9000000e+01   1.5751518e-01
   1.0167120e+02   8.9000000e+01   1.5751518e-01
   1.0168120e+02   8.9000000e+01   1.5751518e-01
   1.0169120e+02   8.9000000e+01   1.5751518e-01
   1.0170120e+02   8.9000000e+01   1.5751518e-01
   1.0171120e+02   8.9000000e+01   1.5751518e-01
   1.0172120e+02   8.9000000e+01   1.5751518e-01
   1.0173120e+02   8.9000000e+01   1.5751518e-01
   1.0174120e+02   8.9000000e+01   1.5751518e-01
   1.0175120e+02   8.9000000e+01   1.5751518e-01
   1.0176120e+02   8.9000000e+01   1.5751518e-01
   1.0177120e+02   8.9000000e+01   1.5751518e-01
   1.0178120e+02   8.9000000e+01   1.5751518e-01
   1.0179120e+02   8.9000000e+01   1.5751518e-01
   1.0180120e+02   8.9000000e+01   1.5751518e-01
   1.0181120e+02   8.9000000e+01   1.5751518e-01
   1.0182120e+02   8.9000000e+01   1.5751518e-01
   1.0183120e+02   8.9000000e+01   1.5751518e-01
   1.0184120e+02   8.9000000e+01   1.5751518e-01
   1.0185120e+02   8.9000000e+01   1.5751518e-01
   1.0186120e+02   8.9000000e+01   1.5751518e-01
   1.0187120e+02   8.9000000e+01   1.5751518e-01
   1.0188120e+02   8.9000000e+01   1.5751518e-01
   1.0189120e+02   8.9000000e+01   1.5751518e-01
   1.0190120e+02   8.9000000e+01   1.5751518e-01
   1.0191120e+02   8.9000000e+01   1.5751518e-01
   1.0192120e+02   8.9000000e+01   1.5751518e-01
   1.0193120e+02   8.9000000e+01   1.5751518e-01
   1.0194120e+02   8.9000000e+01   1.5751518e-01
   1.0195120e+02   8.9000000e+01   1.5751518e-01
   1.0196120e+02   8.9000000e+01   1.5751518e-01
   1.0197120e+02   8.9000000e+01   1.5751518e-01
   1.0198120e+02   8.9000000e+01   1.5751518e-01
   1.0199120e+02   8.9000000e+01   1.5751518e-01
   1.0200120e+02   8.9000000e+01   1.5751518e-01
   1.0201120e+02   8.9000000e+01   1.5751518e-01
   1.0202120e+02   8.9000000e+01   1.5751518e-01
   1.0203120e+02   8.9000000e+01   1.5751518e-01
   1.0204120e+02   8.9000000e+01   1.5751518e-01
   1.0205120e+02   8.9000000e+01   1.5751518e-01
   1.0206120e+02   8.9000000e+01   1.5751518e-01
   1.0207120e+02   8.9000000e+01   1.5751518e-01
   1.0208120e+02   8.9000000e+01   1.5751518e-01
   1.0209120e+02   8.9000000e+01   1.5751518e-01
   1.0210120e+02   8.9000000e+01   1.5751518e-01
   1.0211120e+02   8.9000000e+01   1.5751518e-01
   1.0212120e+02   8.9000000e+01   1.5751518e-01
   1.0213120e+02   8.9000000e+01   1.5751518e-01
   1.0214120e+02   8.9000000e+01   1.5751518e-01
   1.0215120e+02   8.9000000e+01   1.5751518e-01
   1.0216120e+02   8.9000000e+01   1.5751518e-01
   1.0217120e+02   8.9000000e+01   1.5751518e-01
   1.0218120e+02   8.9000000e+01   1.5751518e-01
   1.0219120e+02   8.9000000e+01   1.5751518e-01
   1.0220120e+02   8.9000000e+01   1.5751518e-01
   1.0221120e+02   8.9000000e+01   1.5751518e-01
   1.0222120e+02   8.9000000e+01   1.5751518e-01
   1.0223120e+02   8.9000000e+01   1.5751518e-01
   1.0224120e+02   8.9000000e+01   1.5751518e-01
   1.0225120e+02   8.9000000e+01   1.5751518e-01
   1.0226120e+02   8.9000000e+01   1.5751518e-01
   1.0227120e+02   8.9000000e+01   1.5751518e-01
   1.0228120e+02   8.9000000e+01   1.5751518e-01
   1.0229120e+02   8.9000000e+01   1.5751518e-01
   1.0230120e+02   8.9000000e+01   1.5751518e-01
   1.0231120e+02   8.9000000e+01   1.5751518e-01
   1.0232120e+02   8.9000000e+01   1.5751518e-01
   1.0233120e+02   8.9000000e+01   1.5751518e-01
   1.0234120e+02   8.9000000e+01   1.5751518e-01
   1.0235120e+02   8.9000000e+01   1.5751518e-01
   1.0236120e+02   8.9000000e+01   1.5751518e-01
   1.0237120e+02   8.9000000e+01   1.5751518e-01
   1.0238120e+02   8.9000000e+01   1.5751518e-01
   1.0239120e+02   8.9000000e+01   1.5751518e-01
   1.0240120e+02   8.9000000e+01   1.5751518e-01
   1.0241120e+02   8.9000000e+01   1.5751518e-01
   1.0242120e+02   8.9000000e+01   1.5751518e-01
   1.0243120e+02   8.9000000e+01   1.5751518e-01
   1.0244120e+02   8.9000000e+01   1.5751518e-01
   1.0245120e+02   8.9000000e+01   1.5751518e-01
   1.0246120e+02   8.9000000e+01   1.5751518e-01
   1.0247120e+02   8.9000000e+01   1.5751518e-01
   1.0248120e+02   8.9000000e+01   1.5751518e-01
   1.0249120e+02   8.9000000e+01   1.5751518e-01
   1.0250120e+02   8.9000000e+01   1.5751518e-01
   1.0251120e+02   8.9000000e+01   1.5751518e-01
   1.0252120e+02   8.9000000e+01   1.5751518e-01
   1.0253120e+02   8.9000000e+01   1.5751518e-01
   1.0254120e+02   8.9000000e+01   1.5751518e-01
   1.0255120e+02   8.9000000e+01   1.5751518e-01
   1.0256120e+02   8.9000000e+01   1.5751518e-01
   1.0257120e+02   8.9000000e+01   1.5751518e-01
   1.0258120e+02   8.9000000e+01   1.5751518e-01
   1.0259120e+02   8.9000000e+01   1.5751518e-01
   1.0260120e+02   8.9000000e+01   1.5751518e-01
   1.0261120e+02   8.9000000e+01   1.5751518e-01
   1.0262120e+02   8.9000000e+01   1.5751518e-01
   1.0263120e+02   8.9000000e+01   1.5751518e-01
   1.0264120e+02   8.9000000e+01   1.5751518e-01
   1.0265120e+02   8.9000000e+01   1.5751518e-01
   1.0266120e+02   8.9000000e+01   1.5751518e-01
   1.0267120e+02   8.9000000e+01   1.5751518e-01
   1.0268120e+02   8.9000000e+01   1.5751518e-01
   1.0269120e+02   8.9000000e+01   1.5751518e-01
   1.0270120e+02   8.9000000e+01   1.5751518e-01
   1.0271120e+02   8.9000000e+01   1.5751518e-01
   1.0272120e+02   8.9000000e+01   1.5751518e-01
   1.0273120e+02   8.9000000e+01   1.5751518e-01
   1.0274120e+02   8.9000000e+01   1.5751518e-01
   1.0275120e+02   8.9000000e+01   1.5751518e-01
   1.0276120e+02   8.9000000e+01   1.5751518e-01
   1.0277120e+02   8.9000000e+01   1.5751518e-01
   1.0277207e+02   8.9000000e+01   1.5751518e-01
   1.0277207e+02   9.0000000e+01   5.5297457e-16
