   0.0000000e+00   0.0000000e+00   0.0000000e+00
   2.0098152e-05   0.0000000e+00   0.0000000e+00
   1.2058891e-04   0.0000000e+00   0.0000000e+00
   6.2304273e-04   0.0000000e+00   0.0000000e+00
   3.1353118e-03   0.0000000e+00   0.0000000e+00
   1.3135312e-02   0.0000000e+00   0.0000000e+00
   2.3135312e-02   0.0000000e+00   0.0000000e+00
   3.3135312e-02   0.0000000e+00   0.0000000e+00
   3.5004732e-02   0.0000000e+00   0.0000000e+00
   3.5004732e-02   1.0000000e+00   3.3281151e-01
   3.5004732e-02   1.0000000e+00   3.3281151e-01
   4.5004732e-02   1.0000000e+00   3.3281151e-01
   5.5004732e-02   1.0000000e+00   3.3281151e-01
   6.5004732e-02   1.0000000e+00   3.3281151e-01
   7.5004732e-02   1.0000000e+00   3.3281151e-01
   8.5004732e-02   1.0000000e+00   3.3281151e-01
   9.5004732e-02   1.0000000e+00   3.3281151e-01
   1.0386098e-01   1.0000000e+00   3.3281151e-01
   1.0386098e-01   2.0000000e+00   6.2557565e-01
   1.0386098e-01   2.0000000e+00   6.2557565e-01
   1.1386098e-01   2.0000000e+00   6.2557565e-01
   1.2386098e-01   2.0000000e+00   6.2557565e-01
   1.3386098e-01   2.0000000e+00   6.2557565e-01
   1.4386098e-01   2.0000000e+00   6.2557565e-01
   1.5386098e-01   2.0000000e+00   6.2557565e-01
   1.6386098e-01   2.0000000e+00   6.2557565e-01
   1.7386098e-01   2.0000000e+00   6.2557565e-01
   1.8386098e-01   2.0000000e+00   6.2557565e-01
   1.9386098e-01   2.0000000e+00   6.2557565e-01
   2.0386098e-01   2.0000000e+00   6.2557565e-01
   2.0551716e-01   2.0000000e+00   6.2557565e-01
   2.0551716e-01   3.0000000e+00   8.8614124e-01
   2.0551716e-01   3.0000000e+00   8.8614124e-01
   2.1551716e-01   3.0000000e+00   8.8614124e-01
   2.2551716e-01   3.0000000e+00   8.8614124e-01
   2.3551716e-01   3.0000000e+00   8.8614124e-01
   2.4551716e-01   3.0000000e+00   8.8614124e-01
   2.5551716e-01   3.0000000e+00   8.8614124e-01
   2.6551716e-01   3.0000000e+00   8.8614124e-01
   2.7551716e-01   3.0000000e+00   8.8614124e-01
   2.8551716e-01   3.0000000e+00   8.8614124e-01
   2.9551716e-01   3.0000000e+00   8.8614124e-01
   3.0551716e-01   3.0000000e+00   8.8614124e-01
   3.1551716e-01   3.0000000e+00   8.8614124e-01
   3.2551716e-01   3.0000000e+00   8.8614124e-01
   3.3551716e-01   3.0000000e+00   8.8614124e-01
   3.3900977e-01   3.0000000e+00   8.8614124e-01
   3.3900977e-01   4.0000000e+00   1.1202343e+00
   3.3900977e-01   4.0000000e+00   1.1202343e+00
   3.4900977e-01   4.0000000e+00   1.1202343e+00
   3.5900977e-01   4.0000000e+00   1.1202343e+00
   3.6900977e-01   4.0000000e+00   1.1202343e+00
   3.7900977e-01   4.0000000e+00   1.1202343e+00
   3.8900977e-01   4.0000000e+00   1.1202343e+00
   3.9900977e-01   4.0000000e+00   1.1202343e+00
   4.0900977e-01   4.0000000e+00   1.1202343e+00
   4.1900977e-01   4.0000000e+00   1.1202343e+00
   4.2900977e-01   4.0000000e+00   1.1202343e+00
   4.3900977e-01   4.0000000e+00   1.1202343e+00
   4.4900977e-01   4.0000000e+00   1.1202343e+00
   4.5900977e-01   4.0000000e+00   1.1202343e+00
   4.6900977e-01   4.0000000e+00   1.1202343e+00
   4.7900977e-01   4.0000000e+00   1.1202343e+00
   4.8900977e-01   4.0000000e+00   1.1202343e+00
   4.9900977e-01   4.0000000e+00   1.1202343e+00
   5.0345164e-01   4.0000000e+00   1.1202343e+00
   5.0345164e-01   5.0000000e+00   1.3321494e+00
   5.0345164e-01   5.0000000e+00   1.3321494e+00
   5.1345164e-01   5.0000000e+00   1.3321494e+00
   5.2345164e-01   5.0000000e+00   1.3321494e+00
   5.3345164e-01   5.0000000e+00   1.3321494e+00
   5.4345164e-01   5.0000000e+00   1.3321494e+00
   5.5345164e-01   5.0000000e+00   1.3321494e+00
   5.6345164e-01   5.0000000e+00   1.3321494e+00
   5.7345164e-01   5.0000000e+00   1.3321494e+00
   5.8345164e-01   5.0000000e+00   1.3321494e+00
   5.9345164e-01   5.0000000e+00   1.3321494e+00
   6.0345164e-01   5.0000000e+00   1.3321494e+00
   6.1345164e-01   5.0000000e+00   1.3321494e+00
   6.2345164e-01   5.0000000e+00   1.3321494e+00
   6.3345164e-01   5.0000000e+00   1.3321494e+00
   6.4345164e-01   5.0000000e+00   1.3321494e+00
   6.5345164e-01   5.0000000e+00   1.3321494e+00
   6.6345164e-01   5.0000000e+00   1.3321494e+00
   6.7345164e-01   5.0000000e+00   1.3321494e+00
   6.8345164e-01   5.0000000e+00   1.3321494e+00
   6.9345164e-01   5.0000000e+00   1.3321494e+00
   6.9802211e-01   5.0000000e+00   1.3321494e+00
   6.9802211e-01   6.0000000e+00   1.5251827e+00
   6.9802211e-01   6.0000000e+00   1.5251827e+00
   7.0802211e-01   6.0000000e+00   1.5251827e+00
   7.1802211e-01   6.0000000e+00   1.5251827e+00
   7.2802211e-01   6.0000000e+00   1.5251827e+00
   7.3802211e-01   6.0000000e+00   1.5251827e+00
   7.4802211e-01   6.0000000e+00   1.5251827e+00
   7.5802211e-01   6.0000000e+00   1.5251827e+00
   7.6802211e-01   6.0000000e+00   1.5251827e+00
   7.7802211e-01   6.0000000e+00   1.5251827e+00
   7.8802211e-01   6.0000000e+00   1.5251827e+00
   7.9802211e-01   6.0000000e+00   1.5251827e+00
   8.0802211e-01   6.0000000e+00   1.5251827e+00
   8.1802211e-01   6.0000000e+00   1.5251827e+00
   8.2802211e-01   6.0000000e+00   1.5251827e+00
   8.3802211e-01   6.0000000e+00   1.5251827e+00
   8.4802211e-01   6.0000000e+00   1.5251827e+00
   8.5802211e-01   6.0000000e+00   1.5251827e+00
   8.6802211e-01   6.0000000e+00   1.5251827e+00
   8.7802211e-01   6.0000000e+00   1.5251827e+00
   8.8802211e-01   6.0000000e+00   1.5251827e+00
   8.9802211e-01   6.0000000e+00   1.5251827e+00
   9.0802211e-01   6.0000000e+00   1.5251827e+00
   9.1802211e-01   6.0000000e+00   1.5251827e+00
   9.2195864e-01   6.0000000e+00   1.5251827e+00
   9.2195864e-01   7.0000000e+00   1.7019142e+00
   9.2195864e-01   7.0000000e+00   1.7019142e+00
   9.3195864e-01   7.0000000e+00   1.7019142e+00
   9.4195864e-01   7.0000000e+00   1.7019142e+00
   9.5195864e-01   7.0000000e+00   1.7019142e+00
   9.6195864e-01   7.0000000e+00   1.7019142e+00
   9.7195864e-01   7.0000000e+00   1.7019142e+00
   9.8195864e-01   7.0000000e+00   1.7019142e+00
   9.9195864e-01   7.0000000e+00   1.7019142e+00
   1.0019586e+00   7.0000000e+00   1.7019142e+00
   1.0119586e+00   7.0000000e+00   1.7019142e+00
   1.0219586e+00   7.0000000e+00   1.7019142e+00
   1.0319586e+00   7.0000000e+00   1.7019142e+00
   1.0419586e+00   7.0000000e+00   1.7019142e+00
   1.0519586e+00   7.0000000e+00   1.7019142e+00
   1.0619586e+00   7.0000000e+00   1.7019142e+00
   1.0719586e+00   7.0000000e+00   1.7019142e+00
   1.0819586e+00   7.0000000e+00   1.7019142e+00
   1.0919586e+00   7.0000000e+00   1.7019142e+00
   1.1019586e+00   7.0000000e+00   1.7019142e+00
   1.1119586e+00   7.0000000e+00   1.7019142e+00
   1.1219586e+00   7.0000000e+00   1.7019142e+00
   1.1319586e+00   7.0000000e+00   1.7019142e+00
   1.1419586e+00   7.0000000e+00   1.7019142e+00
   1.1519586e+00   7.0000000e+00   1.7019142e+00
   1.1619586e+00   7.0000000e+00   1.7019142e+00
   1.1719586e+00   7.0000000e+00   1.7019142e+00
   1.1745498e+00   7.0000000e+00   1.7019142e+00
   1.1745498e+00   8.0000000e+00   1.8643980e+00
   1.1745498e+00   8.0000000e+00   1.8643980e+00
   1.1845498e+00   8.0000000e+00   1.8643980e+00
   1.1945498e+00   8.0000000e+00   1.8643980e+00
   1.2045498e+00   8.0000000e+00   1.8643980e+00
   1.2145498e+00   8.0000000e+00   1.8643980e+00
   1.2245498e+00   8.0000000e+00   1.8643980e+00
   1.2345498e+00   8.0000000e+00   1.8643980e+00
   1.2445498e+00   8.0000000e+00   1.8643980e+00
   1.2545498e+00   8.0000000e+00   1.8643980e+00
   1.2645498e+00   8.0000000e+00   1.8643980e+00
   1.2745498e+00   8.0000000e+00   1.8643980e+00
   1.2845498e+00   8.0000000e+00   1.8643980e+00
   1.2945498e+00   8.0000000e+00   1.8643980e+00
   1.3045498e+00   8.0000000e+00   1.8643980e+00
   1.3145498e+00   8.0000000e+00   1.8643980e+00
   1.3245498e+00   8.0000000e+00   1.8643980e+00
   1.3345498e+00   8.0000000e+00   1.8643980e+00
   1.3445498e+00   8.0000000e+00   1.8643980e+00
   1.3545498e+00   8.0000000e+00   1.8643980e+00
   1.3645498e+00   8.0000000e+00   1.8643980e+00
   1.3745498e+00   8.0000000e+00   1.8643980e+00
   1.3845498e+00   8.0000000e+00   1.8643980e+00
   1.3945498e+00   8.0000000e+00   1.8643980e+00
   1.4045498e+00   8.0000000e+00   1.8643980e+00
   1.4145498e+00   8.0000000e+00   1.8643980e+00
   1.4245498e+00   8.0000000e+00   1.8643980e+00
   1.4345498e+00   8.0000000e+00   1.8643980e+00
   1.4445498e+00   8.0000000e+00   1.8643980e+00
   1.4545498e+00   8.0000000e+00   1.8643980e+00
   1.4551293e+00   8.0000000e+00   1.8643980e+00
   1.4551293e+00   9.0000000e+00   2.0142931e+00
   1.4551293e+00   9.0000000e+00   2.0142931e+00
   1.4651293e+00   9.0000000e+00   2.0142931e+00
   1.4751293e+00   9.0000000e+00   2.0142931e+00
   1.4851293e+00   9.0000000e+00   2.0142931e+00
   1.4951293e+00   9.0000000e+00   2.0142931e+00
   1.5051293e+00   9.0000000e+00   2.0142931e+00
   1.5151293e+00   9.0000000e+00   2.0142931e+00
   1.5251293e+00   9.0000000e+00   2.0142931e+00
   1.5351293e+00   9.0000000e+00   2.0142931e+00
   1.5451293e+00   9.0000000e+00   2.0142931e+00
   1.5551293e+00   9.0000000e+00   2.0142931e+00
   1.5651293e+00   9.0000000e+00   2.0142931e+00
   1.5751293e+00   9.0000000e+00   2.0142931e+00
   1.5851293e+00   9.0000000e+00   2.0142931e+00
   1.5951293e+00   9.0000000e+00   2.0142931e+00
   1.6051293e+00   9.0000000e+00   2.0142931e+00
   1.6151293e+00   9.0000000e+00   2.0142931e+00
   1.6251293e+00   9.0000000e+00   2.0142931e+00
   1.6351293e+00   9.0000000e+00   2.0142931e+00
   1.6451293e+00   9.0000000e+00   2.0142931e+00
   1.6551293e+00   9.0000000e+00   2.0142931e+00
   1.6651293e+00   9.0000000e+00   2.0142931e+00
   1.6751293e+00   9.0000000e+00   2.0142931e+00
   1.6851293e+00   9.0000000e+00   2.0142931e+00
   1.6951293e+00   9.0000000e+00   2.0142931e+00
   1.7051293e+00   9.0000000e+00   2.0142931e+00
   1.7151293e+00   9.0000000e+00   2.0142931e+00
   1.7251293e+00   9.0000000e+00   2.0142931e+00
   1.7351293e+00   9.0000000e+00   2.0142931e+00
   1.7451293e+00   9.0000000e+00   2.0142931e+00
   1.7551293e+00   9.0000000e+00   2.0142931e+00
   1.7630710e+00   9.0000000e+00   2.0142931e+00
   1.7630710e+00   1.0000000e+01   2.1529573e+00
   1.7630710e+00   1.0000000e+01   2.1529573e+00
   1.7730710e+00   1.0000000e+01   2.1529573e+00
   1.7830710e+00   1.0000000e+01   2.1529573e+00
   1.7930710e+00   1.0000000e+01   2.1529573e+00
   1.8030710e+00   1.0000000e+01   2.1529573e+00
   1.8130710e+00   1.0000000e+01   2.1529573e+00
   1.8230710e+00   1.0000000e+01   2.1529573e+00
   1.8330710e+00   1.0000000e+01   2.1529573e+00
   1.8430710e+00   1.0000000e+01   2.1529573e+00
   1.8530710e+00   1.0000000e+01   2.1529573e+00
   1.8630710e+00   1.0000000e+01   2.1529573e+00
   1.8730710e+00   1.0000000e+01   2.1529573e+00
   1.8830710e+00   1.0000000e+01   2.1529573e+00
   1.8930710e+00   1.0000000e+01   2.1529573e+00
   1.9030710e+00   1.0000000e+01   2.1529573e+00
   1.9130710e+00   1.0000000e+01   2.1529573e+00
   1.9230710e+00   1.0000000e+01   2.1529573e+00
   1.9330710e+00   1.0000000e+01   2.1529573e+00
   1.9430710e+00   1.0000000e+01   2.1529573e+00
   1.9530710e+00   1.0000000e+01   2.1529573e+00
   1.9630710e+00   1.0000000e+01   2.1529573e+00
   1.9730710e+00   1.0000000e+01   2.1529573e+00
   1.9830710e+00   1.0000000e+01   2.1529573e+00
   1.9930710e+00   1.0000000e+01   2.1529573e+00
   2.0030710e+00   1.0000000e+01   2.1529573e+00
   2.0130710e+00   1.0000000e+01   2.1529573e+00
   2.0230710e+00   1.0000000e+01   2.1529573e+00
   2.0330710e+00   1.0000000e+01   2.1529573e+00
   2.0430710e+00   1.0000000e+01   2.1529573e+00
   2.0530710e+00   1.0000000e+01   2.1529573e+00
   2.0630710e+00   1.0000000e+01   2.1529573e+00
   2.0730710e+00   1.0000000e+01   2.1529573e+00
   2.0830710e+00   1.0000000e+01   2.1529573e+00
   2.0930710e+00   1.0000000e+01   2.1529573e+00
   2.0977844e+00   1.0000000e+01   2.1529573e+00
   2.0977844e+00   1.1000000e+01   2.2815136e+00
   2.0977844e+00   1.1000000e+01   2.2815136e+00
   2.1077844e+00   1.1000000e+01   2.2815136e+00
   2.1177844e+00   1.1000000e+01   2.2815136e+00
   2.1277844e+00   1.1000000e+01   2.2815136e+00
   2.1377844e+00   1.1000000e+01   2.2815136e+00
   2.1477844e+00   1.1000000e+01   2.2815136e+00
   2.1577844e+00   1.1000000e+01   2.2815136e+00
   2.1677844e+00   1.1000000e+01   2.2815136e+00
   2.1777844e+00   1.1000000e+01   2.2815136e+00
   2.1877844e+00   1.1000000e+01   2.2815136e+00
   2.1977844e+00   1.1000000e+01   2.2815136e+00
   2.2077844e+00   1.1000000e+01   2.2815136e+00
   2.2177844e+00   1.1000000e+01   2.2815136e+00
   2.2277844e+00   1.1000000e+01   2.2815136e+00
   2.2377844e+00   1.1000000e+01   2.2815136e+00
   2.2477844e+00   1.1000000e+01   2.2815136e+00
   2.2577844e+00   1.1000000e+01   2.2815136e+00
   2.2677844e+00   1.1000000e+01   2.2815136e+00
   2.2777844e+00   1.1000000e+01   2.2815136e+00
   2.2877844e+00   1.1000000e+01   2.2815136e+00
   2.2977844e+00   1.1000000e+01   2.2815136e+00
   2.3077844e+00   1.1000000e+01   2.2815136e+00
   2.3177844e+00   1.1000000e+01   2.2815136e+00
   2.3277844e+00   1.1000000e+01   2.2815136e+00
   2.3377844e+00   1.1000000e+01   2.2815136e+00
   2.3477844e+00   1.1000000e+01   2.2815136e+00
   2.3577844e+00   1.1000000e+01   2.2815136e+00
   2.3677844e+00   1.1000000e+01   2.2815136e+00
   2.3777844e+00   1.1000000e+01   2.2815136e+00
   2.3877844e+00   1.1000000e+01   2.2815136e+00
   2.3977844e+00   1.1000000e+01   2.2815136e+00
   2.4077844e+00   1.1000000e+01   2.2815136e+00
   2.4177844e+00   1.1000000e+01   2.2815136e+00
   2.4277844e+00   1.1000000e+01   2.2815136e+00
   2.4377844e+00   1.1000000e+01   2.2815136e+00
   2.4477844e+00   1.1000000e+01   2.2815136e+00
   2.4577844e+00   1.1000000e+01   2.2815136e+00
   2.4587113e+00   1.1000000e+01   2.2815136e+00
   2.4587113e+00   1.2000000e+01   2.4009011e+00
   2.4587113e+00   1.2000000e+01   2.4009011e+00
   2.4687113e+00   1.2000000e+01   2.4009011e+00
   2.4787113e+00   1.2000000e+01   2.4009011e+00
   2.4887113e+00   1.2000000e+01   2.4009011e+00
   2.4987113e+00   1.2000000e+01   2.4009011e+00
   2.5087113e+00   1.2000000e+01   2.4009011e+00
   2.5187113e+00   1.2000000e+01   2.4009011e+00
   2.5287113e+00   1.2000000e+01   2.4009011e+00
   2.5387113e+00   1.2000000e+01   2.4009011e+00
   2.5487113e+00   1.2000000e+01   2.4009011e+00
   2.5587113e+00   1.2000000e+01   2.4009011e+00
   2.5687113e+00   1.2000000e+01   2.4009011e+00
   2.5787113e+00   1.2000000e+01   2.4009011e+00
   2.5887113e+00   1.2000000e+01   2.4009011e+00
   2.5987113e+00   1.2000000e+01   2.4009011e+00
   2.6087113e+00   1.2000000e+01   2.4009011e+00
   2.6187113e+00   1.2000000e+01   2.4009011e+00
   2.6287113e+00   1.2000000e+01   2.4009011e+00
   2.6387113e+00   1.2000000e+01   2.4009011e+00
   2.6487113e+00   1.2000000e+01   2.4009011e+00
   2.6587113e+00   1.2000000e+01   2.4009011e+00
   2.6687113e+00   1.2000000e+01   2.4009011e+00
   2.6787113e+00   1.2000000e+01   2.4009011e+00
   2.6887113e+00   1.2000000e+01   2.4009011e+00
   2.6987113e+00   1.2000000e+01   2.4009011e+00
   2.7087113e+00   1.2000000e+01   2.4009011e+00
   2.7187113e+00   1.2000000e+01   2.4009011e+00
   2.7287113e+00   1.2000000e+01   2.4009011e+00
   2.7387113e+00   1.2000000e+01   2.4009011e+00
   2.7487113e+00   1.2000000e+01   2.4009011e+00
   2.7587113e+00   1.2000000e+01   2.4009011e+00
   2.7687113e+00   1.2000000e+01   2.4009011e+00
   2.7787113e+00   1.2000000e+01   2.4009011e+00
   2.7887113e+00   1.2000000e+01   2.4009011e+00
   2.7987113e+00   1.2000000e+01   2.4009011e+00
   2.8087113e+00   1.2000000e+01   2.4009011e+00
   2.8187113e+00   1.2000000e+01   2.4009011e+00
   2.8287113e+00   1.2000000e+01   2.4009011e+00
   2.8387113e+00   1.2000000e+01   2.4009011e+00
   2.8453220e+00   1.2000000e+01   2.4009011e+00
   2.8453220e+00   1.3000000e+01   2.5119115e+00
   2.8453220e+00   1.3000000e+01   2.5119115e+00
   2.8553220e+00   1.3000000e+01   2.5119115e+00
   2.8653220e+00   1.3000000e+01   2.5119115e+00
   2.8753220e+00   1.3000000e+01   2.5119115e+00
   2.8853220e+00   1.3000000e+01   2.5119115e+00
   2.8953220e+00   1.3000000e+01   2.5119115e+00
   2.9053220e+00   1.3000000e+01   2.5119115e+00
   2.9153220e+00   1.3000000e+01   2.5119115e+00
   2.9253220e+00   1.3000000e+01   2.5119115e+00
   2.9353220e+00   1.3000000e+01   2.5119115e+00
   2.9453220e+00   1.3000000e+01   2.5119115e+00
   2.9553220e+00   1.3000000e+01   2.5119115e+00
   2.9653220e+00   1.3000000e+01   2.5119115e+00
   2.9753220e+00   1.3000000e+01   2.5119115e+00
   2.9853220e+00   1.3000000e+01   2.5119115e+00
   2.9953220e+00   1.3000000e+01   2.5119115e+00
   3.0053220e+00   1.3000000e+01   2.5119115e+00
   3.0153220e+00   1.3000000e+01   2.5119115e+00
   3.0253220e+00   1.3000000e+01   2.5119115e+00
   3.0353220e+00   1.3000000e+01   2.5119115e+00
   3.0453220e+00   1.3000000e+01   2.5119115e+00
   3.0553220e+00   1.3000000e+01   2.5119115e+00
   3.0653220e+00   1.3000000e+01   2.5119115e+00
   3.0753220e+00   1.3000000e+01   2.5119115e+00
   3.0853220e+00   1.3000000e+01   2.5119115e+00
   3.0953220e+00   1.3000000e+01   2.5119115e+00
   3.1053220e+00   1.3000000e+01   2.5119115e+00
   3.1153220e+00   1.3000000e+01   2.5119115e+00
   3.1253220e+00   1.3000000e+01   2.5119115e+00
   3.1353220e+00   1.3000000e+01   2.5119115e+00
   3.1453220e+00   1.3000000e+01   2.5119115e+00
   3.1553220e+00   1.3000000e+01   2.5119115e+00
   3.1653220e+00   1.3000000e+01   2.5119115e+00
   3.1753220e+00   1.3000000e+01   2.5119115e+00
   3.1853220e+00   1.3000000e+01   2.5119115e+00
   3.1953220e+00   1.3000000e+01   2.5119115e+00
   3.2053220e+00   1.3000000e+01   2.5119115e+00
   3.2153220e+00   1.3000000e+01   2.5119115e+00
   3.2253220e+00   1.3000000e+01   2.5119115e+00
   3.2353220e+00   1.3000000e+01   2.5119115e+00
   3.2453220e+00   1.3000000e+01   2.5119115e+00
   3.2553220e+00   1.3000000e+01   2.5119115e+00
   3.2571131e+00   1.3000000e+01   2.5119115e+00
   3.2571131e+00   1.4000000e+01   2.6152178e+00
   3.2571131e+00   1.4000000e+01   2.6152178e+00
   3.2671131e+00   1.4000000e+01   2.6152178e+00
   3.2771131e+00   1.4000000e+01   2.6152178e+00
   3.2871131e+00   1.4000000e+01   2.6152178e+00
   3.2971131e+00   1.4000000e+01   2.6152178e+00
   3.3071131e+00   1.4000000e+01   2.6152178e+00
   3.3171131e+00   1.4000000e+01   2.6152178e+00
   3.3271131e+00   1.4000000e+01   2.6152178e+00
   3.3371131e+00   1.4000000e+01   2.6152178e+00
   3.3471131e+00   1.4000000e+01   2.6152178e+00
   3.3571131e+00   1.4000000e+01   2.6152178e+00
   3.3671131e+00   1.4000000e+01   2.6152178e+00
   3.3771131e+00   1.4000000e+01   2.6152178e+00
   3.3871131e+00   1.4000000e+01   2.6152178e+00
   3.3971131e+00   1.4000000e+01   2.6152178e+00
   3.4071131e+00   1.4000000e+01   2.6152178e+00
   3.4171131e+00   1.4000000e+01   2.6152178e+00
   3.4271131e+00   1.4000000e+01   2.6152178e+00
   3.4371131e+00   1.4000000e+01   2.6152178e+00
   3.4471131e+00   1.4000000e+01   2.6152178e+00
   3.4571131e+00   1.4000000e+01   2.6152178e+00
   3.4671131e+00   1.4000000e+01   2.6152178e+00
   3.4771131e+00   1.4000000e+01   2.6152178e+00
   3.4871131e+00   1.4000000e+01   2.6152178e+00
   3.4971131e+00   1.4000000e+01   2.6152178e+00
   3.5071131e+00   1.4000000e+01   2.6152178e+00
   3.5171131e+00   1.4000000e+01   2.6152178e+00
   3.5271131e+00   1.4000000e+01   2.6152178e+00
   3.5371131e+00   1.4000000e+01   2.6152178e+00
   3.5471131e+00   1.4000000e+01   2.6152178e+00
   3.5571131e+00   1.4000000e+01   2.6152178e+00
   3.5671131e+00   1.4000000e+01   2.6152178e+00
   3.5771131e+00   1.4000000e+01   2.6152178e+00
   3.5871131e+00   1.4000000e+01   2.6152178e+00
   3.5971131e+00   1.4000000e+01   2.6152178e+00
   3.6071131e+00   1.4000000e+01   2.6152178e+00
   3.6171131e+00   1.4000000e+01   2.6152178e+00
   3.6271131e+00   1.4000000e+01   2.6152178e+00
   3.6371131e+00   1.4000000e+01   2.6152178e+00
   3.6471131e+00   1.4000000e+01   2.6152178e+00
   3.6571131e+00   1.4000000e+01   2.6152178e+00
   3.6671131e+00   1.4000000e+01   2.6152178e+00
   3.6771131e+00   1.4000000e+01   2.6152178e+00
   3.6871131e+00   1.4000000e+01   2.6152178e+00
   3.6936046e+00   1.4000000e+01   2.6152178e+00
   3.6936046e+00   1.5000000e+01   2.7113963e+00
   3.6936046e+00   1.5000000e+01   2.7113963e+00
   3.7036046e+00   1.5000000e+01   2.7113963e+00
   3.7136046e+00   1.5000000e+01   2.7113963e+00
   3.7236046e+00   1.5000000e+01   2.7113963e+00
   3.7336046e+00   1.5000000e+01   2.7113963e+00
   3.7436046e+00   1.5000000e+01   2.7113963e+00
   3.7536046e+00   1.5000000e+01   2.7113963e+00
   3.7636046e+00   1.5000000e+01   2.7113963e+00
   3.7736046e+00   1.5000000e+01   2.7113963e+00
   3.7836046e+00   1.5000000e+01   2.7113963e+00
   3.7936046e+00   1.5000000e+01   2.7113963e+00
   3.8036046e+00   1.5000000e+01   2.7113963e+00
   3.8136046e+00   1.5000000e+01   2.7113963e+00
   3.8236046e+00   1.5000000e+01   2.7113963e+00
   3.8336046e+00   1.5000000e+01   2.7113963e+00
   3.8436046e+00   1.5000000e+01   2.7113963e+00
   3.8536046e+00   1.5000000e+01   2.7113963e+00
   3.8636046e+00   1.5000000e+01   2.7113963e+00
   3.8736046e+00   1.5000000e+01   2.7113963e+00
   3.8836046e+00   1.5000000e+01   2.7113963e+00
   3.8936046e+00   1.5000000e+01   2.7113963e+00
   3.9036046e+00   1.5000000e+01   2.7113963e+00
   3.9136046e+00   1.5000000e+01   2.7113963e+00
   3.9236046e+00   1.5000000e+01   2.7113963e+00
   3.9336046e+00   1.5000000e+01   2.7113963e+00
   3.9436046e+00   1.5000000e+01   2.7113963e+00
   3.9536046e+00   1.5000000e+01   2.7113963e+00
   3.9636046e+00   1.5000000e+01   2.7113963e+00
   3.9736046e+00   1.5000000e+01   2.7113963e+00
   3.9836046e+00   1.5000000e+01   2.7113963e+00
   3.9936046e+00   1.5000000e+01   2.7113963e+00
   4.0036046e+00   1.5000000e+01   2.7113963e+00
   4.0136046e+00   1.5000000e+01   2.7113963e+00
   4.0236046e+00   1.5000000e+01   2.7113963e+00
   4.0336046e+00   1.5000000e+01   2.7113963e+00
   4.0436046e+00   1.5000000e+01   2.7113963e+00
   4.0536046e+00   1.5000000e+01   2.7113963e+00
   4.0636046e+00   1.5000000e+01   2.7113963e+00
   4.0736046e+00   1.5000000e+01   2.7113963e+00
   4.0836046e+00   1.5000000e+01   2.7113963e+00
   4.0936046e+00   1.5000000e+01   2.7113963e+00
   4.1036046e+00   1.5000000e+01   2.7113963e+00
   4.1136046e+00   1.5000000e+01   2.7113963e+00
   4.1236046e+00   1.5000000e+01   2.7113963e+00
   4.1336046e+00   1.5000000e+01   2.7113963e+00
   4.1436046e+00   1.5000000e+01   2.7113963e+00
   4.1536046e+00   1.5000000e+01   2.7113963e+00
   4.1543380e+00   1.5000000e+01   2.7113963e+00
   4.1543380e+00   1.6000000e+01   2.8009438e+00
   4.1543380e+00   1.6000000e+01   2.8009438e+00
   4.1643380e+00   1.6000000e+01   2.8009438e+00
   4.1743380e+00   1.6000000e+01   2.8009438e+00
   4.1843380e+00   1.6000000e+01   2.8009438e+00
   4.1943380e+00   1.6000000e+01   2.8009438e+00
   4.2043380e+00   1.6000000e+01   2.8009438e+00
   4.2143380e+00   1.6000000e+01   2.8009438e+00
   4.2243380e+00   1.6000000e+01   2.8009438e+00
   4.2343380e+00   1.6000000e+01   2.8009438e+00
   4.2443380e+00   1.6000000e+01   2.8009438e+00
   4.2543380e+00   1.6000000e+01   2.8009438e+00
   4.2643380e+00   1.6000000e+01   2.8009438e+00
   4.2743380e+00   1.6000000e+01   2.8009438e+00
   4.2843380e+00   1.6000000e+01   2.8009438e+00
   4.2943380e+00   1.6000000e+01   2.8009438e+00
   4.3043380e+00   1.6000000e+01   2.8009438e+00
   4.3143380e+00   1.6000000e+01   2.8009438e+00
   4.3243380e+00   1.6000000e+01   2.8009438e+00
   4.3343380e+00   1.6000000e+01   2.8009438e+00
   4.3443380e+00   1.6000000e+01   2.8009438e+00
   4.3543380e+00   1.6000000e+01   2.8009438e+00
   4.3643380e+00   1.6000000e+01   2.8009438e+00
   4.3743380e+00   1.6000000e+01   2.8009438e+00
   4.3843380e+00   1.6000000e+01   2.8009438e+00
   4.3943380e+00   1.6000000e+01   2.8009438e+00
   4.4043380e+00   1.6000000e+01   2.8009438e+00
   4.4143380e+00   1.6000000e+01   2.8009438e+00
   4.4243380e+00   1.6000000e+01   2.8009438e+00
   4.4343380e+00   1.6000000e+01   2.8009438e+00
   4.4443380e+00   1.6000000e+01   2.8009438e+00
   4.4543380e+00   1.6000000e+01   2.8009438e+00
   4.4643380e+00   1.6000000e+01   2.8009438e+00
   4.4743380e+00   1.6000000e+01   2.8009438e+00
   4.4843380e+00   1.6000000e+01   2.8009438e+00
   4.4943380e+00   1.6000000e+01   2.8009438e+00
   4.5043380e+00   1.6000000e+01   2.8009438e+00
   4.5143380e+00   1.6000000e+01   2.8009438e+00
   4.5243380e+00   1.6000000e+01   2.8009438e+00
   4.5343380e+00   1.6000000e+01   2.8009438e+00
   4.5443380e+00   1.6000000e+01   2.8009438e+00
   4.5543380e+00   1.6000000e+01   2.8009438e+00
   4.5643380e+00   1.6000000e+01   2.8009438e+00
   4.5743380e+00   1.6000000e+01   2.8009438e+00
   4.5843380e+00   1.6000000e+01   2.8009438e+00
   4.5943380e+00   1.6000000e+01   2.8009438e+00
   4.6043380e+00   1.6000000e+01   2.8009438e+00
   4.6143380e+00   1.6000000e+01   2.8009438e+00
   4.6243380e+00   1.6000000e+01   2.8009438e+00
   4.6343380e+00   1.6000000e+01   2.8009438e+00
   4.6388744e+00   1.6000000e+01   2.8009438e+00
   4.6388744e+00   1.7000000e+01   2.8842910e+00
   4.6388744e+00   1.7000000e+01   2.8842910e+00
   4.6488744e+00   1.7000000e+01   2.8842910e+00
   4.6588744e+00   1.7000000e+01   2.8842910e+00
   4.6688744e+00   1.7000000e+01   2.8842910e+00
   4.6788744e+00   1.7000000e+01   2.8842910e+00
   4.6888744e+00   1.7000000e+01   2.8842910e+00
   4.6988744e+00   1.7000000e+01   2.8842910e+00
   4.7088744e+00   1.7000000e+01   2.8842910e+00
   4.7188744e+00   1.7000000e+01   2.8842910e+00
   4.7288744e+00   1.7000000e+01   2.8842910e+00
   4.7388744e+00   1.7000000e+01   2.8842910e+00
   4.7488744e+00   1.7000000e+01   2.8842910e+00
   4.7588744e+00   1.7000000e+01   2.8842910e+00
   4.7688744e+00   1.7000000e+01   2.8842910e+00
   4.7788744e+00   1.7000000e+01   2.8842910e+00
   4.7888744e+00   1.7000000e+01   2.8842910e+00
   4.7988744e+00   1.7000000e+01   2.8842910e+00
   4.8088744e+00   1.7000000e+01   2.8842910e+00
   4.8188744e+00   1.7000000e+01   2.8842910e+00
   4.8288744e+00   1.7000000e+01   2.8842910e+00
   4.8388744e+00   1.7000000e+01   2.8842910e+00
   4.8488744e+00   1.7000000e+01   2.8842910e+00
   4.8588744e+00   1.7000000e+01   2.8842910e+00
   4.8688744e+00   1.7000000e+01   2.8842910e+00
   4.8788744e+00   1.7000000e+01   2.8842910e+00
   4.8888744e+00   1.7000000e+01   2.8842910e+00
   4.8988744e+00   1.7000000e+01   2.8842910e+00
   4.9088744e+00   1.7000000e+01   2.8842910e+00
   4.9188744e+00   1.7000000e+01   2.8842910e+00
   4.9288744e+00   1.7000000e+01   2.8842910e+00
   4.9388744e+00   1.7000000e+01   2.8842910e+00
   4.9488744e+00   1.7000000e+01   2.8842910e+00
   4.9588744e+00   1.7000000e+01   2.8842910e+00
   4.9688744e+00   1.7000000e+01   2.8842910e+00
   4.9788744e+00   1.7000000e+01   2.8842910e+00
   4.9888744e+00   1.7000000e+01   2.8842910e+00
   4.9988744e+00   1.7000000e+01   2.8842910e+00
   5.0088744e+00   1.7000000e+01   2.8842910e+00
   5.0188744e+00   1.7000000e+01   2.8842910e+00
   5.0288744e+00   1.7000000e+01   2.8842910e+00
   5.0388744e+00   1.7000000e+01   2.8842910e+00
   5.0488744e+00   1.7000000e+01   2.8842910e+00
   5.0588744e+00   1.7000000e+01   2.8842910e+00
   5.0688744e+00   1.7000000e+01   2.8842910e+00
   5.0788744e+00   1.7000000e+01   2.8842910e+00
   5.0888744e+00   1.7000000e+01   2.8842910e+00
   5.0988744e+00   1.7000000e+01   2.8842910e+00
   5.1088744e+00   1.7000000e+01   2.8842910e+00
   5.1188744e+00   1.7000000e+01   2.8842910e+00
   5.1288744e+00   1.7000000e+01   2.8842910e+00
   5.1388744e+00   1.7000000e+01   2.8842910e+00
   5.1467924e+00   1.7000000e+01   2.8842910e+00
   5.1467924e+00   1.8000000e+01   2.9618134e+00
   5.1467924e+00   1.8000000e+01   2.9618134e+00
   5.1567924e+00   1.8000000e+01   2.9618134e+00
   5.1667924e+00   1.8000000e+01   2.9618134e+00
   5.1767924e+00   1.8000000e+01   2.9618134e+00
   5.1867924e+00   1.8000000e+01   2.9618134e+00
   5.1967924e+00   1.8000000e+01   2.9618134e+00
   5.2067924e+00   1.8000000e+01   2.9618134e+00
   5.2167924e+00   1.8000000e+01   2.9618134e+00
   5.2267924e+00   1.8000000e+01   2.9618134e+00
   5.2367924e+00   1.8000000e+01   2.9618134e+00
   5.2467924e+00   1.8000000e+01   2.9618134e+00
   5.2567924e+00   1.8000000e+01   2.9618134e+00
   5.2667924e+00   1.8000000e+01   2.9618134e+00
   5.2767924e+00   1.8000000e+01   2.9618134e+00
   5.2867924e+00   1.8000000e+01   2.9618134e+00
   5.2967924e+00   1.8000000e+01   2.9618134e+00
   5.3067924e+00   1.8000000e+01   2.9618134e+00
   5.3167924e+00   1.8000000e+01   2.9618134e+00
   5.3267924e+00   1.8000000e+01   2.9618134e+00
   5.3367924e+00   1.8000000e+01   2.9618134e+00
   5.3467924e+00   1.8000000e+01   2.9618134e+00
   5.3567924e+00   1.8000000e+01   2.9618134e+00
   5.3667924e+00   1.8000000e+01   2.9618134e+00
   5.3767924e+00   1.8000000e+01   2.9618134e+00
   5.3867924e+00   1.8000000e+01   2.9618134e+00
   5.3967924e+00   1.8000000e+01   2.9618134e+00
   5.4067924e+00   1.8000000e+01   2.9618134e+00
   5.4167924e+00   1.8000000e+01   2.9618134e+00
   5.4267924e+00   1.8000000e+01   2.9618134e+00
   5.4367924e+00   1.8000000e+01   2.9618134e+00
   5.4467924e+00   1.8000000e+01   2.9618134e+00
   5.4567924e+00   1.8000000e+01   2.9618134e+00
   5.4667924e+00   1.8000000e+01   2.9618134e+00
   5.4767924e+00   1.8000000e+01   2.9618134e+00
   5.4867924e+00   1.8000000e+01   2.9618134e+00
   5.4967924e+00   1.8000000e+01   2.9618134e+00
   5.5067924e+00   1.8000000e+01   2.9618134e+00
   5.5167924e+00   1.8000000e+01   2.9618134e+00
   5.5267924e+00   1.8000000e+01   2.9618134e+00
   5.5367924e+00   1.8000000e+01   2.9618134e+00
   5.5467924e+00   1.8000000e+01   2.9618134e+00
   5.5567924e+00   1.8000000e+01   2.9618134e+00
   5.5667924e+00   1.8000000e+01   2.9618134e+00
   5.5767924e+00   1.8000000e+01   2.9618134e+00
   5.5867924e+00   1.8000000e+01   2.9618134e+00
   5.5967924e+00   1.8000000e+01   2.9618134e+00
   5.6067924e+00   1.8000000e+01   2.9618134e+00
   5.6167924e+00   1.8000000e+01   2.9618134e+00
   5.6267924e+00   1.8000000e+01   2.9618134e+00
   5.6367924e+00   1.8000000e+01   2.9618134e+00
   5.6467924e+00   1.8000000e+01   2.9618134e+00
   5.6567924e+00   1.8000000e+01   2.9618134e+00
   5.6667924e+00   1.8000000e+01   2.9618134e+00
   5.6767924e+00   1.8000000e+01   2.9618134e+00
   5.6776870e+00   1.8000000e+01   2.9618134e+00
   5.6776870e+00   1.9000000e+01   3.0338400e+00
   5.6776870e+00   1.9000000e+01   3.0338400e+00
   5.6876870e+00   1.9000000e+01   3.0338400e+00
   5.6976870e+00   1.9000000e+01   3.0338400e+00
   5.7076870e+00   1.9000000e+01   3.0338400e+00
   5.7176870e+00   1.9000000e+01   3.0338400e+00
   5.7276870e+00   1.9000000e+01   3.0338400e+00
   5.7376870e+00   1.9000000e+01   3.0338400e+00
   5.7476870e+00   1.9000000e+01   3.0338400e+00
   5.7576870e+00   1.9000000e+01   3.0338400e+00
   5.7676870e+00   1.9000000e+01   3.0338400e+00
   5.7776870e+00   1.9000000e+01   3.0338400e+00
   5.7876870e+00   1.9000000e+01   3.0338400e+00
   5.7976870e+00   1.9000000e+01   3.0338400e+00
   5.8076870e+00   1.9000000e+01   3.0338400e+00
   5.8176870e+00   1.9000000e+01   3.0338400e+00
   5.8276870e+00   1.9000000e+01   3.0338400e+00
   5.8376870e+00   1.9000000e+01   3.0338400e+00
   5.8476870e+00   1.9000000e+01   3.0338400e+00
   5.8576870e+00   1.9000000e+01   3.0338400e+00
   5.8676870e+00   1.9000000e+01   3.0338400e+00
   5.8776870e+00   1.9000000e+01   3.0338400e+00
   5.8876870e+00   1.9000000e+01   3.0338400e+00
   5.8976870e+00   1.9000000e+01   3.0338400e+00
   5.9076870e+00   1.9000000e+01   3.0338400e+00
   5.9176870e+00   1.9000000e+01   3.0338400e+00
   5.9276870e+00   1.9000000e+01   3.0338400e+00
   5.9376870e+00   1.9000000e+01   3.0338400e+00
   5.9476870e+00   1.9000000e+01   3.0338400e+00
   5.9576870e+00   1.9000000e+01   3.0338400e+00
   5.9676870e+00   1.9000000e+01   3.0338400e+00
   5.9776870e+00   1.9000000e+01   3.0338400e+00
   5.9876870e+00   1.9000000e+01   3.0338400e+00
   5.9976870e+00   1.9000000e+01   3.0338400e+00
   6.0076870e+00   1.9000000e+01   3.0338400e+00
   6.0176870e+00   1.9000000e+01   3.0338400e+00
   6.0276870e+00   1.9000000e+01   3.0338400e+00
   6.0376870e+00   1.9000000e+01   3.0338400e+00
   6.0476870e+00   1.9000000e+01   3.0338400e+00
   6.0576870e+00   1.9000000e+01   3.0338400e+00
   6.0676870e+00   1.9000000e+01   3.0338400e+00
   6.0776870e+00   1.9000000e+01   3.0338400e+00
   6.0876870e+00   1.9000000e+01   3.0338400e+00
   6.0976870e+00   1.9000000e+01   3.0338400e+00
   6.1076870e+00   1.9000000e+01   3.0338400e+00
   6.1176870e+00   1.9000000e+01   3.0338400e+00
   6.1276870e+00   1.9000000e+01   3.0338400e+00
   6.1376870e+00   1.9000000e+01   3.0338400e+00
   6.1476870e+00   1.9000000e+01   3.0338400e+00
   6.1576870e+00   1.9000000e+01   3.0338400e+00
   6.1676870e+00   1.9000000e+01   3.0338400e+00
   6.1776870e+00   1.9000000e+01   3.0338400e+00
   6.1876870e+00   1.9000000e+01   3.0338400e+00
   6.1976870e+00   1.9000000e+01   3.0338400e+00
   6.2076870e+00   1.9000000e+01   3.0338400e+00
   6.2176870e+00   1.9000000e+01   3.0338400e+00
   6.2276870e+00   1.9000000e+01   3.0338400e+00
   6.2311682e+00   1.9000000e+01   3.0338400e+00
   6.2311682e+00   2.0000000e+01   3.1006604e+00
   6.2311682e+00   2.0000000e+01   3.1006604e+00
   6.2411682e+00   2.0000000e+01   3.1006604e+00
   6.2511682e+00   2.0000000e+01   3.1006604e+00
   6.2611682e+00   2.0000000e+01   3.1006604e+00
   6.2711682e+00   2.0000000e+01   3.1006604e+00
   6.2811682e+00   2.0000000e+01   3.1006604e+00
   6.2911682e+00   2.0000000e+01   3.1006604e+00
   6.3011682e+00   2.0000000e+01   3.1006604e+00
   6.3111682e+00   2.0000000e+01   3.1006604e+00
   6.3211682e+00   2.0000000e+01   3.1006604e+00
   6.3311682e+00   2.0000000e+01   3.1006604e+00
   6.3411682e+00   2.0000000e+01   3.1006604e+00
   6.3511682e+00   2.0000000e+01   3.1006604e+00
   6.3611682e+00   2.0000000e+01   3.1006604e+00
   6.3711682e+00   2.0000000e+01   3.1006604e+00
   6.3811682e+00   2.0000000e+01   3.1006604e+00
   6.3911682e+00   2.0000000e+01   3.1006604e+00
   6.4011682e+00   2.0000000e+01   3.1006604e+00
   6.4111682e+00   2.0000000e+01   3.1006604e+00
   6.4211682e+00   2.0000000e+01   3.1006604e+00
   6.4311682e+00   2.0000000e+01   3.1006604e+00
   6.4411682e+00   2.0000000e+01   3.1006604e+00
   6.4511682e+00   2.0000000e+01   3.1006604e+00
   6.4611682e+00   2.0000000e+01   3.1006604e+00
   6.4711682e+00   2.0000000e+01   3.1006604e+00
   6.4811682e+00   2.0000000e+01   3.1006604e+00
   6.4911682e+00   2.0000000e+01   3.1006604e+00
   6.5011682e+00   2.0000000e+01   3.1006604e+00
   6.5111682e+00   2.0000000e+01   3.1006604e+00
   6.5211682e+00   2.0000000e+01   3.1006604e+00
   6.5311682e+00   2.0000000e+01   3.1006604e+00
   6.5411682e+00   2.0000000e+01   3.1006604e+00
   6.5511682e+00   2.0000000e+01   3.1006604e+00
   6.5611682e+00   2.0000000e+01   3.1006604e+00
   6.5711682e+00   2.0000000e+01   3.1006604e+00
   6.5811682e+00   2.0000000e+01   3.1006604e+00
   6.5911682e+00   2.0000000e+01   3.1006604e+00
   6.6011682e+00   2.0000000e+01   3.1006604e+00
   6.6111682e+00   2.0000000e+01   3.1006604e+00
   6.6211682e+00   2.0000000e+01   3.1006604e+00
   6.6311682e+00   2.0000000e+01   3.1006604e+00
   6.6411682e+00   2.0000000e+01   3.1006604e+00
   6.6511682e+00   2.0000000e+01   3.1006604e+00
   6.6611682e+00   2.0000000e+01   3.1006604e+00
   6.6711682e+00   2.0000000e+01   3.1006604e+00
   6.6811682e+00   2.0000000e+01   3.1006604e+00
   6.6911682e+00   2.0000000e+01   3.1006604e+00
   6.7011682e+00   2.0000000e+01   3.1006604e+00
   6.7111682e+00   2.0000000e+01   3.1006604e+00
   6.7211682e+00   2.0000000e+01   3.1006604e+00
   6.7311682e+00   2.0000000e+01   3.1006604e+00
   6.7411682e+00   2.0000000e+01   3.1006604e+00
   6.7511682e+00   2.0000000e+01   3.1006604e+00
   6.7611682e+00   2.0000000e+01   3.1006604e+00
   6.7711682e+00   2.0000000e+01   3.1006604e+00
   6.7811682e+00   2.0000000e+01   3.1006604e+00
   6.7911682e+00   2.0000000e+01   3.1006604e+00
   6.8011682e+00   2.0000000e+01   3.1006604e+00
   6.8068594e+00   2.0000000e+01   3.1006604e+00
   6.8068594e+00   2.1000000e+01   3.1625306e+00
   6.8068594e+00   2.1000000e+01   3.1625306e+00
   6.8168594e+00   2.1000000e+01   3.1625306e+00
   6.8268594e+00   2.1000000e+01   3.1625306e+00
   6.8368594e+00   2.1000000e+01   3.1625306e+00
   6.8468594e+00   2.1000000e+01   3.1625306e+00
   6.8568594e+00   2.1000000e+01   3.1625306e+00
   6.8668594e+00   2.1000000e+01   3.1625306e+00
   6.8768594e+00   2.1000000e+01   3.1625306e+00
   6.8868594e+00   2.1000000e+01   3.1625306e+00
   6.8968594e+00   2.1000000e+01   3.1625306e+00
   6.9068594e+00   2.1000000e+01   3.1625306e+00
   6.9168594e+00   2.1000000e+01   3.1625306e+00
   6.9268594e+00   2.1000000e+01   3.1625306e+00
   6.9368594e+00   2.1000000e+01   3.1625306e+00
   6.9468594e+00   2.1000000e+01   3.1625306e+00
   6.9568594e+00   2.1000000e+01   3.1625306e+00
   6.9668594e+00   2.1000000e+01   3.1625306e+00
   6.9768594e+00   2.1000000e+01   3.1625306e+00
   6.9868594e+00   2.1000000e+01   3.1625306e+00
   6.9968594e+00   2.1000000e+01   3.1625306e+00
   7.0068594e+00   2.1000000e+01   3.1625306e+00
   7.0168594e+00   2.1000000e+01   3.1625306e+00
   7.0268594e+00   2.1000000e+01   3.1625306e+00
   7.0368594e+00   2.1000000e+01   3.1625306e+00
   7.0468594e+00   2.1000000e+01   3.1625306e+00
   7.0568594e+00   2.1000000e+01   3.1625306e+00
   7.0668594e+00   2.1000000e+01   3.1625306e+00
   7.0768594e+00   2.1000000e+01   3.1625306e+00
   7.0868594e+00   2.1000000e+01   3.1625306e+00
   7.0968594e+00   2.1000000e+01   3.1625306e+00
   7.1068594e+00   2.1000000e+01   3.1625306e+00
   7.1168594e+00   2.1000000e+01   3.1625306e+00
   7.1268594e+00   2.1000000e+01   3.1625306e+00
   7.1368594e+00   2.1000000e+01   3.1625306e+00
   7.1468594e+00   2.1000000e+01   3.1625306e+00
   7.1568594e+00   2.1000000e+01   3.1625306e+00
   7.1668594e+00   2.1000000e+01   3.1625306e+00
   7.1768594e+00   2.1000000e+01   3.1625306e+00
   7.1868594e+00   2.1000000e+01   3.1625306e+00
   7.1968594e+00   2.1000000e+01   3.1625306e+00
   7.2068594e+00   2.1000000e+01   3.1625306e+00
   7.2168594e+00   2.1000000e+01   3.1625306e+00
   7.2268594e+00   2.1000000e+01   3.1625306e+00
   7.2368594e+00   2.1000000e+01   3.1625306e+00
   7.2468594e+00   2.1000000e+01   3.1625306e+00
   7.2568594e+00   2.1000000e+01   3.1625306e+00
   7.2668594e+00   2.1000000e+01   3.1625306e+00
   7.2768594e+00   2.1000000e+01   3.1625306e+00
   7.2868594e+00   2.1000000e+01   3.1625306e+00
   7.2968594e+00   2.1000000e+01   3.1625306e+00
   7.3068594e+00   2.1000000e+01   3.1625306e+00
   7.3168594e+00   2.1000000e+01   3.1625306e+00
   7.3268594e+00   2.1000000e+01   3.1625306e+00
   7.3368594e+00   2.1000000e+01   3.1625306e+00
   7.3468594e+00   2.1000000e+01   3.1625306e+00
   7.3568594e+00   2.1000000e+01   3.1625306e+00
   7.3668594e+00   2.1000000e+01   3.1625306e+00
   7.3768594e+00   2.1000000e+01   3.1625306e+00
   7.3868594e+00   2.1000000e+01   3.1625306e+00
   7.3968594e+00   2.1000000e+01   3.1625306e+00
   7.4043965e+00   2.1000000e+01   3.1625306e+00
   7.4043965e+00   2.2000000e+01   3.2196778e+00
   7.4043965e+00   2.2000000e+01   3.2196778e+00
   7.4143965e+00   2.2000000e+01   3.2196778e+00
   7.4243965e+00   2.2000000e+01   3.2196778e+00
   7.4343965e+00   2.2000000e+01   3.2196778e+00
   7.4443965e+00   2.2000000e+01   3.2196778e+00
   7.4543965e+00   2.2000000e+01   3.2196778e+00
   7.4643965e+00   2.2000000e+01   3.2196778e+00
   7.4743965e+00   2.2000000e+01   3.2196778e+00
   7.4843965e+00   2.2000000e+01   3.2196778e+00
   7.4943965e+00   2.2000000e+01   3.2196778e+00
   7.5043965e+00   2.2000000e+01   3.2196778e+00
   7.5143965e+00   2.2000000e+01   3.2196778e+00
   7.5243965e+00   2.2000000e+01   3.2196778e+00
   7.5343965e+00   2.2000000e+01   3.2196778e+00
   7.5443965e+00   2.2000000e+01   3.2196778e+00
   7.5543965e+00   2.2000000e+01   3.2196778e+00
   7.5643965e+00   2.2000000e+01   3.2196778e+00
   7.5743965e+00   2.2000000e+01   3.2196778e+00
   7.5843965e+00   2.2000000e+01   3.2196778e+00
   7.5943965e+00   2.2000000e+01   3.2196778e+00
   7.6043965e+00   2.2000000e+01   3.2196778e+00
   7.6143965e+00   2.2000000e+01   3.2196778e+00
   7.6243965e+00   2.2000000e+01   3.2196778e+00
   7.6343965e+00   2.2000000e+01   3.2196778e+00
   7.6443965e+00   2.2000000e+01   3.2196778e+00
   7.6543965e+00   2.2000000e+01   3.2196778e+00
   7.6643965e+00   2.2000000e+01   3.2196778e+00
   7.6743965e+00   2.2000000e+01   3.2196778e+00
   7.6843965e+00   2.2000000e+01   3.2196778e+00
   7.6943965e+00   2.2000000e+01   3.2196778e+00
   7.7043965e+00   2.2000000e+01   3.2196778e+00
   7.7143965e+00   2.2000000e+01   3.2196778e+00
   7.7243965e+00   2.2000000e+01   3.2196778e+00
   7.7343965e+00   2.2000000e+01   3.2196778e+00
   7.7443965e+00   2.2000000e+01   3.2196778e+00
   7.7543965e+00   2.2000000e+01   3.2196778e+00
   7.7643965e+00   2.2000000e+01   3.2196778e+00
   7.7743965e+00   2.2000000e+01   3.2196778e+00
   7.7843965e+00   2.2000000e+01   3.2196778e+00
   7.7943965e+00   2.2000000e+01   3.2196778e+00
   7.8043965e+00   2.2000000e+01   3.2196778e+00
   7.8143965e+00   2.2000000e+01   3.2196778e+00
   7.8243965e+00   2.2000000e+01   3.2196778e+00
   7.8343965e+00   2.2000000e+01   3.2196778e+00
   7.8443965e+00   2.2000000e+01   3.2196778e+00
   7.8543965e+00   2.2000000e+01   3.2196778e+00
   7.8643965e+00   2.2000000e+01   3.2196778e+00
   7.8743965e+00   2.2000000e+01   3.2196778e+00
   7.8843965e+00   2.2000000e+01   3.2196778e+00
   7.8943965e+00   2.2000000e+01   3.2196778e+00
   7.9043965e+00   2.2000000e+01   3.2196778e+00
   7.9143965e+00   2.2000000e+01   3.2196778e+00
   7.9243965e+00   2.2000000e+01   3.2196778e+00
   7.9343965e+00   2.2000000e+01   3.2196778e+00
   7.9443965e+00   2.2000000e+01   3.2196778e+00
   7.9543965e+00   2.2000000e+01   3.2196778e+00
   7.9643965e+00   2.2000000e+01   3.2196778e+00
   7.9743965e+00   2.2000000e+01   3.2196778e+00
   7.9843965e+00   2.2000000e+01   3.2196778e+00
   7.9943965e+00   2.2000000e+01   3.2196778e+00
   8.0043965e+00   2.2000000e+01   3.2196778e+00
   8.0143965e+00   2.2000000e+01   3.2196778e+00
   8.0234270e+00   2.2000000e+01   3.2196778e+00
   8.0234270e+00   2.3000000e+01   3.2723044e+00
   8.0234270e+00   2.3000000e+01   3.2723044e+00
   8.0334270e+00   2.3000000e+01   3.2723044e+00
   8.0434270e+00   2.3000000e+01   3.2723044e+00
   8.0534270e+00   2.3000000e+01   3.2723044e+00
   8.0634270e+00   2.3000000e+01   3.2723044e+00
   8.0734270e+00   2.3000000e+01   3.2723044e+00
   8.0834270e+00   2.3000000e+01   3.2723044e+00
   8.0934270e+00   2.3000000e+01   3.2723044e+00
   8.1034270e+00   2.3000000e+01   3.2723044e+00
   8.1134270e+00   2.3000000e+01   3.2723044e+00
   8.1234270e+00   2.3000000e+01   3.2723044e+00
   8.1334270e+00   2.3000000e+01   3.2723044e+00
   8.1434270e+00   2.3000000e+01   3.2723044e+00
   8.1534270e+00   2.3000000e+01   3.2723044e+00
   8.1634270e+00   2.3000000e+01   3.2723044e+00
   8.1734270e+00   2.3000000e+01   3.2723044e+00
   8.1834270e+00   2.3000000e+01   3.2723044e+00
   8.1934270e+00   2.3000000e+01   3.2723044e+00
   8.2034270e+00   2.3000000e+01   3.2723044e+00
   8.2134270e+00   2.3000000e+01   3.2723044e+00
   8.2234270e+00   2.3000000e+01   3.2723044e+00
   8.2334270e+00   2.3000000e+01   3.2723044e+00
   8.2434270e+00   2.3000000e+01   3.2723044e+00
   8.2534270e+00   2.3000000e+01   3.2723044e+00
   8.2634270e+00   2.3000000e+01   3.2723044e+00
   8.2734270e+00   2.3000000e+01   3.2723044e+00
   8.2834270e+00   2.3000000e+01   3.2723044e+00
   8.2934270e+00   2.3000000e+01   3.2723044e+00
   8.3034270e+00   2.3000000e+01   3.2723044e+00
   8.3134270e+00   2.3000000e+01   3.2723044e+00
   8.3234270e+00   2.3000000e+01   3.2723044e+00
   8.3334270e+00   2.3000000e+01   3.2723044e+00
   8.3434270e+00   2.3000000e+01   3.2723044e+00
   8.3534270e+00   2.3000000e+01   3.2723044e+00
   8.3634270e+00   2.3000000e+01   3.2723044e+00
   8.3734270e+00   2.3000000e+01   3.2723044e+00
   8.3834270e+00   2.3000000e+01   3.2723044e+00
   8.3934270e+00   2.3000000e+01   3.2723044e+00
   8.4034270e+00   2.3000000e+01   3.2723044e+00
   8.4134270e+00   2.3000000e+01   3.2723044e+00
   8.4234270e+00   2.3000000e+01   3.2723044e+00
   8.4334270e+00   2.3000000e+01   3.2723044e+00
   8.4434270e+00   2.3000000e+01   3.2723044e+00
   8.4534270e+00   2.3000000e+01   3.2723044e+00
   8.4634270e+00   2.3000000e+01   3.2723044e+00
   8.4734270e+00   2.3000000e+01   3.2723044e+00
   8.4834270e+00   2.3000000e+01   3.2723044e+00
   8.4934270e+00   2.3000000e+01   3.2723044e+00
   8.5034270e+00   2.3000000e+01   3.2723044e+00
   8.5134270e+00   2.3000000e+01   3.2723044e+00
   8.5234270e+00   2.3000000e+01   3.2723044e+00
   8.5334270e+00   2.3000000e+01   3.2723044e+00
   8.5434270e+00   2.3000000e+01   3.2723044e+00
   8.5534270e+00   2.3000000e+01   3.2723044e+00
   8.5634270e+00   2.3000000e+01   3.2723044e+00
   8.5734270e+00   2.3000000e+01   3.2723044e+00
   8.5834270e+00   2.3000000e+01   3.2723044e+00
   8.5934270e+00   2.3000000e+01   3.2723044e+00
   8.6034270e+00   2.3000000e+01   3.2723044e+00
   8.6134270e+00   2.3000000e+01   3.2723044e+00
   8.6234270e+00   2.3000000e+01   3.2723044e+00
   8.6334270e+00   2.3000000e+01   3.2723044e+00
   8.6434270e+00   2.3000000e+01   3.2723044e+00
   8.6534270e+00   2.3000000e+01   3.2723044e+00
   8.6634270e+00   2.3000000e+01   3.2723044e+00
   8.6636087e+00   2.3000000e+01   3.2723044e+00
   8.6636087e+00   2.4000000e+01   3.3205911e+00
   8.6636087e+00   2.4000000e+01   3.3205911e+00
   8.6736087e+00   2.4000000e+01   3.3205911e+00
   8.6836087e+00   2.4000000e+01   3.3205911e+00
   8.6936087e+00   2.4000000e+01   3.3205911e+00
   8.7036087e+00   2.4000000e+01   3.3205911e+00
   8.7136087e+00   2.4000000e+01   3.3205911e+00
   8.7236087e+00   2.4000000e+01   3.3205911e+00
   8.7336087e+00   2.4000000e+01   3.3205911e+00
   8.7436087e+00   2.4000000e+01   3.3205911e+00
   8.7536087e+00   2.4000000e+01   3.3205911e+00
   8.7636087e+00   2.4000000e+01   3.3205911e+00
   8.7736087e+00   2.4000000e+01   3.3205911e+00
   8.7836087e+00   2.4000000e+01   3.3205911e+00
   8.7936087e+00   2.4000000e+01   3.3205911e+00
   8.8036087e+00   2.4000000e+01   3.3205911e+00
   8.8136087e+00   2.4000000e+01   3.3205911e+00
   8.8236087e+00   2.4000000e+01   3.3205911e+00
   8.8336087e+00   2.4000000e+01   3.3205911e+00
   8.8436087e+00   2.4000000e+01   3.3205911e+00
   8.8536087e+00   2.4000000e+01   3.3205911e+00
   8.8636087e+00   2.4000000e+01   3.3205911e+00
   8.8736087e+00   2.4000000e+01   3.3205911e+00
   8.8836087e+00   2.4000000e+01   3.3205911e+00
   8.8936087e+00   2.4000000e+01   3.3205911e+00
   8.9036087e+00   2.4000000e+01   3.3205911e+00
   8.9136087e+00   2.4000000e+01   3.3205911e+00
   8.9236087e+00   2.4000000e+01   3.3205911e+00
   8.9336087e+00   2.4000000e+01   3.3205911e+00
   8.9436087e+00   2.4000000e+01   3.3205911e+00
   8.9536087e+00   2.4000000e+01   3.3205911e+00
   8.9636087e+00   2.4000000e+01   3.3205911e+00
   8.9736087e+00   2.4000000e+01   3.3205911e+00
   8.9836087e+00   2.4000000e+01   3.3205911e+00
   8.9936087e+00   2.4000000e+01   3.3205911e+00
   9.0036087e+00   2.4000000e+01   3.3205911e+00
   9.0136087e+00   2.4000000e+01   3.3205911e+00
   9.0236087e+00   2.4000000e+01   3.3205911e+00
   9.0336087e+00   2.4000000e+01   3.3205911e+00
   9.0436087e+00   2.4000000e+01   3.3205911e+00
   9.0536087e+00   2.4000000e+01   3.3205911e+00
   9.0636087e+00   2.4000000e+01   3.3205911e+00
   9.0736087e+00   2.4000000e+01   3.3205911e+00
   9.0836087e+00   2.4000000e+01   3.3205911e+00
   9.0936087e+00   2.4000000e+01   3.3205911e+00
   9.1036087e+00   2.4000000e+01   3.3205911e+00
   9.1136087e+00   2.4000000e+01   3.3205911e+00
   9.1236087e+00   2.4000000e+01   3.3205911e+00
   9.1336087e+00   2.4000000e+01   3.3205911e+00
   9.1436087e+00   2.4000000e+01   3.3205911e+00
   9.1536087e+00   2.4000000e+01   3.3205911e+00
   9.1636087e+00   2.4000000e+01   3.3205911e+00
   9.1736087e+00   2.4000000e+01   3.3205911e+00
   9.1836087e+00   2.4000000e+01   3.3205911e+00
   9.1936087e+00   2.4000000e+01   3.3205911e+00
   9.2036087e+00   2.4000000e+01   3.3205911e+00
   9.2136087e+00   2.4000000e+01   3.3205911e+00
   9.2236087e+00   2.4000000e+01   3.3205911e+00
   9.2336087e+00   2.4000000e+01   3.3205911e+00
   9.2436087e+00   2.4000000e+01   3.3205911e+00
   9.2536087e+00   2.4000000e+01   3.3205911e+00
   9.2636087e+00   2.4000000e+01   3.3205911e+00
   9.2736087e+00   2.4000000e+01   3.3205911e+00
   9.2836087e+00   2.4000000e+01   3.3205911e+00
   9.2936087e+00   2.4000000e+01   3.3205911e+00
   9.3036087e+00   2.4000000e+01   3.3205911e+00
   9.3136087e+00   2.4000000e+01   3.3205911e+00
   9.3236087e+00   2.4000000e+01   3.3205911e+00
   9.3246091e+00   2.4000000e+01   3.3205911e+00
   9.3246091e+00   2.5000000e+01   3.3647002e+00
   9.3246091e+00   2.5000000e+01   3.3647002e+00
   9.3346091e+00   2.5000000e+01   3.3647002e+00
   9.3446091e+00   2.5000000e+01   3.3647002e+00
   9.3546091e+00   2.5000000e+01   3.3647002e+00
   9.3646091e+00   2.5000000e+01   3.3647002e+00
   9.3746091e+00   2.5000000e+01   3.3647002e+00
   9.3846091e+00   2.5000000e+01   3.3647002e+00
   9.3946091e+00   2.5000000e+01   3.3647002e+00
   9.4046091e+00   2.5000000e+01   3.3647002e+00
   9.4146091e+00   2.5000000e+01   3.3647002e+00
   9.4246091e+00   2.5000000e+01   3.3647002e+00
   9.4346091e+00   2.5000000e+01   3.3647002e+00
   9.4446091e+00   2.5000000e+01   3.3647002e+00
   9.4546091e+00   2.5000000e+01   3.3647002e+00
   9.4646091e+00   2.5000000e+01   3.3647002e+00
   9.4746091e+00   2.5000000e+01   3.3647002e+00
   9.4846091e+00   2.5000000e+01   3.3647002e+00
   9.4946091e+00   2.5000000e+01   3.3647002e+00
   9.5046091e+00   2.5000000e+01   3.3647002e+00
   9.5146091e+00   2.5000000e+01   3.3647002e+00
   9.5246091e+00   2.5000000e+01   3.3647002e+00
   9.5346091e+00   2.5000000e+01   3.3647002e+00
   9.5446091e+00   2.5000000e+01   3.3647002e+00
   9.5546091e+00   2.5000000e+01   3.3647002e+00
   9.5646091e+00   2.5000000e+01   3.3647002e+00
   9.5746091e+00   2.5000000e+01   3.3647002e+00
   9.5846091e+00   2.5000000e+01   3.3647002e+00
   9.5946091e+00   2.5000000e+01   3.3647002e+00
   9.6046091e+00   2.5000000e+01   3.3647002e+00
   9.6146091e+00   2.5000000e+01   3.3647002e+00
   9.6246091e+00   2.5000000e+01   3.3647002e+00
   9.6346091e+00   2.5000000e+01   3.3647002e+00
   9.6446091e+00   2.5000000e+01   3.3647002e+00
   9.6546091e+00   2.5000000e+01   3.3647002e+00
   9.6646091e+00   2.5000000e+01   3.3647002e+00
   9.6746091e+00   2.5000000e+01   3.3647002e+00
   9.6846091e+00   2.5000000e+01   3.3647002e+00
   9.6946091e+00   2.5000000e+01   3.3647002e+00
   9.7046091e+00   2.5000000e+01   3.3647002e+00
   9.7146091e+00   2.5000000e+01   3.3647002e+00
   9.7246091e+00   2.5000000e+01   3.3647002e+00
   9.7346091e+00   2.5000000e+01   3.3647002e+00
   9.7446091e+00   2.5000000e+01   3.3647002e+00
   9.7546091e+00   2.5000000e+01   3.3647002e+00
   9.7646091e+00   2.5000000e+01   3.3647002e+00
   9.7746091e+00   2.5000000e+01   3.3647002e+00
   9.7846091e+00   2.5000000e+01   3.3647002e+00
   9.7946091e+00   2.5000000e+01   3.3647002e+00
   9.8046091e+00   2.5000000e+01   3.3647002e+00
   9.8146091e+00   2.5000000e+01   3.3647002e+00
   9.8246091e+00   2.5000000e+01   3.3647002e+00
   9.8346091e+00   2.5000000e+01   3.3647002e+00
   9.8446091e+00   2.5000000e+01   3.3647002e+00
   9.8546091e+00   2.5000000e+01   3.3647002e+00
   9.8646091e+00   2.5000000e+01   3.3647002e+00
   9.8746091e+00   2.5000000e+01   3.3647002e+00
   9.8846091e+00   2.5000000e+01   3.3647002e+00
   9.8946091e+00   2.5000000e+01   3.3647002e+00
   9.9046091e+00   2.5000000e+01   3.3647002e+00
   9.9146091e+00   2.5000000e+01   3.3647002e+00
   9.9246091e+00   2.5000000e+01   3.3647002e+00
   9.9346091e+00   2.5000000e+01   3.3647002e+00
   9.9446091e+00   2.5000000e+01   3.3647002e+00
   9.9546091e+00   2.5000000e+01   3.3647002e+00
   9.9646091e+00   2.5000000e+01   3.3647002e+00
   9.9746091e+00   2.5000000e+01   3.3647002e+00
   9.9846091e+00   2.5000000e+01   3.3647002e+00
   9.9946091e+00   2.5000000e+01   3.3647002e+00
   1.0004609e+01   2.5000000e+01   3.3647002e+00
   1.0006104e+01   2.5000000e+01   3.3647002e+00
   1.0006104e+01   2.6000000e+01   3.4047772e+00
   1.0006104e+01   2.6000000e+01   3.4047772e+00
   1.0016104e+01   2.6000000e+01   3.4047772e+00
   1.0026104e+01   2.6000000e+01   3.4047772e+00
   1.0036104e+01   2.6000000e+01   3.4047772e+00
   1.0046104e+01   2.6000000e+01   3.4047772e+00
   1.0056104e+01   2.6000000e+01   3.4047772e+00
   1.0066104e+01   2.6000000e+01   3.4047772e+00
   1.0076104e+01   2.6000000e+01   3.4047772e+00
   1.0086104e+01   2.6000000e+01   3.4047772e+00
   1.0096104e+01   2.6000000e+01   3.4047772e+00
   1.0106104e+01   2.6000000e+01   3.4047772e+00
   1.0116104e+01   2.6000000e+01   3.4047772e+00
   1.0126104e+01   2.6000000e+01   3.4047772e+00
   1.0136104e+01   2.6000000e+01   3.4047772e+00
   1.0146104e+01   2.6000000e+01   3.4047772e+00
   1.0156104e+01   2.6000000e+01   3.4047772e+00
   1.0166104e+01   2.6000000e+01   3.4047772e+00
   1.0176104e+01   2.6000000e+01   3.4047772e+00
   1.0186104e+01   2.6000000e+01   3.4047772e+00
   1.0196104e+01   2.6000000e+01   3.4047772e+00
   1.0206104e+01   2.6000000e+01   3.4047772e+00
   1.0216104e+01   2.6000000e+01   3.4047772e+00
   1.0226104e+01   2.6000000e+01   3.4047772e+00
   1.0236104e+01   2.6000000e+01   3.4047772e+00
   1.0246104e+01   2.6000000e+01   3.4047772e+00
   1.0256104e+01   2.6000000e+01   3.4047772e+00
   1.0266104e+01   2.6000000e+01   3.4047772e+00
   1.0276104e+01   2.6000000e+01   3.4047772e+00
   1.0286104e+01   2.6000000e+01   3.4047772e+00
   1.0296104e+01   2.6000000e+01   3.4047772e+00
   1.0306104e+01   2.6000000e+01   3.4047772e+00
   1.0316104e+01   2.6000000e+01   3.4047772e+00
   1.0326104e+01   2.6000000e+01   3.4047772e+00
   1.0336104e+01   2.6000000e+01   3.4047772e+00
   1.0346104e+01   2.6000000e+01   3.4047772e+00
   1.0356104e+01   2.6000000e+01   3.4047772e+00
   1.0366104e+01   2.6000000e+01   3.4047772e+00
   1.0376104e+01   2.6000000e+01   3.4047772e+00
   1.0386104e+01   2.6000000e+01   3.4047772e+00
   1.0396104e+01   2.6000000e+01   3.4047772e+00
   1.0406104e+01   2.6000000e+01   3.4047772e+00
   1.0416104e+01   2.6000000e+01   3.4047772e+00
   1.0426104e+01   2.6000000e+01   3.4047772e+00
   1.0436104e+01   2.6000000e+01   3.4047772e+00
   1.0446104e+01   2.6000000e+01   3.4047772e+00
   1.0456104e+01   2.6000000e+01   3.4047772e+00
   1.0466104e+01   2.6000000e+01   3.4047772e+00
   1.0476104e+01   2.6000000e+01   3.4047772e+00
   1.0486104e+01   2.6000000e+01   3.4047772e+00
   1.0496104e+01   2.6000000e+01   3.4047772e+00
   1.0506104e+01   2.6000000e+01   3.4047772e+00
   1.0516104e+01   2.6000000e+01   3.4047772e+00
   1.0526104e+01   2.6000000e+01   3.4047772e+00
   1.0536104e+01   2.6000000e+01   3.4047772e+00
   1.0546104e+01   2.6000000e+01   3.4047772e+00
   1.0556104e+01   2.6000000e+01   3.4047772e+00
   1.0566104e+01   2.6000000e+01   3.4047772e+00
   1.0576104e+01   2.6000000e+01   3.4047772e+00
   1.0586104e+01   2.6000000e+01   3.4047772e+00
   1.0596104e+01   2.6000000e+01   3.4047772e+00
   1.0606104e+01   2.6000000e+01   3.4047772e+00
   1.0616104e+01   2.6000000e+01   3.4047772e+00
   1.0626104e+01   2.6000000e+01   3.4047772e+00
   1.0636104e+01   2.6000000e+01   3.4047772e+00
   1.0646104e+01   2.6000000e+01   3.4047772e+00
   1.0656104e+01   2.6000000e+01   3.4047772e+00
   1.0666104e+01   2.6000000e+01   3.4047772e+00
   1.0676104e+01   2.6000000e+01   3.4047772e+00
   1.0686104e+01   2.6000000e+01   3.4047772e+00
   1.0696104e+01   2.6000000e+01   3.4047772e+00
   1.0706104e+01   2.6000000e+01   3.4047772e+00
   1.0707779e+01   2.6000000e+01   3.4047772e+00
   1.0707779e+01   2.7000000e+01   3.4409537e+00
   1.0707779e+01   2.7000000e+01   3.4409537e+00
   1.0717779e+01   2.7000000e+01   3.4409537e+00
   1.0727779e+01   2.7000000e+01   3.4409537e+00
   1.0737779e+01   2.7000000e+01   3.4409537e+00
   1.0747779e+01   2.7000000e+01   3.4409537e+00
   1.0757779e+01   2.7000000e+01   3.4409537e+00
   1.0767779e+01   2.7000000e+01   3.4409537e+00
   1.0777779e+01   2.7000000e+01   3.4409537e+00
   1.0787779e+01   2.7000000e+01   3.4409537e+00
   1.0797779e+01   2.7000000e+01   3.4409537e+00
   1.0807779e+01   2.7000000e+01   3.4409537e+00
   1.0817779e+01   2.7000000e+01   3.4409537e+00
   1.0827779e+01   2.7000000e+01   3.4409537e+00
   1.0837779e+01   2.7000000e+01   3.4409537e+00
   1.0847779e+01   2.7000000e+01   3.4409537e+00
   1.0857779e+01   2.7000000e+01   3.4409537e+00
   1.0867779e+01   2.7000000e+01   3.4409537e+00
   1.0877779e+01   2.7000000e+01   3.4409537e+00
   1.0887779e+01   2.7000000e+01   3.4409537e+00
   1.0897779e+01   2.7000000e+01   3.4409537e+00
   1.0907779e+01   2.7000000e+01   3.4409537e+00
   1.0917779e+01   2.7000000e+01   3.4409537e+00
   1.0927779e+01   2.7000000e+01   3.4409537e+00
   1.0937779e+01   2.7000000e+01   3.4409537e+00
   1.0947779e+01   2.7000000e+01   3.4409537e+00
   1.0957779e+01   2.7000000e+01   3.4409537e+00
   1.0967779e+01   2.7000000e+01   3.4409537e+00
   1.0977779e+01   2.7000000e+01   3.4409537e+00
   1.0987779e+01   2.7000000e+01   3.4409537e+00
   1.0997779e+01   2.7000000e+01   3.4409537e+00
   1.1007779e+01   2.7000000e+01   3.4409537e+00
   1.1017779e+01   2.7000000e+01   3.4409537e+00
   1.1027779e+01   2.7000000e+01   3.4409537e+00
   1.1037779e+01   2.7000000e+01   3.4409537e+00
   1.1047779e+01   2.7000000e+01   3.4409537e+00
   1.1057779e+01   2.7000000e+01   3.4409537e+00
   1.1067779e+01   2.7000000e+01   3.4409537e+00
   1.1077779e+01   2.7000000e+01   3.4409537e+00
   1.1087779e+01   2.7000000e+01   3.4409537e+00
   1.1097779e+01   2.7000000e+01   3.4409537e+00
   1.1107779e+01   2.7000000e+01   3.4409537e+00
   1.1117779e+01   2.7000000e+01   3.4409537e+00
   1.1127779e+01   2.7000000e+01   3.4409537e+00
   1.1137779e+01   2.7000000e+01   3.4409537e+00
   1.1147779e+01   2.7000000e+01   3.4409537e+00
   1.1157779e+01   2.7000000e+01   3.4409537e+00
   1.1167779e+01   2.7000000e+01   3.4409537e+00
   1.1177779e+01   2.7000000e+01   3.4409537e+00
   1.1187779e+01   2.7000000e+01   3.4409537e+00
   1.1197779e+01   2.7000000e+01   3.4409537e+00
   1.1207779e+01   2.7000000e+01   3.4409537e+00
   1.1217779e+01   2.7000000e+01   3.4409537e+00
   1.1227779e+01   2.7000000e+01   3.4409537e+00
   1.1237779e+01   2.7000000e+01   3.4409537e+00
   1.1247779e+01   2.7000000e+01   3.4409537e+00
   1.1257779e+01   2.7000000e+01   3.4409537e+00
   1.1267779e+01   2.7000000e+01   3.4409537e+00
   1.1277779e+01   2.7000000e+01   3.4409537e+00
   1.1287779e+01   2.7000000e+01   3.4409537e+00
   1.1297779e+01   2.7000000e+01   3.4409537e+00
   1.1307779e+01   2.7000000e+01   3.4409537e+00
   1.1317779e+01   2.7000000e+01   3.4409537e+00
   1.1327779e+01   2.7000000e+01   3.4409537e+00
   1.1337779e+01   2.7000000e+01   3.4409537e+00
   1.1347779e+01   2.7000000e+01   3.4409537e+00
   1.1357779e+01   2.7000000e+01   3.4409537e+00
   1.1367779e+01   2.7000000e+01   3.4409537e+00
   1.1377779e+01   2.7000000e+01   3.4409537e+00
   1.1387779e+01   2.7000000e+01   3.4409537e+00
   1.1397779e+01   2.7000000e+01   3.4409537e+00
   1.1407779e+01   2.7000000e+01   3.4409537e+00
   1.1417779e+01   2.7000000e+01   3.4409537e+00
   1.1427779e+01   2.7000000e+01   3.4409537e+00
   1.1429324e+01   2.7000000e+01   3.4409537e+00
   1.1429324e+01   2.8000000e+01   3.4733484e+00
   1.1429324e+01   2.8000000e+01   3.4733484e+00
   1.1439324e+01   2.8000000e+01   3.4733484e+00
   1.1449324e+01   2.8000000e+01   3.4733484e+00
   1.1459324e+01   2.8000000e+01   3.4733484e+00
   1.1469324e+01   2.8000000e+01   3.4733484e+00
   1.1479324e+01   2.8000000e+01   3.4733484e+00
   1.1489324e+01   2.8000000e+01   3.4733484e+00
   1.1499324e+01   2.8000000e+01   3.4733484e+00
   1.1509324e+01   2.8000000e+01   3.4733484e+00
   1.1519324e+01   2.8000000e+01   3.4733484e+00
   1.1529324e+01   2.8000000e+01   3.4733484e+00
   1.1539324e+01   2.8000000e+01   3.4733484e+00
   1.1549324e+01   2.8000000e+01   3.4733484e+00
   1.1559324e+01   2.8000000e+01   3.4733484e+00
   1.1569324e+01   2.8000000e+01   3.4733484e+00
   1.1579324e+01   2.8000000e+01   3.4733484e+00
   1.1589324e+01   2.8000000e+01   3.4733484e+00
   1.1599324e+01   2.8000000e+01   3.4733484e+00
   1.1609324e+01   2.8000000e+01   3.4733484e+00
   1.1619324e+01   2.8000000e+01   3.4733484e+00
   1.1629324e+01   2.8000000e+01   3.4733484e+00
   1.1639324e+01   2.8000000e+01   3.4733484e+00
   1.1649324e+01   2.8000000e+01   3.4733484e+00
   1.1659324e+01   2.8000000e+01   3.4733484e+00
   1.1669324e+01   2.8000000e+01   3.4733484e+00
   1.1679324e+01   2.8000000e+01   3.4733484e+00
   1.1689324e+01   2.8000000e+01   3.4733484e+00
   1.1699324e+01   2.8000000e+01   3.4733484e+00
   1.1709324e+01   2.8000000e+01   3.4733484e+00
   1.1719324e+01   2.8000000e+01   3.4733484e+00
   1.1729324e+01   2.8000000e+01   3.4733484e+00
   1.1739324e+01   2.8000000e+01   3.4733484e+00
   1.1749324e+01   2.8000000e+01   3.4733484e+00
   1.1759324e+01   2.8000000e+01   3.4733484e+00
   1.1769324e+01   2.8000000e+01   3.4733484e+00
   1.1779324e+01   2.8000000e+01   3.4733484e+00
   1.1789324e+01   2.8000000e+01   3.4733484e+00
   1.1799324e+01   2.8000000e+01   3.4733484e+00
   1.1809324e+01   2.8000000e+01   3.4733484e+00
   1.1819324e+01   2.8000000e+01   3.4733484e+00
   1.1829324e+01   2.8000000e+01   3.4733484e+00
   1.1839324e+01   2.8000000e+01   3.4733484e+00
   1.1849324e+01   2.8000000e+01   3.4733484e+00
   1.1859324e+01   2.8000000e+01   3.4733484e+00
   1.1869324e+01   2.8000000e+01   3.4733484e+00
   1.1879324e+01   2.8000000e+01   3.4733484e+00
   1.1889324e+01   2.8000000e+01   3.4733484e+00
   1.1899324e+01   2.8000000e+01   3.4733484e+00
   1.1909324e+01   2.8000000e+01   3.4733484e+00
   1.1919324e+01   2.8000000e+01   3.4733484e+00
   1.1929324e+01   2.8000000e+01   3.4733484e+00
   1.1939324e+01   2.8000000e+01   3.4733484e+00
   1.1949324e+01   2.8000000e+01   3.4733484e+00
   1.1959324e+01   2.8000000e+01   3.4733484e+00
   1.1969324e+01   2.8000000e+01   3.4733484e+00
   1.1979324e+01   2.8000000e+01   3.4733484e+00
   1.1989324e+01   2.8000000e+01   3.4733484e+00
   1.1999324e+01   2.8000000e+01   3.4733484e+00
   1.2009324e+01   2.8000000e+01   3.4733484e+00
   1.2019324e+01   2.8000000e+01   3.4733484e+00
   1.2029324e+01   2.8000000e+01   3.4733484e+00
   1.2039324e+01   2.8000000e+01   3.4733484e+00
   1.2049324e+01   2.8000000e+01   3.4733484e+00
   1.2059324e+01   2.8000000e+01   3.4733484e+00
   1.2069324e+01   2.8000000e+01   3.4733484e+00
   1.2079324e+01   2.8000000e+01   3.4733484e+00
   1.2089324e+01   2.8000000e+01   3.4733484e+00
   1.2099324e+01   2.8000000e+01   3.4733484e+00
   1.2109324e+01   2.8000000e+01   3.4733484e+00
   1.2119324e+01   2.8000000e+01   3.4733484e+00
   1.2129324e+01   2.8000000e+01   3.4733484e+00
   1.2139324e+01   2.8000000e+01   3.4733484e+00
   1.2149324e+01   2.8000000e+01   3.4733484e+00
   1.2159324e+01   2.8000000e+01   3.4733484e+00
   1.2169324e+01   2.8000000e+01   3.4733484e+00
   1.2170439e+01   2.8000000e+01   3.4733484e+00
   1.2170439e+01   2.9000000e+01   3.5020688e+00
   1.2170439e+01   2.9000000e+01   3.5020688e+00
   1.2180439e+01   2.9000000e+01   3.5020688e+00
   1.2190439e+01   2.9000000e+01   3.5020688e+00
   1.2200439e+01   2.9000000e+01   3.5020688e+00
   1.2210439e+01   2.9000000e+01   3.5020688e+00
   1.2220439e+01   2.9000000e+01   3.5020688e+00
   1.2230439e+01   2.9000000e+01   3.5020688e+00
   1.2240439e+01   2.9000000e+01   3.5020688e+00
   1.2250439e+01   2.9000000e+01   3.5020688e+00
   1.2260439e+01   2.9000000e+01   3.5020688e+00
   1.2270439e+01   2.9000000e+01   3.5020688e+00
   1.2280439e+01   2.9000000e+01   3.5020688e+00
   1.2290439e+01   2.9000000e+01   3.5020688e+00
   1.2300439e+01   2.9000000e+01   3.5020688e+00
   1.2310439e+01   2.9000000e+01   3.5020688e+00
   1.2320439e+01   2.9000000e+01   3.5020688e+00
   1.2330439e+01   2.9000000e+01   3.5020688e+00
   1.2340439e+01   2.9000000e+01   3.5020688e+00
   1.2350439e+01   2.9000000e+01   3.5020688e+00
   1.2360439e+01   2.9000000e+01   3.5020688e+00
   1.2370439e+01   2.9000000e+01   3.5020688e+00
   1.2380439e+01   2.9000000e+01   3.5020688e+00
   1.2390439e+01   2.9000000e+01   3.5020688e+00
   1.2400439e+01   2.9000000e+01   3.5020688e+00
   1.2410439e+01   2.9000000e+01   3.5020688e+00
   1.2420439e+01   2.9000000e+01   3.5020688e+00
   1.2430439e+01   2.9000000e+01   3.5020688e+00
   1.2440439e+01   2.9000000e+01   3.5020688e+00
   1.2450439e+01   2.9000000e+01   3.5020688e+00
   1.2460439e+01   2.9000000e+01   3.5020688e+00
   1.2470439e+01   2.9000000e+01   3.5020688e+00
   1.2480439e+01   2.9000000e+01   3.5020688e+00
   1.2490439e+01   2.9000000e+01   3.5020688e+00
   1.2500439e+01   2.9000000e+01   3.5020688e+00
   1.2510439e+01   2.9000000e+01   3.5020688e+00
   1.2520439e+01   2.9000000e+01   3.5020688e+00
   1.2530439e+01   2.9000000e+01   3.5020688e+00
   1.2540439e+01   2.9000000e+01   3.5020688e+00
   1.2550439e+01   2.9000000e+01   3.5020688e+00
   1.2560439e+01   2.9000000e+01   3.5020688e+00
   1.2570439e+01   2.9000000e+01   3.5020688e+00
   1.2580439e+01   2.9000000e+01   3.5020688e+00
   1.2590439e+01   2.9000000e+01   3.5020688e+00
   1.2600439e+01   2.9000000e+01   3.5020688e+00
   1.2610439e+01   2.9000000e+01   3.5020688e+00
   1.2620439e+01   2.9000000e+01   3.5020688e+00
   1.2630439e+01   2.9000000e+01   3.5020688e+00
   1.2640439e+01   2.9000000e+01   3.5020688e+00
   1.2650439e+01   2.9000000e+01   3.5020688e+00
   1.2660439e+01   2.9000000e+01   3.5020688e+00
   1.2670439e+01   2.9000000e+01   3.5020688e+00
   1.2680439e+01   2.9000000e+01   3.5020688e+00
   1.2690439e+01   2.9000000e+01   3.5020688e+00
   1.2700439e+01   2.9000000e+01   3.5020688e+00
   1.2710439e+01   2.9000000e+01   3.5020688e+00
   1.2720439e+01   2.9000000e+01   3.5020688e+00
   1.2730439e+01   2.9000000e+01   3.5020688e+00
   1.2740439e+01   2.9000000e+01   3.5020688e+00
   1.2750439e+01   2.9000000e+01   3.5020688e+00
   1.2760439e+01   2.9000000e+01   3.5020688e+00
   1.2770439e+01   2.9000000e+01   3.5020688e+00
   1.2780439e+01   2.9000000e+01   3.5020688e+00
   1.2790439e+01   2.9000000e+01   3.5020688e+00
   1.2800439e+01   2.9000000e+01   3.5020688e+00
   1.2810439e+01   2.9000000e+01   3.5020688e+00
   1.2820439e+01   2.9000000e+01   3.5020688e+00
   1.2830439e+01   2.9000000e+01   3.5020688e+00
   1.2840439e+01   2.9000000e+01   3.5020688e+00
   1.2850439e+01   2.9000000e+01   3.5020688e+00
   1.2860439e+01   2.9000000e+01   3.5020688e+00
   1.2870439e+01   2.9000000e+01   3.5020688e+00
   1.2880439e+01   2.9000000e+01   3.5020688e+00
   1.2890439e+01   2.9000000e+01   3.5020688e+00
   1.2900439e+01   2.9000000e+01   3.5020688e+00
   1.2910439e+01   2.9000000e+01   3.5020688e+00
   1.2920439e+01   2.9000000e+01   3.5020688e+00
   1.2930439e+01   2.9000000e+01   3.5020688e+00
   1.2930826e+01   2.9000000e+01   3.5020688e+00
   1.2930826e+01   3.0000000e+01   3.5272126e+00
   1.2930826e+01   3.0000000e+01   3.5272126e+00
   1.2940826e+01   3.0000000e+01   3.5272126e+00
   1.2950826e+01   3.0000000e+01   3.5272126e+00
   1.2960826e+01   3.0000000e+01   3.5272126e+00
   1.2970826e+01   3.0000000e+01   3.5272126e+00
   1.2980826e+01   3.0000000e+01   3.5272126e+00
   1.2990826e+01   3.0000000e+01   3.5272126e+00
   1.3000826e+01   3.0000000e+01   3.5272126e+00
   1.3010826e+01   3.0000000e+01   3.5272126e+00
   1.3020826e+01   3.0000000e+01   3.5272126e+00
   1.3030826e+01   3.0000000e+01   3.5272126e+00
   1.3040826e+01   3.0000000e+01   3.5272126e+00
   1.3050826e+01   3.0000000e+01   3.5272126e+00
   1.3060826e+01   3.0000000e+01   3.5272126e+00
   1.3070826e+01   3.0000000e+01   3.5272126e+00
   1.3080826e+01   3.0000000e+01   3.5272126e+00
   1.3090826e+01   3.0000000e+01   3.5272126e+00
   1.3100826e+01   3.0000000e+01   3.5272126e+00
   1.3110826e+01   3.0000000e+01   3.5272126e+00
   1.3120826e+01   3.0000000e+01   3.5272126e+00
   1.3130826e+01   3.0000000e+01   3.5272126e+00
   1.3140826e+01   3.0000000e+01   3.5272126e+00
   1.3150826e+01   3.0000000e+01   3.5272126e+00
   1.3160826e+01   3.0000000e+01   3.5272126e+00
   1.3170826e+01   3.0000000e+01   3.5272126e+00
   1.3180826e+01   3.0000000e+01   3.5272126e+00
   1.3190826e+01   3.0000000e+01   3.5272126e+00
   1.3200826e+01   3.0000000e+01   3.5272126e+00
   1.3210826e+01   3.0000000e+01   3.5272126e+00
   1.3220826e+01   3.0000000e+01   3.5272126e+00
   1.3230826e+01   3.0000000e+01   3.5272126e+00
   1.3240826e+01   3.0000000e+01   3.5272126e+00
   1.3250826e+01   3.0000000e+01   3.5272126e+00
   1.3260826e+01   3.0000000e+01   3.5272126e+00
   1.3270826e+01   3.0000000e+01   3.5272126e+00
   1.3280826e+01   3.0000000e+01   3.5272126e+00
   1.3290826e+01   3.0000000e+01   3.5272126e+00
   1.3300826e+01   3.0000000e+01   3.5272126e+00
   1.3310826e+01   3.0000000e+01   3.5272126e+00
   1.3320826e+01   3.0000000e+01   3.5272126e+00
   1.3330826e+01   3.0000000e+01   3.5272126e+00
   1.3340826e+01   3.0000000e+01   3.5272126e+00
   1.3350826e+01   3.0000000e+01   3.5272126e+00
   1.3360826e+01   3.0000000e+01   3.5272126e+00
   1.3370826e+01   3.0000000e+01   3.5272126e+00
   1.3380826e+01   3.0000000e+01   3.5272126e+00
   1.3390826e+01   3.0000000e+01   3.5272126e+00
   1.3400826e+01   3.0000000e+01   3.5272126e+00
   1.3410826e+01   3.0000000e+01   3.5272126e+00
   1.3420826e+01   3.0000000e+01   3.5272126e+00
   1.3430826e+01   3.0000000e+01   3.5272126e+00
   1.3440826e+01   3.0000000e+01   3.5272126e+00
   1.3450826e+01   3.0000000e+01   3.5272126e+00
   1.3460826e+01   3.0000000e+01   3.5272126e+00
   1.3470826e+01   3.0000000e+01   3.5272126e+00
   1.3480826e+01   3.0000000e+01   3.5272126e+00
   1.3490826e+01   3.0000000e+01   3.5272126e+00
   1.3500826e+01   3.0000000e+01   3.5272126e+00
   1.3510826e+01   3.0000000e+01   3.5272126e+00
   1.3520826e+01   3.0000000e+01   3.5272126e+00
   1.3530826e+01   3.0000000e+01   3.5272126e+00
   1.3540826e+01   3.0000000e+01   3.5272126e+00
   1.3550826e+01   3.0000000e+01   3.5272126e+00
   1.3560826e+01   3.0000000e+01   3.5272126e+00
   1.3570826e+01   3.0000000e+01   3.5272126e+00
   1.3580826e+01   3.0000000e+01   3.5272126e+00
   1.3590826e+01   3.0000000e+01   3.5272126e+00
   1.3600826e+01   3.0000000e+01   3.5272126e+00
   1.3610826e+01   3.0000000e+01   3.5272126e+00
   1.3620826e+01   3.0000000e+01   3.5272126e+00
   1.3630826e+01   3.0000000e+01   3.5272126e+00
   1.3640826e+01   3.0000000e+01   3.5272126e+00
   1.3650826e+01   3.0000000e+01   3.5272126e+00
   1.3660826e+01   3.0000000e+01   3.5272126e+00
   1.3670826e+01   3.0000000e+01   3.5272126e+00
   1.3680826e+01   3.0000000e+01   3.5272126e+00
   1.3690826e+01   3.0000000e+01   3.5272126e+00
   1.3700826e+01   3.0000000e+01   3.5272126e+00
   1.3710197e+01   3.0000000e+01   3.5272126e+00
   1.3710197e+01   3.1000000e+01   3.5488687e+00
   1.3710197e+01   3.1000000e+01   3.5488687e+00
   1.3720197e+01   3.1000000e+01   3.5488687e+00
   1.3730197e+01   3.1000000e+01   3.5488687e+00
   1.3740197e+01   3.1000000e+01   3.5488687e+00
   1.3750197e+01   3.1000000e+01   3.5488687e+00
   1.3760197e+01   3.1000000e+01   3.5488687e+00
   1.3770197e+01   3.1000000e+01   3.5488687e+00
   1.3780197e+01   3.1000000e+01   3.5488687e+00
   1.3790197e+01   3.1000000e+01   3.5488687e+00
   1.3800197e+01   3.1000000e+01   3.5488687e+00
   1.3810197e+01   3.1000000e+01   3.5488687e+00
   1.3820197e+01   3.1000000e+01   3.5488687e+00
   1.3830197e+01   3.1000000e+01   3.5488687e+00
   1.3840197e+01   3.1000000e+01   3.5488687e+00
   1.3850197e+01   3.1000000e+01   3.5488687e+00
   1.3860197e+01   3.1000000e+01   3.5488687e+00
   1.3870197e+01   3.1000000e+01   3.5488687e+00
   1.3880197e+01   3.1000000e+01   3.5488687e+00
   1.3890197e+01   3.1000000e+01   3.5488687e+00
   1.3900197e+01   3.1000000e+01   3.5488687e+00
   1.3910197e+01   3.1000000e+01   3.5488687e+00
   1.3920197e+01   3.1000000e+01   3.5488687e+00
   1.3930197e+01   3.1000000e+01   3.5488687e+00
   1.3940197e+01   3.1000000e+01   3.5488687e+00
   1.3950197e+01   3.1000000e+01   3.5488687e+00
   1.3960197e+01   3.1000000e+01   3.5488687e+00
   1.3970197e+01   3.1000000e+01   3.5488687e+00
   1.3980197e+01   3.1000000e+01   3.5488687e+00
   1.3990197e+01   3.1000000e+01   3.5488687e+00
   1.4000197e+01   3.1000000e+01   3.5488687e+00
   1.4010197e+01   3.1000000e+01   3.5488687e+00
   1.4020197e+01   3.1000000e+01   3.5488687e+00
   1.4030197e+01   3.1000000e+01   3.5488687e+00
   1.4040197e+01   3.1000000e+01   3.5488687e+00
   1.4050197e+01   3.1000000e+01   3.5488687e+00
   1.4060197e+01   3.1000000e+01   3.5488687e+00
   1.4070197e+01   3.1000000e+01   3.5488687e+00
   1.4080197e+01   3.1000000e+01   3.5488687e+00
   1.4090197e+01   3.1000000e+01   3.5488687e+00
   1.4100197e+01   3.1000000e+01   3.5488687e+00
   1.4110197e+01   3.1000000e+01   3.5488687e+00
   1.4120197e+01   3.1000000e+01   3.5488687e+00
   1.4130197e+01   3.1000000e+01   3.5488687e+00
   1.4140197e+01   3.1000000e+01   3.5488687e+00
   1.4150197e+01   3.1000000e+01   3.5488687e+00
   1.4160197e+01   3.1000000e+01   3.5488687e+00
   1.4170197e+01   3.1000000e+01   3.5488687e+00
   1.4180197e+01   3.1000000e+01   3.5488687e+00
   1.4190197e+01   3.1000000e+01   3.5488687e+00
   1.4200197e+01   3.1000000e+01   3.5488687e+00
   1.4210197e+01   3.1000000e+01   3.5488687e+00
   1.4220197e+01   3.1000000e+01   3.5488687e+00
   1.4230197e+01   3.1000000e+01   3.5488687e+00
   1.4240197e+01   3.1000000e+01   3.5488687e+00
   1.4250197e+01   3.1000000e+01   3.5488687e+00
   1.4260197e+01   3.1000000e+01   3.5488687e+00
   1.4270197e+01   3.1000000e+01   3.5488687e+00
   1.4280197e+01   3.1000000e+01   3.5488687e+00
   1.4290197e+01   3.1000000e+01   3.5488687e+00
   1.4300197e+01   3.1000000e+01   3.5488687e+00
   1.4310197e+01   3.1000000e+01   3.5488687e+00
   1.4320197e+01   3.1000000e+01   3.5488687e+00
   1.4330197e+01   3.1000000e+01   3.5488687e+00
   1.4340197e+01   3.1000000e+01   3.5488687e+00
   1.4350197e+01   3.1000000e+01   3.5488687e+00
   1.4360197e+01   3.1000000e+01   3.5488687e+00
   1.4370197e+01   3.1000000e+01   3.5488687e+00
   1.4380197e+01   3.1000000e+01   3.5488687e+00
   1.4390197e+01   3.1000000e+01   3.5488687e+00
   1.4400197e+01   3.1000000e+01   3.5488687e+00
   1.4410197e+01   3.1000000e+01   3.5488687e+00
   1.4420197e+01   3.1000000e+01   3.5488687e+00
   1.4430197e+01   3.1000000e+01   3.5488687e+00
   1.4440197e+01   3.1000000e+01   3.5488687e+00
   1.4450197e+01   3.1000000e+01   3.5488687e+00
   1.4460197e+01   3.1000000e+01   3.5488687e+00
   1.4470197e+01   3.1000000e+01   3.5488687e+00
   1.4480197e+01   3.1000000e+01   3.5488687e+00
   1.4490197e+01   3.1000000e+01   3.5488687e+00
   1.4500197e+01   3.1000000e+01   3.5488687e+00
   1.4508265e+01   3.1000000e+01   3.5488687e+00
   1.4508265e+01   3.2000000e+01   3.5671181e+00
   1.4508265e+01   3.2000000e+01   3.5671181e+00
   1.4518265e+01   3.2000000e+01   3.5671181e+00
   1.4528265e+01   3.2000000e+01   3.5671181e+00
   1.4538265e+01   3.2000000e+01   3.5671181e+00
   1.4548265e+01   3.2000000e+01   3.5671181e+00
   1.4558265e+01   3.2000000e+01   3.5671181e+00
   1.4568265e+01   3.2000000e+01   3.5671181e+00
   1.4578265e+01   3.2000000e+01   3.5671181e+00
   1.4588265e+01   3.2000000e+01   3.5671181e+00
   1.4598265e+01   3.2000000e+01   3.5671181e+00
   1.4608265e+01   3.2000000e+01   3.5671181e+00
   1.4618265e+01   3.2000000e+01   3.5671181e+00
   1.4628265e+01   3.2000000e+01   3.5671181e+00
   1.4638265e+01   3.2000000e+01   3.5671181e+00
   1.4648265e+01   3.2000000e+01   3.5671181e+00
   1.4658265e+01   3.2000000e+01   3.5671181e+00
   1.4668265e+01   3.2000000e+01   3.5671181e+00
   1.4678265e+01   3.2000000e+01   3.5671181e+00
   1.4688265e+01   3.2000000e+01   3.5671181e+00
   1.4698265e+01   3.2000000e+01   3.5671181e+00
   1.4708265e+01   3.2000000e+01   3.5671181e+00
   1.4718265e+01   3.2000000e+01   3.5671181e+00
   1.4728265e+01   3.2000000e+01   3.5671181e+00
   1.4738265e+01   3.2000000e+01   3.5671181e+00
   1.4748265e+01   3.2000000e+01   3.5671181e+00
   1.4758265e+01   3.2000000e+01   3.5671181e+00
   1.4768265e+01   3.2000000e+01   3.5671181e+00
   1.4778265e+01   3.2000000e+01   3.5671181e+00
   1.4788265e+01   3.2000000e+01   3.5671181e+00
   1.4798265e+01   3.2000000e+01   3.5671181e+00
   1.4808265e+01   3.2000000e+01   3.5671181e+00
   1.4818265e+01   3.2000000e+01   3.5671181e+00
   1.4828265e+01   3.2000000e+01   3.5671181e+00
   1.4838265e+01   3.2000000e+01   3.5671181e+00
   1.4848265e+01   3.2000000e+01   3.5671181e+00
   1.4858265e+01   3.2000000e+01   3.5671181e+00
   1.4868265e+01   3.2000000e+01   3.5671181e+00
   1.4878265e+01   3.2000000e+01   3.5671181e+00
   1.4888265e+01   3.2000000e+01   3.5671181e+00
   1.4898265e+01   3.2000000e+01   3.5671181e+00
   1.4908265e+01   3.2000000e+01   3.5671181e+00
   1.4918265e+01   3.2000000e+01   3.5671181e+00
   1.4928265e+01   3.2000000e+01   3.5671181e+00
   1.4938265e+01   3.2000000e+01   3.5671181e+00
   1.4948265e+01   3.2000000e+01   3.5671181e+00
   1.4958265e+01   3.2000000e+01   3.5671181e+00
   1.4968265e+01   3.2000000e+01   3.5671181e+00
   1.4978265e+01   3.2000000e+01   3.5671181e+00
   1.4988265e+01   3.2000000e+01   3.5671181e+00
   1.4998265e+01   3.2000000e+01   3.5671181e+00
   1.5008265e+01   3.2000000e+01   3.5671181e+00
   1.5018265e+01   3.2000000e+01   3.5671181e+00
   1.5028265e+01   3.2000000e+01   3.5671181e+00
   1.5038265e+01   3.2000000e+01   3.5671181e+00
   1.5048265e+01   3.2000000e+01   3.5671181e+00
   1.5058265e+01   3.2000000e+01   3.5671181e+00
   1.5068265e+01   3.2000000e+01   3.5671181e+00
   1.5078265e+01   3.2000000e+01   3.5671181e+00
   1.5088265e+01   3.2000000e+01   3.5671181e+00
   1.5098265e+01   3.2000000e+01   3.5671181e+00
   1.5108265e+01   3.2000000e+01   3.5671181e+00
   1.5118265e+01   3.2000000e+01   3.5671181e+00
   1.5128265e+01   3.2000000e+01   3.5671181e+00
   1.5138265e+01   3.2000000e+01   3.5671181e+00
   1.5148265e+01   3.2000000e+01   3.5671181e+00
   1.5158265e+01   3.2000000e+01   3.5671181e+00
   1.5168265e+01   3.2000000e+01   3.5671181e+00
   1.5178265e+01   3.2000000e+01   3.5671181e+00
   1.5188265e+01   3.2000000e+01   3.5671181e+00
   1.5198265e+01   3.2000000e+01   3.5671181e+00
   1.5208265e+01   3.2000000e+01   3.5671181e+00
   1.5218265e+01   3.2000000e+01   3.5671181e+00
   1.5228265e+01   3.2000000e+01   3.5671181e+00
   1.5238265e+01   3.2000000e+01   3.5671181e+00
   1.5248265e+01   3.2000000e+01   3.5671181e+00
   1.5258265e+01   3.2000000e+01   3.5671181e+00
   1.5268265e+01   3.2000000e+01   3.5671181e+00
   1.5278265e+01   3.2000000e+01   3.5671181e+00
   1.5288265e+01   3.2000000e+01   3.5671181e+00
   1.5298265e+01   3.2000000e+01   3.5671181e+00
   1.5308265e+01   3.2000000e+01   3.5671181e+00
   1.5318265e+01   3.2000000e+01   3.5671181e+00
   1.5324750e+01   3.2000000e+01   3.5671181e+00
   1.5324750e+01   3.3000000e+01   3.5820346e+00
   1.5324750e+01   3.3000000e+01   3.5820346e+00
   1.5334750e+01   3.3000000e+01   3.5820346e+00
   1.5344750e+01   3.3000000e+01   3.5820346e+00
   1.5354750e+01   3.3000000e+01   3.5820346e+00
   1.5364750e+01   3.3000000e+01   3.5820346e+00
   1.5374750e+01   3.3000000e+01   3.5820346e+00
   1.5384750e+01   3.3000000e+01   3.5820346e+00
   1.5394750e+01   3.3000000e+01   3.5820346e+00
   1.5404750e+01   3.3000000e+01   3.5820346e+00
   1.5414750e+01   3.3000000e+01   3.5820346e+00
   1.5424750e+01   3.3000000e+01   3.5820346e+00
   1.5434750e+01   3.3000000e+01   3.5820346e+00
   1.5444750e+01   3.3000000e+01   3.5820346e+00
   1.5454750e+01   3.3000000e+01   3.5820346e+00
   1.5464750e+01   3.3000000e+01   3.5820346e+00
   1.5474750e+01   3.3000000e+01   3.5820346e+00
   1.5484750e+01   3.3000000e+01   3.5820346e+00
   1.5494750e+01   3.3000000e+01   3.5820346e+00
   1.5504750e+01   3.3000000e+01   3.5820346e+00
   1.5514750e+01   3.3000000e+01   3.5820346e+00
   1.5524750e+01   3.3000000e+01   3.5820346e+00
   1.5534750e+01   3.3000000e+01   3.5820346e+00
   1.5544750e+01   3.3000000e+01   3.5820346e+00
   1.5554750e+01   3.3000000e+01   3.5820346e+00
   1.5564750e+01   3.3000000e+01   3.5820346e+00
   1.5574750e+01   3.3000000e+01   3.5820346e+00
   1.5584750e+01   3.3000000e+01   3.5820346e+00
   1.5594750e+01   3.3000000e+01   3.5820346e+00
   1.5604750e+01   3.3000000e+01   3.5820346e+00
   1.5614750e+01   3.3000000e+01   3.5820346e+00
   1.5624750e+01   3.3000000e+01   3.5820346e+00
   1.5634750e+01   3.3000000e+01   3.5820346e+00
   1.5644750e+01   3.3000000e+01   3.5820346e+00
   1.5654750e+01   3.3000000e+01   3.5820346e+00
   1.5664750e+01   3.3000000e+01   3.5820346e+00
   1.5674750e+01   3.3000000e+01   3.5820346e+00
   1.5684750e+01   3.3000000e+01   3.5820346e+00
   1.5694750e+01   3.3000000e+01   3.5820346e+00
   1.5704750e+01   3.3000000e+01   3.5820346e+00
   1.5714750e+01   3.3000000e+01   3.5820346e+00
   1.5724750e+01   3.3000000e+01   3.5820346e+00
   1.5734750e+01   3.3000000e+01   3.5820346e+00
   1.5744750e+01   3.3000000e+01   3.5820346e+00
   1.5754750e+01   3.3000000e+01   3.5820346e+00
   1.5764750e+01   3.3000000e+01   3.5820346e+00
   1.5774750e+01   3.3000000e+01   3.5820346e+00
   1.5784750e+01   3.3000000e+01   3.5820346e+00
   1.5794750e+01   3.3000000e+01   3.5820346e+00
   1.5804750e+01   3.3000000e+01   3.5820346e+00
   1.5814750e+01   3.3000000e+01   3.5820346e+00
   1.5824750e+01   3.3000000e+01   3.5820346e+00
   1.5834750e+01   3.3000000e+01   3.5820346e+00
   1.5844750e+01   3.3000000e+01   3.5820346e+00
   1.5854750e+01   3.3000000e+01   3.5820346e+00
   1.5864750e+01   3.3000000e+01   3.5820346e+00
   1.5874750e+01   3.3000000e+01   3.5820346e+00
   1.5884750e+01   3.3000000e+01   3.5820346e+00
   1.5894750e+01   3.3000000e+01   3.5820346e+00
   1.5904750e+01   3.3000000e+01   3.5820346e+00
   1.5914750e+01   3.3000000e+01   3.5820346e+00
   1.5924750e+01   3.3000000e+01   3.5820346e+00
   1.5934750e+01   3.3000000e+01   3.5820346e+00
   1.5944750e+01   3.3000000e+01   3.5820346e+00
   1.5954750e+01   3.3000000e+01   3.5820346e+00
   1.5964750e+01   3.3000000e+01   3.5820346e+00
   1.5974750e+01   3.3000000e+01   3.5820346e+00
   1.5984750e+01   3.3000000e+01   3.5820346e+00
   1.5994750e+01   3.3000000e+01   3.5820346e+00
   1.6004750e+01   3.3000000e+01   3.5820346e+00
   1.6014750e+01   3.3000000e+01   3.5820346e+00
   1.6024750e+01   3.3000000e+01   3.5820346e+00
   1.6034750e+01   3.3000000e+01   3.5820346e+00
   1.6044750e+01   3.3000000e+01   3.5820346e+00
   1.6054750e+01   3.3000000e+01   3.5820346e+00
   1.6064750e+01   3.3000000e+01   3.5820346e+00
   1.6074750e+01   3.3000000e+01   3.5820346e+00
   1.6084750e+01   3.3000000e+01   3.5820346e+00
   1.6094750e+01   3.3000000e+01   3.5820346e+00
   1.6104750e+01   3.3000000e+01   3.5820346e+00
   1.6114750e+01   3.3000000e+01   3.5820346e+00
   1.6124750e+01   3.3000000e+01   3.5820346e+00
   1.6134750e+01   3.3000000e+01   3.5820346e+00
   1.6144750e+01   3.3000000e+01   3.5820346e+00
   1.6154750e+01   3.3000000e+01   3.5820346e+00
   1.6159375e+01   3.3000000e+01   3.5820346e+00
   1.6159375e+01   3.4000000e+01   3.5936860e+00
   1.6159375e+01   3.4000000e+01   3.5936860e+00
   1.6169375e+01   3.4000000e+01   3.5936860e+00
   1.6179375e+01   3.4000000e+01   3.5936860e+00
   1.6189375e+01   3.4000000e+01   3.5936860e+00
   1.6199375e+01   3.4000000e+01   3.5936860e+00
   1.6209375e+01   3.4000000e+01   3.5936860e+00
   1.6219375e+01   3.4000000e+01   3.5936860e+00
   1.6229375e+01   3.4000000e+01   3.5936860e+00
   1.6239375e+01   3.4000000e+01   3.5936860e+00
   1.6249375e+01   3.4000000e+01   3.5936860e+00
   1.6259375e+01   3.4000000e+01   3.5936860e+00
   1.6269375e+01   3.4000000e+01   3.5936860e+00
   1.6279375e+01   3.4000000e+01   3.5936860e+00
   1.6289375e+01   3.4000000e+01   3.5936860e+00
   1.6299375e+01   3.4000000e+01   3.5936860e+00
   1.6309375e+01   3.4000000e+01   3.5936860e+00
   1.6319375e+01   3.4000000e+01   3.5936860e+00
   1.6329375e+01   3.4000000e+01   3.5936860e+00
   1.6339375e+01   3.4000000e+01   3.5936860e+00
   1.6349375e+01   3.4000000e+01   3.5936860e+00
   1.6359375e+01   3.4000000e+01   3.5936860e+00
   1.6369375e+01   3.4000000e+01   3.5936860e+00
   1.6379375e+01   3.4000000e+01   3.5936860e+00
   1.6389375e+01   3.4000000e+01   3.5936860e+00
   1.6399375e+01   3.4000000e+01   3.5936860e+00
   1.6409375e+01   3.4000000e+01   3.5936860e+00
   1.6419375e+01   3.4000000e+01   3.5936860e+00
   1.6429375e+01   3.4000000e+01   3.5936860e+00
   1.6439375e+01   3.4000000e+01   3.5936860e+00
   1.6449375e+01   3.4000000e+01   3.5936860e+00
   1.6459375e+01   3.4000000e+01   3.5936860e+00
   1.6469375e+01   3.4000000e+01   3.5936860e+00
   1.6479375e+01   3.4000000e+01   3.5936860e+00
   1.6489375e+01   3.4000000e+01   3.5936860e+00
   1.6499375e+01   3.4000000e+01   3.5936860e+00
   1.6509375e+01   3.4000000e+01   3.5936860e+00
   1.6519375e+01   3.4000000e+01   3.5936860e+00
   1.6529375e+01   3.4000000e+01   3.5936860e+00
   1.6539375e+01   3.4000000e+01   3.5936860e+00
   1.6549375e+01   3.4000000e+01   3.5936860e+00
   1.6559375e+01   3.4000000e+01   3.5936860e+00
   1.6569375e+01   3.4000000e+01   3.5936860e+00
   1.6579375e+01   3.4000000e+01   3.5936860e+00
   1.6589375e+01   3.4000000e+01   3.5936860e+00
   1.6599375e+01   3.4000000e+01   3.5936860e+00
   1.6609375e+01   3.4000000e+01   3.5936860e+00
   1.6619375e+01   3.4000000e+01   3.5936860e+00
   1.6629375e+01   3.4000000e+01   3.5936860e+00
   1.6639375e+01   3.4000000e+01   3.5936860e+00
   1.6649375e+01   3.4000000e+01   3.5936860e+00
   1.6659375e+01   3.4000000e+01   3.5936860e+00
   1.6669375e+01   3.4000000e+01   3.5936860e+00
   1.6679375e+01   3.4000000e+01   3.5936860e+00
   1.6689375e+01   3.4000000e+01   3.5936860e+00
   1.6699375e+01   3.4000000e+01   3.5936860e+00
   1.6709375e+01   3.4000000e+01   3.5936860e+00
   1.6719375e+01   3.4000000e+01   3.5936860e+00
   1.6729375e+01   3.4000000e+01   3.5936860e+00
   1.6739375e+01   3.4000000e+01   3.5936860e+00
   1.6749375e+01   3.4000000e+01   3.5936860e+00
   1.6759375e+01   3.4000000e+01   3.5936860e+00
   1.6769375e+01   3.4000000e+01   3.5936860e+00
   1.6779375e+01   3.4000000e+01   3.5936860e+00
   1.6789375e+01   3.4000000e+01   3.5936860e+00
   1.6799375e+01   3.4000000e+01   3.5936860e+00
   1.6809375e+01   3.4000000e+01   3.5936860e+00
   1.6819375e+01   3.4000000e+01   3.5936860e+00
   1.6829375e+01   3.4000000e+01   3.5936860e+00
   1.6839375e+01   3.4000000e+01   3.5936860e+00
   1.6849375e+01   3.4000000e+01   3.5936860e+00
   1.6859375e+01   3.4000000e+01   3.5936860e+00
   1.6869375e+01   3.4000000e+01   3.5936860e+00
   1.6879375e+01   3.4000000e+01   3.5936860e+00
   1.6889375e+01   3.4000000e+01   3.5936860e+00
   1.6899375e+01   3.4000000e+01   3.5936860e+00
   1.6909375e+01   3.4000000e+01   3.5936860e+00
   1.6919375e+01   3.4000000e+01   3.5936860e+00
   1.6929375e+01   3.4000000e+01   3.5936860e+00
   1.6939375e+01   3.4000000e+01   3.5936860e+00
   1.6949375e+01   3.4000000e+01   3.5936860e+00
   1.6959375e+01   3.4000000e+01   3.5936860e+00
   1.6969375e+01   3.4000000e+01   3.5936860e+00
   1.6979375e+01   3.4000000e+01   3.5936860e+00
   1.6989375e+01   3.4000000e+01   3.5936860e+00
   1.6999375e+01   3.4000000e+01   3.5936860e+00
   1.7009375e+01   3.4000000e+01   3.5936860e+00
   1.7011865e+01   3.4000000e+01   3.5936860e+00
   1.7011865e+01   3.5000000e+01   3.6021341e+00
   1.7011865e+01   3.5000000e+01   3.6021341e+00
   1.7021865e+01   3.5000000e+01   3.6021341e+00
   1.7031865e+01   3.5000000e+01   3.6021341e+00
   1.7041865e+01   3.5000000e+01   3.6021341e+00
   1.7051865e+01   3.5000000e+01   3.6021341e+00
   1.7061865e+01   3.5000000e+01   3.6021341e+00
   1.7071865e+01   3.5000000e+01   3.6021341e+00
   1.7081865e+01   3.5000000e+01   3.6021341e+00
   1.7091865e+01   3.5000000e+01   3.6021341e+00
   1.7101865e+01   3.5000000e+01   3.6021341e+00
   1.7111865e+01   3.5000000e+01   3.6021341e+00
   1.7121865e+01   3.5000000e+01   3.6021341e+00
   1.7131865e+01   3.5000000e+01   3.6021341e+00
   1.7141865e+01   3.5000000e+01   3.6021341e+00
   1.7151865e+01   3.5000000e+01   3.6021341e+00
   1.7161865e+01   3.5000000e+01   3.6021341e+00
   1.7171865e+01   3.5000000e+01   3.6021341e+00
   1.7181865e+01   3.5000000e+01   3.6021341e+00
   1.7191865e+01   3.5000000e+01   3.6021341e+00
   1.7201865e+01   3.5000000e+01   3.6021341e+00
   1.7211865e+01   3.5000000e+01   3.6021341e+00
   1.7221865e+01   3.5000000e+01   3.6021341e+00
   1.7231865e+01   3.5000000e+01   3.6021341e+00
   1.7241865e+01   3.5000000e+01   3.6021341e+00
   1.7251865e+01   3.5000000e+01   3.6021341e+00
   1.7261865e+01   3.5000000e+01   3.6021341e+00
   1.7271865e+01   3.5000000e+01   3.6021341e+00
   1.7281865e+01   3.5000000e+01   3.6021341e+00
   1.7291865e+01   3.5000000e+01   3.6021341e+00
   1.7301865e+01   3.5000000e+01   3.6021341e+00
   1.7311865e+01   3.5000000e+01   3.6021341e+00
   1.7321865e+01   3.5000000e+01   3.6021341e+00
   1.7331865e+01   3.5000000e+01   3.6021341e+00
   1.7341865e+01   3.5000000e+01   3.6021341e+00
   1.7351865e+01   3.5000000e+01   3.6021341e+00
   1.7361865e+01   3.5000000e+01   3.6021341e+00
   1.7371865e+01   3.5000000e+01   3.6021341e+00
   1.7381865e+01   3.5000000e+01   3.6021341e+00
   1.7391865e+01   3.5000000e+01   3.6021341e+00
   1.7401865e+01   3.5000000e+01   3.6021341e+00
   1.7411865e+01   3.5000000e+01   3.6021341e+00
   1.7421865e+01   3.5000000e+01   3.6021341e+00
   1.7431865e+01   3.5000000e+01   3.6021341e+00
   1.7441865e+01   3.5000000e+01   3.6021341e+00
   1.7451865e+01   3.5000000e+01   3.6021341e+00
   1.7461865e+01   3.5000000e+01   3.6021341e+00
   1.7471865e+01   3.5000000e+01   3.6021341e+00
   1.7481865e+01   3.5000000e+01   3.6021341e+00
   1.7491865e+01   3.5000000e+01   3.6021341e+00
   1.7501865e+01   3.5000000e+01   3.6021341e+00
   1.7511865e+01   3.5000000e+01   3.6021341e+00
   1.7521865e+01   3.5000000e+01   3.6021341e+00
   1.7531865e+01   3.5000000e+01   3.6021341e+00
   1.7541865e+01   3.5000000e+01   3.6021341e+00
   1.7551865e+01   3.5000000e+01   3.6021341e+00
   1.7561865e+01   3.5000000e+01   3.6021341e+00
   1.7571865e+01   3.5000000e+01   3.6021341e+00
   1.7581865e+01   3.5000000e+01   3.6021341e+00
   1.7591865e+01   3.5000000e+01   3.6021341e+00
   1.7601865e+01   3.5000000e+01   3.6021341e+00
   1.7611865e+01   3.5000000e+01   3.6021341e+00
   1.7621865e+01   3.5000000e+01   3.6021341e+00
   1.7631865e+01   3.5000000e+01   3.6021341e+00
   1.7641865e+01   3.5000000e+01   3.6021341e+00
   1.7651865e+01   3.5000000e+01   3.6021341e+00
   1.7661865e+01   3.5000000e+01   3.6021341e+00
   1.7671865e+01   3.5000000e+01   3.6021341e+00
   1.7681865e+01   3.5000000e+01   3.6021341e+00
   1.7691865e+01   3.5000000e+01   3.6021341e+00
   1.7701865e+01   3.5000000e+01   3.6021341e+00
   1.7711865e+01   3.5000000e+01   3.6021341e+00
   1.7721865e+01   3.5000000e+01   3.6021341e+00
   1.7731865e+01   3.5000000e+01   3.6021341e+00
   1.7741865e+01   3.5000000e+01   3.6021341e+00
   1.7751865e+01   3.5000000e+01   3.6021341e+00
   1.7761865e+01   3.5000000e+01   3.6021341e+00
   1.7771865e+01   3.5000000e+01   3.6021341e+00
   1.7781865e+01   3.5000000e+01   3.6021341e+00
   1.7791865e+01   3.5000000e+01   3.6021341e+00
   1.7801865e+01   3.5000000e+01   3.6021341e+00
   1.7811865e+01   3.5000000e+01   3.6021341e+00
   1.7821865e+01   3.5000000e+01   3.6021341e+00
   1.7831865e+01   3.5000000e+01   3.6021341e+00
   1.7841865e+01   3.5000000e+01   3.6021341e+00
   1.7851865e+01   3.5000000e+01   3.6021341e+00
   1.7861865e+01   3.5000000e+01   3.6021341e+00
   1.7871865e+01   3.5000000e+01   3.6021341e+00
   1.7881865e+01   3.5000000e+01   3.6021341e+00
   1.7881951e+01   3.5000000e+01   3.6021341e+00
   1.7881951e+01   3.6000000e+01   3.6074358e+00
   1.7881951e+01   3.6000000e+01   3.6074358e+00
   1.7891951e+01   3.6000000e+01   3.6074358e+00
   1.7901951e+01   3.6000000e+01   3.6074358e+00
   1.7911951e+01   3.6000000e+01   3.6074358e+00
   1.7921951e+01   3.6000000e+01   3.6074358e+00
   1.7931951e+01   3.6000000e+01   3.6074358e+00
   1.7941951e+01   3.6000000e+01   3.6074358e+00
   1.7951951e+01   3.6000000e+01   3.6074358e+00
   1.7961951e+01   3.6000000e+01   3.6074358e+00
   1.7971951e+01   3.6000000e+01   3.6074358e+00
   1.7981951e+01   3.6000000e+01   3.6074358e+00
   1.7991951e+01   3.6000000e+01   3.6074358e+00
   1.8001951e+01   3.6000000e+01   3.6074358e+00
   1.8011951e+01   3.6000000e+01   3.6074358e+00
   1.8021951e+01   3.6000000e+01   3.6074358e+00
   1.8031951e+01   3.6000000e+01   3.6074358e+00
   1.8041951e+01   3.6000000e+01   3.6074358e+00
   1.8051951e+01   3.6000000e+01   3.6074358e+00
   1.8061951e+01   3.6000000e+01   3.6074358e+00
   1.8071951e+01   3.6000000e+01   3.6074358e+00
   1.8081951e+01   3.6000000e+01   3.6074358e+00
   1.8091951e+01   3.6000000e+01   3.6074358e+00
   1.8101951e+01   3.6000000e+01   3.6074358e+00
   1.8111951e+01   3.6000000e+01   3.6074358e+00
   1.8121951e+01   3.6000000e+01   3.6074358e+00
   1.8131951e+01   3.6000000e+01   3.6074358e+00
   1.8141951e+01   3.6000000e+01   3.6074358e+00
   1.8151951e+01   3.6000000e+01   3.6074358e+00
   1.8161951e+01   3.6000000e+01   3.6074358e+00
   1.8171951e+01   3.6000000e+01   3.6074358e+00
   1.8181951e+01   3.6000000e+01   3.6074358e+00
   1.8191951e+01   3.6000000e+01   3.6074358e+00
   1.8201951e+01   3.6000000e+01   3.6074358e+00
   1.8211951e+01   3.6000000e+01   3.6074358e+00
   1.8221951e+01   3.6000000e+01   3.6074358e+00
   1.8231951e+01   3.6000000e+01   3.6074358e+00
   1.8241951e+01   3.6000000e+01   3.6074358e+00
   1.8251951e+01   3.6000000e+01   3.6074358e+00
   1.8261951e+01   3.6000000e+01   3.6074358e+00
   1.8271951e+01   3.6000000e+01   3.6074358e+00
   1.8281951e+01   3.6000000e+01   3.6074358e+00
   1.8291951e+01   3.6000000e+01   3.6074358e+00
   1.8301951e+01   3.6000000e+01   3.6074358e+00
   1.8311951e+01   3.6000000e+01   3.6074358e+00
   1.8321951e+01   3.6000000e+01   3.6074358e+00
   1.8331951e+01   3.6000000e+01   3.6074358e+00
   1.8341951e+01   3.6000000e+01   3.6074358e+00
   1.8351951e+01   3.6000000e+01   3.6074358e+00
   1.8361951e+01   3.6000000e+01   3.6074358e+00
   1.8371951e+01   3.6000000e+01   3.6074358e+00
   1.8381951e+01   3.6000000e+01   3.6074358e+00
   1.8391951e+01   3.6000000e+01   3.6074358e+00
   1.8401951e+01   3.6000000e+01   3.6074358e+00
   1.8411951e+01   3.6000000e+01   3.6074358e+00
   1.8421951e+01   3.6000000e+01   3.6074358e+00
   1.8431951e+01   3.6000000e+01   3.6074358e+00
   1.8441951e+01   3.6000000e+01   3.6074358e+00
   1.8451951e+01   3.6000000e+01   3.6074358e+00
   1.8461951e+01   3.6000000e+01   3.6074358e+00
   1.8471951e+01   3.6000000e+01   3.6074358e+00
   1.8481951e+01   3.6000000e+01   3.6074358e+00
   1.8491951e+01   3.6000000e+01   3.6074358e+00
   1.8501951e+01   3.6000000e+01   3.6074358e+00
   1.8511951e+01   3.6000000e+01   3.6074358e+00
   1.8521951e+01   3.6000000e+01   3.6074358e+00
   1.8531951e+01   3.6000000e+01   3.6074358e+00
   1.8541951e+01   3.6000000e+01   3.6074358e+00
   1.8551951e+01   3.6000000e+01   3.6074358e+00
   1.8561951e+01   3.6000000e+01   3.6074358e+00
   1.8571951e+01   3.6000000e+01   3.6074358e+00
   1.8581951e+01   3.6000000e+01   3.6074358e+00
   1.8591951e+01   3.6000000e+01   3.6074358e+00
   1.8601951e+01   3.6000000e+01   3.6074358e+00
   1.8611951e+01   3.6000000e+01   3.6074358e+00
   1.8621951e+01   3.6000000e+01   3.6074358e+00
   1.8631951e+01   3.6000000e+01   3.6074358e+00
   1.8641951e+01   3.6000000e+01   3.6074358e+00
   1.8651951e+01   3.6000000e+01   3.6074358e+00
   1.8661951e+01   3.6000000e+01   3.6074358e+00
   1.8671951e+01   3.6000000e+01   3.6074358e+00
   1.8681951e+01   3.6000000e+01   3.6074358e+00
   1.8691951e+01   3.6000000e+01   3.6074358e+00
   1.8701951e+01   3.6000000e+01   3.6074358e+00
   1.8711951e+01   3.6000000e+01   3.6074358e+00
   1.8721951e+01   3.6000000e+01   3.6074358e+00
   1.8731951e+01   3.6000000e+01   3.6074358e+00
   1.8741951e+01   3.6000000e+01   3.6074358e+00
   1.8751951e+01   3.6000000e+01   3.6074358e+00
   1.8761951e+01   3.6000000e+01   3.6074358e+00
   1.8769364e+01   3.6000000e+01   3.6074358e+00
   1.8769364e+01   3.7000000e+01   3.6096432e+00
   1.8769364e+01   3.7000000e+01   3.6096432e+00
   1.8779364e+01   3.7000000e+01   3.6096432e+00
   1.8789364e+01   3.7000000e+01   3.6096432e+00
   1.8799364e+01   3.7000000e+01   3.6096432e+00
   1.8809364e+01   3.7000000e+01   3.6096432e+00
   1.8819364e+01   3.7000000e+01   3.6096432e+00
   1.8829364e+01   3.7000000e+01   3.6096432e+00
   1.8839364e+01   3.7000000e+01   3.6096432e+00
   1.8849364e+01   3.7000000e+01   3.6096432e+00
   1.8859364e+01   3.7000000e+01   3.6096432e+00
   1.8869364e+01   3.7000000e+01   3.6096432e+00
   1.8879364e+01   3.7000000e+01   3.6096432e+00
   1.8889364e+01   3.7000000e+01   3.6096432e+00
   1.8899364e+01   3.7000000e+01   3.6096432e+00
   1.8909364e+01   3.7000000e+01   3.6096432e+00
   1.8919364e+01   3.7000000e+01   3.6096432e+00
   1.8929364e+01   3.7000000e+01   3.6096432e+00
   1.8939364e+01   3.7000000e+01   3.6096432e+00
   1.8949364e+01   3.7000000e+01   3.6096432e+00
   1.8959364e+01   3.7000000e+01   3.6096432e+00
   1.8969364e+01   3.7000000e+01   3.6096432e+00
   1.8979364e+01   3.7000000e+01   3.6096432e+00
   1.8989364e+01   3.7000000e+01   3.6096432e+00
   1.8999364e+01   3.7000000e+01   3.6096432e+00
   1.9009364e+01   3.7000000e+01   3.6096432e+00
   1.9019364e+01   3.7000000e+01   3.6096432e+00
   1.9029364e+01   3.7000000e+01   3.6096432e+00
   1.9039364e+01   3.7000000e+01   3.6096432e+00
   1.9049364e+01   3.7000000e+01   3.6096432e+00
   1.9059364e+01   3.7000000e+01   3.6096432e+00
   1.9069364e+01   3.7000000e+01   3.6096432e+00
   1.9079364e+01   3.7000000e+01   3.6096432e+00
   1.9089364e+01   3.7000000e+01   3.6096432e+00
   1.9099364e+01   3.7000000e+01   3.6096432e+00
   1.9109364e+01   3.7000000e+01   3.6096432e+00
   1.9119364e+01   3.7000000e+01   3.6096432e+00
   1.9129364e+01   3.7000000e+01   3.6096432e+00
   1.9139364e+01   3.7000000e+01   3.6096432e+00
   1.9149364e+01   3.7000000e+01   3.6096432e+00
   1.9159364e+01   3.7000000e+01   3.6096432e+00
   1.9169364e+01   3.7000000e+01   3.6096432e+00
   1.9179364e+01   3.7000000e+01   3.6096432e+00
   1.9189364e+01   3.7000000e+01   3.6096432e+00
   1.9199364e+01   3.7000000e+01   3.6096432e+00
   1.9209364e+01   3.7000000e+01   3.6096432e+00
   1.9219364e+01   3.7000000e+01   3.6096432e+00
   1.9229364e+01   3.7000000e+01   3.6096432e+00
   1.9239364e+01   3.7000000e+01   3.6096432e+00
   1.9249364e+01   3.7000000e+01   3.6096432e+00
   1.9259364e+01   3.7000000e+01   3.6096432e+00
   1.9269364e+01   3.7000000e+01   3.6096432e+00
   1.9279364e+01   3.7000000e+01   3.6096432e+00
   1.9289364e+01   3.7000000e+01   3.6096432e+00
   1.9299364e+01   3.7000000e+01   3.6096432e+00
   1.9309364e+01   3.7000000e+01   3.6096432e+00
   1.9319364e+01   3.7000000e+01   3.6096432e+00
   1.9329364e+01   3.7000000e+01   3.6096432e+00
   1.9339364e+01   3.7000000e+01   3.6096432e+00
   1.9349364e+01   3.7000000e+01   3.6096432e+00
   1.9359364e+01   3.7000000e+01   3.6096432e+00
   1.9369364e+01   3.7000000e+01   3.6096432e+00
   1.9379364e+01   3.7000000e+01   3.6096432e+00
   1.9389364e+01   3.7000000e+01   3.6096432e+00
   1.9399364e+01   3.7000000e+01   3.6096432e+00
   1.9409364e+01   3.7000000e+01   3.6096432e+00
   1.9419364e+01   3.7000000e+01   3.6096432e+00
   1.9429364e+01   3.7000000e+01   3.6096432e+00
   1.9439364e+01   3.7000000e+01   3.6096432e+00
   1.9449364e+01   3.7000000e+01   3.6096432e+00
   1.9459364e+01   3.7000000e+01   3.6096432e+00
   1.9469364e+01   3.7000000e+01   3.6096432e+00
   1.9479364e+01   3.7000000e+01   3.6096432e+00
   1.9489364e+01   3.7000000e+01   3.6096432e+00
   1.9499364e+01   3.7000000e+01   3.6096432e+00
   1.9509364e+01   3.7000000e+01   3.6096432e+00
   1.9519364e+01   3.7000000e+01   3.6096432e+00
   1.9529364e+01   3.7000000e+01   3.6096432e+00
   1.9539364e+01   3.7000000e+01   3.6096432e+00
   1.9549364e+01   3.7000000e+01   3.6096432e+00
   1.9559364e+01   3.7000000e+01   3.6096432e+00
   1.9569364e+01   3.7000000e+01   3.6096432e+00
   1.9579364e+01   3.7000000e+01   3.6096432e+00
   1.9589364e+01   3.7000000e+01   3.6096432e+00
   1.9599364e+01   3.7000000e+01   3.6096432e+00
   1.9609364e+01   3.7000000e+01   3.6096432e+00
   1.9619364e+01   3.7000000e+01   3.6096432e+00
   1.9629364e+01   3.7000000e+01   3.6096432e+00
   1.9639364e+01   3.7000000e+01   3.6096432e+00
   1.9649364e+01   3.7000000e+01   3.6096432e+00
   1.9659364e+01   3.7000000e+01   3.6096432e+00
   1.9669364e+01   3.7000000e+01   3.6096432e+00
   1.9673837e+01   3.7000000e+01   3.6096432e+00
   1.9673837e+01   3.8000000e+01   3.6088043e+00
   1.9673837e+01   3.8000000e+01   3.6088043e+00
   1.9683837e+01   3.8000000e+01   3.6088043e+00
   1.9693837e+01   3.8000000e+01   3.6088043e+00
   1.9703837e+01   3.8000000e+01   3.6088043e+00
   1.9713837e+01   3.8000000e+01   3.6088043e+00
   1.9723837e+01   3.8000000e+01   3.6088043e+00
   1.9733837e+01   3.8000000e+01   3.6088043e+00
   1.9743837e+01   3.8000000e+01   3.6088043e+00
   1.9753837e+01   3.8000000e+01   3.6088043e+00
   1.9763837e+01   3.8000000e+01   3.6088043e+00
   1.9773837e+01   3.8000000e+01   3.6088043e+00
   1.9783837e+01   3.8000000e+01   3.6088043e+00
   1.9793837e+01   3.8000000e+01   3.6088043e+00
   1.9803837e+01   3.8000000e+01   3.6088043e+00
   1.9813837e+01   3.8000000e+01   3.6088043e+00
   1.9823837e+01   3.8000000e+01   3.6088043e+00
   1.9833837e+01   3.8000000e+01   3.6088043e+00
   1.9843837e+01   3.8000000e+01   3.6088043e+00
   1.9853837e+01   3.8000000e+01   3.6088043e+00
   1.9863837e+01   3.8000000e+01   3.6088043e+00
   1.9873837e+01   3.8000000e+01   3.6088043e+00
   1.9883837e+01   3.8000000e+01   3.6088043e+00
   1.9893837e+01   3.8000000e+01   3.6088043e+00
   1.9903837e+01   3.8000000e+01   3.6088043e+00
   1.9913837e+01   3.8000000e+01   3.6088043e+00
   1.9923837e+01   3.8000000e+01   3.6088043e+00
   1.9933837e+01   3.8000000e+01   3.6088043e+00
   1.9943837e+01   3.8000000e+01   3.6088043e+00
   1.9953837e+01   3.8000000e+01   3.6088043e+00
   1.9963837e+01   3.8000000e+01   3.6088043e+00
   1.9973837e+01   3.8000000e+01   3.6088043e+00
   1.9983837e+01   3.8000000e+01   3.6088043e+00
   1.9993837e+01   3.8000000e+01   3.6088043e+00
   2.0003837e+01   3.8000000e+01   3.6088043e+00
   2.0013837e+01   3.8000000e+01   3.6088043e+00
   2.0023837e+01   3.8000000e+01   3.6088043e+00
   2.0033837e+01   3.8000000e+01   3.6088043e+00
   2.0043837e+01   3.8000000e+01   3.6088043e+00
   2.0053837e+01   3.8000000e+01   3.6088043e+00
   2.0063837e+01   3.8000000e+01   3.6088043e+00
   2.0073837e+01   3.8000000e+01   3.6088043e+00
   2.0083837e+01   3.8000000e+01   3.6088043e+00
   2.0093837e+01   3.8000000e+01   3.6088043e+00
   2.0103837e+01   3.8000000e+01   3.6088043e+00
   2.0113837e+01   3.8000000e+01   3.6088043e+00
   2.0123837e+01   3.8000000e+01   3.6088043e+00
   2.0133837e+01   3.8000000e+01   3.6088043e+00
   2.0143837e+01   3.8000000e+01   3.6088043e+00
   2.0153837e+01   3.8000000e+01   3.6088043e+00
   2.0163837e+01   3.8000000e+01   3.6088043e+00
   2.0173837e+01   3.8000000e+01   3.6088043e+00
   2.0183837e+01   3.8000000e+01   3.6088043e+00
   2.0193837e+01   3.8000000e+01   3.6088043e+00
   2.0203837e+01   3.8000000e+01   3.6088043e+00
   2.0213837e+01   3.8000000e+01   3.6088043e+00
   2.0223837e+01   3.8000000e+01   3.6088043e+00
   2.0233837e+01   3.8000000e+01   3.6088043e+00
   2.0243837e+01   3.8000000e+01   3.6088043e+00
   2.0253837e+01   3.8000000e+01   3.6088043e+00
   2.0263837e+01   3.8000000e+01   3.6088043e+00
   2.0273837e+01   3.8000000e+01   3.6088043e+00
   2.0283837e+01   3.8000000e+01   3.6088043e+00
   2.0293837e+01   3.8000000e+01   3.6088043e+00
   2.0303837e+01   3.8000000e+01   3.6088043e+00
   2.0313837e+01   3.8000000e+01   3.6088043e+00
   2.0323837e+01   3.8000000e+01   3.6088043e+00
   2.0333837e+01   3.8000000e+01   3.6088043e+00
   2.0343837e+01   3.8000000e+01   3.6088043e+00
   2.0353837e+01   3.8000000e+01   3.6088043e+00
   2.0363837e+01   3.8000000e+01   3.6088043e+00
   2.0373837e+01   3.8000000e+01   3.6088043e+00
   2.0383837e+01   3.8000000e+01   3.6088043e+00
   2.0393837e+01   3.8000000e+01   3.6088043e+00
   2.0403837e+01   3.8000000e+01   3.6088043e+00
   2.0413837e+01   3.8000000e+01   3.6088043e+00
   2.0423837e+01   3.8000000e+01   3.6088043e+00
   2.0433837e+01   3.8000000e+01   3.6088043e+00
   2.0443837e+01   3.8000000e+01   3.6088043e+00
   2.0453837e+01   3.8000000e+01   3.6088043e+00
   2.0463837e+01   3.8000000e+01   3.6088043e+00
   2.0473837e+01   3.8000000e+01   3.6088043e+00
   2.0483837e+01   3.8000000e+01   3.6088043e+00
   2.0493837e+01   3.8000000e+01   3.6088043e+00
   2.0503837e+01   3.8000000e+01   3.6088043e+00
   2.0513837e+01   3.8000000e+01   3.6088043e+00
   2.0523837e+01   3.8000000e+01   3.6088043e+00
   2.0533837e+01   3.8000000e+01   3.6088043e+00
   2.0543837e+01   3.8000000e+01   3.6088043e+00
   2.0553837e+01   3.8000000e+01   3.6088043e+00
   2.0563837e+01   3.8000000e+01   3.6088043e+00
   2.0573837e+01   3.8000000e+01   3.6088043e+00
   2.0583837e+01   3.8000000e+01   3.6088043e+00
   2.0593837e+01   3.8000000e+01   3.6088043e+00
   2.0595108e+01   3.8000000e+01   3.6088043e+00
   2.0595108e+01   3.9000000e+01   3.6049633e+00
   2.0595108e+01   3.9000000e+01   3.6049633e+00
   2.0605108e+01   3.9000000e+01   3.6049633e+00
   2.0615108e+01   3.9000000e+01   3.6049633e+00
   2.0625108e+01   3.9000000e+01   3.6049633e+00
   2.0635108e+01   3.9000000e+01   3.6049633e+00
   2.0645108e+01   3.9000000e+01   3.6049633e+00
   2.0655108e+01   3.9000000e+01   3.6049633e+00
   2.0665108e+01   3.9000000e+01   3.6049633e+00
   2.0675108e+01   3.9000000e+01   3.6049633e+00
   2.0685108e+01   3.9000000e+01   3.6049633e+00
   2.0695108e+01   3.9000000e+01   3.6049633e+00
   2.0705108e+01   3.9000000e+01   3.6049633e+00
   2.0715108e+01   3.9000000e+01   3.6049633e+00
   2.0725108e+01   3.9000000e+01   3.6049633e+00
   2.0735108e+01   3.9000000e+01   3.6049633e+00
   2.0745108e+01   3.9000000e+01   3.6049633e+00
   2.0755108e+01   3.9000000e+01   3.6049633e+00
   2.0765108e+01   3.9000000e+01   3.6049633e+00
   2.0775108e+01   3.9000000e+01   3.6049633e+00
   2.0785108e+01   3.9000000e+01   3.6049633e+00
   2.0795108e+01   3.9000000e+01   3.6049633e+00
   2.0805108e+01   3.9000000e+01   3.6049633e+00
   2.0815108e+01   3.9000000e+01   3.6049633e+00
   2.0825108e+01   3.9000000e+01   3.6049633e+00
   2.0835108e+01   3.9000000e+01   3.6049633e+00
   2.0845108e+01   3.9000000e+01   3.6049633e+00
   2.0855108e+01   3.9000000e+01   3.6049633e+00
   2.0865108e+01   3.9000000e+01   3.6049633e+00
   2.0875108e+01   3.9000000e+01   3.6049633e+00
   2.0885108e+01   3.9000000e+01   3.6049633e+00
   2.0895108e+01   3.9000000e+01   3.6049633e+00
   2.0905108e+01   3.9000000e+01   3.6049633e+00
   2.0915108e+01   3.9000000e+01   3.6049633e+00
   2.0925108e+01   3.9000000e+01   3.6049633e+00
   2.0935108e+01   3.9000000e+01   3.6049633e+00
   2.0945108e+01   3.9000000e+01   3.6049633e+00
   2.0955108e+01   3.9000000e+01   3.6049633e+00
   2.0965108e+01   3.9000000e+01   3.6049633e+00
   2.0975108e+01   3.9000000e+01   3.6049633e+00
   2.0985108e+01   3.9000000e+01   3.6049633e+00
   2.0995108e+01   3.9000000e+01   3.6049633e+00
   2.1005108e+01   3.9000000e+01   3.6049633e+00
   2.1015108e+01   3.9000000e+01   3.6049633e+00
   2.1025108e+01   3.9000000e+01   3.6049633e+00
   2.1035108e+01   3.9000000e+01   3.6049633e+00
   2.1045108e+01   3.9000000e+01   3.6049633e+00
   2.1055108e+01   3.9000000e+01   3.6049633e+00
   2.1065108e+01   3.9000000e+01   3.6049633e+00
   2.1075108e+01   3.9000000e+01   3.6049633e+00
   2.1085108e+01   3.9000000e+01   3.6049633e+00
   2.1095108e+01   3.9000000e+01   3.6049633e+00
   2.1105108e+01   3.9000000e+01   3.6049633e+00
   2.1115108e+01   3.9000000e+01   3.6049633e+00
   2.1125108e+01   3.9000000e+01   3.6049633e+00
   2.1135108e+01   3.9000000e+01   3.6049633e+00
   2.1145108e+01   3.9000000e+01   3.6049633e+00
   2.1155108e+01   3.9000000e+01   3.6049633e+00
   2.1165108e+01   3.9000000e+01   3.6049633e+00
   2.1175108e+01   3.9000000e+01   3.6049633e+00
   2.1185108e+01   3.9000000e+01   3.6049633e+00
   2.1195108e+01   3.9000000e+01   3.6049633e+00
   2.1205108e+01   3.9000000e+01   3.6049633e+00
   2.1215108e+01   3.9000000e+01   3.6049633e+00
   2.1225108e+01   3.9000000e+01   3.6049633e+00
   2.1235108e+01   3.9000000e+01   3.6049633e+00
   2.1245108e+01   3.9000000e+01   3.6049633e+00
   2.1255108e+01   3.9000000e+01   3.6049633e+00
   2.1265108e+01   3.9000000e+01   3.6049633e+00
   2.1275108e+01   3.9000000e+01   3.6049633e+00
   2.1285108e+01   3.9000000e+01   3.6049633e+00
   2.1295108e+01   3.9000000e+01   3.6049633e+00
   2.1305108e+01   3.9000000e+01   3.6049633e+00
   2.1315108e+01   3.9000000e+01   3.6049633e+00
   2.1325108e+01   3.9000000e+01   3.6049633e+00
   2.1335108e+01   3.9000000e+01   3.6049633e+00
   2.1345108e+01   3.9000000e+01   3.6049633e+00
   2.1355108e+01   3.9000000e+01   3.6049633e+00
   2.1365108e+01   3.9000000e+01   3.6049633e+00
   2.1375108e+01   3.9000000e+01   3.6049633e+00
   2.1385108e+01   3.9000000e+01   3.6049633e+00
   2.1395108e+01   3.9000000e+01   3.6049633e+00
   2.1405108e+01   3.9000000e+01   3.6049633e+00
   2.1415108e+01   3.9000000e+01   3.6049633e+00
   2.1425108e+01   3.9000000e+01   3.6049633e+00
   2.1435108e+01   3.9000000e+01   3.6049633e+00
   2.1445108e+01   3.9000000e+01   3.6049633e+00
   2.1455108e+01   3.9000000e+01   3.6049633e+00
   2.1465108e+01   3.9000000e+01   3.6049633e+00
   2.1475108e+01   3.9000000e+01   3.6049633e+00
   2.1485108e+01   3.9000000e+01   3.6049633e+00
   2.1495108e+01   3.9000000e+01   3.6049633e+00
   2.1505108e+01   3.9000000e+01   3.6049633e+00
   2.1515108e+01   3.9000000e+01   3.6049633e+00
   2.1525108e+01   3.9000000e+01   3.6049633e+00
   2.1532914e+01   3.9000000e+01   3.6049633e+00
   2.1532914e+01   4.0000000e+01   3.5981608e+00
   2.1532914e+01   4.0000000e+01   3.5981608e+00
   2.1542914e+01   4.0000000e+01   3.5981608e+00
   2.1552914e+01   4.0000000e+01   3.5981608e+00
   2.1562914e+01   4.0000000e+01   3.5981608e+00
   2.1572914e+01   4.0000000e+01   3.5981608e+00
   2.1582914e+01   4.0000000e+01   3.5981608e+00
   2.1592914e+01   4.0000000e+01   3.5981608e+00
   2.1602914e+01   4.0000000e+01   3.5981608e+00
   2.1612914e+01   4.0000000e+01   3.5981608e+00
   2.1622914e+01   4.0000000e+01   3.5981608e+00
   2.1632914e+01   4.0000000e+01   3.5981608e+00
   2.1642914e+01   4.0000000e+01   3.5981608e+00
   2.1652914e+01   4.0000000e+01   3.5981608e+00
   2.1662914e+01   4.0000000e+01   3.5981608e+00
   2.1672914e+01   4.0000000e+01   3.5981608e+00
   2.1682914e+01   4.0000000e+01   3.5981608e+00
   2.1692914e+01   4.0000000e+01   3.5981608e+00
   2.1702914e+01   4.0000000e+01   3.5981608e+00
   2.1712914e+01   4.0000000e+01   3.5981608e+00
   2.1722914e+01   4.0000000e+01   3.5981608e+00
   2.1732914e+01   4.0000000e+01   3.5981608e+00
   2.1742914e+01   4.0000000e+01   3.5981608e+00
   2.1752914e+01   4.0000000e+01   3.5981608e+00
   2.1762914e+01   4.0000000e+01   3.5981608e+00
   2.1772914e+01   4.0000000e+01   3.5981608e+00
   2.1782914e+01   4.0000000e+01   3.5981608e+00
   2.1792914e+01   4.0000000e+01   3.5981608e+00
   2.1802914e+01   4.0000000e+01   3.5981608e+00
   2.1812914e+01   4.0000000e+01   3.5981608e+00
   2.1822914e+01   4.0000000e+01   3.5981608e+00
   2.1832914e+01   4.0000000e+01   3.5981608e+00
   2.1842914e+01   4.0000000e+01   3.5981608e+00
   2.1852914e+01   4.0000000e+01   3.5981608e+00
   2.1862914e+01   4.0000000e+01   3.5981608e+00
   2.1872914e+01   4.0000000e+01   3.5981608e+00
   2.1882914e+01   4.0000000e+01   3.5981608e+00
   2.1892914e+01   4.0000000e+01   3.5981608e+00
   2.1902914e+01   4.0000000e+01   3.5981608e+00
   2.1912914e+01   4.0000000e+01   3.5981608e+00
   2.1922914e+01   4.0000000e+01   3.5981608e+00
   2.1932914e+01   4.0000000e+01   3.5981608e+00
   2.1942914e+01   4.0000000e+01   3.5981608e+00
   2.1952914e+01   4.0000000e+01   3.5981608e+00
   2.1962914e+01   4.0000000e+01   3.5981608e+00
   2.1972914e+01   4.0000000e+01   3.5981608e+00
   2.1982914e+01   4.0000000e+01   3.5981608e+00
   2.1992914e+01   4.0000000e+01   3.5981608e+00
   2.2002914e+01   4.0000000e+01   3.5981608e+00
   2.2012914e+01   4.0000000e+01   3.5981608e+00
   2.2022914e+01   4.0000000e+01   3.5981608e+00
   2.2032914e+01   4.0000000e+01   3.5981608e+00
   2.2042914e+01   4.0000000e+01   3.5981608e+00
   2.2052914e+01   4.0000000e+01   3.5981608e+00
   2.2062914e+01   4.0000000e+01   3.5981608e+00
   2.2072914e+01   4.0000000e+01   3.5981608e+00
   2.2082914e+01   4.0000000e+01   3.5981608e+00
   2.2092914e+01   4.0000000e+01   3.5981608e+00
   2.2102914e+01   4.0000000e+01   3.5981608e+00
   2.2112914e+01   4.0000000e+01   3.5981608e+00
   2.2122914e+01   4.0000000e+01   3.5981608e+00
   2.2132914e+01   4.0000000e+01   3.5981608e+00
   2.2142914e+01   4.0000000e+01   3.5981608e+00
   2.2152914e+01   4.0000000e+01   3.5981608e+00
   2.2162914e+01   4.0000000e+01   3.5981608e+00
   2.2172914e+01   4.0000000e+01   3.5981608e+00
   2.2182914e+01   4.0000000e+01   3.5981608e+00
   2.2192914e+01   4.0000000e+01   3.5981608e+00
   2.2202914e+01   4.0000000e+01   3.5981608e+00
   2.2212914e+01   4.0000000e+01   3.5981608e+00
   2.2222914e+01   4.0000000e+01   3.5981608e+00
   2.2232914e+01   4.0000000e+01   3.5981608e+00
   2.2242914e+01   4.0000000e+01   3.5981608e+00
   2.2252914e+01   4.0000000e+01   3.5981608e+00
   2.2262914e+01   4.0000000e+01   3.5981608e+00
   2.2272914e+01   4.0000000e+01   3.5981608e+00
   2.2282914e+01   4.0000000e+01   3.5981608e+00
   2.2292914e+01   4.0000000e+01   3.5981608e+00
   2.2302914e+01   4.0000000e+01   3.5981608e+00
   2.2312914e+01   4.0000000e+01   3.5981608e+00
   2.2322914e+01   4.0000000e+01   3.5981608e+00
   2.2332914e+01   4.0000000e+01   3.5981608e+00
   2.2342914e+01   4.0000000e+01   3.5981608e+00
   2.2352914e+01   4.0000000e+01   3.5981608e+00
   2.2362914e+01   4.0000000e+01   3.5981608e+00
   2.2372914e+01   4.0000000e+01   3.5981608e+00
   2.2382914e+01   4.0000000e+01   3.5981608e+00
   2.2392914e+01   4.0000000e+01   3.5981608e+00
   2.2402914e+01   4.0000000e+01   3.5981608e+00
   2.2412914e+01   4.0000000e+01   3.5981608e+00
   2.2422914e+01   4.0000000e+01   3.5981608e+00
   2.2432914e+01   4.0000000e+01   3.5981608e+00
   2.2442914e+01   4.0000000e+01   3.5981608e+00
   2.2452914e+01   4.0000000e+01   3.5981608e+00
   2.2462914e+01   4.0000000e+01   3.5981608e+00
   2.2472914e+01   4.0000000e+01   3.5981608e+00
   2.2482914e+01   4.0000000e+01   3.5981608e+00
   2.2486992e+01   4.0000000e+01   3.5981608e+00
   2.2486992e+01   4.1000000e+01   3.5884345e+00
   2.2486992e+01   4.1000000e+01   3.5884345e+00
   2.2496992e+01   4.1000000e+01   3.5884345e+00
   2.2506992e+01   4.1000000e+01   3.5884345e+00
   2.2516992e+01   4.1000000e+01   3.5884345e+00
   2.2526992e+01   4.1000000e+01   3.5884345e+00
   2.2536992e+01   4.1000000e+01   3.5884345e+00
   2.2546992e+01   4.1000000e+01   3.5884345e+00
   2.2556992e+01   4.1000000e+01   3.5884345e+00
   2.2566992e+01   4.1000000e+01   3.5884345e+00
   2.2576992e+01   4.1000000e+01   3.5884345e+00
   2.2586992e+01   4.1000000e+01   3.5884345e+00
   2.2596992e+01   4.1000000e+01   3.5884345e+00
   2.2606992e+01   4.1000000e+01   3.5884345e+00
   2.2616992e+01   4.1000000e+01   3.5884345e+00
   2.2626992e+01   4.1000000e+01   3.5884345e+00
   2.2636992e+01   4.1000000e+01   3.5884345e+00
   2.2646992e+01   4.1000000e+01   3.5884345e+00
   2.2656992e+01   4.1000000e+01   3.5884345e+00
   2.2666992e+01   4.1000000e+01   3.5884345e+00
   2.2676992e+01   4.1000000e+01   3.5884345e+00
   2.2686992e+01   4.1000000e+01   3.5884345e+00
   2.2696992e+01   4.1000000e+01   3.5884345e+00
   2.2706992e+01   4.1000000e+01   3.5884345e+00
   2.2716992e+01   4.1000000e+01   3.5884345e+00
   2.2726992e+01   4.1000000e+01   3.5884345e+00
   2.2736992e+01   4.1000000e+01   3.5884345e+00
   2.2746992e+01   4.1000000e+01   3.5884345e+00
   2.2756992e+01   4.1000000e+01   3.5884345e+00
   2.2766992e+01   4.1000000e+01   3.5884345e+00
   2.2776992e+01   4.1000000e+01   3.5884345e+00
   2.2786992e+01   4.1000000e+01   3.5884345e+00
   2.2796992e+01   4.1000000e+01   3.5884345e+00
   2.2806992e+01   4.1000000e+01   3.5884345e+00
   2.2816992e+01   4.1000000e+01   3.5884345e+00
   2.2826992e+01   4.1000000e+01   3.5884345e+00
   2.2836992e+01   4.1000000e+01   3.5884345e+00
   2.2846992e+01   4.1000000e+01   3.5884345e+00
   2.2856992e+01   4.1000000e+01   3.5884345e+00
   2.2866992e+01   4.1000000e+01   3.5884345e+00
   2.2876992e+01   4.1000000e+01   3.5884345e+00
   2.2886992e+01   4.1000000e+01   3.5884345e+00
   2.2896992e+01   4.1000000e+01   3.5884345e+00
   2.2906992e+01   4.1000000e+01   3.5884345e+00
   2.2916992e+01   4.1000000e+01   3.5884345e+00
   2.2926992e+01   4.1000000e+01   3.5884345e+00
   2.2936992e+01   4.1000000e+01   3.5884345e+00
   2.2946992e+01   4.1000000e+01   3.5884345e+00
   2.2956992e+01   4.1000000e+01   3.5884345e+00
   2.2966992e+01   4.1000000e+01   3.5884345e+00
   2.2976992e+01   4.1000000e+01   3.5884345e+00
   2.2986992e+01   4.1000000e+01   3.5884345e+00
   2.2996992e+01   4.1000000e+01   3.5884345e+00
   2.3006992e+01   4.1000000e+01   3.5884345e+00
   2.3016992e+01   4.1000000e+01   3.5884345e+00
   2.3026992e+01   4.1000000e+01   3.5884345e+00
   2.3036992e+01   4.1000000e+01   3.5884345e+00
   2.3046992e+01   4.1000000e+01   3.5884345e+00
   2.3056992e+01   4.1000000e+01   3.5884345e+00
   2.3066992e+01   4.1000000e+01   3.5884345e+00
   2.3076992e+01   4.1000000e+01   3.5884345e+00
   2.3086992e+01   4.1000000e+01   3.5884345e+00
   2.3096992e+01   4.1000000e+01   3.5884345e+00
   2.3106992e+01   4.1000000e+01   3.5884345e+00
   2.3116992e+01   4.1000000e+01   3.5884345e+00
   2.3126992e+01   4.1000000e+01   3.5884345e+00
   2.3136992e+01   4.1000000e+01   3.5884345e+00
   2.3146992e+01   4.1000000e+01   3.5884345e+00
   2.3156992e+01   4.1000000e+01   3.5884345e+00
   2.3166992e+01   4.1000000e+01   3.5884345e+00
   2.3176992e+01   4.1000000e+01   3.5884345e+00
   2.3186992e+01   4.1000000e+01   3.5884345e+00
   2.3196992e+01   4.1000000e+01   3.5884345e+00
   2.3206992e+01   4.1000000e+01   3.5884345e+00
   2.3216992e+01   4.1000000e+01   3.5884345e+00
   2.3226992e+01   4.1000000e+01   3.5884345e+00
   2.3236992e+01   4.1000000e+01   3.5884345e+00
   2.3246992e+01   4.1000000e+01   3.5884345e+00
   2.3256992e+01   4.1000000e+01   3.5884345e+00
   2.3266992e+01   4.1000000e+01   3.5884345e+00
   2.3276992e+01   4.1000000e+01   3.5884345e+00
   2.3286992e+01   4.1000000e+01   3.5884345e+00
   2.3296992e+01   4.1000000e+01   3.5884345e+00
   2.3306992e+01   4.1000000e+01   3.5884345e+00
   2.3316992e+01   4.1000000e+01   3.5884345e+00
   2.3326992e+01   4.1000000e+01   3.5884345e+00
   2.3336992e+01   4.1000000e+01   3.5884345e+00
   2.3346992e+01   4.1000000e+01   3.5884345e+00
   2.3356992e+01   4.1000000e+01   3.5884345e+00
   2.3366992e+01   4.1000000e+01   3.5884345e+00
   2.3376992e+01   4.1000000e+01   3.5884345e+00
   2.3386992e+01   4.1000000e+01   3.5884345e+00
   2.3396992e+01   4.1000000e+01   3.5884345e+00
   2.3406992e+01   4.1000000e+01   3.5884345e+00
   2.3416992e+01   4.1000000e+01   3.5884345e+00
   2.3426992e+01   4.1000000e+01   3.5884345e+00
   2.3436992e+01   4.1000000e+01   3.5884345e+00
   2.3446992e+01   4.1000000e+01   3.5884345e+00
   2.3456992e+01   4.1000000e+01   3.5884345e+00
   2.3457081e+01   4.1000000e+01   3.5884345e+00
   2.3457081e+01   4.2000000e+01   3.5758189e+00
   2.3457081e+01   4.2000000e+01   3.5758189e+00
   2.3467081e+01   4.2000000e+01   3.5758189e+00
   2.3477081e+01   4.2000000e+01   3.5758189e+00
   2.3487081e+01   4.2000000e+01   3.5758189e+00
   2.3497081e+01   4.2000000e+01   3.5758189e+00
   2.3507081e+01   4.2000000e+01   3.5758189e+00
   2.3517081e+01   4.2000000e+01   3.5758189e+00
   2.3527081e+01   4.2000000e+01   3.5758189e+00
   2.3537081e+01   4.2000000e+01   3.5758189e+00
   2.3547081e+01   4.2000000e+01   3.5758189e+00
   2.3557081e+01   4.2000000e+01   3.5758189e+00
   2.3567081e+01   4.2000000e+01   3.5758189e+00
   2.3577081e+01   4.2000000e+01   3.5758189e+00
   2.3587081e+01   4.2000000e+01   3.5758189e+00
   2.3597081e+01   4.2000000e+01   3.5758189e+00
   2.3607081e+01   4.2000000e+01   3.5758189e+00
   2.3617081e+01   4.2000000e+01   3.5758189e+00
   2.3627081e+01   4.2000000e+01   3.5758189e+00
   2.3637081e+01   4.2000000e+01   3.5758189e+00
   2.3647081e+01   4.2000000e+01   3.5758189e+00
   2.3657081e+01   4.2000000e+01   3.5758189e+00
   2.3667081e+01   4.2000000e+01   3.5758189e+00
   2.3677081e+01   4.2000000e+01   3.5758189e+00
   2.3687081e+01   4.2000000e+01   3.5758189e+00
   2.3697081e+01   4.2000000e+01   3.5758189e+00
   2.3707081e+01   4.2000000e+01   3.5758189e+00
   2.3717081e+01   4.2000000e+01   3.5758189e+00
   2.3727081e+01   4.2000000e+01   3.5758189e+00
   2.3737081e+01   4.2000000e+01   3.5758189e+00
   2.3747081e+01   4.2000000e+01   3.5758189e+00
   2.3757081e+01   4.2000000e+01   3.5758189e+00
   2.3767081e+01   4.2000000e+01   3.5758189e+00
   2.3777081e+01   4.2000000e+01   3.5758189e+00
   2.3787081e+01   4.2000000e+01   3.5758189e+00
   2.3797081e+01   4.2000000e+01   3.5758189e+00
   2.3807081e+01   4.2000000e+01   3.5758189e+00
   2.3817081e+01   4.2000000e+01   3.5758189e+00
   2.3827081e+01   4.2000000e+01   3.5758189e+00
   2.3837081e+01   4.2000000e+01   3.5758189e+00
   2.3847081e+01   4.2000000e+01   3.5758189e+00
   2.3857081e+01   4.2000000e+01   3.5758189e+00
   2.3867081e+01   4.2000000e+01   3.5758189e+00
   2.3877081e+01   4.2000000e+01   3.5758189e+00
   2.3887081e+01   4.2000000e+01   3.5758189e+00
   2.3897081e+01   4.2000000e+01   3.5758189e+00
   2.3907081e+01   4.2000000e+01   3.5758189e+00
   2.3917081e+01   4.2000000e+01   3.5758189e+00
   2.3927081e+01   4.2000000e+01   3.5758189e+00
   2.3937081e+01   4.2000000e+01   3.5758189e+00
   2.3947081e+01   4.2000000e+01   3.5758189e+00
   2.3957081e+01   4.2000000e+01   3.5758189e+00
   2.3967081e+01   4.2000000e+01   3.5758189e+00
   2.3977081e+01   4.2000000e+01   3.5758189e+00
   2.3987081e+01   4.2000000e+01   3.5758189e+00
   2.3997081e+01   4.2000000e+01   3.5758189e+00
   2.4007081e+01   4.2000000e+01   3.5758189e+00
   2.4017081e+01   4.2000000e+01   3.5758189e+00
   2.4027081e+01   4.2000000e+01   3.5758189e+00
   2.4037081e+01   4.2000000e+01   3.5758189e+00
   2.4047081e+01   4.2000000e+01   3.5758189e+00
   2.4057081e+01   4.2000000e+01   3.5758189e+00
   2.4067081e+01   4.2000000e+01   3.5758189e+00
   2.4077081e+01   4.2000000e+01   3.5758189e+00
   2.4087081e+01   4.2000000e+01   3.5758189e+00
   2.4097081e+01   4.2000000e+01   3.5758189e+00
   2.4107081e+01   4.2000000e+01   3.5758189e+00
   2.4117081e+01   4.2000000e+01   3.5758189e+00
   2.4127081e+01   4.2000000e+01   3.5758189e+00
   2.4137081e+01   4.2000000e+01   3.5758189e+00
   2.4147081e+01   4.2000000e+01   3.5758189e+00
   2.4157081e+01   4.2000000e+01   3.5758189e+00
   2.4167081e+01   4.2000000e+01   3.5758189e+00
   2.4177081e+01   4.2000000e+01   3.5758189e+00
   2.4187081e+01   4.2000000e+01   3.5758189e+00
   2.4197081e+01   4.2000000e+01   3.5758189e+00
   2.4207081e+01   4.2000000e+01   3.5758189e+00
   2.4217081e+01   4.2000000e+01   3.5758189e+00
   2.4227081e+01   4.2000000e+01   3.5758189e+00
   2.4237081e+01   4.2000000e+01   3.5758189e+00
   2.4247081e+01   4.2000000e+01   3.5758189e+00
   2.4257081e+01   4.2000000e+01   3.5758189e+00
   2.4267081e+01   4.2000000e+01   3.5758189e+00
   2.4277081e+01   4.2000000e+01   3.5758189e+00
   2.4287081e+01   4.2000000e+01   3.5758189e+00
   2.4297081e+01   4.2000000e+01   3.5758189e+00
   2.4307081e+01   4.2000000e+01   3.5758189e+00
   2.4317081e+01   4.2000000e+01   3.5758189e+00
   2.4327081e+01   4.2000000e+01   3.5758189e+00
   2.4337081e+01   4.2000000e+01   3.5758189e+00
   2.4347081e+01   4.2000000e+01   3.5758189e+00
   2.4357081e+01   4.2000000e+01   3.5758189e+00
   2.4367081e+01   4.2000000e+01   3.5758189e+00
   2.4377081e+01   4.2000000e+01   3.5758189e+00
   2.4387081e+01   4.2000000e+01   3.5758189e+00
   2.4397081e+01   4.2000000e+01   3.5758189e+00
   2.4407081e+01   4.2000000e+01   3.5758189e+00
   2.4417081e+01   4.2000000e+01   3.5758189e+00
   2.4427081e+01   4.2000000e+01   3.5758189e+00
   2.4437081e+01   4.2000000e+01   3.5758189e+00
   2.4442922e+01   4.2000000e+01   3.5758189e+00
   2.4442922e+01   4.3000000e+01   3.5603460e+00
   2.4442922e+01   4.3000000e+01   3.5603460e+00
   2.4452922e+01   4.3000000e+01   3.5603460e+00
   2.4462922e+01   4.3000000e+01   3.5603460e+00
   2.4472922e+01   4.3000000e+01   3.5603460e+00
   2.4482922e+01   4.3000000e+01   3.5603460e+00
   2.4492922e+01   4.3000000e+01   3.5603460e+00
   2.4502922e+01   4.3000000e+01   3.5603460e+00
   2.4512922e+01   4.3000000e+01   3.5603460e+00
   2.4522922e+01   4.3000000e+01   3.5603460e+00
   2.4532922e+01   4.3000000e+01   3.5603460e+00
   2.4542922e+01   4.3000000e+01   3.5603460e+00
   2.4552922e+01   4.3000000e+01   3.5603460e+00
   2.4562922e+01   4.3000000e+01   3.5603460e+00
   2.4572922e+01   4.3000000e+01   3.5603460e+00
   2.4582922e+01   4.3000000e+01   3.5603460e+00
   2.4592922e+01   4.3000000e+01   3.5603460e+00
   2.4602922e+01   4.3000000e+01   3.5603460e+00
   2.4612922e+01   4.3000000e+01   3.5603460e+00
   2.4622922e+01   4.3000000e+01   3.5603460e+00
   2.4632922e+01   4.3000000e+01   3.5603460e+00
   2.4642922e+01   4.3000000e+01   3.5603460e+00
   2.4652922e+01   4.3000000e+01   3.5603460e+00
   2.4662922e+01   4.3000000e+01   3.5603460e+00
   2.4672922e+01   4.3000000e+01   3.5603460e+00
   2.4682922e+01   4.3000000e+01   3.5603460e+00
   2.4692922e+01   4.3000000e+01   3.5603460e+00
   2.4702922e+01   4.3000000e+01   3.5603460e+00
   2.4712922e+01   4.3000000e+01   3.5603460e+00
   2.4722922e+01   4.3000000e+01   3.5603460e+00
   2.4732922e+01   4.3000000e+01   3.5603460e+00
   2.4742922e+01   4.3000000e+01   3.5603460e+00
   2.4752922e+01   4.3000000e+01   3.5603460e+00
   2.4762922e+01   4.3000000e+01   3.5603460e+00
   2.4772922e+01   4.3000000e+01   3.5603460e+00
   2.4782922e+01   4.3000000e+01   3.5603460e+00
   2.4792922e+01   4.3000000e+01   3.5603460e+00
   2.4802922e+01   4.3000000e+01   3.5603460e+00
   2.4812922e+01   4.3000000e+01   3.5603460e+00
   2.4822922e+01   4.3000000e+01   3.5603460e+00
   2.4832922e+01   4.3000000e+01   3.5603460e+00
   2.4842922e+01   4.3000000e+01   3.5603460e+00
   2.4852922e+01   4.3000000e+01   3.5603460e+00
   2.4862922e+01   4.3000000e+01   3.5603460e+00
   2.4872922e+01   4.3000000e+01   3.5603460e+00
   2.4882922e+01   4.3000000e+01   3.5603460e+00
   2.4892922e+01   4.3000000e+01   3.5603460e+00
   2.4902922e+01   4.3000000e+01   3.5603460e+00
   2.4912922e+01   4.3000000e+01   3.5603460e+00
   2.4922922e+01   4.3000000e+01   3.5603460e+00
   2.4932922e+01   4.3000000e+01   3.5603460e+00
   2.4942922e+01   4.3000000e+01   3.5603460e+00
   2.4952922e+01   4.3000000e+01   3.5603460e+00
   2.4962922e+01   4.3000000e+01   3.5603460e+00
   2.4972922e+01   4.3000000e+01   3.5603460e+00
   2.4982922e+01   4.3000000e+01   3.5603460e+00
   2.4992922e+01   4.3000000e+01   3.5603460e+00
   2.5002922e+01   4.3000000e+01   3.5603460e+00
   2.5012922e+01   4.3000000e+01   3.5603460e+00
   2.5022922e+01   4.3000000e+01   3.5603460e+00
   2.5032922e+01   4.3000000e+01   3.5603460e+00
   2.5042922e+01   4.3000000e+01   3.5603460e+00
   2.5052922e+01   4.3000000e+01   3.5603460e+00
   2.5062922e+01   4.3000000e+01   3.5603460e+00
   2.5072922e+01   4.3000000e+01   3.5603460e+00
   2.5082922e+01   4.3000000e+01   3.5603460e+00
   2.5092922e+01   4.3000000e+01   3.5603460e+00
   2.5102922e+01   4.3000000e+01   3.5603460e+00
   2.5112922e+01   4.3000000e+01   3.5603460e+00
   2.5122922e+01   4.3000000e+01   3.5603460e+00
   2.5132922e+01   4.3000000e+01   3.5603460e+00
   2.5142922e+01   4.3000000e+01   3.5603460e+00
   2.5152922e+01   4.3000000e+01   3.5603460e+00
   2.5162922e+01   4.3000000e+01   3.5603460e+00
   2.5172922e+01   4.3000000e+01   3.5603460e+00
   2.5182922e+01   4.3000000e+01   3.5603460e+00
   2.5192922e+01   4.3000000e+01   3.5603460e+00
   2.5202922e+01   4.3000000e+01   3.5603460e+00
   2.5212922e+01   4.3000000e+01   3.5603460e+00
   2.5222922e+01   4.3000000e+01   3.5603460e+00
   2.5232922e+01   4.3000000e+01   3.5603460e+00
   2.5242922e+01   4.3000000e+01   3.5603460e+00
   2.5252922e+01   4.3000000e+01   3.5603460e+00
   2.5262922e+01   4.3000000e+01   3.5603460e+00
   2.5272922e+01   4.3000000e+01   3.5603460e+00
   2.5282922e+01   4.3000000e+01   3.5603460e+00
   2.5292922e+01   4.3000000e+01   3.5603460e+00
   2.5302922e+01   4.3000000e+01   3.5603460e+00
   2.5312922e+01   4.3000000e+01   3.5603460e+00
   2.5322922e+01   4.3000000e+01   3.5603460e+00
   2.5332922e+01   4.3000000e+01   3.5603460e+00
   2.5342922e+01   4.3000000e+01   3.5603460e+00
   2.5352922e+01   4.3000000e+01   3.5603460e+00
   2.5362922e+01   4.3000000e+01   3.5603460e+00
   2.5372922e+01   4.3000000e+01   3.5603460e+00
   2.5382922e+01   4.3000000e+01   3.5603460e+00
   2.5392922e+01   4.3000000e+01   3.5603460e+00
   2.5402922e+01   4.3000000e+01   3.5603460e+00
   2.5412922e+01   4.3000000e+01   3.5603460e+00
   2.5422922e+01   4.3000000e+01   3.5603460e+00
   2.5432922e+01   4.3000000e+01   3.5603460e+00
   2.5442922e+01   4.3000000e+01   3.5603460e+00
   2.5444253e+01   4.3000000e+01   3.5603460e+00
   2.5444253e+01   4.4000000e+01   3.5420456e+00
   2.5444253e+01   4.4000000e+01   3.5420456e+00
   2.5454253e+01   4.4000000e+01   3.5420456e+00
   2.5464253e+01   4.4000000e+01   3.5420456e+00
   2.5474253e+01   4.4000000e+01   3.5420456e+00
   2.5484253e+01   4.4000000e+01   3.5420456e+00
   2.5494253e+01   4.4000000e+01   3.5420456e+00
   2.5504253e+01   4.4000000e+01   3.5420456e+00
   2.5514253e+01   4.4000000e+01   3.5420456e+00
   2.5524253e+01   4.4000000e+01   3.5420456e+00
   2.5534253e+01   4.4000000e+01   3.5420456e+00
   2.5544253e+01   4.4000000e+01   3.5420456e+00
   2.5554253e+01   4.4000000e+01   3.5420456e+00
   2.5564253e+01   4.4000000e+01   3.5420456e+00
   2.5574253e+01   4.4000000e+01   3.5420456e+00
   2.5584253e+01   4.4000000e+01   3.5420456e+00
   2.5594253e+01   4.4000000e+01   3.5420456e+00
   2.5604253e+01   4.4000000e+01   3.5420456e+00
   2.5614253e+01   4.4000000e+01   3.5420456e+00
   2.5624253e+01   4.4000000e+01   3.5420456e+00
   2.5634253e+01   4.4000000e+01   3.5420456e+00
   2.5644253e+01   4.4000000e+01   3.5420456e+00
   2.5654253e+01   4.4000000e+01   3.5420456e+00
   2.5664253e+01   4.4000000e+01   3.5420456e+00
   2.5674253e+01   4.4000000e+01   3.5420456e+00
   2.5684253e+01   4.4000000e+01   3.5420456e+00
   2.5694253e+01   4.4000000e+01   3.5420456e+00
   2.5704253e+01   4.4000000e+01   3.5420456e+00
   2.5714253e+01   4.4000000e+01   3.5420456e+00
   2.5724253e+01   4.4000000e+01   3.5420456e+00
   2.5734253e+01   4.4000000e+01   3.5420456e+00
   2.5744253e+01   4.4000000e+01   3.5420456e+00
   2.5754253e+01   4.4000000e+01   3.5420456e+00
   2.5764253e+01   4.4000000e+01   3.5420456e+00
   2.5774253e+01   4.4000000e+01   3.5420456e+00
   2.5784253e+01   4.4000000e+01   3.5420456e+00
   2.5794253e+01   4.4000000e+01   3.5420456e+00
   2.5804253e+01   4.4000000e+01   3.5420456e+00
   2.5814253e+01   4.4000000e+01   3.5420456e+00
   2.5824253e+01   4.4000000e+01   3.5420456e+00
   2.5834253e+01   4.4000000e+01   3.5420456e+00
   2.5844253e+01   4.4000000e+01   3.5420456e+00
   2.5854253e+01   4.4000000e+01   3.5420456e+00
   2.5864253e+01   4.4000000e+01   3.5420456e+00
   2.5874253e+01   4.4000000e+01   3.5420456e+00
   2.5884253e+01   4.4000000e+01   3.5420456e+00
   2.5894253e+01   4.4000000e+01   3.5420456e+00
   2.5904253e+01   4.4000000e+01   3.5420456e+00
   2.5914253e+01   4.4000000e+01   3.5420456e+00
   2.5924253e+01   4.4000000e+01   3.5420456e+00
   2.5934253e+01   4.4000000e+01   3.5420456e+00
   2.5944253e+01   4.4000000e+01   3.5420456e+00
   2.5954253e+01   4.4000000e+01   3.5420456e+00
   2.5964253e+01   4.4000000e+01   3.5420456e+00
   2.5974253e+01   4.4000000e+01   3.5420456e+00
   2.5984253e+01   4.4000000e+01   3.5420456e+00
   2.5994253e+01   4.4000000e+01   3.5420456e+00
   2.6004253e+01   4.4000000e+01   3.5420456e+00
   2.6014253e+01   4.4000000e+01   3.5420456e+00
   2.6024253e+01   4.4000000e+01   3.5420456e+00
   2.6034253e+01   4.4000000e+01   3.5420456e+00
   2.6044253e+01   4.4000000e+01   3.5420456e+00
   2.6054253e+01   4.4000000e+01   3.5420456e+00
   2.6064253e+01   4.4000000e+01   3.5420456e+00
   2.6074253e+01   4.4000000e+01   3.5420456e+00
   2.6084253e+01   4.4000000e+01   3.5420456e+00
   2.6094253e+01   4.4000000e+01   3.5420456e+00
   2.6104253e+01   4.4000000e+01   3.5420456e+00
   2.6114253e+01   4.4000000e+01   3.5420456e+00
   2.6124253e+01   4.4000000e+01   3.5420456e+00
   2.6134253e+01   4.4000000e+01   3.5420456e+00
   2.6144253e+01   4.4000000e+01   3.5420456e+00
   2.6154253e+01   4.4000000e+01   3.5420456e+00
   2.6164253e+01   4.4000000e+01   3.5420456e+00
   2.6174253e+01   4.4000000e+01   3.5420456e+00
   2.6184253e+01   4.4000000e+01   3.5420456e+00
   2.6194253e+01   4.4000000e+01   3.5420456e+00
   2.6204253e+01   4.4000000e+01   3.5420456e+00
   2.6214253e+01   4.4000000e+01   3.5420456e+00
   2.6224253e+01   4.4000000e+01   3.5420456e+00
   2.6234253e+01   4.4000000e+01   3.5420456e+00
   2.6244253e+01   4.4000000e+01   3.5420456e+00
   2.6254253e+01   4.4000000e+01   3.5420456e+00
   2.6264253e+01   4.4000000e+01   3.5420456e+00
   2.6274253e+01   4.4000000e+01   3.5420456e+00
   2.6284253e+01   4.4000000e+01   3.5420456e+00
   2.6294253e+01   4.4000000e+01   3.5420456e+00
   2.6304253e+01   4.4000000e+01   3.5420456e+00
   2.6314253e+01   4.4000000e+01   3.5420456e+00
   2.6324253e+01   4.4000000e+01   3.5420456e+00
   2.6334253e+01   4.4000000e+01   3.5420456e+00
   2.6344253e+01   4.4000000e+01   3.5420456e+00
   2.6354253e+01   4.4000000e+01   3.5420456e+00
   2.6364253e+01   4.4000000e+01   3.5420456e+00
   2.6374253e+01   4.4000000e+01   3.5420456e+00
   2.6384253e+01   4.4000000e+01   3.5420456e+00
   2.6394253e+01   4.4000000e+01   3.5420456e+00
   2.6404253e+01   4.4000000e+01   3.5420456e+00
   2.6414253e+01   4.4000000e+01   3.5420456e+00
   2.6424253e+01   4.4000000e+01   3.5420456e+00
   2.6434253e+01   4.4000000e+01   3.5420456e+00
   2.6444253e+01   4.4000000e+01   3.5420456e+00
   2.6454253e+01   4.4000000e+01   3.5420456e+00
   2.6460814e+01   4.4000000e+01   3.5420456e+00
   2.6460814e+01   4.5000000e+01   3.5209449e+00
   2.6460814e+01   4.5000000e+01   3.5209449e+00
   2.6470814e+01   4.5000000e+01   3.5209449e+00
   2.6480814e+01   4.5000000e+01   3.5209449e+00
   2.6490814e+01   4.5000000e+01   3.5209449e+00
   2.6500814e+01   4.5000000e+01   3.5209449e+00
   2.6510814e+01   4.5000000e+01   3.5209449e+00
   2.6520814e+01   4.5000000e+01   3.5209449e+00
   2.6530814e+01   4.5000000e+01   3.5209449e+00
   2.6540814e+01   4.5000000e+01   3.5209449e+00
   2.6550814e+01   4.5000000e+01   3.5209449e+00
   2.6560814e+01   4.5000000e+01   3.5209449e+00
   2.6570814e+01   4.5000000e+01   3.5209449e+00
   2.6580814e+01   4.5000000e+01   3.5209449e+00
   2.6590814e+01   4.5000000e+01   3.5209449e+00
   2.6600814e+01   4.5000000e+01   3.5209449e+00
   2.6610814e+01   4.5000000e+01   3.5209449e+00
   2.6620814e+01   4.5000000e+01   3.5209449e+00
   2.6630814e+01   4.5000000e+01   3.5209449e+00
   2.6640814e+01   4.5000000e+01   3.5209449e+00
   2.6650814e+01   4.5000000e+01   3.5209449e+00
   2.6660814e+01   4.5000000e+01   3.5209449e+00
   2.6670814e+01   4.5000000e+01   3.5209449e+00
   2.6680814e+01   4.5000000e+01   3.5209449e+00
   2.6690814e+01   4.5000000e+01   3.5209449e+00
   2.6700814e+01   4.5000000e+01   3.5209449e+00
   2.6710814e+01   4.5000000e+01   3.5209449e+00
   2.6720814e+01   4.5000000e+01   3.5209449e+00
   2.6730814e+01   4.5000000e+01   3.5209449e+00
   2.6740814e+01   4.5000000e+01   3.5209449e+00
   2.6750814e+01   4.5000000e+01   3.5209449e+00
   2.6760814e+01   4.5000000e+01   3.5209449e+00
   2.6770814e+01   4.5000000e+01   3.5209449e+00
   2.6780814e+01   4.5000000e+01   3.5209449e+00
   2.6790814e+01   4.5000000e+01   3.5209449e+00
   2.6800814e+01   4.5000000e+01   3.5209449e+00
   2.6810814e+01   4.5000000e+01   3.5209449e+00
   2.6820814e+01   4.5000000e+01   3.5209449e+00
   2.6830814e+01   4.5000000e+01   3.5209449e+00
   2.6840814e+01   4.5000000e+01   3.5209449e+00
   2.6850814e+01   4.5000000e+01   3.5209449e+00
   2.6860814e+01   4.5000000e+01   3.5209449e+00
   2.6870814e+01   4.5000000e+01   3.5209449e+00
   2.6880814e+01   4.5000000e+01   3.5209449e+00
   2.6890814e+01   4.5000000e+01   3.5209449e+00
   2.6900814e+01   4.5000000e+01   3.5209449e+00
   2.6910814e+01   4.5000000e+01   3.5209449e+00
   2.6920814e+01   4.5000000e+01   3.5209449e+00
   2.6930814e+01   4.5000000e+01   3.5209449e+00
   2.6940814e+01   4.5000000e+01   3.5209449e+00
   2.6950814e+01   4.5000000e+01   3.5209449e+00
   2.6960814e+01   4.5000000e+01   3.5209449e+00
   2.6970814e+01   4.5000000e+01   3.5209449e+00
   2.6980814e+01   4.5000000e+01   3.5209449e+00
   2.6990814e+01   4.5000000e+01   3.5209449e+00
   2.7000814e+01   4.5000000e+01   3.5209449e+00
   2.7010814e+01   4.5000000e+01   3.5209449e+00
   2.7020814e+01   4.5000000e+01   3.5209449e+00
   2.7030814e+01   4.5000000e+01   3.5209449e+00
   2.7040814e+01   4.5000000e+01   3.5209449e+00
   2.7050814e+01   4.5000000e+01   3.5209449e+00
   2.7060814e+01   4.5000000e+01   3.5209449e+00
   2.7070814e+01   4.5000000e+01   3.5209449e+00
   2.7080814e+01   4.5000000e+01   3.5209449e+00
   2.7090814e+01   4.5000000e+01   3.5209449e+00
   2.7100814e+01   4.5000000e+01   3.5209449e+00
   2.7110814e+01   4.5000000e+01   3.5209449e+00
   2.7120814e+01   4.5000000e+01   3.5209449e+00
   2.7130814e+01   4.5000000e+01   3.5209449e+00
   2.7140814e+01   4.5000000e+01   3.5209449e+00
   2.7150814e+01   4.5000000e+01   3.5209449e+00
   2.7160814e+01   4.5000000e+01   3.5209449e+00
   2.7170814e+01   4.5000000e+01   3.5209449e+00
   2.7180814e+01   4.5000000e+01   3.5209449e+00
   2.7190814e+01   4.5000000e+01   3.5209449e+00
   2.7200814e+01   4.5000000e+01   3.5209449e+00
   2.7210814e+01   4.5000000e+01   3.5209449e+00
   2.7220814e+01   4.5000000e+01   3.5209449e+00
   2.7230814e+01   4.5000000e+01   3.5209449e+00
   2.7240814e+01   4.5000000e+01   3.5209449e+00
   2.7250814e+01   4.5000000e+01   3.5209449e+00
   2.7260814e+01   4.5000000e+01   3.5209449e+00
   2.7270814e+01   4.5000000e+01   3.5209449e+00
   2.7280814e+01   4.5000000e+01   3.5209449e+00
   2.7290814e+01   4.5000000e+01   3.5209449e+00
   2.7300814e+01   4.5000000e+01   3.5209449e+00
   2.7310814e+01   4.5000000e+01   3.5209449e+00
   2.7320814e+01   4.5000000e+01   3.5209449e+00
   2.7330814e+01   4.5000000e+01   3.5209449e+00
   2.7340814e+01   4.5000000e+01   3.5209449e+00
   2.7350814e+01   4.5000000e+01   3.5209449e+00
   2.7360814e+01   4.5000000e+01   3.5209449e+00
   2.7370814e+01   4.5000000e+01   3.5209449e+00
   2.7380814e+01   4.5000000e+01   3.5209449e+00
   2.7390814e+01   4.5000000e+01   3.5209449e+00
   2.7400814e+01   4.5000000e+01   3.5209449e+00
   2.7410814e+01   4.5000000e+01   3.5209449e+00
   2.7420814e+01   4.5000000e+01   3.5209449e+00
   2.7430814e+01   4.5000000e+01   3.5209449e+00
   2.7440814e+01   4.5000000e+01   3.5209449e+00
   2.7450814e+01   4.5000000e+01   3.5209449e+00
   2.7460814e+01   4.5000000e+01   3.5209449e+00
   2.7470814e+01   4.5000000e+01   3.5209449e+00
   2.7480814e+01   4.5000000e+01   3.5209449e+00
   2.7490814e+01   4.5000000e+01   3.5209449e+00
   2.7492343e+01   4.5000000e+01   3.5209449e+00
   2.7492343e+01   4.6000000e+01   3.4970694e+00
   2.7492343e+01   4.6000000e+01   3.4970694e+00
   2.7502343e+01   4.6000000e+01   3.4970694e+00
   2.7512343e+01   4.6000000e+01   3.4970694e+00
   2.7522343e+01   4.6000000e+01   3.4970694e+00
   2.7532343e+01   4.6000000e+01   3.4970694e+00
   2.7542343e+01   4.6000000e+01   3.4970694e+00
   2.7552343e+01   4.6000000e+01   3.4970694e+00
   2.7562343e+01   4.6000000e+01   3.4970694e+00
   2.7572343e+01   4.6000000e+01   3.4970694e+00
   2.7582343e+01   4.6000000e+01   3.4970694e+00
   2.7592343e+01   4.6000000e+01   3.4970694e+00
   2.7602343e+01   4.6000000e+01   3.4970694e+00
   2.7612343e+01   4.6000000e+01   3.4970694e+00
   2.7622343e+01   4.6000000e+01   3.4970694e+00
   2.7632343e+01   4.6000000e+01   3.4970694e+00
   2.7642343e+01   4.6000000e+01   3.4970694e+00
   2.7652343e+01   4.6000000e+01   3.4970694e+00
   2.7662343e+01   4.6000000e+01   3.4970694e+00
   2.7672343e+01   4.6000000e+01   3.4970694e+00
   2.7682343e+01   4.6000000e+01   3.4970694e+00
   2.7692343e+01   4.6000000e+01   3.4970694e+00
   2.7702343e+01   4.6000000e+01   3.4970694e+00
   2.7712343e+01   4.6000000e+01   3.4970694e+00
   2.7722343e+01   4.6000000e+01   3.4970694e+00
   2.7732343e+01   4.6000000e+01   3.4970694e+00
   2.7742343e+01   4.6000000e+01   3.4970694e+00
   2.7752343e+01   4.6000000e+01   3.4970694e+00
   2.7762343e+01   4.6000000e+01   3.4970694e+00
   2.7772343e+01   4.6000000e+01   3.4970694e+00
   2.7782343e+01   4.6000000e+01   3.4970694e+00
   2.7792343e+01   4.6000000e+01   3.4970694e+00
   2.7802343e+01   4.6000000e+01   3.4970694e+00
   2.7812343e+01   4.6000000e+01   3.4970694e+00
   2.7822343e+01   4.6000000e+01   3.4970694e+00
   2.7832343e+01   4.6000000e+01   3.4970694e+00
   2.7842343e+01   4.6000000e+01   3.4970694e+00
   2.7852343e+01   4.6000000e+01   3.4970694e+00
   2.7862343e+01   4.6000000e+01   3.4970694e+00
   2.7872343e+01   4.6000000e+01   3.4970694e+00
   2.7882343e+01   4.6000000e+01   3.4970694e+00
   2.7892343e+01   4.6000000e+01   3.4970694e+00
   2.7902343e+01   4.6000000e+01   3.4970694e+00
   2.7912343e+01   4.6000000e+01   3.4970694e+00
   2.7922343e+01   4.6000000e+01   3.4970694e+00
   2.7932343e+01   4.6000000e+01   3.4970694e+00
   2.7942343e+01   4.6000000e+01   3.4970694e+00
   2.7952343e+01   4.6000000e+01   3.4970694e+00
   2.7962343e+01   4.6000000e+01   3.4970694e+00
   2.7972343e+01   4.6000000e+01   3.4970694e+00
   2.7982343e+01   4.6000000e+01   3.4970694e+00
   2.7992343e+01   4.6000000e+01   3.4970694e+00
   2.8002343e+01   4.6000000e+01   3.4970694e+00
   2.8012343e+01   4.6000000e+01   3.4970694e+00
   2.8022343e+01   4.6000000e+01   3.4970694e+00
   2.8032343e+01   4.6000000e+01   3.4970694e+00
   2.8042343e+01   4.6000000e+01   3.4970694e+00
   2.8052343e+01   4.6000000e+01   3.4970694e+00
   2.8062343e+01   4.6000000e+01   3.4970694e+00
   2.8072343e+01   4.6000000e+01   3.4970694e+00
   2.8082343e+01   4.6000000e+01   3.4970694e+00
   2.8092343e+01   4.6000000e+01   3.4970694e+00
   2.8102343e+01   4.6000000e+01   3.4970694e+00
   2.8112343e+01   4.6000000e+01   3.4970694e+00
   2.8122343e+01   4.6000000e+01   3.4970694e+00
   2.8132343e+01   4.6000000e+01   3.4970694e+00
   2.8142343e+01   4.6000000e+01   3.4970694e+00
   2.8152343e+01   4.6000000e+01   3.4970694e+00
   2.8162343e+01   4.6000000e+01   3.4970694e+00
   2.8172343e+01   4.6000000e+01   3.4970694e+00
   2.8182343e+01   4.6000000e+01   3.4970694e+00
   2.8192343e+01   4.6000000e+01   3.4970694e+00
   2.8202343e+01   4.6000000e+01   3.4970694e+00
   2.8212343e+01   4.6000000e+01   3.4970694e+00
   2.8222343e+01   4.6000000e+01   3.4970694e+00
   2.8232343e+01   4.6000000e+01   3.4970694e+00
   2.8242343e+01   4.6000000e+01   3.4970694e+00
   2.8252343e+01   4.6000000e+01   3.4970694e+00
   2.8262343e+01   4.6000000e+01   3.4970694e+00
   2.8272343e+01   4.6000000e+01   3.4970694e+00
   2.8282343e+01   4.6000000e+01   3.4970694e+00
   2.8292343e+01   4.6000000e+01   3.4970694e+00
   2.8302343e+01   4.6000000e+01   3.4970694e+00
   2.8312343e+01   4.6000000e+01   3.4970694e+00
   2.8322343e+01   4.6000000e+01   3.4970694e+00
   2.8332343e+01   4.6000000e+01   3.4970694e+00
   2.8342343e+01   4.6000000e+01   3.4970694e+00
   2.8352343e+01   4.6000000e+01   3.4970694e+00
   2.8362343e+01   4.6000000e+01   3.4970694e+00
   2.8372343e+01   4.6000000e+01   3.4970694e+00
   2.8382343e+01   4.6000000e+01   3.4970694e+00
   2.8392343e+01   4.6000000e+01   3.4970694e+00
   2.8402343e+01   4.6000000e+01   3.4970694e+00
   2.8412343e+01   4.6000000e+01   3.4970694e+00
   2.8422343e+01   4.6000000e+01   3.4970694e+00
   2.8432343e+01   4.6000000e+01   3.4970694e+00
   2.8442343e+01   4.6000000e+01   3.4970694e+00
   2.8452343e+01   4.6000000e+01   3.4970694e+00
   2.8462343e+01   4.6000000e+01   3.4970694e+00
   2.8472343e+01   4.6000000e+01   3.4970694e+00
   2.8482343e+01   4.6000000e+01   3.4970694e+00
   2.8492343e+01   4.6000000e+01   3.4970694e+00
   2.8502343e+01   4.6000000e+01   3.4970694e+00
   2.8512343e+01   4.6000000e+01   3.4970694e+00
   2.8522343e+01   4.6000000e+01   3.4970694e+00
   2.8532343e+01   4.6000000e+01   3.4970694e+00
   2.8538579e+01   4.6000000e+01   3.4970694e+00
   2.8538579e+01   4.7000000e+01   3.4704427e+00
   2.8538579e+01   4.7000000e+01   3.4704427e+00
   2.8548579e+01   4.7000000e+01   3.4704427e+00
   2.8558579e+01   4.7000000e+01   3.4704427e+00
   2.8568579e+01   4.7000000e+01   3.4704427e+00
   2.8578579e+01   4.7000000e+01   3.4704427e+00
   2.8588579e+01   4.7000000e+01   3.4704427e+00
   2.8598579e+01   4.7000000e+01   3.4704427e+00
   2.8608579e+01   4.7000000e+01   3.4704427e+00
   2.8618579e+01   4.7000000e+01   3.4704427e+00
   2.8628579e+01   4.7000000e+01   3.4704427e+00
   2.8638579e+01   4.7000000e+01   3.4704427e+00
   2.8648579e+01   4.7000000e+01   3.4704427e+00
   2.8658579e+01   4.7000000e+01   3.4704427e+00
   2.8668579e+01   4.7000000e+01   3.4704427e+00
   2.8678579e+01   4.7000000e+01   3.4704427e+00
   2.8688579e+01   4.7000000e+01   3.4704427e+00
   2.8698579e+01   4.7000000e+01   3.4704427e+00
   2.8708579e+01   4.7000000e+01   3.4704427e+00
   2.8718579e+01   4.7000000e+01   3.4704427e+00
   2.8728579e+01   4.7000000e+01   3.4704427e+00
   2.8738579e+01   4.7000000e+01   3.4704427e+00
   2.8748579e+01   4.7000000e+01   3.4704427e+00
   2.8758579e+01   4.7000000e+01   3.4704427e+00
   2.8768579e+01   4.7000000e+01   3.4704427e+00
   2.8778579e+01   4.7000000e+01   3.4704427e+00
   2.8788579e+01   4.7000000e+01   3.4704427e+00
   2.8798579e+01   4.7000000e+01   3.4704427e+00
   2.8808579e+01   4.7000000e+01   3.4704427e+00
   2.8818579e+01   4.7000000e+01   3.4704427e+00
   2.8828579e+01   4.7000000e+01   3.4704427e+00
   2.8838579e+01   4.7000000e+01   3.4704427e+00
   2.8848579e+01   4.7000000e+01   3.4704427e+00
   2.8858579e+01   4.7000000e+01   3.4704427e+00
   2.8868579e+01   4.7000000e+01   3.4704427e+00
   2.8878579e+01   4.7000000e+01   3.4704427e+00
   2.8888579e+01   4.7000000e+01   3.4704427e+00
   2.8898579e+01   4.7000000e+01   3.4704427e+00
   2.8908579e+01   4.7000000e+01   3.4704427e+00
   2.8918579e+01   4.7000000e+01   3.4704427e+00
   2.8928579e+01   4.7000000e+01   3.4704427e+00
   2.8938579e+01   4.7000000e+01   3.4704427e+00
   2.8948579e+01   4.7000000e+01   3.4704427e+00
   2.8958579e+01   4.7000000e+01   3.4704427e+00
   2.8968579e+01   4.7000000e+01   3.4704427e+00
   2.8978579e+01   4.7000000e+01   3.4704427e+00
   2.8988579e+01   4.7000000e+01   3.4704427e+00
   2.8998579e+01   4.7000000e+01   3.4704427e+00
   2.9008579e+01   4.7000000e+01   3.4704427e+00
   2.9018579e+01   4.7000000e+01   3.4704427e+00
   2.9028579e+01   4.7000000e+01   3.4704427e+00
   2.9038579e+01   4.7000000e+01   3.4704427e+00
   2.9048579e+01   4.7000000e+01   3.4704427e+00
   2.9058579e+01   4.7000000e+01   3.4704427e+00
   2.9068579e+01   4.7000000e+01   3.4704427e+00
   2.9078579e+01   4.7000000e+01   3.4704427e+00
   2.9088579e+01   4.7000000e+01   3.4704427e+00
   2.9098579e+01   4.7000000e+01   3.4704427e+00
   2.9108579e+01   4.7000000e+01   3.4704427e+00
   2.9118579e+01   4.7000000e+01   3.4704427e+00
   2.9128579e+01   4.7000000e+01   3.4704427e+00
   2.9138579e+01   4.7000000e+01   3.4704427e+00
   2.9148579e+01   4.7000000e+01   3.4704427e+00
   2.9158579e+01   4.7000000e+01   3.4704427e+00
   2.9168579e+01   4.7000000e+01   3.4704427e+00
   2.9178579e+01   4.7000000e+01   3.4704427e+00
   2.9188579e+01   4.7000000e+01   3.4704427e+00
   2.9198579e+01   4.7000000e+01   3.4704427e+00
   2.9208579e+01   4.7000000e+01   3.4704427e+00
   2.9218579e+01   4.7000000e+01   3.4704427e+00
   2.9228579e+01   4.7000000e+01   3.4704427e+00
   2.9238579e+01   4.7000000e+01   3.4704427e+00
   2.9248579e+01   4.7000000e+01   3.4704427e+00
   2.9258579e+01   4.7000000e+01   3.4704427e+00
   2.9268579e+01   4.7000000e+01   3.4704427e+00
   2.9278579e+01   4.7000000e+01   3.4704427e+00
   2.9288579e+01   4.7000000e+01   3.4704427e+00
   2.9298579e+01   4.7000000e+01   3.4704427e+00
   2.9308579e+01   4.7000000e+01   3.4704427e+00
   2.9318579e+01   4.7000000e+01   3.4704427e+00
   2.9328579e+01   4.7000000e+01   3.4704427e+00
   2.9338579e+01   4.7000000e+01   3.4704427e+00
   2.9348579e+01   4.7000000e+01   3.4704427e+00
   2.9358579e+01   4.7000000e+01   3.4704427e+00
   2.9368579e+01   4.7000000e+01   3.4704427e+00
   2.9378579e+01   4.7000000e+01   3.4704427e+00
   2.9388579e+01   4.7000000e+01   3.4704427e+00
   2.9398579e+01   4.7000000e+01   3.4704427e+00
   2.9408579e+01   4.7000000e+01   3.4704427e+00
   2.9418579e+01   4.7000000e+01   3.4704427e+00
   2.9428579e+01   4.7000000e+01   3.4704427e+00
   2.9438579e+01   4.7000000e+01   3.4704427e+00
   2.9448579e+01   4.7000000e+01   3.4704427e+00
   2.9458579e+01   4.7000000e+01   3.4704427e+00
   2.9468579e+01   4.7000000e+01   3.4704427e+00
   2.9478579e+01   4.7000000e+01   3.4704427e+00
   2.9488579e+01   4.7000000e+01   3.4704427e+00
   2.9498579e+01   4.7000000e+01   3.4704427e+00
   2.9508579e+01   4.7000000e+01   3.4704427e+00
   2.9518579e+01   4.7000000e+01   3.4704427e+00
   2.9528579e+01   4.7000000e+01   3.4704427e+00
   2.9538579e+01   4.7000000e+01   3.4704427e+00
   2.9548579e+01   4.7000000e+01   3.4704427e+00
   2.9558579e+01   4.7000000e+01   3.4704427e+00
   2.9568579e+01   4.7000000e+01   3.4704427e+00
   2.9578579e+01   4.7000000e+01   3.4704427e+00
   2.9588579e+01   4.7000000e+01   3.4704427e+00
   2.9598579e+01   4.7000000e+01   3.4704427e+00
   2.9599258e+01   4.7000000e+01   3.4704427e+00
   2.9599258e+01   4.8000000e+01   3.4410867e+00
   2.9599258e+01   4.8000000e+01   3.4410867e+00
   2.9609258e+01   4.8000000e+01   3.4410867e+00
   2.9619258e+01   4.8000000e+01   3.4410867e+00
   2.9629258e+01   4.8000000e+01   3.4410867e+00
   2.9639258e+01   4.8000000e+01   3.4410867e+00
   2.9649258e+01   4.8000000e+01   3.4410867e+00
   2.9659258e+01   4.8000000e+01   3.4410867e+00
   2.9669258e+01   4.8000000e+01   3.4410867e+00
   2.9679258e+01   4.8000000e+01   3.4410867e+00
   2.9689258e+01   4.8000000e+01   3.4410867e+00
   2.9699258e+01   4.8000000e+01   3.4410867e+00
   2.9709258e+01   4.8000000e+01   3.4410867e+00
   2.9719258e+01   4.8000000e+01   3.4410867e+00
   2.9729258e+01   4.8000000e+01   3.4410867e+00
   2.9739258e+01   4.8000000e+01   3.4410867e+00
   2.9749258e+01   4.8000000e+01   3.4410867e+00
   2.9759258e+01   4.8000000e+01   3.4410867e+00
   2.9769258e+01   4.8000000e+01   3.4410867e+00
   2.9779258e+01   4.8000000e+01   3.4410867e+00
   2.9789258e+01   4.8000000e+01   3.4410867e+00
   2.9799258e+01   4.8000000e+01   3.4410867e+00
   2.9809258e+01   4.8000000e+01   3.4410867e+00
   2.9819258e+01   4.8000000e+01   3.4410867e+00
   2.9829258e+01   4.8000000e+01   3.4410867e+00
   2.9839258e+01   4.8000000e+01   3.4410867e+00
   2.9849258e+01   4.8000000e+01   3.4410867e+00
   2.9859258e+01   4.8000000e+01   3.4410867e+00
   2.9869258e+01   4.8000000e+01   3.4410867e+00
   2.9879258e+01   4.8000000e+01   3.4410867e+00
   2.9889258e+01   4.8000000e+01   3.4410867e+00
   2.9899258e+01   4.8000000e+01   3.4410867e+00
   2.9909258e+01   4.8000000e+01   3.4410867e+00
   2.9919258e+01   4.8000000e+01   3.4410867e+00
   2.9929258e+01   4.8000000e+01   3.4410867e+00
   2.9939258e+01   4.8000000e+01   3.4410867e+00
   2.9949258e+01   4.8000000e+01   3.4410867e+00
   2.9959258e+01   4.8000000e+01   3.4410867e+00
   2.9969258e+01   4.8000000e+01   3.4410867e+00
   2.9979258e+01   4.8000000e+01   3.4410867e+00
   2.9989258e+01   4.8000000e+01   3.4410867e+00
   2.9999258e+01   4.8000000e+01   3.4410867e+00
   3.0009258e+01   4.8000000e+01   3.4410867e+00
   3.0019258e+01   4.8000000e+01   3.4410867e+00
   3.0029258e+01   4.8000000e+01   3.4410867e+00
   3.0039258e+01   4.8000000e+01   3.4410867e+00
   3.0049258e+01   4.8000000e+01   3.4410867e+00
   3.0059258e+01   4.8000000e+01   3.4410867e+00
   3.0069258e+01   4.8000000e+01   3.4410867e+00
   3.0079258e+01   4.8000000e+01   3.4410867e+00
   3.0089258e+01   4.8000000e+01   3.4410867e+00
   3.0099258e+01   4.8000000e+01   3.4410867e+00
   3.0109258e+01   4.8000000e+01   3.4410867e+00
   3.0119258e+01   4.8000000e+01   3.4410867e+00
   3.0129258e+01   4.8000000e+01   3.4410867e+00
   3.0139258e+01   4.8000000e+01   3.4410867e+00
   3.0149258e+01   4.8000000e+01   3.4410867e+00
   3.0159258e+01   4.8000000e+01   3.4410867e+00
   3.0169258e+01   4.8000000e+01   3.4410867e+00
   3.0179258e+01   4.8000000e+01   3.4410867e+00
   3.0189258e+01   4.8000000e+01   3.4410867e+00
   3.0199258e+01   4.8000000e+01   3.4410867e+00
   3.0209258e+01   4.8000000e+01   3.4410867e+00
   3.0219258e+01   4.8000000e+01   3.4410867e+00
   3.0229258e+01   4.8000000e+01   3.4410867e+00
   3.0239258e+01   4.8000000e+01   3.4410867e+00
   3.0249258e+01   4.8000000e+01   3.4410867e+00
   3.0259258e+01   4.8000000e+01   3.4410867e+00
   3.0269258e+01   4.8000000e+01   3.4410867e+00
   3.0279258e+01   4.8000000e+01   3.4410867e+00
   3.0289258e+01   4.8000000e+01   3.4410867e+00
   3.0299258e+01   4.8000000e+01   3.4410867e+00
   3.0309258e+01   4.8000000e+01   3.4410867e+00
   3.0319258e+01   4.8000000e+01   3.4410867e+00
   3.0329258e+01   4.8000000e+01   3.4410867e+00
   3.0339258e+01   4.8000000e+01   3.4410867e+00
   3.0349258e+01   4.8000000e+01   3.4410867e+00
   3.0359258e+01   4.8000000e+01   3.4410867e+00
   3.0369258e+01   4.8000000e+01   3.4410867e+00
   3.0379258e+01   4.8000000e+01   3.4410867e+00
   3.0389258e+01   4.8000000e+01   3.4410867e+00
   3.0399258e+01   4.8000000e+01   3.4410867e+00
   3.0409258e+01   4.8000000e+01   3.4410867e+00
   3.0419258e+01   4.8000000e+01   3.4410867e+00
   3.0429258e+01   4.8000000e+01   3.4410867e+00
   3.0439258e+01   4.8000000e+01   3.4410867e+00
   3.0449258e+01   4.8000000e+01   3.4410867e+00
   3.0459258e+01   4.8000000e+01   3.4410867e+00
   3.0469258e+01   4.8000000e+01   3.4410867e+00
   3.0479258e+01   4.8000000e+01   3.4410867e+00
   3.0489258e+01   4.8000000e+01   3.4410867e+00
   3.0499258e+01   4.8000000e+01   3.4410867e+00
   3.0509258e+01   4.8000000e+01   3.4410867e+00
   3.0519258e+01   4.8000000e+01   3.4410867e+00
   3.0529258e+01   4.8000000e+01   3.4410867e+00
   3.0539258e+01   4.8000000e+01   3.4410867e+00
   3.0549258e+01   4.8000000e+01   3.4410867e+00
   3.0559258e+01   4.8000000e+01   3.4410867e+00
   3.0569258e+01   4.8000000e+01   3.4410867e+00
   3.0579258e+01   4.8000000e+01   3.4410867e+00
   3.0589258e+01   4.8000000e+01   3.4410867e+00
   3.0599258e+01   4.8000000e+01   3.4410867e+00
   3.0609258e+01   4.8000000e+01   3.4410867e+00
   3.0619258e+01   4.8000000e+01   3.4410867e+00
   3.0629258e+01   4.8000000e+01   3.4410867e+00
   3.0639258e+01   4.8000000e+01   3.4410867e+00
   3.0649258e+01   4.8000000e+01   3.4410867e+00
   3.0659258e+01   4.8000000e+01   3.4410867e+00
   3.0669258e+01   4.8000000e+01   3.4410867e+00
   3.0674116e+01   4.8000000e+01   3.4410867e+00
   3.0674116e+01   4.9000000e+01   3.4090216e+00
   3.0674116e+01   4.9000000e+01   3.4090216e+00
   3.0684116e+01   4.9000000e+01   3.4090216e+00
   3.0694116e+01   4.9000000e+01   3.4090216e+00
   3.0704116e+01   4.9000000e+01   3.4090216e+00
   3.0714116e+01   4.9000000e+01   3.4090216e+00
   3.0724116e+01   4.9000000e+01   3.4090216e+00
   3.0734116e+01   4.9000000e+01   3.4090216e+00
   3.0744116e+01   4.9000000e+01   3.4090216e+00
   3.0754116e+01   4.9000000e+01   3.4090216e+00
   3.0764116e+01   4.9000000e+01   3.4090216e+00
   3.0774116e+01   4.9000000e+01   3.4090216e+00
   3.0784116e+01   4.9000000e+01   3.4090216e+00
   3.0794116e+01   4.9000000e+01   3.4090216e+00
   3.0804116e+01   4.9000000e+01   3.4090216e+00
   3.0814116e+01   4.9000000e+01   3.4090216e+00
   3.0824116e+01   4.9000000e+01   3.4090216e+00
   3.0834116e+01   4.9000000e+01   3.4090216e+00
   3.0844116e+01   4.9000000e+01   3.4090216e+00
   3.0854116e+01   4.9000000e+01   3.4090216e+00
   3.0864116e+01   4.9000000e+01   3.4090216e+00
   3.0874116e+01   4.9000000e+01   3.4090216e+00
   3.0884116e+01   4.9000000e+01   3.4090216e+00
   3.0894116e+01   4.9000000e+01   3.4090216e+00
   3.0904116e+01   4.9000000e+01   3.4090216e+00
   3.0914116e+01   4.9000000e+01   3.4090216e+00
   3.0924116e+01   4.9000000e+01   3.4090216e+00
   3.0934116e+01   4.9000000e+01   3.4090216e+00
   3.0944116e+01   4.9000000e+01   3.4090216e+00
   3.0954116e+01   4.9000000e+01   3.4090216e+00
   3.0964116e+01   4.9000000e+01   3.4090216e+00
   3.0974116e+01   4.9000000e+01   3.4090216e+00
   3.0984116e+01   4.9000000e+01   3.4090216e+00
   3.0994116e+01   4.9000000e+01   3.4090216e+00
   3.1004116e+01   4.9000000e+01   3.4090216e+00
   3.1014116e+01   4.9000000e+01   3.4090216e+00
   3.1024116e+01   4.9000000e+01   3.4090216e+00
   3.1034116e+01   4.9000000e+01   3.4090216e+00
   3.1044116e+01   4.9000000e+01   3.4090216e+00
   3.1054116e+01   4.9000000e+01   3.4090216e+00
   3.1064116e+01   4.9000000e+01   3.4090216e+00
   3.1074116e+01   4.9000000e+01   3.4090216e+00
   3.1084116e+01   4.9000000e+01   3.4090216e+00
   3.1094116e+01   4.9000000e+01   3.4090216e+00
   3.1104116e+01   4.9000000e+01   3.4090216e+00
   3.1114116e+01   4.9000000e+01   3.4090216e+00
   3.1124116e+01   4.9000000e+01   3.4090216e+00
   3.1134116e+01   4.9000000e+01   3.4090216e+00
   3.1144116e+01   4.9000000e+01   3.4090216e+00
   3.1154116e+01   4.9000000e+01   3.4090216e+00
   3.1164116e+01   4.9000000e+01   3.4090216e+00
   3.1174116e+01   4.9000000e+01   3.4090216e+00
   3.1184116e+01   4.9000000e+01   3.4090216e+00
   3.1194116e+01   4.9000000e+01   3.4090216e+00
   3.1204116e+01   4.9000000e+01   3.4090216e+00
   3.1214116e+01   4.9000000e+01   3.4090216e+00
   3.1224116e+01   4.9000000e+01   3.4090216e+00
   3.1234116e+01   4.9000000e+01   3.4090216e+00
   3.1244116e+01   4.9000000e+01   3.4090216e+00
   3.1254116e+01   4.9000000e+01   3.4090216e+00
   3.1264116e+01   4.9000000e+01   3.4090216e+00
   3.1274116e+01   4.9000000e+01   3.4090216e+00
   3.1284116e+01   4.9000000e+01   3.4090216e+00
   3.1294116e+01   4.9000000e+01   3.4090216e+00
   3.1304116e+01   4.9000000e+01   3.4090216e+00
   3.1314116e+01   4.9000000e+01   3.4090216e+00
   3.1324116e+01   4.9000000e+01   3.4090216e+00
   3.1334116e+01   4.9000000e+01   3.4090216e+00
   3.1344116e+01   4.9000000e+01   3.4090216e+00
   3.1354116e+01   4.9000000e+01   3.4090216e+00
   3.1364116e+01   4.9000000e+01   3.4090216e+00
   3.1374116e+01   4.9000000e+01   3.4090216e+00
   3.1384116e+01   4.9000000e+01   3.4090216e+00
   3.1394116e+01   4.9000000e+01   3.4090216e+00
   3.1404116e+01   4.9000000e+01   3.4090216e+00
   3.1414116e+01   4.9000000e+01   3.4090216e+00
   3.1424116e+01   4.9000000e+01   3.4090216e+00
   3.1434116e+01   4.9000000e+01   3.4090216e+00
   3.1444116e+01   4.9000000e+01   3.4090216e+00
   3.1454116e+01   4.9000000e+01   3.4090216e+00
   3.1464116e+01   4.9000000e+01   3.4090216e+00
   3.1474116e+01   4.9000000e+01   3.4090216e+00
   3.1484116e+01   4.9000000e+01   3.4090216e+00
   3.1494116e+01   4.9000000e+01   3.4090216e+00
   3.1504116e+01   4.9000000e+01   3.4090216e+00
   3.1514116e+01   4.9000000e+01   3.4090216e+00
   3.1524116e+01   4.9000000e+01   3.4090216e+00
   3.1534116e+01   4.9000000e+01   3.4090216e+00
   3.1544116e+01   4.9000000e+01   3.4090216e+00
   3.1554116e+01   4.9000000e+01   3.4090216e+00
   3.1564116e+01   4.9000000e+01   3.4090216e+00
   3.1574116e+01   4.9000000e+01   3.4090216e+00
   3.1584116e+01   4.9000000e+01   3.4090216e+00
   3.1594116e+01   4.9000000e+01   3.4090216e+00
   3.1604116e+01   4.9000000e+01   3.4090216e+00
   3.1614116e+01   4.9000000e+01   3.4090216e+00
   3.1624116e+01   4.9000000e+01   3.4090216e+00
   3.1634116e+01   4.9000000e+01   3.4090216e+00
   3.1644116e+01   4.9000000e+01   3.4090216e+00
   3.1654116e+01   4.9000000e+01   3.4090216e+00
   3.1664116e+01   4.9000000e+01   3.4090216e+00
   3.1674116e+01   4.9000000e+01   3.4090216e+00
   3.1684116e+01   4.9000000e+01   3.4090216e+00
   3.1694116e+01   4.9000000e+01   3.4090216e+00
   3.1704116e+01   4.9000000e+01   3.4090216e+00
   3.1714116e+01   4.9000000e+01   3.4090216e+00
   3.1724116e+01   4.9000000e+01   3.4090216e+00
   3.1734116e+01   4.9000000e+01   3.4090216e+00
   3.1744116e+01   4.9000000e+01   3.4090216e+00
   3.1754116e+01   4.9000000e+01   3.4090216e+00
   3.1762886e+01   4.9000000e+01   3.4090216e+00
   3.1762886e+01   5.0000000e+01   3.3742666e+00
   3.1762886e+01   5.0000000e+01   3.3742666e+00
   3.1772886e+01   5.0000000e+01   3.3742666e+00
   3.1782886e+01   5.0000000e+01   3.3742666e+00
   3.1792886e+01   5.0000000e+01   3.3742666e+00
   3.1802886e+01   5.0000000e+01   3.3742666e+00
   3.1812886e+01   5.0000000e+01   3.3742666e+00
   3.1822886e+01   5.0000000e+01   3.3742666e+00
   3.1832886e+01   5.0000000e+01   3.3742666e+00
   3.1842886e+01   5.0000000e+01   3.3742666e+00
   3.1852886e+01   5.0000000e+01   3.3742666e+00
   3.1862886e+01   5.0000000e+01   3.3742666e+00
   3.1872886e+01   5.0000000e+01   3.3742666e+00
   3.1882886e+01   5.0000000e+01   3.3742666e+00
   3.1892886e+01   5.0000000e+01   3.3742666e+00
   3.1902886e+01   5.0000000e+01   3.3742666e+00
   3.1912886e+01   5.0000000e+01   3.3742666e+00
   3.1922886e+01   5.0000000e+01   3.3742666e+00
   3.1932886e+01   5.0000000e+01   3.3742666e+00
   3.1942886e+01   5.0000000e+01   3.3742666e+00
   3.1952886e+01   5.0000000e+01   3.3742666e+00
   3.1962886e+01   5.0000000e+01   3.3742666e+00
   3.1972886e+01   5.0000000e+01   3.3742666e+00
   3.1982886e+01   5.0000000e+01   3.3742666e+00
   3.1992886e+01   5.0000000e+01   3.3742666e+00
   3.2002886e+01   5.0000000e+01   3.3742666e+00
   3.2012886e+01   5.0000000e+01   3.3742666e+00
   3.2022886e+01   5.0000000e+01   3.3742666e+00
   3.2032886e+01   5.0000000e+01   3.3742666e+00
   3.2042886e+01   5.0000000e+01   3.3742666e+00
   3.2052886e+01   5.0000000e+01   3.3742666e+00
   3.2062886e+01   5.0000000e+01   3.3742666e+00
   3.2072886e+01   5.0000000e+01   3.3742666e+00
   3.2082886e+01   5.0000000e+01   3.3742666e+00
   3.2092886e+01   5.0000000e+01   3.3742666e+00
   3.2102886e+01   5.0000000e+01   3.3742666e+00
   3.2112886e+01   5.0000000e+01   3.3742666e+00
   3.2122886e+01   5.0000000e+01   3.3742666e+00
   3.2132886e+01   5.0000000e+01   3.3742666e+00
   3.2142886e+01   5.0000000e+01   3.3742666e+00
   3.2152886e+01   5.0000000e+01   3.3742666e+00
   3.2162886e+01   5.0000000e+01   3.3742666e+00
   3.2172886e+01   5.0000000e+01   3.3742666e+00
   3.2182886e+01   5.0000000e+01   3.3742666e+00
   3.2192886e+01   5.0000000e+01   3.3742666e+00
   3.2202886e+01   5.0000000e+01   3.3742666e+00
   3.2212886e+01   5.0000000e+01   3.3742666e+00
   3.2222886e+01   5.0000000e+01   3.3742666e+00
   3.2232886e+01   5.0000000e+01   3.3742666e+00
   3.2242886e+01   5.0000000e+01   3.3742666e+00
   3.2252886e+01   5.0000000e+01   3.3742666e+00
   3.2262886e+01   5.0000000e+01   3.3742666e+00
   3.2272886e+01   5.0000000e+01   3.3742666e+00
   3.2282886e+01   5.0000000e+01   3.3742666e+00
   3.2292886e+01   5.0000000e+01   3.3742666e+00
   3.2302886e+01   5.0000000e+01   3.3742666e+00
   3.2312886e+01   5.0000000e+01   3.3742666e+00
   3.2322886e+01   5.0000000e+01   3.3742666e+00
   3.2332886e+01   5.0000000e+01   3.3742666e+00
   3.2342886e+01   5.0000000e+01   3.3742666e+00
   3.2352886e+01   5.0000000e+01   3.3742666e+00
   3.2362886e+01   5.0000000e+01   3.3742666e+00
   3.2372886e+01   5.0000000e+01   3.3742666e+00
   3.2382886e+01   5.0000000e+01   3.3742666e+00
   3.2392886e+01   5.0000000e+01   3.3742666e+00
   3.2402886e+01   5.0000000e+01   3.3742666e+00
   3.2412886e+01   5.0000000e+01   3.3742666e+00
   3.2422886e+01   5.0000000e+01   3.3742666e+00
   3.2432886e+01   5.0000000e+01   3.3742666e+00
   3.2442886e+01   5.0000000e+01   3.3742666e+00
   3.2452886e+01   5.0000000e+01   3.3742666e+00
   3.2462886e+01   5.0000000e+01   3.3742666e+00
   3.2472886e+01   5.0000000e+01   3.3742666e+00
   3.2482886e+01   5.0000000e+01   3.3742666e+00
   3.2492886e+01   5.0000000e+01   3.3742666e+00
   3.2502886e+01   5.0000000e+01   3.3742666e+00
   3.2512886e+01   5.0000000e+01   3.3742666e+00
   3.2522886e+01   5.0000000e+01   3.3742666e+00
   3.2532886e+01   5.0000000e+01   3.3742666e+00
   3.2542886e+01   5.0000000e+01   3.3742666e+00
   3.2552886e+01   5.0000000e+01   3.3742666e+00
   3.2562886e+01   5.0000000e+01   3.3742666e+00
   3.2572886e+01   5.0000000e+01   3.3742666e+00
   3.2582886e+01   5.0000000e+01   3.3742666e+00
   3.2592886e+01   5.0000000e+01   3.3742666e+00
   3.2602886e+01   5.0000000e+01   3.3742666e+00
   3.2612886e+01   5.0000000e+01   3.3742666e+00
   3.2622886e+01   5.0000000e+01   3.3742666e+00
   3.2632886e+01   5.0000000e+01   3.3742666e+00
   3.2642886e+01   5.0000000e+01   3.3742666e+00
   3.2652886e+01   5.0000000e+01   3.3742666e+00
   3.2662886e+01   5.0000000e+01   3.3742666e+00
   3.2672886e+01   5.0000000e+01   3.3742666e+00
   3.2682886e+01   5.0000000e+01   3.3742666e+00
   3.2692886e+01   5.0000000e+01   3.3742666e+00
   3.2702886e+01   5.0000000e+01   3.3742666e+00
   3.2712886e+01   5.0000000e+01   3.3742666e+00
   3.2722886e+01   5.0000000e+01   3.3742666e+00
   3.2732886e+01   5.0000000e+01   3.3742666e+00
   3.2742886e+01   5.0000000e+01   3.3742666e+00
   3.2752886e+01   5.0000000e+01   3.3742666e+00
   3.2762886e+01   5.0000000e+01   3.3742666e+00
   3.2772886e+01   5.0000000e+01   3.3742666e+00
   3.2782886e+01   5.0000000e+01   3.3742666e+00
   3.2792886e+01   5.0000000e+01   3.3742666e+00
   3.2802886e+01   5.0000000e+01   3.3742666e+00
   3.2812886e+01   5.0000000e+01   3.3742666e+00
   3.2822886e+01   5.0000000e+01   3.3742666e+00
   3.2832886e+01   5.0000000e+01   3.3742666e+00
   3.2842886e+01   5.0000000e+01   3.3742666e+00
   3.2852886e+01   5.0000000e+01   3.3742666e+00
   3.2862886e+01   5.0000000e+01   3.3742666e+00
   3.2865301e+01   5.0000000e+01   3.3742666e+00
   3.2865301e+01   5.1000000e+01   3.3368393e+00
   3.2865301e+01   5.1000000e+01   3.3368393e+00
   3.2875301e+01   5.1000000e+01   3.3368393e+00
   3.2885301e+01   5.1000000e+01   3.3368393e+00
   3.2895301e+01   5.1000000e+01   3.3368393e+00
   3.2905301e+01   5.1000000e+01   3.3368393e+00
   3.2915301e+01   5.1000000e+01   3.3368393e+00
   3.2925301e+01   5.1000000e+01   3.3368393e+00
   3.2935301e+01   5.1000000e+01   3.3368393e+00
   3.2945301e+01   5.1000000e+01   3.3368393e+00
   3.2955301e+01   5.1000000e+01   3.3368393e+00
   3.2965301e+01   5.1000000e+01   3.3368393e+00
   3.2975301e+01   5.1000000e+01   3.3368393e+00
   3.2985301e+01   5.1000000e+01   3.3368393e+00
   3.2995301e+01   5.1000000e+01   3.3368393e+00
   3.3005301e+01   5.1000000e+01   3.3368393e+00
   3.3015301e+01   5.1000000e+01   3.3368393e+00
   3.3025301e+01   5.1000000e+01   3.3368393e+00
   3.3035301e+01   5.1000000e+01   3.3368393e+00
   3.3045301e+01   5.1000000e+01   3.3368393e+00
   3.3055301e+01   5.1000000e+01   3.3368393e+00
   3.3065301e+01   5.1000000e+01   3.3368393e+00
   3.3075301e+01   5.1000000e+01   3.3368393e+00
   3.3085301e+01   5.1000000e+01   3.3368393e+00
   3.3095301e+01   5.1000000e+01   3.3368393e+00
   3.3105301e+01   5.1000000e+01   3.3368393e+00
   3.3115301e+01   5.1000000e+01   3.3368393e+00
   3.3125301e+01   5.1000000e+01   3.3368393e+00
   3.3135301e+01   5.1000000e+01   3.3368393e+00
   3.3145301e+01   5.1000000e+01   3.3368393e+00
   3.3155301e+01   5.1000000e+01   3.3368393e+00
   3.3165301e+01   5.1000000e+01   3.3368393e+00
   3.3175301e+01   5.1000000e+01   3.3368393e+00
   3.3185301e+01   5.1000000e+01   3.3368393e+00
   3.3195301e+01   5.1000000e+01   3.3368393e+00
   3.3205301e+01   5.1000000e+01   3.3368393e+00
   3.3215301e+01   5.1000000e+01   3.3368393e+00
   3.3225301e+01   5.1000000e+01   3.3368393e+00
   3.3235301e+01   5.1000000e+01   3.3368393e+00
   3.3245301e+01   5.1000000e+01   3.3368393e+00
   3.3255301e+01   5.1000000e+01   3.3368393e+00
   3.3265301e+01   5.1000000e+01   3.3368393e+00
   3.3275301e+01   5.1000000e+01   3.3368393e+00
   3.3285301e+01   5.1000000e+01   3.3368393e+00
   3.3295301e+01   5.1000000e+01   3.3368393e+00
   3.3305301e+01   5.1000000e+01   3.3368393e+00
   3.3315301e+01   5.1000000e+01   3.3368393e+00
   3.3325301e+01   5.1000000e+01   3.3368393e+00
   3.3335301e+01   5.1000000e+01   3.3368393e+00
   3.3345301e+01   5.1000000e+01   3.3368393e+00
   3.3355301e+01   5.1000000e+01   3.3368393e+00
   3.3365301e+01   5.1000000e+01   3.3368393e+00
   3.3375301e+01   5.1000000e+01   3.3368393e+00
   3.3385301e+01   5.1000000e+01   3.3368393e+00
   3.3395301e+01   5.1000000e+01   3.3368393e+00
   3.3405301e+01   5.1000000e+01   3.3368393e+00
   3.3415301e+01   5.1000000e+01   3.3368393e+00
   3.3425301e+01   5.1000000e+01   3.3368393e+00
   3.3435301e+01   5.1000000e+01   3.3368393e+00
   3.3445301e+01   5.1000000e+01   3.3368393e+00
   3.3455301e+01   5.1000000e+01   3.3368393e+00
   3.3465301e+01   5.1000000e+01   3.3368393e+00
   3.3475301e+01   5.1000000e+01   3.3368393e+00
   3.3485301e+01   5.1000000e+01   3.3368393e+00
   3.3495301e+01   5.1000000e+01   3.3368393e+00
   3.3505301e+01   5.1000000e+01   3.3368393e+00
   3.3515301e+01   5.1000000e+01   3.3368393e+00
   3.3525301e+01   5.1000000e+01   3.3368393e+00
   3.3535301e+01   5.1000000e+01   3.3368393e+00
   3.3545301e+01   5.1000000e+01   3.3368393e+00
   3.3555301e+01   5.1000000e+01   3.3368393e+00
   3.3565301e+01   5.1000000e+01   3.3368393e+00
   3.3575301e+01   5.1000000e+01   3.3368393e+00
   3.3585301e+01   5.1000000e+01   3.3368393e+00
   3.3595301e+01   5.1000000e+01   3.3368393e+00
   3.3605301e+01   5.1000000e+01   3.3368393e+00
   3.3615301e+01   5.1000000e+01   3.3368393e+00
   3.3625301e+01   5.1000000e+01   3.3368393e+00
   3.3635301e+01   5.1000000e+01   3.3368393e+00
   3.3645301e+01   5.1000000e+01   3.3368393e+00
   3.3655301e+01   5.1000000e+01   3.3368393e+00
   3.3665301e+01   5.1000000e+01   3.3368393e+00
   3.3675301e+01   5.1000000e+01   3.3368393e+00
   3.3685301e+01   5.1000000e+01   3.3368393e+00
   3.3695301e+01   5.1000000e+01   3.3368393e+00
   3.3705301e+01   5.1000000e+01   3.3368393e+00
   3.3715301e+01   5.1000000e+01   3.3368393e+00
   3.3725301e+01   5.1000000e+01   3.3368393e+00
   3.3735301e+01   5.1000000e+01   3.3368393e+00
   3.3745301e+01   5.1000000e+01   3.3368393e+00
   3.3755301e+01   5.1000000e+01   3.3368393e+00
   3.3765301e+01   5.1000000e+01   3.3368393e+00
   3.3775301e+01   5.1000000e+01   3.3368393e+00
   3.3785301e+01   5.1000000e+01   3.3368393e+00
   3.3795301e+01   5.1000000e+01   3.3368393e+00
   3.3805301e+01   5.1000000e+01   3.3368393e+00
   3.3815301e+01   5.1000000e+01   3.3368393e+00
   3.3825301e+01   5.1000000e+01   3.3368393e+00
   3.3835301e+01   5.1000000e+01   3.3368393e+00
   3.3845301e+01   5.1000000e+01   3.3368393e+00
   3.3855301e+01   5.1000000e+01   3.3368393e+00
   3.3865301e+01   5.1000000e+01   3.3368393e+00
   3.3875301e+01   5.1000000e+01   3.3368393e+00
   3.3885301e+01   5.1000000e+01   3.3368393e+00
   3.3895301e+01   5.1000000e+01   3.3368393e+00
   3.3905301e+01   5.1000000e+01   3.3368393e+00
   3.3915301e+01   5.1000000e+01   3.3368393e+00
   3.3925301e+01   5.1000000e+01   3.3368393e+00
   3.3935301e+01   5.1000000e+01   3.3368393e+00
   3.3945301e+01   5.1000000e+01   3.3368393e+00
   3.3955301e+01   5.1000000e+01   3.3368393e+00
   3.3965301e+01   5.1000000e+01   3.3368393e+00
   3.3975301e+01   5.1000000e+01   3.3368393e+00
   3.3981091e+01   5.1000000e+01   3.3368393e+00
   3.3981091e+01   5.2000000e+01   3.2967563e+00
   3.3981091e+01   5.2000000e+01   3.2967563e+00
   3.3991091e+01   5.2000000e+01   3.2967563e+00
   3.4001091e+01   5.2000000e+01   3.2967563e+00
   3.4011091e+01   5.2000000e+01   3.2967563e+00
   3.4021091e+01   5.2000000e+01   3.2967563e+00
   3.4031091e+01   5.2000000e+01   3.2967563e+00
   3.4041091e+01   5.2000000e+01   3.2967563e+00
   3.4051091e+01   5.2000000e+01   3.2967563e+00
   3.4061091e+01   5.2000000e+01   3.2967563e+00
   3.4071091e+01   5.2000000e+01   3.2967563e+00
   3.4081091e+01   5.2000000e+01   3.2967563e+00
   3.4091091e+01   5.2000000e+01   3.2967563e+00
   3.4101091e+01   5.2000000e+01   3.2967563e+00
   3.4111091e+01   5.2000000e+01   3.2967563e+00
   3.4121091e+01   5.2000000e+01   3.2967563e+00
   3.4131091e+01   5.2000000e+01   3.2967563e+00
   3.4141091e+01   5.2000000e+01   3.2967563e+00
   3.4151091e+01   5.2000000e+01   3.2967563e+00
   3.4161091e+01   5.2000000e+01   3.2967563e+00
   3.4171091e+01   5.2000000e+01   3.2967563e+00
   3.4181091e+01   5.2000000e+01   3.2967563e+00
   3.4191091e+01   5.2000000e+01   3.2967563e+00
   3.4201091e+01   5.2000000e+01   3.2967563e+00
   3.4211091e+01   5.2000000e+01   3.2967563e+00
   3.4221091e+01   5.2000000e+01   3.2967563e+00
   3.4231091e+01   5.2000000e+01   3.2967563e+00
   3.4241091e+01   5.2000000e+01   3.2967563e+00
   3.4251091e+01   5.2000000e+01   3.2967563e+00
   3.4261091e+01   5.2000000e+01   3.2967563e+00
   3.4271091e+01   5.2000000e+01   3.2967563e+00
   3.4281091e+01   5.2000000e+01   3.2967563e+00
   3.4291091e+01   5.2000000e+01   3.2967563e+00
   3.4301091e+01   5.2000000e+01   3.2967563e+00
   3.4311091e+01   5.2000000e+01   3.2967563e+00
   3.4321091e+01   5.2000000e+01   3.2967563e+00
   3.4331091e+01   5.2000000e+01   3.2967563e+00
   3.4341091e+01   5.2000000e+01   3.2967563e+00
   3.4351091e+01   5.2000000e+01   3.2967563e+00
   3.4361091e+01   5.2000000e+01   3.2967563e+00
   3.4371091e+01   5.2000000e+01   3.2967563e+00
   3.4381091e+01   5.2000000e+01   3.2967563e+00
   3.4391091e+01   5.2000000e+01   3.2967563e+00
   3.4401091e+01   5.2000000e+01   3.2967563e+00
   3.4411091e+01   5.2000000e+01   3.2967563e+00
   3.4421091e+01   5.2000000e+01   3.2967563e+00
   3.4431091e+01   5.2000000e+01   3.2967563e+00
   3.4441091e+01   5.2000000e+01   3.2967563e+00
   3.4451091e+01   5.2000000e+01   3.2967563e+00
   3.4461091e+01   5.2000000e+01   3.2967563e+00
   3.4471091e+01   5.2000000e+01   3.2967563e+00
   3.4481091e+01   5.2000000e+01   3.2967563e+00
   3.4491091e+01   5.2000000e+01   3.2967563e+00
   3.4501091e+01   5.2000000e+01   3.2967563e+00
   3.4511091e+01   5.2000000e+01   3.2967563e+00
   3.4521091e+01   5.2000000e+01   3.2967563e+00
   3.4531091e+01   5.2000000e+01   3.2967563e+00
   3.4541091e+01   5.2000000e+01   3.2967563e+00
   3.4551091e+01   5.2000000e+01   3.2967563e+00
   3.4561091e+01   5.2000000e+01   3.2967563e+00
   3.4571091e+01   5.2000000e+01   3.2967563e+00
   3.4581091e+01   5.2000000e+01   3.2967563e+00
   3.4591091e+01   5.2000000e+01   3.2967563e+00
   3.4601091e+01   5.2000000e+01   3.2967563e+00
   3.4611091e+01   5.2000000e+01   3.2967563e+00
   3.4621091e+01   5.2000000e+01   3.2967563e+00
   3.4631091e+01   5.2000000e+01   3.2967563e+00
   3.4641091e+01   5.2000000e+01   3.2967563e+00
   3.4651091e+01   5.2000000e+01   3.2967563e+00
   3.4661091e+01   5.2000000e+01   3.2967563e+00
   3.4671091e+01   5.2000000e+01   3.2967563e+00
   3.4681091e+01   5.2000000e+01   3.2967563e+00
   3.4691091e+01   5.2000000e+01   3.2967563e+00
   3.4701091e+01   5.2000000e+01   3.2967563e+00
   3.4711091e+01   5.2000000e+01   3.2967563e+00
   3.4721091e+01   5.2000000e+01   3.2967563e+00
   3.4731091e+01   5.2000000e+01   3.2967563e+00
   3.4741091e+01   5.2000000e+01   3.2967563e+00
   3.4751091e+01   5.2000000e+01   3.2967563e+00
   3.4761091e+01   5.2000000e+01   3.2967563e+00
   3.4771091e+01   5.2000000e+01   3.2967563e+00
   3.4781091e+01   5.2000000e+01   3.2967563e+00
   3.4791091e+01   5.2000000e+01   3.2967563e+00
   3.4801091e+01   5.2000000e+01   3.2967563e+00
   3.4811091e+01   5.2000000e+01   3.2967563e+00
   3.4821091e+01   5.2000000e+01   3.2967563e+00
   3.4831091e+01   5.2000000e+01   3.2967563e+00
   3.4841091e+01   5.2000000e+01   3.2967563e+00
   3.4851091e+01   5.2000000e+01   3.2967563e+00
   3.4861091e+01   5.2000000e+01   3.2967563e+00
   3.4871091e+01   5.2000000e+01   3.2967563e+00
   3.4881091e+01   5.2000000e+01   3.2967563e+00
   3.4891091e+01   5.2000000e+01   3.2967563e+00
   3.4901091e+01   5.2000000e+01   3.2967563e+00
   3.4911091e+01   5.2000000e+01   3.2967563e+00
   3.4921091e+01   5.2000000e+01   3.2967563e+00
   3.4931091e+01   5.2000000e+01   3.2967563e+00
   3.4941091e+01   5.2000000e+01   3.2967563e+00
   3.4951091e+01   5.2000000e+01   3.2967563e+00
   3.4961091e+01   5.2000000e+01   3.2967563e+00
   3.4971091e+01   5.2000000e+01   3.2967563e+00
   3.4981091e+01   5.2000000e+01   3.2967563e+00
   3.4991091e+01   5.2000000e+01   3.2967563e+00
   3.5001091e+01   5.2000000e+01   3.2967563e+00
   3.5011091e+01   5.2000000e+01   3.2967563e+00
   3.5021091e+01   5.2000000e+01   3.2967563e+00
   3.5031091e+01   5.2000000e+01   3.2967563e+00
   3.5041091e+01   5.2000000e+01   3.2967563e+00
   3.5051091e+01   5.2000000e+01   3.2967563e+00
   3.5061091e+01   5.2000000e+01   3.2967563e+00
   3.5071091e+01   5.2000000e+01   3.2967563e+00
   3.5081091e+01   5.2000000e+01   3.2967563e+00
   3.5091091e+01   5.2000000e+01   3.2967563e+00
   3.5101091e+01   5.2000000e+01   3.2967563e+00
   3.5109983e+01   5.2000000e+01   3.2967563e+00
   3.5109983e+01   5.3000000e+01   3.2540333e+00
   3.5109983e+01   5.3000000e+01   3.2540333e+00
   3.5119983e+01   5.3000000e+01   3.2540333e+00
   3.5129983e+01   5.3000000e+01   3.2540333e+00
   3.5139983e+01   5.3000000e+01   3.2540333e+00
   3.5149983e+01   5.3000000e+01   3.2540333e+00
   3.5159983e+01   5.3000000e+01   3.2540333e+00
   3.5169983e+01   5.3000000e+01   3.2540333e+00
   3.5179983e+01   5.3000000e+01   3.2540333e+00
   3.5189983e+01   5.3000000e+01   3.2540333e+00
   3.5199983e+01   5.3000000e+01   3.2540333e+00
   3.5209983e+01   5.3000000e+01   3.2540333e+00
   3.5219983e+01   5.3000000e+01   3.2540333e+00
   3.5229983e+01   5.3000000e+01   3.2540333e+00
   3.5239983e+01   5.3000000e+01   3.2540333e+00
   3.5249983e+01   5.3000000e+01   3.2540333e+00
   3.5259983e+01   5.3000000e+01   3.2540333e+00
   3.5269983e+01   5.3000000e+01   3.2540333e+00
   3.5279983e+01   5.3000000e+01   3.2540333e+00
   3.5289983e+01   5.3000000e+01   3.2540333e+00
   3.5299983e+01   5.3000000e+01   3.2540333e+00
   3.5309983e+01   5.3000000e+01   3.2540333e+00
   3.5319983e+01   5.3000000e+01   3.2540333e+00
   3.5329983e+01   5.3000000e+01   3.2540333e+00
   3.5339983e+01   5.3000000e+01   3.2540333e+00
   3.5349983e+01   5.3000000e+01   3.2540333e+00
   3.5359983e+01   5.3000000e+01   3.2540333e+00
   3.5369983e+01   5.3000000e+01   3.2540333e+00
   3.5379983e+01   5.3000000e+01   3.2540333e+00
   3.5389983e+01   5.3000000e+01   3.2540333e+00
   3.5399983e+01   5.3000000e+01   3.2540333e+00
   3.5409983e+01   5.3000000e+01   3.2540333e+00
   3.5419983e+01   5.3000000e+01   3.2540333e+00
   3.5429983e+01   5.3000000e+01   3.2540333e+00
   3.5439983e+01   5.3000000e+01   3.2540333e+00
   3.5449983e+01   5.3000000e+01   3.2540333e+00
   3.5459983e+01   5.3000000e+01   3.2540333e+00
   3.5469983e+01   5.3000000e+01   3.2540333e+00
   3.5479983e+01   5.3000000e+01   3.2540333e+00
   3.5489983e+01   5.3000000e+01   3.2540333e+00
   3.5499983e+01   5.3000000e+01   3.2540333e+00
   3.5509983e+01   5.3000000e+01   3.2540333e+00
   3.5519983e+01   5.3000000e+01   3.2540333e+00
   3.5529983e+01   5.3000000e+01   3.2540333e+00
   3.5539983e+01   5.3000000e+01   3.2540333e+00
   3.5549983e+01   5.3000000e+01   3.2540333e+00
   3.5559983e+01   5.3000000e+01   3.2540333e+00
   3.5569983e+01   5.3000000e+01   3.2540333e+00
   3.5579983e+01   5.3000000e+01   3.2540333e+00
   3.5589983e+01   5.3000000e+01   3.2540333e+00
   3.5599983e+01   5.3000000e+01   3.2540333e+00
   3.5609983e+01   5.3000000e+01   3.2540333e+00
   3.5619983e+01   5.3000000e+01   3.2540333e+00
   3.5629983e+01   5.3000000e+01   3.2540333e+00
   3.5639983e+01   5.3000000e+01   3.2540333e+00
   3.5649983e+01   5.3000000e+01   3.2540333e+00
   3.5659983e+01   5.3000000e+01   3.2540333e+00
   3.5669983e+01   5.3000000e+01   3.2540333e+00
   3.5679983e+01   5.3000000e+01   3.2540333e+00
   3.5689983e+01   5.3000000e+01   3.2540333e+00
   3.5699983e+01   5.3000000e+01   3.2540333e+00
   3.5709983e+01   5.3000000e+01   3.2540333e+00
   3.5719983e+01   5.3000000e+01   3.2540333e+00
   3.5729983e+01   5.3000000e+01   3.2540333e+00
   3.5739983e+01   5.3000000e+01   3.2540333e+00
   3.5749983e+01   5.3000000e+01   3.2540333e+00
   3.5759983e+01   5.3000000e+01   3.2540333e+00
   3.5769983e+01   5.3000000e+01   3.2540333e+00
   3.5779983e+01   5.3000000e+01   3.2540333e+00
   3.5789983e+01   5.3000000e+01   3.2540333e+00
   3.5799983e+01   5.3000000e+01   3.2540333e+00
   3.5809983e+01   5.3000000e+01   3.2540333e+00
   3.5819983e+01   5.3000000e+01   3.2540333e+00
   3.5829983e+01   5.3000000e+01   3.2540333e+00
   3.5839983e+01   5.3000000e+01   3.2540333e+00
   3.5849983e+01   5.3000000e+01   3.2540333e+00
   3.5859983e+01   5.3000000e+01   3.2540333e+00
   3.5869983e+01   5.3000000e+01   3.2540333e+00
   3.5879983e+01   5.3000000e+01   3.2540333e+00
   3.5889983e+01   5.3000000e+01   3.2540333e+00
   3.5899983e+01   5.3000000e+01   3.2540333e+00
   3.5909983e+01   5.3000000e+01   3.2540333e+00
   3.5919983e+01   5.3000000e+01   3.2540333e+00
   3.5929983e+01   5.3000000e+01   3.2540333e+00
   3.5939983e+01   5.3000000e+01   3.2540333e+00
   3.5949983e+01   5.3000000e+01   3.2540333e+00
   3.5959983e+01   5.3000000e+01   3.2540333e+00
   3.5969983e+01   5.3000000e+01   3.2540333e+00
   3.5979983e+01   5.3000000e+01   3.2540333e+00
   3.5989983e+01   5.3000000e+01   3.2540333e+00
   3.5999983e+01   5.3000000e+01   3.2540333e+00
   3.6009983e+01   5.3000000e+01   3.2540333e+00
   3.6019983e+01   5.3000000e+01   3.2540333e+00
   3.6029983e+01   5.3000000e+01   3.2540333e+00
   3.6039983e+01   5.3000000e+01   3.2540333e+00
   3.6049983e+01   5.3000000e+01   3.2540333e+00
   3.6059983e+01   5.3000000e+01   3.2540333e+00
   3.6069983e+01   5.3000000e+01   3.2540333e+00
   3.6079983e+01   5.3000000e+01   3.2540333e+00
   3.6089983e+01   5.3000000e+01   3.2540333e+00
   3.6099983e+01   5.3000000e+01   3.2540333e+00
   3.6109983e+01   5.3000000e+01   3.2540333e+00
   3.6119983e+01   5.3000000e+01   3.2540333e+00
   3.6129983e+01   5.3000000e+01   3.2540333e+00
   3.6139983e+01   5.3000000e+01   3.2540333e+00
   3.6149983e+01   5.3000000e+01   3.2540333e+00
   3.6159983e+01   5.3000000e+01   3.2540333e+00
   3.6169983e+01   5.3000000e+01   3.2540333e+00
   3.6179983e+01   5.3000000e+01   3.2540333e+00
   3.6189983e+01   5.3000000e+01   3.2540333e+00
   3.6199983e+01   5.3000000e+01   3.2540333e+00
   3.6209983e+01   5.3000000e+01   3.2540333e+00
   3.6219983e+01   5.3000000e+01   3.2540333e+00
   3.6229983e+01   5.3000000e+01   3.2540333e+00
   3.6239983e+01   5.3000000e+01   3.2540333e+00
   3.6249983e+01   5.3000000e+01   3.2540333e+00
   3.6251702e+01   5.3000000e+01   3.2540333e+00
   3.6251702e+01   5.4000000e+01   3.2086849e+00
   3.6251702e+01   5.4000000e+01   3.2086849e+00
   3.6261702e+01   5.4000000e+01   3.2086849e+00
   3.6271702e+01   5.4000000e+01   3.2086849e+00
   3.6281702e+01   5.4000000e+01   3.2086849e+00
   3.6291702e+01   5.4000000e+01   3.2086849e+00
   3.6301702e+01   5.4000000e+01   3.2086849e+00
   3.6311702e+01   5.4000000e+01   3.2086849e+00
   3.6321702e+01   5.4000000e+01   3.2086849e+00
   3.6331702e+01   5.4000000e+01   3.2086849e+00
   3.6341702e+01   5.4000000e+01   3.2086849e+00
   3.6351702e+01   5.4000000e+01   3.2086849e+00
   3.6361702e+01   5.4000000e+01   3.2086849e+00
   3.6371702e+01   5.4000000e+01   3.2086849e+00
   3.6381702e+01   5.4000000e+01   3.2086849e+00
   3.6391702e+01   5.4000000e+01   3.2086849e+00
   3.6401702e+01   5.4000000e+01   3.2086849e+00
   3.6411702e+01   5.4000000e+01   3.2086849e+00
   3.6421702e+01   5.4000000e+01   3.2086849e+00
   3.6431702e+01   5.4000000e+01   3.2086849e+00
   3.6441702e+01   5.4000000e+01   3.2086849e+00
   3.6451702e+01   5.4000000e+01   3.2086849e+00
   3.6461702e+01   5.4000000e+01   3.2086849e+00
   3.6471702e+01   5.4000000e+01   3.2086849e+00
   3.6481702e+01   5.4000000e+01   3.2086849e+00
   3.6491702e+01   5.4000000e+01   3.2086849e+00
   3.6501702e+01   5.4000000e+01   3.2086849e+00
   3.6511702e+01   5.4000000e+01   3.2086849e+00
   3.6521702e+01   5.4000000e+01   3.2086849e+00
   3.6531702e+01   5.4000000e+01   3.2086849e+00
   3.6541702e+01   5.4000000e+01   3.2086849e+00
   3.6551702e+01   5.4000000e+01   3.2086849e+00
   3.6561702e+01   5.4000000e+01   3.2086849e+00
   3.6571702e+01   5.4000000e+01   3.2086849e+00
   3.6581702e+01   5.4000000e+01   3.2086849e+00
   3.6591702e+01   5.4000000e+01   3.2086849e+00
   3.6601702e+01   5.4000000e+01   3.2086849e+00
   3.6611702e+01   5.4000000e+01   3.2086849e+00
   3.6621702e+01   5.4000000e+01   3.2086849e+00
   3.6631702e+01   5.4000000e+01   3.2086849e+00
   3.6641702e+01   5.4000000e+01   3.2086849e+00
   3.6651702e+01   5.4000000e+01   3.2086849e+00
   3.6661702e+01   5.4000000e+01   3.2086849e+00
   3.6671702e+01   5.4000000e+01   3.2086849e+00
   3.6681702e+01   5.4000000e+01   3.2086849e+00
   3.6691702e+01   5.4000000e+01   3.2086849e+00
   3.6701702e+01   5.4000000e+01   3.2086849e+00
   3.6711702e+01   5.4000000e+01   3.2086849e+00
   3.6721702e+01   5.4000000e+01   3.2086849e+00
   3.6731702e+01   5.4000000e+01   3.2086849e+00
   3.6741702e+01   5.4000000e+01   3.2086849e+00
   3.6751702e+01   5.4000000e+01   3.2086849e+00
   3.6761702e+01   5.4000000e+01   3.2086849e+00
   3.6771702e+01   5.4000000e+01   3.2086849e+00
   3.6781702e+01   5.4000000e+01   3.2086849e+00
   3.6791702e+01   5.4000000e+01   3.2086849e+00
   3.6801702e+01   5.4000000e+01   3.2086849e+00
   3.6811702e+01   5.4000000e+01   3.2086849e+00
   3.6821702e+01   5.4000000e+01   3.2086849e+00
   3.6831702e+01   5.4000000e+01   3.2086849e+00
   3.6841702e+01   5.4000000e+01   3.2086849e+00
   3.6851702e+01   5.4000000e+01   3.2086849e+00
   3.6861702e+01   5.4000000e+01   3.2086849e+00
   3.6871702e+01   5.4000000e+01   3.2086849e+00
   3.6881702e+01   5.4000000e+01   3.2086849e+00
   3.6891702e+01   5.4000000e+01   3.2086849e+00
   3.6901702e+01   5.4000000e+01   3.2086849e+00
   3.6911702e+01   5.4000000e+01   3.2086849e+00
   3.6921702e+01   5.4000000e+01   3.2086849e+00
   3.6931702e+01   5.4000000e+01   3.2086849e+00
   3.6941702e+01   5.4000000e+01   3.2086849e+00
   3.6951702e+01   5.4000000e+01   3.2086849e+00
   3.6961702e+01   5.4000000e+01   3.2086849e+00
   3.6971702e+01   5.4000000e+01   3.2086849e+00
   3.6981702e+01   5.4000000e+01   3.2086849e+00
   3.6991702e+01   5.4000000e+01   3.2086849e+00
   3.7001702e+01   5.4000000e+01   3.2086849e+00
   3.7011702e+01   5.4000000e+01   3.2086849e+00
   3.7021702e+01   5.4000000e+01   3.2086849e+00
   3.7031702e+01   5.4000000e+01   3.2086849e+00
   3.7041702e+01   5.4000000e+01   3.2086849e+00
   3.7051702e+01   5.4000000e+01   3.2086849e+00
   3.7061702e+01   5.4000000e+01   3.2086849e+00
   3.7071702e+01   5.4000000e+01   3.2086849e+00
   3.7081702e+01   5.4000000e+01   3.2086849e+00
   3.7091702e+01   5.4000000e+01   3.2086849e+00
   3.7101702e+01   5.4000000e+01   3.2086849e+00
   3.7111702e+01   5.4000000e+01   3.2086849e+00
   3.7121702e+01   5.4000000e+01   3.2086849e+00
   3.7131702e+01   5.4000000e+01   3.2086849e+00
   3.7141702e+01   5.4000000e+01   3.2086849e+00
   3.7151702e+01   5.4000000e+01   3.2086849e+00
   3.7161702e+01   5.4000000e+01   3.2086849e+00
   3.7171702e+01   5.4000000e+01   3.2086849e+00
   3.7181702e+01   5.4000000e+01   3.2086849e+00
   3.7191702e+01   5.4000000e+01   3.2086849e+00
   3.7201702e+01   5.4000000e+01   3.2086849e+00
   3.7211702e+01   5.4000000e+01   3.2086849e+00
   3.7221702e+01   5.4000000e+01   3.2086849e+00
   3.7231702e+01   5.4000000e+01   3.2086849e+00
   3.7241702e+01   5.4000000e+01   3.2086849e+00
   3.7251702e+01   5.4000000e+01   3.2086849e+00
   3.7261702e+01   5.4000000e+01   3.2086849e+00
   3.7271702e+01   5.4000000e+01   3.2086849e+00
   3.7281702e+01   5.4000000e+01   3.2086849e+00
   3.7291702e+01   5.4000000e+01   3.2086849e+00
   3.7301702e+01   5.4000000e+01   3.2086849e+00
   3.7311702e+01   5.4000000e+01   3.2086849e+00
   3.7321702e+01   5.4000000e+01   3.2086849e+00
   3.7331702e+01   5.4000000e+01   3.2086849e+00
   3.7341702e+01   5.4000000e+01   3.2086849e+00
   3.7351702e+01   5.4000000e+01   3.2086849e+00
   3.7361702e+01   5.4000000e+01   3.2086849e+00
   3.7371702e+01   5.4000000e+01   3.2086849e+00
   3.7381702e+01   5.4000000e+01   3.2086849e+00
   3.7391702e+01   5.4000000e+01   3.2086849e+00
   3.7401702e+01   5.4000000e+01   3.2086849e+00
   3.7405970e+01   5.4000000e+01   3.2086849e+00
   3.7405970e+01   5.5000000e+01   3.1607253e+00
   3.7405970e+01   5.5000000e+01   3.1607253e+00
   3.7415970e+01   5.5000000e+01   3.1607253e+00
   3.7425970e+01   5.5000000e+01   3.1607253e+00
   3.7435970e+01   5.5000000e+01   3.1607253e+00
   3.7445970e+01   5.5000000e+01   3.1607253e+00
   3.7455970e+01   5.5000000e+01   3.1607253e+00
   3.7465970e+01   5.5000000e+01   3.1607253e+00
   3.7475970e+01   5.5000000e+01   3.1607253e+00
   3.7485970e+01   5.5000000e+01   3.1607253e+00
   3.7495970e+01   5.5000000e+01   3.1607253e+00
   3.7505970e+01   5.5000000e+01   3.1607253e+00
   3.7515970e+01   5.5000000e+01   3.1607253e+00
   3.7525970e+01   5.5000000e+01   3.1607253e+00
   3.7535970e+01   5.5000000e+01   3.1607253e+00
   3.7545970e+01   5.5000000e+01   3.1607253e+00
   3.7555970e+01   5.5000000e+01   3.1607253e+00
   3.7565970e+01   5.5000000e+01   3.1607253e+00
   3.7575970e+01   5.5000000e+01   3.1607253e+00
   3.7585970e+01   5.5000000e+01   3.1607253e+00
   3.7595970e+01   5.5000000e+01   3.1607253e+00
   3.7605970e+01   5.5000000e+01   3.1607253e+00
   3.7615970e+01   5.5000000e+01   3.1607253e+00
   3.7625970e+01   5.5000000e+01   3.1607253e+00
   3.7635970e+01   5.5000000e+01   3.1607253e+00
   3.7645970e+01   5.5000000e+01   3.1607253e+00
   3.7655970e+01   5.5000000e+01   3.1607253e+00
   3.7665970e+01   5.5000000e+01   3.1607253e+00
   3.7675970e+01   5.5000000e+01   3.1607253e+00
   3.7685970e+01   5.5000000e+01   3.1607253e+00
   3.7695970e+01   5.5000000e+01   3.1607253e+00
   3.7705970e+01   5.5000000e+01   3.1607253e+00
   3.7715970e+01   5.5000000e+01   3.1607253e+00
   3.7725970e+01   5.5000000e+01   3.1607253e+00
   3.7735970e+01   5.5000000e+01   3.1607253e+00
   3.7745970e+01   5.5000000e+01   3.1607253e+00
   3.7755970e+01   5.5000000e+01   3.1607253e+00
   3.7765970e+01   5.5000000e+01   3.1607253e+00
   3.7775970e+01   5.5000000e+01   3.1607253e+00
   3.7785970e+01   5.5000000e+01   3.1607253e+00
   3.7795970e+01   5.5000000e+01   3.1607253e+00
   3.7805970e+01   5.5000000e+01   3.1607253e+00
   3.7815970e+01   5.5000000e+01   3.1607253e+00
   3.7825970e+01   5.5000000e+01   3.1607253e+00
   3.7835970e+01   5.5000000e+01   3.1607253e+00
   3.7845970e+01   5.5000000e+01   3.1607253e+00
   3.7855970e+01   5.5000000e+01   3.1607253e+00
   3.7865970e+01   5.5000000e+01   3.1607253e+00
   3.7875970e+01   5.5000000e+01   3.1607253e+00
   3.7885970e+01   5.5000000e+01   3.1607253e+00
   3.7895970e+01   5.5000000e+01   3.1607253e+00
   3.7905970e+01   5.5000000e+01   3.1607253e+00
   3.7915970e+01   5.5000000e+01   3.1607253e+00
   3.7925970e+01   5.5000000e+01   3.1607253e+00
   3.7935970e+01   5.5000000e+01   3.1607253e+00
   3.7945970e+01   5.5000000e+01   3.1607253e+00
   3.7955970e+01   5.5000000e+01   3.1607253e+00
   3.7965970e+01   5.5000000e+01   3.1607253e+00
   3.7975970e+01   5.5000000e+01   3.1607253e+00
   3.7985970e+01   5.5000000e+01   3.1607253e+00
   3.7995970e+01   5.5000000e+01   3.1607253e+00
   3.8005970e+01   5.5000000e+01   3.1607253e+00
   3.8015970e+01   5.5000000e+01   3.1607253e+00
   3.8025970e+01   5.5000000e+01   3.1607253e+00
   3.8035970e+01   5.5000000e+01   3.1607253e+00
   3.8045970e+01   5.5000000e+01   3.1607253e+00
   3.8055970e+01   5.5000000e+01   3.1607253e+00
   3.8065970e+01   5.5000000e+01   3.1607253e+00
   3.8075970e+01   5.5000000e+01   3.1607253e+00
   3.8085970e+01   5.5000000e+01   3.1607253e+00
   3.8095970e+01   5.5000000e+01   3.1607253e+00
   3.8105970e+01   5.5000000e+01   3.1607253e+00
   3.8115970e+01   5.5000000e+01   3.1607253e+00
   3.8125970e+01   5.5000000e+01   3.1607253e+00
   3.8135970e+01   5.5000000e+01   3.1607253e+00
   3.8145970e+01   5.5000000e+01   3.1607253e+00
   3.8155970e+01   5.5000000e+01   3.1607253e+00
   3.8165970e+01   5.5000000e+01   3.1607253e+00
   3.8175970e+01   5.5000000e+01   3.1607253e+00
   3.8185970e+01   5.5000000e+01   3.1607253e+00
   3.8195970e+01   5.5000000e+01   3.1607253e+00
   3.8205970e+01   5.5000000e+01   3.1607253e+00
   3.8215970e+01   5.5000000e+01   3.1607253e+00
   3.8225970e+01   5.5000000e+01   3.1607253e+00
   3.8235970e+01   5.5000000e+01   3.1607253e+00
   3.8245970e+01   5.5000000e+01   3.1607253e+00
   3.8255970e+01   5.5000000e+01   3.1607253e+00
   3.8265970e+01   5.5000000e+01   3.1607253e+00
   3.8275970e+01   5.5000000e+01   3.1607253e+00
   3.8285970e+01   5.5000000e+01   3.1607253e+00
   3.8295970e+01   5.5000000e+01   3.1607253e+00
   3.8305970e+01   5.5000000e+01   3.1607253e+00
   3.8315970e+01   5.5000000e+01   3.1607253e+00
   3.8325970e+01   5.5000000e+01   3.1607253e+00
   3.8335970e+01   5.5000000e+01   3.1607253e+00
   3.8345970e+01   5.5000000e+01   3.1607253e+00
   3.8355970e+01   5.5000000e+01   3.1607253e+00
   3.8365970e+01   5.5000000e+01   3.1607253e+00
   3.8375970e+01   5.5000000e+01   3.1607253e+00
   3.8385970e+01   5.5000000e+01   3.1607253e+00
   3.8395970e+01   5.5000000e+01   3.1607253e+00
   3.8405970e+01   5.5000000e+01   3.1607253e+00
   3.8415970e+01   5.5000000e+01   3.1607253e+00
   3.8425970e+01   5.5000000e+01   3.1607253e+00
   3.8435970e+01   5.5000000e+01   3.1607253e+00
   3.8445970e+01   5.5000000e+01   3.1607253e+00
   3.8455970e+01   5.5000000e+01   3.1607253e+00
   3.8465970e+01   5.5000000e+01   3.1607253e+00
   3.8475970e+01   5.5000000e+01   3.1607253e+00
   3.8485970e+01   5.5000000e+01   3.1607253e+00
   3.8495970e+01   5.5000000e+01   3.1607253e+00
   3.8505970e+01   5.5000000e+01   3.1607253e+00
   3.8515970e+01   5.5000000e+01   3.1607253e+00
   3.8525970e+01   5.5000000e+01   3.1607253e+00
   3.8535970e+01   5.5000000e+01   3.1607253e+00
   3.8545970e+01   5.5000000e+01   3.1607253e+00
   3.8555970e+01   5.5000000e+01   3.1607253e+00
   3.8565970e+01   5.5000000e+01   3.1607253e+00
   3.8572507e+01   5.5000000e+01   3.1607253e+00
   3.8572507e+01   5.6000000e+01   3.1101676e+00
   3.8572507e+01   5.6000000e+01   3.1101676e+00
   3.8582507e+01   5.6000000e+01   3.1101676e+00
   3.8592507e+01   5.6000000e+01   3.1101676e+00
   3.8602507e+01   5.6000000e+01   3.1101676e+00
   3.8612507e+01   5.6000000e+01   3.1101676e+00
   3.8622507e+01   5.6000000e+01   3.1101676e+00
   3.8632507e+01   5.6000000e+01   3.1101676e+00
   3.8642507e+01   5.6000000e+01   3.1101676e+00
   3.8652507e+01   5.6000000e+01   3.1101676e+00
   3.8662507e+01   5.6000000e+01   3.1101676e+00
   3.8672507e+01   5.6000000e+01   3.1101676e+00
   3.8682507e+01   5.6000000e+01   3.1101676e+00
   3.8692507e+01   5.6000000e+01   3.1101676e+00
   3.8702507e+01   5.6000000e+01   3.1101676e+00
   3.8712507e+01   5.6000000e+01   3.1101676e+00
   3.8722507e+01   5.6000000e+01   3.1101676e+00
   3.8732507e+01   5.6000000e+01   3.1101676e+00
   3.8742507e+01   5.6000000e+01   3.1101676e+00
   3.8752507e+01   5.6000000e+01   3.1101676e+00
   3.8762507e+01   5.6000000e+01   3.1101676e+00
   3.8772507e+01   5.6000000e+01   3.1101676e+00
   3.8782507e+01   5.6000000e+01   3.1101676e+00
   3.8792507e+01   5.6000000e+01   3.1101676e+00
   3.8802507e+01   5.6000000e+01   3.1101676e+00
   3.8812507e+01   5.6000000e+01   3.1101676e+00
   3.8822507e+01   5.6000000e+01   3.1101676e+00
   3.8832507e+01   5.6000000e+01   3.1101676e+00
   3.8842507e+01   5.6000000e+01   3.1101676e+00
   3.8852507e+01   5.6000000e+01   3.1101676e+00
   3.8862507e+01   5.6000000e+01   3.1101676e+00
   3.8872507e+01   5.6000000e+01   3.1101676e+00
   3.8882507e+01   5.6000000e+01   3.1101676e+00
   3.8892507e+01   5.6000000e+01   3.1101676e+00
   3.8902507e+01   5.6000000e+01   3.1101676e+00
   3.8912507e+01   5.6000000e+01   3.1101676e+00
   3.8922507e+01   5.6000000e+01   3.1101676e+00
   3.8932507e+01   5.6000000e+01   3.1101676e+00
   3.8942507e+01   5.6000000e+01   3.1101676e+00
   3.8952507e+01   5.6000000e+01   3.1101676e+00
   3.8962507e+01   5.6000000e+01   3.1101676e+00
   3.8972507e+01   5.6000000e+01   3.1101676e+00
   3.8982507e+01   5.6000000e+01   3.1101676e+00
   3.8992507e+01   5.6000000e+01   3.1101676e+00
   3.9002507e+01   5.6000000e+01   3.1101676e+00
   3.9012507e+01   5.6000000e+01   3.1101676e+00
   3.9022507e+01   5.6000000e+01   3.1101676e+00
   3.9032507e+01   5.6000000e+01   3.1101676e+00
   3.9042507e+01   5.6000000e+01   3.1101676e+00
   3.9052507e+01   5.6000000e+01   3.1101676e+00
   3.9062507e+01   5.6000000e+01   3.1101676e+00
   3.9072507e+01   5.6000000e+01   3.1101676e+00
   3.9082507e+01   5.6000000e+01   3.1101676e+00
   3.9092507e+01   5.6000000e+01   3.1101676e+00
   3.9102507e+01   5.6000000e+01   3.1101676e+00
   3.9112507e+01   5.6000000e+01   3.1101676e+00
   3.9122507e+01   5.6000000e+01   3.1101676e+00
   3.9132507e+01   5.6000000e+01   3.1101676e+00
   3.9142507e+01   5.6000000e+01   3.1101676e+00
   3.9152507e+01   5.6000000e+01   3.1101676e+00
   3.9162507e+01   5.6000000e+01   3.1101676e+00
   3.9172507e+01   5.6000000e+01   3.1101676e+00
   3.9182507e+01   5.6000000e+01   3.1101676e+00
   3.9192507e+01   5.6000000e+01   3.1101676e+00
   3.9202507e+01   5.6000000e+01   3.1101676e+00
   3.9212507e+01   5.6000000e+01   3.1101676e+00
   3.9222507e+01   5.6000000e+01   3.1101676e+00
   3.9232507e+01   5.6000000e+01   3.1101676e+00
   3.9242507e+01   5.6000000e+01   3.1101676e+00
   3.9252507e+01   5.6000000e+01   3.1101676e+00
   3.9262507e+01   5.6000000e+01   3.1101676e+00
   3.9272507e+01   5.6000000e+01   3.1101676e+00
   3.9282507e+01   5.6000000e+01   3.1101676e+00
   3.9292507e+01   5.6000000e+01   3.1101676e+00
   3.9302507e+01   5.6000000e+01   3.1101676e+00
   3.9312507e+01   5.6000000e+01   3.1101676e+00
   3.9322507e+01   5.6000000e+01   3.1101676e+00
   3.9332507e+01   5.6000000e+01   3.1101676e+00
   3.9342507e+01   5.6000000e+01   3.1101676e+00
   3.9352507e+01   5.6000000e+01   3.1101676e+00
   3.9362507e+01   5.6000000e+01   3.1101676e+00
   3.9372507e+01   5.6000000e+01   3.1101676e+00
   3.9382507e+01   5.6000000e+01   3.1101676e+00
   3.9392507e+01   5.6000000e+01   3.1101676e+00
   3.9402507e+01   5.6000000e+01   3.1101676e+00
   3.9412507e+01   5.6000000e+01   3.1101676e+00
   3.9422507e+01   5.6000000e+01   3.1101676e+00
   3.9432507e+01   5.6000000e+01   3.1101676e+00
   3.9442507e+01   5.6000000e+01   3.1101676e+00
   3.9452507e+01   5.6000000e+01   3.1101676e+00
   3.9462507e+01   5.6000000e+01   3.1101676e+00
   3.9472507e+01   5.6000000e+01   3.1101676e+00
   3.9482507e+01   5.6000000e+01   3.1101676e+00
   3.9492507e+01   5.6000000e+01   3.1101676e+00
   3.9502507e+01   5.6000000e+01   3.1101676e+00
   3.9512507e+01   5.6000000e+01   3.1101676e+00
   3.9522507e+01   5.6000000e+01   3.1101676e+00
   3.9532507e+01   5.6000000e+01   3.1101676e+00
   3.9542507e+01   5.6000000e+01   3.1101676e+00
   3.9552507e+01   5.6000000e+01   3.1101676e+00
   3.9562507e+01   5.6000000e+01   3.1101676e+00
   3.9572507e+01   5.6000000e+01   3.1101676e+00
   3.9582507e+01   5.6000000e+01   3.1101676e+00
   3.9592507e+01   5.6000000e+01   3.1101676e+00
   3.9602507e+01   5.6000000e+01   3.1101676e+00
   3.9612507e+01   5.6000000e+01   3.1101676e+00
   3.9622507e+01   5.6000000e+01   3.1101676e+00
   3.9632507e+01   5.6000000e+01   3.1101676e+00
   3.9642507e+01   5.6000000e+01   3.1101676e+00
   3.9652507e+01   5.6000000e+01   3.1101676e+00
   3.9662507e+01   5.6000000e+01   3.1101676e+00
   3.9672507e+01   5.6000000e+01   3.1101676e+00
   3.9682507e+01   5.6000000e+01   3.1101676e+00
   3.9692507e+01   5.6000000e+01   3.1101676e+00
   3.9702507e+01   5.6000000e+01   3.1101676e+00
   3.9712507e+01   5.6000000e+01   3.1101676e+00
   3.9722507e+01   5.6000000e+01   3.1101676e+00
   3.9732507e+01   5.6000000e+01   3.1101676e+00
   3.9742507e+01   5.6000000e+01   3.1101676e+00
   3.9751029e+01   5.6000000e+01   3.1101676e+00
   3.9751029e+01   5.7000000e+01   3.0570247e+00
   3.9751029e+01   5.7000000e+01   3.0570247e+00
   3.9761029e+01   5.7000000e+01   3.0570247e+00
   3.9771029e+01   5.7000000e+01   3.0570247e+00
   3.9781029e+01   5.7000000e+01   3.0570247e+00
   3.9791029e+01   5.7000000e+01   3.0570247e+00
   3.9801029e+01   5.7000000e+01   3.0570247e+00
   3.9811029e+01   5.7000000e+01   3.0570247e+00
   3.9821029e+01   5.7000000e+01   3.0570247e+00
   3.9831029e+01   5.7000000e+01   3.0570247e+00
   3.9841029e+01   5.7000000e+01   3.0570247e+00
   3.9851029e+01   5.7000000e+01   3.0570247e+00
   3.9861029e+01   5.7000000e+01   3.0570247e+00
   3.9871029e+01   5.7000000e+01   3.0570247e+00
   3.9881029e+01   5.7000000e+01   3.0570247e+00
   3.9891029e+01   5.7000000e+01   3.0570247e+00
   3.9901029e+01   5.7000000e+01   3.0570247e+00
   3.9911029e+01   5.7000000e+01   3.0570247e+00
   3.9921029e+01   5.7000000e+01   3.0570247e+00
   3.9931029e+01   5.7000000e+01   3.0570247e+00
   3.9941029e+01   5.7000000e+01   3.0570247e+00
   3.9951029e+01   5.7000000e+01   3.0570247e+00
   3.9961029e+01   5.7000000e+01   3.0570247e+00
   3.9971029e+01   5.7000000e+01   3.0570247e+00
   3.9981029e+01   5.7000000e+01   3.0570247e+00
   3.9991029e+01   5.7000000e+01   3.0570247e+00
   4.0001029e+01   5.7000000e+01   3.0570247e+00
   4.0011029e+01   5.7000000e+01   3.0570247e+00
   4.0021029e+01   5.7000000e+01   3.0570247e+00
   4.0031029e+01   5.7000000e+01   3.0570247e+00
   4.0041029e+01   5.7000000e+01   3.0570247e+00
   4.0051029e+01   5.7000000e+01   3.0570247e+00
   4.0061029e+01   5.7000000e+01   3.0570247e+00
   4.0071029e+01   5.7000000e+01   3.0570247e+00
   4.0081029e+01   5.7000000e+01   3.0570247e+00
   4.0091029e+01   5.7000000e+01   3.0570247e+00
   4.0101029e+01   5.7000000e+01   3.0570247e+00
   4.0111029e+01   5.7000000e+01   3.0570247e+00
   4.0121029e+01   5.7000000e+01   3.0570247e+00
   4.0131029e+01   5.7000000e+01   3.0570247e+00
   4.0141029e+01   5.7000000e+01   3.0570247e+00
   4.0151029e+01   5.7000000e+01   3.0570247e+00
   4.0161029e+01   5.7000000e+01   3.0570247e+00
   4.0171029e+01   5.7000000e+01   3.0570247e+00
   4.0181029e+01   5.7000000e+01   3.0570247e+00
   4.0191029e+01   5.7000000e+01   3.0570247e+00
   4.0201029e+01   5.7000000e+01   3.0570247e+00
   4.0211029e+01   5.7000000e+01   3.0570247e+00
   4.0221029e+01   5.7000000e+01   3.0570247e+00
   4.0231029e+01   5.7000000e+01   3.0570247e+00
   4.0241029e+01   5.7000000e+01   3.0570247e+00
   4.0251029e+01   5.7000000e+01   3.0570247e+00
   4.0261029e+01   5.7000000e+01   3.0570247e+00
   4.0271029e+01   5.7000000e+01   3.0570247e+00
   4.0281029e+01   5.7000000e+01   3.0570247e+00
   4.0291029e+01   5.7000000e+01   3.0570247e+00
   4.0301029e+01   5.7000000e+01   3.0570247e+00
   4.0311029e+01   5.7000000e+01   3.0570247e+00
   4.0321029e+01   5.7000000e+01   3.0570247e+00
   4.0331029e+01   5.7000000e+01   3.0570247e+00
   4.0341029e+01   5.7000000e+01   3.0570247e+00
   4.0351029e+01   5.7000000e+01   3.0570247e+00
   4.0361029e+01   5.7000000e+01   3.0570247e+00
   4.0371029e+01   5.7000000e+01   3.0570247e+00
   4.0381029e+01   5.7000000e+01   3.0570247e+00
   4.0391029e+01   5.7000000e+01   3.0570247e+00
   4.0401029e+01   5.7000000e+01   3.0570247e+00
   4.0411029e+01   5.7000000e+01   3.0570247e+00
   4.0421029e+01   5.7000000e+01   3.0570247e+00
   4.0431029e+01   5.7000000e+01   3.0570247e+00
   4.0441029e+01   5.7000000e+01   3.0570247e+00
   4.0451029e+01   5.7000000e+01   3.0570247e+00
   4.0461029e+01   5.7000000e+01   3.0570247e+00
   4.0471029e+01   5.7000000e+01   3.0570247e+00
   4.0481029e+01   5.7000000e+01   3.0570247e+00
   4.0491029e+01   5.7000000e+01   3.0570247e+00
   4.0501029e+01   5.7000000e+01   3.0570247e+00
   4.0511029e+01   5.7000000e+01   3.0570247e+00
   4.0521029e+01   5.7000000e+01   3.0570247e+00
   4.0531029e+01   5.7000000e+01   3.0570247e+00
   4.0541029e+01   5.7000000e+01   3.0570247e+00
   4.0551029e+01   5.7000000e+01   3.0570247e+00
   4.0561029e+01   5.7000000e+01   3.0570247e+00
   4.0571029e+01   5.7000000e+01   3.0570247e+00
   4.0581029e+01   5.7000000e+01   3.0570247e+00
   4.0591029e+01   5.7000000e+01   3.0570247e+00
   4.0601029e+01   5.7000000e+01   3.0570247e+00
   4.0611029e+01   5.7000000e+01   3.0570247e+00
   4.0621029e+01   5.7000000e+01   3.0570247e+00
   4.0631029e+01   5.7000000e+01   3.0570247e+00
   4.0641029e+01   5.7000000e+01   3.0570247e+00
   4.0651029e+01   5.7000000e+01   3.0570247e+00
   4.0661029e+01   5.7000000e+01   3.0570247e+00
   4.0671029e+01   5.7000000e+01   3.0570247e+00
   4.0681029e+01   5.7000000e+01   3.0570247e+00
   4.0691029e+01   5.7000000e+01   3.0570247e+00
   4.0701029e+01   5.7000000e+01   3.0570247e+00
   4.0711029e+01   5.7000000e+01   3.0570247e+00
   4.0721029e+01   5.7000000e+01   3.0570247e+00
   4.0731029e+01   5.7000000e+01   3.0570247e+00
   4.0741029e+01   5.7000000e+01   3.0570247e+00
   4.0751029e+01   5.7000000e+01   3.0570247e+00
   4.0761029e+01   5.7000000e+01   3.0570247e+00
   4.0771029e+01   5.7000000e+01   3.0570247e+00
   4.0781029e+01   5.7000000e+01   3.0570247e+00
   4.0791029e+01   5.7000000e+01   3.0570247e+00
   4.0801029e+01   5.7000000e+01   3.0570247e+00
   4.0811029e+01   5.7000000e+01   3.0570247e+00
   4.0821029e+01   5.7000000e+01   3.0570247e+00
   4.0831029e+01   5.7000000e+01   3.0570247e+00
   4.0841029e+01   5.7000000e+01   3.0570247e+00
   4.0851029e+01   5.7000000e+01   3.0570247e+00
   4.0861029e+01   5.7000000e+01   3.0570247e+00
   4.0871029e+01   5.7000000e+01   3.0570247e+00
   4.0881029e+01   5.7000000e+01   3.0570247e+00
   4.0891029e+01   5.7000000e+01   3.0570247e+00
   4.0901029e+01   5.7000000e+01   3.0570247e+00
   4.0911029e+01   5.7000000e+01   3.0570247e+00
   4.0921029e+01   5.7000000e+01   3.0570247e+00
   4.0931029e+01   5.7000000e+01   3.0570247e+00
   4.0941029e+01   5.7000000e+01   3.0570247e+00
   4.0941247e+01   5.7000000e+01   3.0570247e+00
   4.0941247e+01   5.8000000e+01   3.0013092e+00
   4.0941247e+01   5.8000000e+01   3.0013092e+00
   4.0951247e+01   5.8000000e+01   3.0013092e+00
   4.0961247e+01   5.8000000e+01   3.0013092e+00
   4.0971247e+01   5.8000000e+01   3.0013092e+00
   4.0981247e+01   5.8000000e+01   3.0013092e+00
   4.0991247e+01   5.8000000e+01   3.0013092e+00
   4.1001247e+01   5.8000000e+01   3.0013092e+00
   4.1011247e+01   5.8000000e+01   3.0013092e+00
   4.1021247e+01   5.8000000e+01   3.0013092e+00
   4.1031247e+01   5.8000000e+01   3.0013092e+00
   4.1041247e+01   5.8000000e+01   3.0013092e+00
   4.1051247e+01   5.8000000e+01   3.0013092e+00
   4.1061247e+01   5.8000000e+01   3.0013092e+00
   4.1071247e+01   5.8000000e+01   3.0013092e+00
   4.1081247e+01   5.8000000e+01   3.0013092e+00
   4.1091247e+01   5.8000000e+01   3.0013092e+00
   4.1101247e+01   5.8000000e+01   3.0013092e+00
   4.1111247e+01   5.8000000e+01   3.0013092e+00
   4.1121247e+01   5.8000000e+01   3.0013092e+00
   4.1131247e+01   5.8000000e+01   3.0013092e+00
   4.1141247e+01   5.8000000e+01   3.0013092e+00
   4.1151247e+01   5.8000000e+01   3.0013092e+00
   4.1161247e+01   5.8000000e+01   3.0013092e+00
   4.1171247e+01   5.8000000e+01   3.0013092e+00
   4.1181247e+01   5.8000000e+01   3.0013092e+00
   4.1191247e+01   5.8000000e+01   3.0013092e+00
   4.1201247e+01   5.8000000e+01   3.0013092e+00
   4.1211247e+01   5.8000000e+01   3.0013092e+00
   4.1221247e+01   5.8000000e+01   3.0013092e+00
   4.1231247e+01   5.8000000e+01   3.0013092e+00
   4.1241247e+01   5.8000000e+01   3.0013092e+00
   4.1251247e+01   5.8000000e+01   3.0013092e+00
   4.1261247e+01   5.8000000e+01   3.0013092e+00
   4.1271247e+01   5.8000000e+01   3.0013092e+00
   4.1281247e+01   5.8000000e+01   3.0013092e+00
   4.1291247e+01   5.8000000e+01   3.0013092e+00
   4.1301247e+01   5.8000000e+01   3.0013092e+00
   4.1311247e+01   5.8000000e+01   3.0013092e+00
   4.1321247e+01   5.8000000e+01   3.0013092e+00
   4.1331247e+01   5.8000000e+01   3.0013092e+00
   4.1341247e+01   5.8000000e+01   3.0013092e+00
   4.1351247e+01   5.8000000e+01   3.0013092e+00
   4.1361247e+01   5.8000000e+01   3.0013092e+00
   4.1371247e+01   5.8000000e+01   3.0013092e+00
   4.1381247e+01   5.8000000e+01   3.0013092e+00
   4.1391247e+01   5.8000000e+01   3.0013092e+00
   4.1401247e+01   5.8000000e+01   3.0013092e+00
   4.1411247e+01   5.8000000e+01   3.0013092e+00
   4.1421247e+01   5.8000000e+01   3.0013092e+00
   4.1431247e+01   5.8000000e+01   3.0013092e+00
   4.1441247e+01   5.8000000e+01   3.0013092e+00
   4.1451247e+01   5.8000000e+01   3.0013092e+00
   4.1461247e+01   5.8000000e+01   3.0013092e+00
   4.1471247e+01   5.8000000e+01   3.0013092e+00
   4.1481247e+01   5.8000000e+01   3.0013092e+00
   4.1491247e+01   5.8000000e+01   3.0013092e+00
   4.1501247e+01   5.8000000e+01   3.0013092e+00
   4.1511247e+01   5.8000000e+01   3.0013092e+00
   4.1521247e+01   5.8000000e+01   3.0013092e+00
   4.1531247e+01   5.8000000e+01   3.0013092e+00
   4.1541247e+01   5.8000000e+01   3.0013092e+00
   4.1551247e+01   5.8000000e+01   3.0013092e+00
   4.1561247e+01   5.8000000e+01   3.0013092e+00
   4.1571247e+01   5.8000000e+01   3.0013092e+00
   4.1581247e+01   5.8000000e+01   3.0013092e+00
   4.1591247e+01   5.8000000e+01   3.0013092e+00
   4.1601247e+01   5.8000000e+01   3.0013092e+00
   4.1611247e+01   5.8000000e+01   3.0013092e+00
   4.1621247e+01   5.8000000e+01   3.0013092e+00
   4.1631247e+01   5.8000000e+01   3.0013092e+00
   4.1641247e+01   5.8000000e+01   3.0013092e+00
   4.1651247e+01   5.8000000e+01   3.0013092e+00
   4.1661247e+01   5.8000000e+01   3.0013092e+00
   4.1671247e+01   5.8000000e+01   3.0013092e+00
   4.1681247e+01   5.8000000e+01   3.0013092e+00
   4.1691247e+01   5.8000000e+01   3.0013092e+00
   4.1701247e+01   5.8000000e+01   3.0013092e+00
   4.1711247e+01   5.8000000e+01   3.0013092e+00
   4.1721247e+01   5.8000000e+01   3.0013092e+00
   4.1731247e+01   5.8000000e+01   3.0013092e+00
   4.1741247e+01   5.8000000e+01   3.0013092e+00
   4.1751247e+01   5.8000000e+01   3.0013092e+00
   4.1761247e+01   5.8000000e+01   3.0013092e+00
   4.1771247e+01   5.8000000e+01   3.0013092e+00
   4.1781247e+01   5.8000000e+01   3.0013092e+00
   4.1791247e+01   5.8000000e+01   3.0013092e+00
   4.1801247e+01   5.8000000e+01   3.0013092e+00
   4.1811247e+01   5.8000000e+01   3.0013092e+00
   4.1821247e+01   5.8000000e+01   3.0013092e+00
   4.1831247e+01   5.8000000e+01   3.0013092e+00
   4.1841247e+01   5.8000000e+01   3.0013092e+00
   4.1851247e+01   5.8000000e+01   3.0013092e+00
   4.1861247e+01   5.8000000e+01   3.0013092e+00
   4.1871247e+01   5.8000000e+01   3.0013092e+00
   4.1881247e+01   5.8000000e+01   3.0013092e+00
   4.1891247e+01   5.8000000e+01   3.0013092e+00
   4.1901247e+01   5.8000000e+01   3.0013092e+00
   4.1911247e+01   5.8000000e+01   3.0013092e+00
   4.1921247e+01   5.8000000e+01   3.0013092e+00
   4.1931247e+01   5.8000000e+01   3.0013092e+00
   4.1941247e+01   5.8000000e+01   3.0013092e+00
   4.1951247e+01   5.8000000e+01   3.0013092e+00
   4.1961247e+01   5.8000000e+01   3.0013092e+00
   4.1971247e+01   5.8000000e+01   3.0013092e+00
   4.1981247e+01   5.8000000e+01   3.0013092e+00
   4.1991247e+01   5.8000000e+01   3.0013092e+00
   4.2001247e+01   5.8000000e+01   3.0013092e+00
   4.2011247e+01   5.8000000e+01   3.0013092e+00
   4.2021247e+01   5.8000000e+01   3.0013092e+00
   4.2031247e+01   5.8000000e+01   3.0013092e+00
   4.2041247e+01   5.8000000e+01   3.0013092e+00
   4.2051247e+01   5.8000000e+01   3.0013092e+00
   4.2061247e+01   5.8000000e+01   3.0013092e+00
   4.2071247e+01   5.8000000e+01   3.0013092e+00
   4.2081247e+01   5.8000000e+01   3.0013092e+00
   4.2091247e+01   5.8000000e+01   3.0013092e+00
   4.2101247e+01   5.8000000e+01   3.0013092e+00
   4.2111247e+01   5.8000000e+01   3.0013092e+00
   4.2121247e+01   5.8000000e+01   3.0013092e+00
   4.2131247e+01   5.8000000e+01   3.0013092e+00
   4.2141247e+01   5.8000000e+01   3.0013092e+00
   4.2142872e+01   5.8000000e+01   3.0013092e+00
   4.2142872e+01   5.9000000e+01   2.9430333e+00
   4.2142872e+01   5.9000000e+01   2.9430333e+00
   4.2152872e+01   5.9000000e+01   2.9430333e+00
   4.2162872e+01   5.9000000e+01   2.9430333e+00
   4.2172872e+01   5.9000000e+01   2.9430333e+00
   4.2182872e+01   5.9000000e+01   2.9430333e+00
   4.2192872e+01   5.9000000e+01   2.9430333e+00
   4.2202872e+01   5.9000000e+01   2.9430333e+00
   4.2212872e+01   5.9000000e+01   2.9430333e+00
   4.2222872e+01   5.9000000e+01   2.9430333e+00
   4.2232872e+01   5.9000000e+01   2.9430333e+00
   4.2242872e+01   5.9000000e+01   2.9430333e+00
   4.2252872e+01   5.9000000e+01   2.9430333e+00
   4.2262872e+01   5.9000000e+01   2.9430333e+00
   4.2272872e+01   5.9000000e+01   2.9430333e+00
   4.2282872e+01   5.9000000e+01   2.9430333e+00
   4.2292872e+01   5.9000000e+01   2.9430333e+00
   4.2302872e+01   5.9000000e+01   2.9430333e+00
   4.2312872e+01   5.9000000e+01   2.9430333e+00
   4.2322872e+01   5.9000000e+01   2.9430333e+00
   4.2332872e+01   5.9000000e+01   2.9430333e+00
   4.2342872e+01   5.9000000e+01   2.9430333e+00
   4.2352872e+01   5.9000000e+01   2.9430333e+00
   4.2362872e+01   5.9000000e+01   2.9430333e+00
   4.2372872e+01   5.9000000e+01   2.9430333e+00
   4.2382872e+01   5.9000000e+01   2.9430333e+00
   4.2392872e+01   5.9000000e+01   2.9430333e+00
   4.2402872e+01   5.9000000e+01   2.9430333e+00
   4.2412872e+01   5.9000000e+01   2.9430333e+00
   4.2422872e+01   5.9000000e+01   2.9430333e+00
   4.2432872e+01   5.9000000e+01   2.9430333e+00
   4.2442872e+01   5.9000000e+01   2.9430333e+00
   4.2452872e+01   5.9000000e+01   2.9430333e+00
   4.2462872e+01   5.9000000e+01   2.9430333e+00
   4.2472872e+01   5.9000000e+01   2.9430333e+00
   4.2482872e+01   5.9000000e+01   2.9430333e+00
   4.2492872e+01   5.9000000e+01   2.9430333e+00
   4.2502872e+01   5.9000000e+01   2.9430333e+00
   4.2512872e+01   5.9000000e+01   2.9430333e+00
   4.2522872e+01   5.9000000e+01   2.9430333e+00
   4.2532872e+01   5.9000000e+01   2.9430333e+00
   4.2542872e+01   5.9000000e+01   2.9430333e+00
   4.2552872e+01   5.9000000e+01   2.9430333e+00
   4.2562872e+01   5.9000000e+01   2.9430333e+00
   4.2572872e+01   5.9000000e+01   2.9430333e+00
   4.2582872e+01   5.9000000e+01   2.9430333e+00
   4.2592872e+01   5.9000000e+01   2.9430333e+00
   4.2602872e+01   5.9000000e+01   2.9430333e+00
   4.2612872e+01   5.9000000e+01   2.9430333e+00
   4.2622872e+01   5.9000000e+01   2.9430333e+00
   4.2632872e+01   5.9000000e+01   2.9430333e+00
   4.2642872e+01   5.9000000e+01   2.9430333e+00
   4.2652872e+01   5.9000000e+01   2.9430333e+00
   4.2662872e+01   5.9000000e+01   2.9430333e+00
   4.2672872e+01   5.9000000e+01   2.9430333e+00
   4.2682872e+01   5.9000000e+01   2.9430333e+00
   4.2692872e+01   5.9000000e+01   2.9430333e+00
   4.2702872e+01   5.9000000e+01   2.9430333e+00
   4.2712872e+01   5.9000000e+01   2.9430333e+00
   4.2722872e+01   5.9000000e+01   2.9430333e+00
   4.2732872e+01   5.9000000e+01   2.9430333e+00
   4.2742872e+01   5.9000000e+01   2.9430333e+00
   4.2752872e+01   5.9000000e+01   2.9430333e+00
   4.2762872e+01   5.9000000e+01   2.9430333e+00
   4.2772872e+01   5.9000000e+01   2.9430333e+00
   4.2782872e+01   5.9000000e+01   2.9430333e+00
   4.2792872e+01   5.9000000e+01   2.9430333e+00
   4.2802872e+01   5.9000000e+01   2.9430333e+00
   4.2812872e+01   5.9000000e+01   2.9430333e+00
   4.2822872e+01   5.9000000e+01   2.9430333e+00
   4.2832872e+01   5.9000000e+01   2.9430333e+00
   4.2842872e+01   5.9000000e+01   2.9430333e+00
   4.2852872e+01   5.9000000e+01   2.9430333e+00
   4.2862872e+01   5.9000000e+01   2.9430333e+00
   4.2872872e+01   5.9000000e+01   2.9430333e+00
   4.2882872e+01   5.9000000e+01   2.9430333e+00
   4.2892872e+01   5.9000000e+01   2.9430333e+00
   4.2902872e+01   5.9000000e+01   2.9430333e+00
   4.2912872e+01   5.9000000e+01   2.9430333e+00
   4.2922872e+01   5.9000000e+01   2.9430333e+00
   4.2932872e+01   5.9000000e+01   2.9430333e+00
   4.2942872e+01   5.9000000e+01   2.9430333e+00
   4.2952872e+01   5.9000000e+01   2.9430333e+00
   4.2962872e+01   5.9000000e+01   2.9430333e+00
   4.2972872e+01   5.9000000e+01   2.9430333e+00
   4.2982872e+01   5.9000000e+01   2.9430333e+00
   4.2992872e+01   5.9000000e+01   2.9430333e+00
   4.3002872e+01   5.9000000e+01   2.9430333e+00
   4.3012872e+01   5.9000000e+01   2.9430333e+00
   4.3022872e+01   5.9000000e+01   2.9430333e+00
   4.3032872e+01   5.9000000e+01   2.9430333e+00
   4.3042872e+01   5.9000000e+01   2.9430333e+00
   4.3052872e+01   5.9000000e+01   2.9430333e+00
   4.3062872e+01   5.9000000e+01   2.9430333e+00
   4.3072872e+01   5.9000000e+01   2.9430333e+00
   4.3082872e+01   5.9000000e+01   2.9430333e+00
   4.3092872e+01   5.9000000e+01   2.9430333e+00
   4.3102872e+01   5.9000000e+01   2.9430333e+00
   4.3112872e+01   5.9000000e+01   2.9430333e+00
   4.3122872e+01   5.9000000e+01   2.9430333e+00
   4.3132872e+01   5.9000000e+01   2.9430333e+00
   4.3142872e+01   5.9000000e+01   2.9430333e+00
   4.3152872e+01   5.9000000e+01   2.9430333e+00
   4.3162872e+01   5.9000000e+01   2.9430333e+00
   4.3172872e+01   5.9000000e+01   2.9430333e+00
   4.3182872e+01   5.9000000e+01   2.9430333e+00
   4.3192872e+01   5.9000000e+01   2.9430333e+00
   4.3202872e+01   5.9000000e+01   2.9430333e+00
   4.3212872e+01   5.9000000e+01   2.9430333e+00
   4.3222872e+01   5.9000000e+01   2.9430333e+00
   4.3232872e+01   5.9000000e+01   2.9430333e+00
   4.3242872e+01   5.9000000e+01   2.9430333e+00
   4.3252872e+01   5.9000000e+01   2.9430333e+00
   4.3262872e+01   5.9000000e+01   2.9430333e+00
   4.3272872e+01   5.9000000e+01   2.9430333e+00
   4.3282872e+01   5.9000000e+01   2.9430333e+00
   4.3292872e+01   5.9000000e+01   2.9430333e+00
   4.3302872e+01   5.9000000e+01   2.9430333e+00
   4.3312872e+01   5.9000000e+01   2.9430333e+00
   4.3322872e+01   5.9000000e+01   2.9430333e+00
   4.3332872e+01   5.9000000e+01   2.9430333e+00
   4.3342872e+01   5.9000000e+01   2.9430333e+00
   4.3352872e+01   5.9000000e+01   2.9430333e+00
   4.3355608e+01   5.9000000e+01   2.9430333e+00
   4.3355608e+01   6.0000000e+01   2.8822090e+00
   4.3355608e+01   6.0000000e+01   2.8822090e+00
   4.3365608e+01   6.0000000e+01   2.8822090e+00
   4.3375608e+01   6.0000000e+01   2.8822090e+00
   4.3385608e+01   6.0000000e+01   2.8822090e+00
   4.3395608e+01   6.0000000e+01   2.8822090e+00
   4.3405608e+01   6.0000000e+01   2.8822090e+00
   4.3415608e+01   6.0000000e+01   2.8822090e+00
   4.3425608e+01   6.0000000e+01   2.8822090e+00
   4.3435608e+01   6.0000000e+01   2.8822090e+00
   4.3445608e+01   6.0000000e+01   2.8822090e+00
   4.3455608e+01   6.0000000e+01   2.8822090e+00
   4.3465608e+01   6.0000000e+01   2.8822090e+00
   4.3475608e+01   6.0000000e+01   2.8822090e+00
   4.3485608e+01   6.0000000e+01   2.8822090e+00
   4.3495608e+01   6.0000000e+01   2.8822090e+00
   4.3505608e+01   6.0000000e+01   2.8822090e+00
   4.3515608e+01   6.0000000e+01   2.8822090e+00
   4.3525608e+01   6.0000000e+01   2.8822090e+00
   4.3535608e+01   6.0000000e+01   2.8822090e+00
   4.3545608e+01   6.0000000e+01   2.8822090e+00
   4.3555608e+01   6.0000000e+01   2.8822090e+00
   4.3565608e+01   6.0000000e+01   2.8822090e+00
   4.3575608e+01   6.0000000e+01   2.8822090e+00
   4.3585608e+01   6.0000000e+01   2.8822090e+00
   4.3595608e+01   6.0000000e+01   2.8822090e+00
   4.3605608e+01   6.0000000e+01   2.8822090e+00
   4.3615608e+01   6.0000000e+01   2.8822090e+00
   4.3625608e+01   6.0000000e+01   2.8822090e+00
   4.3635608e+01   6.0000000e+01   2.8822090e+00
   4.3645608e+01   6.0000000e+01   2.8822090e+00
   4.3655608e+01   6.0000000e+01   2.8822090e+00
   4.3665608e+01   6.0000000e+01   2.8822090e+00
   4.3675608e+01   6.0000000e+01   2.8822090e+00
   4.3685608e+01   6.0000000e+01   2.8822090e+00
   4.3695608e+01   6.0000000e+01   2.8822090e+00
   4.3705608e+01   6.0000000e+01   2.8822090e+00
   4.3715608e+01   6.0000000e+01   2.8822090e+00
   4.3725608e+01   6.0000000e+01   2.8822090e+00
   4.3735608e+01   6.0000000e+01   2.8822090e+00
   4.3745608e+01   6.0000000e+01   2.8822090e+00
   4.3755608e+01   6.0000000e+01   2.8822090e+00
   4.3765608e+01   6.0000000e+01   2.8822090e+00
   4.3775608e+01   6.0000000e+01   2.8822090e+00
   4.3785608e+01   6.0000000e+01   2.8822090e+00
   4.3795608e+01   6.0000000e+01   2.8822090e+00
   4.3805608e+01   6.0000000e+01   2.8822090e+00
   4.3815608e+01   6.0000000e+01   2.8822090e+00
   4.3825608e+01   6.0000000e+01   2.8822090e+00
   4.3835608e+01   6.0000000e+01   2.8822090e+00
   4.3845608e+01   6.0000000e+01   2.8822090e+00
   4.3855608e+01   6.0000000e+01   2.8822090e+00
   4.3865608e+01   6.0000000e+01   2.8822090e+00
   4.3875608e+01   6.0000000e+01   2.8822090e+00
   4.3885608e+01   6.0000000e+01   2.8822090e+00
   4.3895608e+01   6.0000000e+01   2.8822090e+00
   4.3905608e+01   6.0000000e+01   2.8822090e+00
   4.3915608e+01   6.0000000e+01   2.8822090e+00
   4.3925608e+01   6.0000000e+01   2.8822090e+00
   4.3935608e+01   6.0000000e+01   2.8822090e+00
   4.3945608e+01   6.0000000e+01   2.8822090e+00
   4.3955608e+01   6.0000000e+01   2.8822090e+00
   4.3965608e+01   6.0000000e+01   2.8822090e+00
   4.3975608e+01   6.0000000e+01   2.8822090e+00
   4.3985608e+01   6.0000000e+01   2.8822090e+00
   4.3995608e+01   6.0000000e+01   2.8822090e+00
   4.4005608e+01   6.0000000e+01   2.8822090e+00
   4.4015608e+01   6.0000000e+01   2.8822090e+00
   4.4025608e+01   6.0000000e+01   2.8822090e+00
   4.4035608e+01   6.0000000e+01   2.8822090e+00
   4.4045608e+01   6.0000000e+01   2.8822090e+00
   4.4055608e+01   6.0000000e+01   2.8822090e+00
   4.4065608e+01   6.0000000e+01   2.8822090e+00
   4.4075608e+01   6.0000000e+01   2.8822090e+00
   4.4085608e+01   6.0000000e+01   2.8822090e+00
   4.4095608e+01   6.0000000e+01   2.8822090e+00
   4.4105608e+01   6.0000000e+01   2.8822090e+00
   4.4115608e+01   6.0000000e+01   2.8822090e+00
   4.4125608e+01   6.0000000e+01   2.8822090e+00
   4.4135608e+01   6.0000000e+01   2.8822090e+00
   4.4145608e+01   6.0000000e+01   2.8822090e+00
   4.4155608e+01   6.0000000e+01   2.8822090e+00
   4.4165608e+01   6.0000000e+01   2.8822090e+00
   4.4175608e+01   6.0000000e+01   2.8822090e+00
   4.4185608e+01   6.0000000e+01   2.8822090e+00
   4.4195608e+01   6.0000000e+01   2.8822090e+00
   4.4205608e+01   6.0000000e+01   2.8822090e+00
   4.4215608e+01   6.0000000e+01   2.8822090e+00
   4.4225608e+01   6.0000000e+01   2.8822090e+00
   4.4235608e+01   6.0000000e+01   2.8822090e+00
   4.4245608e+01   6.0000000e+01   2.8822090e+00
   4.4255608e+01   6.0000000e+01   2.8822090e+00
   4.4265608e+01   6.0000000e+01   2.8822090e+00
   4.4275608e+01   6.0000000e+01   2.8822090e+00
   4.4285608e+01   6.0000000e+01   2.8822090e+00
   4.4295608e+01   6.0000000e+01   2.8822090e+00
   4.4305608e+01   6.0000000e+01   2.8822090e+00
   4.4315608e+01   6.0000000e+01   2.8822090e+00
   4.4325608e+01   6.0000000e+01   2.8822090e+00
   4.4335608e+01   6.0000000e+01   2.8822090e+00
   4.4345608e+01   6.0000000e+01   2.8822090e+00
   4.4355608e+01   6.0000000e+01   2.8822090e+00
   4.4365608e+01   6.0000000e+01   2.8822090e+00
   4.4375608e+01   6.0000000e+01   2.8822090e+00
   4.4385608e+01   6.0000000e+01   2.8822090e+00
   4.4395608e+01   6.0000000e+01   2.8822090e+00
   4.4405608e+01   6.0000000e+01   2.8822090e+00
   4.4415608e+01   6.0000000e+01   2.8822090e+00
   4.4425608e+01   6.0000000e+01   2.8822090e+00
   4.4435608e+01   6.0000000e+01   2.8822090e+00
   4.4445608e+01   6.0000000e+01   2.8822090e+00
   4.4455608e+01   6.0000000e+01   2.8822090e+00
   4.4465608e+01   6.0000000e+01   2.8822090e+00
   4.4475608e+01   6.0000000e+01   2.8822090e+00
   4.4485608e+01   6.0000000e+01   2.8822090e+00
   4.4495608e+01   6.0000000e+01   2.8822090e+00
   4.4505608e+01   6.0000000e+01   2.8822090e+00
   4.4515608e+01   6.0000000e+01   2.8822090e+00
   4.4525608e+01   6.0000000e+01   2.8822090e+00
   4.4535608e+01   6.0000000e+01   2.8822090e+00
   4.4545608e+01   6.0000000e+01   2.8822090e+00
   4.4555608e+01   6.0000000e+01   2.8822090e+00
   4.4565608e+01   6.0000000e+01   2.8822090e+00
   4.4575608e+01   6.0000000e+01   2.8822090e+00
   4.4579156e+01   6.0000000e+01   2.8822090e+00
   4.4579156e+01   6.1000000e+01   2.8188485e+00
   4.4579156e+01   6.1000000e+01   2.8188485e+00
   4.4589156e+01   6.1000000e+01   2.8188485e+00
   4.4599156e+01   6.1000000e+01   2.8188485e+00
   4.4609156e+01   6.1000000e+01   2.8188485e+00
   4.4619156e+01   6.1000000e+01   2.8188485e+00
   4.4629156e+01   6.1000000e+01   2.8188485e+00
   4.4639156e+01   6.1000000e+01   2.8188485e+00
   4.4649156e+01   6.1000000e+01   2.8188485e+00
   4.4659156e+01   6.1000000e+01   2.8188485e+00
   4.4669156e+01   6.1000000e+01   2.8188485e+00
   4.4679156e+01   6.1000000e+01   2.8188485e+00
   4.4689156e+01   6.1000000e+01   2.8188485e+00
   4.4699156e+01   6.1000000e+01   2.8188485e+00
   4.4709156e+01   6.1000000e+01   2.8188485e+00
   4.4719156e+01   6.1000000e+01   2.8188485e+00
   4.4729156e+01   6.1000000e+01   2.8188485e+00
   4.4739156e+01   6.1000000e+01   2.8188485e+00
   4.4749156e+01   6.1000000e+01   2.8188485e+00
   4.4759156e+01   6.1000000e+01   2.8188485e+00
   4.4769156e+01   6.1000000e+01   2.8188485e+00
   4.4779156e+01   6.1000000e+01   2.8188485e+00
   4.4789156e+01   6.1000000e+01   2.8188485e+00
   4.4799156e+01   6.1000000e+01   2.8188485e+00
   4.4809156e+01   6.1000000e+01   2.8188485e+00
   4.4819156e+01   6.1000000e+01   2.8188485e+00
   4.4829156e+01   6.1000000e+01   2.8188485e+00
   4.4839156e+01   6.1000000e+01   2.8188485e+00
   4.4849156e+01   6.1000000e+01   2.8188485e+00
   4.4859156e+01   6.1000000e+01   2.8188485e+00
   4.4869156e+01   6.1000000e+01   2.8188485e+00
   4.4879156e+01   6.1000000e+01   2.8188485e+00
   4.4889156e+01   6.1000000e+01   2.8188485e+00
   4.4899156e+01   6.1000000e+01   2.8188485e+00
   4.4909156e+01   6.1000000e+01   2.8188485e+00
   4.4919156e+01   6.1000000e+01   2.8188485e+00
   4.4929156e+01   6.1000000e+01   2.8188485e+00
   4.4939156e+01   6.1000000e+01   2.8188485e+00
   4.4949156e+01   6.1000000e+01   2.8188485e+00
   4.4959156e+01   6.1000000e+01   2.8188485e+00
   4.4969156e+01   6.1000000e+01   2.8188485e+00
   4.4979156e+01   6.1000000e+01   2.8188485e+00
   4.4989156e+01   6.1000000e+01   2.8188485e+00
   4.4999156e+01   6.1000000e+01   2.8188485e+00
   4.5009156e+01   6.1000000e+01   2.8188485e+00
   4.5019156e+01   6.1000000e+01   2.8188485e+00
   4.5029156e+01   6.1000000e+01   2.8188485e+00
   4.5039156e+01   6.1000000e+01   2.8188485e+00
   4.5049156e+01   6.1000000e+01   2.8188485e+00
   4.5059156e+01   6.1000000e+01   2.8188485e+00
   4.5069156e+01   6.1000000e+01   2.8188485e+00
   4.5079156e+01   6.1000000e+01   2.8188485e+00
   4.5089156e+01   6.1000000e+01   2.8188485e+00
   4.5099156e+01   6.1000000e+01   2.8188485e+00
   4.5109156e+01   6.1000000e+01   2.8188485e+00
   4.5119156e+01   6.1000000e+01   2.8188485e+00
   4.5129156e+01   6.1000000e+01   2.8188485e+00
   4.5139156e+01   6.1000000e+01   2.8188485e+00
   4.5149156e+01   6.1000000e+01   2.8188485e+00
   4.5159156e+01   6.1000000e+01   2.8188485e+00
   4.5169156e+01   6.1000000e+01   2.8188485e+00
   4.5179156e+01   6.1000000e+01   2.8188485e+00
   4.5189156e+01   6.1000000e+01   2.8188485e+00
   4.5199156e+01   6.1000000e+01   2.8188485e+00
   4.5209156e+01   6.1000000e+01   2.8188485e+00
   4.5219156e+01   6.1000000e+01   2.8188485e+00
   4.5229156e+01   6.1000000e+01   2.8188485e+00
   4.5239156e+01   6.1000000e+01   2.8188485e+00
   4.5249156e+01   6.1000000e+01   2.8188485e+00
   4.5259156e+01   6.1000000e+01   2.8188485e+00
   4.5269156e+01   6.1000000e+01   2.8188485e+00
   4.5279156e+01   6.1000000e+01   2.8188485e+00
   4.5289156e+01   6.1000000e+01   2.8188485e+00
   4.5299156e+01   6.1000000e+01   2.8188485e+00
   4.5309156e+01   6.1000000e+01   2.8188485e+00
   4.5319156e+01   6.1000000e+01   2.8188485e+00
   4.5329156e+01   6.1000000e+01   2.8188485e+00
   4.5339156e+01   6.1000000e+01   2.8188485e+00
   4.5349156e+01   6.1000000e+01   2.8188485e+00
   4.5359156e+01   6.1000000e+01   2.8188485e+00
   4.5369156e+01   6.1000000e+01   2.8188485e+00
   4.5379156e+01   6.1000000e+01   2.8188485e+00
   4.5389156e+01   6.1000000e+01   2.8188485e+00
   4.5399156e+01   6.1000000e+01   2.8188485e+00
   4.5409156e+01   6.1000000e+01   2.8188485e+00
   4.5419156e+01   6.1000000e+01   2.8188485e+00
   4.5429156e+01   6.1000000e+01   2.8188485e+00
   4.5439156e+01   6.1000000e+01   2.8188485e+00
   4.5449156e+01   6.1000000e+01   2.8188485e+00
   4.5459156e+01   6.1000000e+01   2.8188485e+00
   4.5469156e+01   6.1000000e+01   2.8188485e+00
   4.5479156e+01   6.1000000e+01   2.8188485e+00
   4.5489156e+01   6.1000000e+01   2.8188485e+00
   4.5499156e+01   6.1000000e+01   2.8188485e+00
   4.5509156e+01   6.1000000e+01   2.8188485e+00
   4.5519156e+01   6.1000000e+01   2.8188485e+00
   4.5529156e+01   6.1000000e+01   2.8188485e+00
   4.5539156e+01   6.1000000e+01   2.8188485e+00
   4.5549156e+01   6.1000000e+01   2.8188485e+00
   4.5559156e+01   6.1000000e+01   2.8188485e+00
   4.5569156e+01   6.1000000e+01   2.8188485e+00
   4.5579156e+01   6.1000000e+01   2.8188485e+00
   4.5589156e+01   6.1000000e+01   2.8188485e+00
   4.5599156e+01   6.1000000e+01   2.8188485e+00
   4.5609156e+01   6.1000000e+01   2.8188485e+00
   4.5619156e+01   6.1000000e+01   2.8188485e+00
   4.5629156e+01   6.1000000e+01   2.8188485e+00
   4.5639156e+01   6.1000000e+01   2.8188485e+00
   4.5649156e+01   6.1000000e+01   2.8188485e+00
   4.5659156e+01   6.1000000e+01   2.8188485e+00
   4.5669156e+01   6.1000000e+01   2.8188485e+00
   4.5679156e+01   6.1000000e+01   2.8188485e+00
   4.5689156e+01   6.1000000e+01   2.8188485e+00
   4.5699156e+01   6.1000000e+01   2.8188485e+00
   4.5709156e+01   6.1000000e+01   2.8188485e+00
   4.5719156e+01   6.1000000e+01   2.8188485e+00
   4.5729156e+01   6.1000000e+01   2.8188485e+00
   4.5739156e+01   6.1000000e+01   2.8188485e+00
   4.5749156e+01   6.1000000e+01   2.8188485e+00
   4.5759156e+01   6.1000000e+01   2.8188485e+00
   4.5769156e+01   6.1000000e+01   2.8188485e+00
   4.5779156e+01   6.1000000e+01   2.8188485e+00
   4.5789156e+01   6.1000000e+01   2.8188485e+00
   4.5799156e+01   6.1000000e+01   2.8188485e+00
   4.5809156e+01   6.1000000e+01   2.8188485e+00
   4.5813214e+01   6.1000000e+01   2.8188485e+00
   4.5813214e+01   6.2000000e+01   2.7529643e+00
   4.5813214e+01   6.2000000e+01   2.7529643e+00
   4.5823214e+01   6.2000000e+01   2.7529643e+00
   4.5833214e+01   6.2000000e+01   2.7529643e+00
   4.5843214e+01   6.2000000e+01   2.7529643e+00
   4.5853214e+01   6.2000000e+01   2.7529643e+00
   4.5863214e+01   6.2000000e+01   2.7529643e+00
   4.5873214e+01   6.2000000e+01   2.7529643e+00
   4.5883214e+01   6.2000000e+01   2.7529643e+00
   4.5893214e+01   6.2000000e+01   2.7529643e+00
   4.5903214e+01   6.2000000e+01   2.7529643e+00
   4.5913214e+01   6.2000000e+01   2.7529643e+00
   4.5923214e+01   6.2000000e+01   2.7529643e+00
   4.5933214e+01   6.2000000e+01   2.7529643e+00
   4.5943214e+01   6.2000000e+01   2.7529643e+00
   4.5953214e+01   6.2000000e+01   2.7529643e+00
   4.5963214e+01   6.2000000e+01   2.7529643e+00
   4.5973214e+01   6.2000000e+01   2.7529643e+00
   4.5983214e+01   6.2000000e+01   2.7529643e+00
   4.5993214e+01   6.2000000e+01   2.7529643e+00
   4.6003214e+01   6.2000000e+01   2.7529643e+00
   4.6013214e+01   6.2000000e+01   2.7529643e+00
   4.6023214e+01   6.2000000e+01   2.7529643e+00
   4.6033214e+01   6.2000000e+01   2.7529643e+00
   4.6043214e+01   6.2000000e+01   2.7529643e+00
   4.6053214e+01   6.2000000e+01   2.7529643e+00
   4.6063214e+01   6.2000000e+01   2.7529643e+00
   4.6073214e+01   6.2000000e+01   2.7529643e+00
   4.6083214e+01   6.2000000e+01   2.7529643e+00
   4.6093214e+01   6.2000000e+01   2.7529643e+00
   4.6103214e+01   6.2000000e+01   2.7529643e+00
   4.6113214e+01   6.2000000e+01   2.7529643e+00
   4.6123214e+01   6.2000000e+01   2.7529643e+00
   4.6133214e+01   6.2000000e+01   2.7529643e+00
   4.6143214e+01   6.2000000e+01   2.7529643e+00
   4.6153214e+01   6.2000000e+01   2.7529643e+00
   4.6163214e+01   6.2000000e+01   2.7529643e+00
   4.6173214e+01   6.2000000e+01   2.7529643e+00
   4.6183214e+01   6.2000000e+01   2.7529643e+00
   4.6193214e+01   6.2000000e+01   2.7529643e+00
   4.6203214e+01   6.2000000e+01   2.7529643e+00
   4.6213214e+01   6.2000000e+01   2.7529643e+00
   4.6223214e+01   6.2000000e+01   2.7529643e+00
   4.6233214e+01   6.2000000e+01   2.7529643e+00
   4.6243214e+01   6.2000000e+01   2.7529643e+00
   4.6253214e+01   6.2000000e+01   2.7529643e+00
   4.6263214e+01   6.2000000e+01   2.7529643e+00
   4.6273214e+01   6.2000000e+01   2.7529643e+00
   4.6283214e+01   6.2000000e+01   2.7529643e+00
   4.6293214e+01   6.2000000e+01   2.7529643e+00
   4.6303214e+01   6.2000000e+01   2.7529643e+00
   4.6313214e+01   6.2000000e+01   2.7529643e+00
   4.6323214e+01   6.2000000e+01   2.7529643e+00
   4.6333214e+01   6.2000000e+01   2.7529643e+00
   4.6343214e+01   6.2000000e+01   2.7529643e+00
   4.6353214e+01   6.2000000e+01   2.7529643e+00
   4.6363214e+01   6.2000000e+01   2.7529643e+00
   4.6373214e+01   6.2000000e+01   2.7529643e+00
   4.6383214e+01   6.2000000e+01   2.7529643e+00
   4.6393214e+01   6.2000000e+01   2.7529643e+00
   4.6403214e+01   6.2000000e+01   2.7529643e+00
   4.6413214e+01   6.2000000e+01   2.7529643e+00
   4.6423214e+01   6.2000000e+01   2.7529643e+00
   4.6433214e+01   6.2000000e+01   2.7529643e+00
   4.6443214e+01   6.2000000e+01   2.7529643e+00
   4.6453214e+01   6.2000000e+01   2.7529643e+00
   4.6463214e+01   6.2000000e+01   2.7529643e+00
   4.6473214e+01   6.2000000e+01   2.7529643e+00
   4.6483214e+01   6.2000000e+01   2.7529643e+00
   4.6493214e+01   6.2000000e+01   2.7529643e+00
   4.6503214e+01   6.2000000e+01   2.7529643e+00
   4.6513214e+01   6.2000000e+01   2.7529643e+00
   4.6523214e+01   6.2000000e+01   2.7529643e+00
   4.6533214e+01   6.2000000e+01   2.7529643e+00
   4.6543214e+01   6.2000000e+01   2.7529643e+00
   4.6553214e+01   6.2000000e+01   2.7529643e+00
   4.6563214e+01   6.2000000e+01   2.7529643e+00
   4.6573214e+01   6.2000000e+01   2.7529643e+00
   4.6583214e+01   6.2000000e+01   2.7529643e+00
   4.6593214e+01   6.2000000e+01   2.7529643e+00
   4.6603214e+01   6.2000000e+01   2.7529643e+00
   4.6613214e+01   6.2000000e+01   2.7529643e+00
   4.6623214e+01   6.2000000e+01   2.7529643e+00
   4.6633214e+01   6.2000000e+01   2.7529643e+00
   4.6643214e+01   6.2000000e+01   2.7529643e+00
   4.6653214e+01   6.2000000e+01   2.7529643e+00
   4.6663214e+01   6.2000000e+01   2.7529643e+00
   4.6673214e+01   6.2000000e+01   2.7529643e+00
   4.6683214e+01   6.2000000e+01   2.7529643e+00
   4.6693214e+01   6.2000000e+01   2.7529643e+00
   4.6703214e+01   6.2000000e+01   2.7529643e+00
   4.6713214e+01   6.2000000e+01   2.7529643e+00
   4.6723214e+01   6.2000000e+01   2.7529643e+00
   4.6733214e+01   6.2000000e+01   2.7529643e+00
   4.6743214e+01   6.2000000e+01   2.7529643e+00
   4.6753214e+01   6.2000000e+01   2.7529643e+00
   4.6763214e+01   6.2000000e+01   2.7529643e+00
   4.6773214e+01   6.2000000e+01   2.7529643e+00
   4.6783214e+01   6.2000000e+01   2.7529643e+00
   4.6793214e+01   6.2000000e+01   2.7529643e+00
   4.6803214e+01   6.2000000e+01   2.7529643e+00
   4.6813214e+01   6.2000000e+01   2.7529643e+00
   4.6823214e+01   6.2000000e+01   2.7529643e+00
   4.6833214e+01   6.2000000e+01   2.7529643e+00
   4.6843214e+01   6.2000000e+01   2.7529643e+00
   4.6853214e+01   6.2000000e+01   2.7529643e+00
   4.6863214e+01   6.2000000e+01   2.7529643e+00
   4.6873214e+01   6.2000000e+01   2.7529643e+00
   4.6883214e+01   6.2000000e+01   2.7529643e+00
   4.6893214e+01   6.2000000e+01   2.7529643e+00
   4.6903214e+01   6.2000000e+01   2.7529643e+00
   4.6913214e+01   6.2000000e+01   2.7529643e+00
   4.6923214e+01   6.2000000e+01   2.7529643e+00
   4.6933214e+01   6.2000000e+01   2.7529643e+00
   4.6943214e+01   6.2000000e+01   2.7529643e+00
   4.6953214e+01   6.2000000e+01   2.7529643e+00
   4.6963214e+01   6.2000000e+01   2.7529643e+00
   4.6973214e+01   6.2000000e+01   2.7529643e+00
   4.6983214e+01   6.2000000e+01   2.7529643e+00
   4.6993214e+01   6.2000000e+01   2.7529643e+00
   4.7003214e+01   6.2000000e+01   2.7529643e+00
   4.7013214e+01   6.2000000e+01   2.7529643e+00
   4.7023214e+01   6.2000000e+01   2.7529643e+00
   4.7033214e+01   6.2000000e+01   2.7529643e+00
   4.7043214e+01   6.2000000e+01   2.7529643e+00
   4.7053214e+01   6.2000000e+01   2.7529643e+00
   4.7057475e+01   6.2000000e+01   2.7529643e+00
   4.7057475e+01   6.3000000e+01   2.6845690e+00
   4.7057475e+01   6.3000000e+01   2.6845690e+00
   4.7067475e+01   6.3000000e+01   2.6845690e+00
   4.7077475e+01   6.3000000e+01   2.6845690e+00
   4.7087475e+01   6.3000000e+01   2.6845690e+00
   4.7097475e+01   6.3000000e+01   2.6845690e+00
   4.7107475e+01   6.3000000e+01   2.6845690e+00
   4.7117475e+01   6.3000000e+01   2.6845690e+00
   4.7127475e+01   6.3000000e+01   2.6845690e+00
   4.7137475e+01   6.3000000e+01   2.6845690e+00
   4.7147475e+01   6.3000000e+01   2.6845690e+00
   4.7157475e+01   6.3000000e+01   2.6845690e+00
   4.7167475e+01   6.3000000e+01   2.6845690e+00
   4.7177475e+01   6.3000000e+01   2.6845690e+00
   4.7187475e+01   6.3000000e+01   2.6845690e+00
   4.7197475e+01   6.3000000e+01   2.6845690e+00
   4.7207475e+01   6.3000000e+01   2.6845690e+00
   4.7217475e+01   6.3000000e+01   2.6845690e+00
   4.7227475e+01   6.3000000e+01   2.6845690e+00
   4.7237475e+01   6.3000000e+01   2.6845690e+00
   4.7247475e+01   6.3000000e+01   2.6845690e+00
   4.7257475e+01   6.3000000e+01   2.6845690e+00
   4.7267475e+01   6.3000000e+01   2.6845690e+00
   4.7277475e+01   6.3000000e+01   2.6845690e+00
   4.7287475e+01   6.3000000e+01   2.6845690e+00
   4.7297475e+01   6.3000000e+01   2.6845690e+00
   4.7307475e+01   6.3000000e+01   2.6845690e+00
   4.7317475e+01   6.3000000e+01   2.6845690e+00
   4.7327475e+01   6.3000000e+01   2.6845690e+00
   4.7337475e+01   6.3000000e+01   2.6845690e+00
   4.7347475e+01   6.3000000e+01   2.6845690e+00
   4.7357475e+01   6.3000000e+01   2.6845690e+00
   4.7367475e+01   6.3000000e+01   2.6845690e+00
   4.7377475e+01   6.3000000e+01   2.6845690e+00
   4.7387475e+01   6.3000000e+01   2.6845690e+00
   4.7397475e+01   6.3000000e+01   2.6845690e+00
   4.7407475e+01   6.3000000e+01   2.6845690e+00
   4.7417475e+01   6.3000000e+01   2.6845690e+00
   4.7427475e+01   6.3000000e+01   2.6845690e+00
   4.7437475e+01   6.3000000e+01   2.6845690e+00
   4.7447475e+01   6.3000000e+01   2.6845690e+00
   4.7457475e+01   6.3000000e+01   2.6845690e+00
   4.7467475e+01   6.3000000e+01   2.6845690e+00
   4.7477475e+01   6.3000000e+01   2.6845690e+00
   4.7487475e+01   6.3000000e+01   2.6845690e+00
   4.7497475e+01   6.3000000e+01   2.6845690e+00
   4.7507475e+01   6.3000000e+01   2.6845690e+00
   4.7517475e+01   6.3000000e+01   2.6845690e+00
   4.7527475e+01   6.3000000e+01   2.6845690e+00
   4.7537475e+01   6.3000000e+01   2.6845690e+00
   4.7547475e+01   6.3000000e+01   2.6845690e+00
   4.7557475e+01   6.3000000e+01   2.6845690e+00
   4.7567475e+01   6.3000000e+01   2.6845690e+00
   4.7577475e+01   6.3000000e+01   2.6845690e+00
   4.7587475e+01   6.3000000e+01   2.6845690e+00
   4.7597475e+01   6.3000000e+01   2.6845690e+00
   4.7607475e+01   6.3000000e+01   2.6845690e+00
   4.7617475e+01   6.3000000e+01   2.6845690e+00
   4.7627475e+01   6.3000000e+01   2.6845690e+00
   4.7637475e+01   6.3000000e+01   2.6845690e+00
   4.7647475e+01   6.3000000e+01   2.6845690e+00
   4.7657475e+01   6.3000000e+01   2.6845690e+00
   4.7667475e+01   6.3000000e+01   2.6845690e+00
   4.7677475e+01   6.3000000e+01   2.6845690e+00
   4.7687475e+01   6.3000000e+01   2.6845690e+00
   4.7697475e+01   6.3000000e+01   2.6845690e+00
   4.7707475e+01   6.3000000e+01   2.6845690e+00
   4.7717475e+01   6.3000000e+01   2.6845690e+00
   4.7727475e+01   6.3000000e+01   2.6845690e+00
   4.7737475e+01   6.3000000e+01   2.6845690e+00
   4.7747475e+01   6.3000000e+01   2.6845690e+00
   4.7757475e+01   6.3000000e+01   2.6845690e+00
   4.7767475e+01   6.3000000e+01   2.6845690e+00
   4.7777475e+01   6.3000000e+01   2.6845690e+00
   4.7787475e+01   6.3000000e+01   2.6845690e+00
   4.7797475e+01   6.3000000e+01   2.6845690e+00
   4.7807475e+01   6.3000000e+01   2.6845690e+00
   4.7817475e+01   6.3000000e+01   2.6845690e+00
   4.7827475e+01   6.3000000e+01   2.6845690e+00
   4.7837475e+01   6.3000000e+01   2.6845690e+00
   4.7847475e+01   6.3000000e+01   2.6845690e+00
   4.7857475e+01   6.3000000e+01   2.6845690e+00
   4.7867475e+01   6.3000000e+01   2.6845690e+00
   4.7877475e+01   6.3000000e+01   2.6845690e+00
   4.7887475e+01   6.3000000e+01   2.6845690e+00
   4.7897475e+01   6.3000000e+01   2.6845690e+00
   4.7907475e+01   6.3000000e+01   2.6845690e+00
   4.7917475e+01   6.3000000e+01   2.6845690e+00
   4.7927475e+01   6.3000000e+01   2.6845690e+00
   4.7937475e+01   6.3000000e+01   2.6845690e+00
   4.7947475e+01   6.3000000e+01   2.6845690e+00
   4.7957475e+01   6.3000000e+01   2.6845690e+00
   4.7967475e+01   6.3000000e+01   2.6845690e+00
   4.7977475e+01   6.3000000e+01   2.6845690e+00
   4.7987475e+01   6.3000000e+01   2.6845690e+00
   4.7997475e+01   6.3000000e+01   2.6845690e+00
   4.8007475e+01   6.3000000e+01   2.6845690e+00
   4.8017475e+01   6.3000000e+01   2.6845690e+00
   4.8027475e+01   6.3000000e+01   2.6845690e+00
   4.8037475e+01   6.3000000e+01   2.6845690e+00
   4.8047475e+01   6.3000000e+01   2.6845690e+00
   4.8057475e+01   6.3000000e+01   2.6845690e+00
   4.8067475e+01   6.3000000e+01   2.6845690e+00
   4.8077475e+01   6.3000000e+01   2.6845690e+00
   4.8087475e+01   6.3000000e+01   2.6845690e+00
   4.8097475e+01   6.3000000e+01   2.6845690e+00
   4.8107475e+01   6.3000000e+01   2.6845690e+00
   4.8117475e+01   6.3000000e+01   2.6845690e+00
   4.8127475e+01   6.3000000e+01   2.6845690e+00
   4.8137475e+01   6.3000000e+01   2.6845690e+00
   4.8147475e+01   6.3000000e+01   2.6845690e+00
   4.8157475e+01   6.3000000e+01   2.6845690e+00
   4.8167475e+01   6.3000000e+01   2.6845690e+00
   4.8177475e+01   6.3000000e+01   2.6845690e+00
   4.8187475e+01   6.3000000e+01   2.6845690e+00
   4.8197475e+01   6.3000000e+01   2.6845690e+00
   4.8207475e+01   6.3000000e+01   2.6845690e+00
   4.8217475e+01   6.3000000e+01   2.6845690e+00
   4.8227475e+01   6.3000000e+01   2.6845690e+00
   4.8237475e+01   6.3000000e+01   2.6845690e+00
   4.8247475e+01   6.3000000e+01   2.6845690e+00
   4.8257475e+01   6.3000000e+01   2.6845690e+00
   4.8267475e+01   6.3000000e+01   2.6845690e+00
   4.8277475e+01   6.3000000e+01   2.6845690e+00
   4.8287475e+01   6.3000000e+01   2.6845690e+00
   4.8297475e+01   6.3000000e+01   2.6845690e+00
   4.8307475e+01   6.3000000e+01   2.6845690e+00
   4.8311626e+01   6.3000000e+01   2.6845690e+00
   4.8311626e+01   6.4000000e+01   2.6136760e+00
   4.8311626e+01   6.4000000e+01   2.6136760e+00
   4.8321626e+01   6.4000000e+01   2.6136760e+00
   4.8331626e+01   6.4000000e+01   2.6136760e+00
   4.8341626e+01   6.4000000e+01   2.6136760e+00
   4.8351626e+01   6.4000000e+01   2.6136760e+00
   4.8361626e+01   6.4000000e+01   2.6136760e+00
   4.8371626e+01   6.4000000e+01   2.6136760e+00
   4.8381626e+01   6.4000000e+01   2.6136760e+00
   4.8391626e+01   6.4000000e+01   2.6136760e+00
   4.8401626e+01   6.4000000e+01   2.6136760e+00
   4.8411626e+01   6.4000000e+01   2.6136760e+00
   4.8421626e+01   6.4000000e+01   2.6136760e+00
   4.8431626e+01   6.4000000e+01   2.6136760e+00
   4.8441626e+01   6.4000000e+01   2.6136760e+00
   4.8451626e+01   6.4000000e+01   2.6136760e+00
   4.8461626e+01   6.4000000e+01   2.6136760e+00
   4.8471626e+01   6.4000000e+01   2.6136760e+00
   4.8481626e+01   6.4000000e+01   2.6136760e+00
   4.8491626e+01   6.4000000e+01   2.6136760e+00
   4.8501626e+01   6.4000000e+01   2.6136760e+00
   4.8511626e+01   6.4000000e+01   2.6136760e+00
   4.8521626e+01   6.4000000e+01   2.6136760e+00
   4.8531626e+01   6.4000000e+01   2.6136760e+00
   4.8541626e+01   6.4000000e+01   2.6136760e+00
   4.8551626e+01   6.4000000e+01   2.6136760e+00
   4.8561626e+01   6.4000000e+01   2.6136760e+00
   4.8571626e+01   6.4000000e+01   2.6136760e+00
   4.8581626e+01   6.4000000e+01   2.6136760e+00
   4.8591626e+01   6.4000000e+01   2.6136760e+00
   4.8601626e+01   6.4000000e+01   2.6136760e+00
   4.8611626e+01   6.4000000e+01   2.6136760e+00
   4.8621626e+01   6.4000000e+01   2.6136760e+00
   4.8631626e+01   6.4000000e+01   2.6136760e+00
   4.8641626e+01   6.4000000e+01   2.6136760e+00
   4.8651626e+01   6.4000000e+01   2.6136760e+00
   4.8661626e+01   6.4000000e+01   2.6136760e+00
   4.8671626e+01   6.4000000e+01   2.6136760e+00
   4.8681626e+01   6.4000000e+01   2.6136760e+00
   4.8691626e+01   6.4000000e+01   2.6136760e+00
   4.8701626e+01   6.4000000e+01   2.6136760e+00
   4.8711626e+01   6.4000000e+01   2.6136760e+00
   4.8721626e+01   6.4000000e+01   2.6136760e+00
   4.8731626e+01   6.4000000e+01   2.6136760e+00
   4.8741626e+01   6.4000000e+01   2.6136760e+00
   4.8751626e+01   6.4000000e+01   2.6136760e+00
   4.8761626e+01   6.4000000e+01   2.6136760e+00
   4.8771626e+01   6.4000000e+01   2.6136760e+00
   4.8781626e+01   6.4000000e+01   2.6136760e+00
   4.8791626e+01   6.4000000e+01   2.6136760e+00
   4.8801626e+01   6.4000000e+01   2.6136760e+00
   4.8811626e+01   6.4000000e+01   2.6136760e+00
   4.8821626e+01   6.4000000e+01   2.6136760e+00
   4.8831626e+01   6.4000000e+01   2.6136760e+00
   4.8841626e+01   6.4000000e+01   2.6136760e+00
   4.8851626e+01   6.4000000e+01   2.6136760e+00
   4.8861626e+01   6.4000000e+01   2.6136760e+00
   4.8871626e+01   6.4000000e+01   2.6136760e+00
   4.8881626e+01   6.4000000e+01   2.6136760e+00
   4.8891626e+01   6.4000000e+01   2.6136760e+00
   4.8901626e+01   6.4000000e+01   2.6136760e+00
   4.8911626e+01   6.4000000e+01   2.6136760e+00
   4.8921626e+01   6.4000000e+01   2.6136760e+00
   4.8931626e+01   6.4000000e+01   2.6136760e+00
   4.8941626e+01   6.4000000e+01   2.6136760e+00
   4.8951626e+01   6.4000000e+01   2.6136760e+00
   4.8961626e+01   6.4000000e+01   2.6136760e+00
   4.8971626e+01   6.4000000e+01   2.6136760e+00
   4.8981626e+01   6.4000000e+01   2.6136760e+00
   4.8991626e+01   6.4000000e+01   2.6136760e+00
   4.9001626e+01   6.4000000e+01   2.6136760e+00
   4.9011626e+01   6.4000000e+01   2.6136760e+00
   4.9021626e+01   6.4000000e+01   2.6136760e+00
   4.9031626e+01   6.4000000e+01   2.6136760e+00
   4.9041626e+01   6.4000000e+01   2.6136760e+00
   4.9051626e+01   6.4000000e+01   2.6136760e+00
   4.9061626e+01   6.4000000e+01   2.6136760e+00
   4.9071626e+01   6.4000000e+01   2.6136760e+00
   4.9081626e+01   6.4000000e+01   2.6136760e+00
   4.9091626e+01   6.4000000e+01   2.6136760e+00
   4.9101626e+01   6.4000000e+01   2.6136760e+00
   4.9111626e+01   6.4000000e+01   2.6136760e+00
   4.9121626e+01   6.4000000e+01   2.6136760e+00
   4.9131626e+01   6.4000000e+01   2.6136760e+00
   4.9141626e+01   6.4000000e+01   2.6136760e+00
   4.9151626e+01   6.4000000e+01   2.6136760e+00
   4.9161626e+01   6.4000000e+01   2.6136760e+00
   4.9171626e+01   6.4000000e+01   2.6136760e+00
   4.9181626e+01   6.4000000e+01   2.6136760e+00
   4.9191626e+01   6.4000000e+01   2.6136760e+00
   4.9201626e+01   6.4000000e+01   2.6136760e+00
   4.9211626e+01   6.4000000e+01   2.6136760e+00
   4.9221626e+01   6.4000000e+01   2.6136760e+00
   4.9231626e+01   6.4000000e+01   2.6136760e+00
   4.9241626e+01   6.4000000e+01   2.6136760e+00
   4.9251626e+01   6.4000000e+01   2.6136760e+00
   4.9261626e+01   6.4000000e+01   2.6136760e+00
   4.9271626e+01   6.4000000e+01   2.6136760e+00
   4.9281626e+01   6.4000000e+01   2.6136760e+00
   4.9291626e+01   6.4000000e+01   2.6136760e+00
   4.9301626e+01   6.4000000e+01   2.6136760e+00
   4.9311626e+01   6.4000000e+01   2.6136760e+00
   4.9321626e+01   6.4000000e+01   2.6136760e+00
   4.9331626e+01   6.4000000e+01   2.6136760e+00
   4.9341626e+01   6.4000000e+01   2.6136760e+00
   4.9351626e+01   6.4000000e+01   2.6136760e+00
   4.9361626e+01   6.4000000e+01   2.6136760e+00
   4.9371626e+01   6.4000000e+01   2.6136760e+00
   4.9381626e+01   6.4000000e+01   2.6136760e+00
   4.9391626e+01   6.4000000e+01   2.6136760e+00
   4.9401626e+01   6.4000000e+01   2.6136760e+00
   4.9411626e+01   6.4000000e+01   2.6136760e+00
   4.9421626e+01   6.4000000e+01   2.6136760e+00
   4.9431626e+01   6.4000000e+01   2.6136760e+00
   4.9441626e+01   6.4000000e+01   2.6136760e+00
   4.9451626e+01   6.4000000e+01   2.6136760e+00
   4.9461626e+01   6.4000000e+01   2.6136760e+00
   4.9471626e+01   6.4000000e+01   2.6136760e+00
   4.9481626e+01   6.4000000e+01   2.6136760e+00
   4.9491626e+01   6.4000000e+01   2.6136760e+00
   4.9501626e+01   6.4000000e+01   2.6136760e+00
   4.9511626e+01   6.4000000e+01   2.6136760e+00
   4.9521626e+01   6.4000000e+01   2.6136760e+00
   4.9531626e+01   6.4000000e+01   2.6136760e+00
   4.9541626e+01   6.4000000e+01   2.6136760e+00
   4.9551626e+01   6.4000000e+01   2.6136760e+00
   4.9561626e+01   6.4000000e+01   2.6136760e+00
   4.9571626e+01   6.4000000e+01   2.6136760e+00
   4.9575351e+01   6.4000000e+01   2.6136760e+00
   4.9575351e+01   6.5000000e+01   2.5402994e+00
   4.9575351e+01   6.5000000e+01   2.5402994e+00
   4.9585351e+01   6.5000000e+01   2.5402994e+00
   4.9595351e+01   6.5000000e+01   2.5402994e+00
   4.9605351e+01   6.5000000e+01   2.5402994e+00
   4.9615351e+01   6.5000000e+01   2.5402994e+00
   4.9625351e+01   6.5000000e+01   2.5402994e+00
   4.9635351e+01   6.5000000e+01   2.5402994e+00
   4.9645351e+01   6.5000000e+01   2.5402994e+00
   4.9655351e+01   6.5000000e+01   2.5402994e+00
   4.9665351e+01   6.5000000e+01   2.5402994e+00
   4.9675351e+01   6.5000000e+01   2.5402994e+00
   4.9685351e+01   6.5000000e+01   2.5402994e+00
   4.9695351e+01   6.5000000e+01   2.5402994e+00
   4.9705351e+01   6.5000000e+01   2.5402994e+00
   4.9715351e+01   6.5000000e+01   2.5402994e+00
   4.9725351e+01   6.5000000e+01   2.5402994e+00
   4.9735351e+01   6.5000000e+01   2.5402994e+00
   4.9745351e+01   6.5000000e+01   2.5402994e+00
   4.9755351e+01   6.5000000e+01   2.5402994e+00
   4.9765351e+01   6.5000000e+01   2.5402994e+00
   4.9775351e+01   6.5000000e+01   2.5402994e+00
   4.9785351e+01   6.5000000e+01   2.5402994e+00
   4.9795351e+01   6.5000000e+01   2.5402994e+00
   4.9805351e+01   6.5000000e+01   2.5402994e+00
   4.9815351e+01   6.5000000e+01   2.5402994e+00
   4.9825351e+01   6.5000000e+01   2.5402994e+00
   4.9835351e+01   6.5000000e+01   2.5402994e+00
   4.9845351e+01   6.5000000e+01   2.5402994e+00
   4.9855351e+01   6.5000000e+01   2.5402994e+00
   4.9865351e+01   6.5000000e+01   2.5402994e+00
   4.9875351e+01   6.5000000e+01   2.5402994e+00
   4.9885351e+01   6.5000000e+01   2.5402994e+00
   4.9895351e+01   6.5000000e+01   2.5402994e+00
   4.9905351e+01   6.5000000e+01   2.5402994e+00
   4.9915351e+01   6.5000000e+01   2.5402994e+00
   4.9925351e+01   6.5000000e+01   2.5402994e+00
   4.9935351e+01   6.5000000e+01   2.5402994e+00
   4.9945351e+01   6.5000000e+01   2.5402994e+00
   4.9955351e+01   6.5000000e+01   2.5402994e+00
   4.9965351e+01   6.5000000e+01   2.5402994e+00
   4.9975351e+01   6.5000000e+01   2.5402994e+00
   4.9985351e+01   6.5000000e+01   2.5402994e+00
   4.9995351e+01   6.5000000e+01   2.5402994e+00
   5.0005351e+01   6.5000000e+01   2.5402994e+00
   5.0015351e+01   6.5000000e+01   2.5402994e+00
   5.0025351e+01   6.5000000e+01   2.5402994e+00
   5.0035351e+01   6.5000000e+01   2.5402994e+00
   5.0045351e+01   6.5000000e+01   2.5402994e+00
   5.0055351e+01   6.5000000e+01   2.5402994e+00
   5.0065351e+01   6.5000000e+01   2.5402994e+00
   5.0075351e+01   6.5000000e+01   2.5402994e+00
   5.0085351e+01   6.5000000e+01   2.5402994e+00
   5.0095351e+01   6.5000000e+01   2.5402994e+00
   5.0105351e+01   6.5000000e+01   2.5402994e+00
   5.0115351e+01   6.5000000e+01   2.5402994e+00
   5.0125351e+01   6.5000000e+01   2.5402994e+00
   5.0135351e+01   6.5000000e+01   2.5402994e+00
   5.0145351e+01   6.5000000e+01   2.5402994e+00
   5.0155351e+01   6.5000000e+01   2.5402994e+00
   5.0165351e+01   6.5000000e+01   2.5402994e+00
   5.0175351e+01   6.5000000e+01   2.5402994e+00
   5.0185351e+01   6.5000000e+01   2.5402994e+00
   5.0195351e+01   6.5000000e+01   2.5402994e+00
   5.0205351e+01   6.5000000e+01   2.5402994e+00
   5.0215351e+01   6.5000000e+01   2.5402994e+00
   5.0225351e+01   6.5000000e+01   2.5402994e+00
   5.0235351e+01   6.5000000e+01   2.5402994e+00
   5.0245351e+01   6.5000000e+01   2.5402994e+00
   5.0255351e+01   6.5000000e+01   2.5402994e+00
   5.0265351e+01   6.5000000e+01   2.5402994e+00
   5.0275351e+01   6.5000000e+01   2.5402994e+00
   5.0285351e+01   6.5000000e+01   2.5402994e+00
   5.0295351e+01   6.5000000e+01   2.5402994e+00
   5.0305351e+01   6.5000000e+01   2.5402994e+00
   5.0315351e+01   6.5000000e+01   2.5402994e+00
   5.0325351e+01   6.5000000e+01   2.5402994e+00
   5.0335351e+01   6.5000000e+01   2.5402994e+00
   5.0345351e+01   6.5000000e+01   2.5402994e+00
   5.0355351e+01   6.5000000e+01   2.5402994e+00
   5.0365351e+01   6.5000000e+01   2.5402994e+00
   5.0375351e+01   6.5000000e+01   2.5402994e+00
   5.0385351e+01   6.5000000e+01   2.5402994e+00
   5.0395351e+01   6.5000000e+01   2.5402994e+00
   5.0405351e+01   6.5000000e+01   2.5402994e+00
   5.0415351e+01   6.5000000e+01   2.5402994e+00
   5.0425351e+01   6.5000000e+01   2.5402994e+00
   5.0435351e+01   6.5000000e+01   2.5402994e+00
   5.0445351e+01   6.5000000e+01   2.5402994e+00
   5.0455351e+01   6.5000000e+01   2.5402994e+00
   5.0465351e+01   6.5000000e+01   2.5402994e+00
   5.0475351e+01   6.5000000e+01   2.5402994e+00
   5.0485351e+01   6.5000000e+01   2.5402994e+00
   5.0495351e+01   6.5000000e+01   2.5402994e+00
   5.0505351e+01   6.5000000e+01   2.5402994e+00
   5.0515351e+01   6.5000000e+01   2.5402994e+00
   5.0525351e+01   6.5000000e+01   2.5402994e+00
   5.0535351e+01   6.5000000e+01   2.5402994e+00
   5.0545351e+01   6.5000000e+01   2.5402994e+00
   5.0555351e+01   6.5000000e+01   2.5402994e+00
   5.0565351e+01   6.5000000e+01   2.5402994e+00
   5.0575351e+01   6.5000000e+01   2.5402994e+00
   5.0585351e+01   6.5000000e+01   2.5402994e+00
   5.0595351e+01   6.5000000e+01   2.5402994e+00
   5.0605351e+01   6.5000000e+01   2.5402994e+00
   5.0615351e+01   6.5000000e+01   2.5402994e+00
   5.0625351e+01   6.5000000e+01   2.5402994e+00
   5.0635351e+01   6.5000000e+01   2.5402994e+00
   5.0645351e+01   6.5000000e+01   2.5402994e+00
   5.0655351e+01   6.5000000e+01   2.5402994e+00
   5.0665351e+01   6.5000000e+01   2.5402994e+00
   5.0675351e+01   6.5000000e+01   2.5402994e+00
   5.0685351e+01   6.5000000e+01   2.5402994e+00
   5.0695351e+01   6.5000000e+01   2.5402994e+00
   5.0705351e+01   6.5000000e+01   2.5402994e+00
   5.0715351e+01   6.5000000e+01   2.5402994e+00
   5.0725351e+01   6.5000000e+01   2.5402994e+00
   5.0735351e+01   6.5000000e+01   2.5402994e+00
   5.0745351e+01   6.5000000e+01   2.5402994e+00
   5.0755351e+01   6.5000000e+01   2.5402994e+00
   5.0765351e+01   6.5000000e+01   2.5402994e+00
   5.0775351e+01   6.5000000e+01   2.5402994e+00
   5.0785351e+01   6.5000000e+01   2.5402994e+00
   5.0795351e+01   6.5000000e+01   2.5402994e+00
   5.0805351e+01   6.5000000e+01   2.5402994e+00
   5.0815351e+01   6.5000000e+01   2.5402994e+00
   5.0825351e+01   6.5000000e+01   2.5402994e+00
   5.0835351e+01   6.5000000e+01   2.5402994e+00
   5.0845351e+01   6.5000000e+01   2.5402994e+00
   5.0848330e+01   6.5000000e+01   2.5402994e+00
   5.0848330e+01   6.6000000e+01   2.4644543e+00
   5.0848330e+01   6.6000000e+01   2.4644543e+00
   5.0858330e+01   6.6000000e+01   2.4644543e+00
   5.0868330e+01   6.6000000e+01   2.4644543e+00
   5.0878330e+01   6.6000000e+01   2.4644543e+00
   5.0888330e+01   6.6000000e+01   2.4644543e+00
   5.0898330e+01   6.6000000e+01   2.4644543e+00
   5.0908330e+01   6.6000000e+01   2.4644543e+00
   5.0918330e+01   6.6000000e+01   2.4644543e+00
   5.0928330e+01   6.6000000e+01   2.4644543e+00
   5.0938330e+01   6.6000000e+01   2.4644543e+00
   5.0948330e+01   6.6000000e+01   2.4644543e+00
   5.0958330e+01   6.6000000e+01   2.4644543e+00
   5.0968330e+01   6.6000000e+01   2.4644543e+00
   5.0978330e+01   6.6000000e+01   2.4644543e+00
   5.0988330e+01   6.6000000e+01   2.4644543e+00
   5.0998330e+01   6.6000000e+01   2.4644543e+00
   5.1008330e+01   6.6000000e+01   2.4644543e+00
   5.1018330e+01   6.6000000e+01   2.4644543e+00
   5.1028330e+01   6.6000000e+01   2.4644543e+00
   5.1038330e+01   6.6000000e+01   2.4644543e+00
   5.1048330e+01   6.6000000e+01   2.4644543e+00
   5.1058330e+01   6.6000000e+01   2.4644543e+00
   5.1068330e+01   6.6000000e+01   2.4644543e+00
   5.1078330e+01   6.6000000e+01   2.4644543e+00
   5.1088330e+01   6.6000000e+01   2.4644543e+00
   5.1098330e+01   6.6000000e+01   2.4644543e+00
   5.1108330e+01   6.6000000e+01   2.4644543e+00
   5.1118330e+01   6.6000000e+01   2.4644543e+00
   5.1128330e+01   6.6000000e+01   2.4644543e+00
   5.1138330e+01   6.6000000e+01   2.4644543e+00
   5.1148330e+01   6.6000000e+01   2.4644543e+00
   5.1158330e+01   6.6000000e+01   2.4644543e+00
   5.1168330e+01   6.6000000e+01   2.4644543e+00
   5.1178330e+01   6.6000000e+01   2.4644543e+00
   5.1188330e+01   6.6000000e+01   2.4644543e+00
   5.1198330e+01   6.6000000e+01   2.4644543e+00
   5.1208330e+01   6.6000000e+01   2.4644543e+00
   5.1218330e+01   6.6000000e+01   2.4644543e+00
   5.1228330e+01   6.6000000e+01   2.4644543e+00
   5.1238330e+01   6.6000000e+01   2.4644543e+00
   5.1248330e+01   6.6000000e+01   2.4644543e+00
   5.1258330e+01   6.6000000e+01   2.4644543e+00
   5.1268330e+01   6.6000000e+01   2.4644543e+00
   5.1278330e+01   6.6000000e+01   2.4644543e+00
   5.1288330e+01   6.6000000e+01   2.4644543e+00
   5.1298330e+01   6.6000000e+01   2.4644543e+00
   5.1308330e+01   6.6000000e+01   2.4644543e+00
   5.1318330e+01   6.6000000e+01   2.4644543e+00
   5.1328330e+01   6.6000000e+01   2.4644543e+00
   5.1338330e+01   6.6000000e+01   2.4644543e+00
   5.1348330e+01   6.6000000e+01   2.4644543e+00
   5.1358330e+01   6.6000000e+01   2.4644543e+00
   5.1368330e+01   6.6000000e+01   2.4644543e+00
   5.1378330e+01   6.6000000e+01   2.4644543e+00
   5.1388330e+01   6.6000000e+01   2.4644543e+00
   5.1398330e+01   6.6000000e+01   2.4644543e+00
   5.1408330e+01   6.6000000e+01   2.4644543e+00
   5.1418330e+01   6.6000000e+01   2.4644543e+00
   5.1428330e+01   6.6000000e+01   2.4644543e+00
   5.1438330e+01   6.6000000e+01   2.4644543e+00
   5.1448330e+01   6.6000000e+01   2.4644543e+00
   5.1458330e+01   6.6000000e+01   2.4644543e+00
   5.1468330e+01   6.6000000e+01   2.4644543e+00
   5.1478330e+01   6.6000000e+01   2.4644543e+00
   5.1488330e+01   6.6000000e+01   2.4644543e+00
   5.1498330e+01   6.6000000e+01   2.4644543e+00
   5.1508330e+01   6.6000000e+01   2.4644543e+00
   5.1518330e+01   6.6000000e+01   2.4644543e+00
   5.1528330e+01   6.6000000e+01   2.4644543e+00
   5.1538330e+01   6.6000000e+01   2.4644543e+00
   5.1548330e+01   6.6000000e+01   2.4644543e+00
   5.1558330e+01   6.6000000e+01   2.4644543e+00
   5.1568330e+01   6.6000000e+01   2.4644543e+00
   5.1578330e+01   6.6000000e+01   2.4644543e+00
   5.1588330e+01   6.6000000e+01   2.4644543e+00
   5.1598330e+01   6.6000000e+01   2.4644543e+00
   5.1608330e+01   6.6000000e+01   2.4644543e+00
   5.1618330e+01   6.6000000e+01   2.4644543e+00
   5.1628330e+01   6.6000000e+01   2.4644543e+00
   5.1638330e+01   6.6000000e+01   2.4644543e+00
   5.1648330e+01   6.6000000e+01   2.4644543e+00
   5.1658330e+01   6.6000000e+01   2.4644543e+00
   5.1668330e+01   6.6000000e+01   2.4644543e+00
   5.1678330e+01   6.6000000e+01   2.4644543e+00
   5.1688330e+01   6.6000000e+01   2.4644543e+00
   5.1698330e+01   6.6000000e+01   2.4644543e+00
   5.1708330e+01   6.6000000e+01   2.4644543e+00
   5.1718330e+01   6.6000000e+01   2.4644543e+00
   5.1728330e+01   6.6000000e+01   2.4644543e+00
   5.1738330e+01   6.6000000e+01   2.4644543e+00
   5.1748330e+01   6.6000000e+01   2.4644543e+00
   5.1758330e+01   6.6000000e+01   2.4644543e+00
   5.1768330e+01   6.6000000e+01   2.4644543e+00
   5.1778330e+01   6.6000000e+01   2.4644543e+00
   5.1788330e+01   6.6000000e+01   2.4644543e+00
   5.1798330e+01   6.6000000e+01   2.4644543e+00
   5.1808330e+01   6.6000000e+01   2.4644543e+00
   5.1818330e+01   6.6000000e+01   2.4644543e+00
   5.1828330e+01   6.6000000e+01   2.4644543e+00
   5.1838330e+01   6.6000000e+01   2.4644543e+00
   5.1848330e+01   6.6000000e+01   2.4644543e+00
   5.1858330e+01   6.6000000e+01   2.4644543e+00
   5.1868330e+01   6.6000000e+01   2.4644543e+00
   5.1878330e+01   6.6000000e+01   2.4644543e+00
   5.1888330e+01   6.6000000e+01   2.4644543e+00
   5.1898330e+01   6.6000000e+01   2.4644543e+00
   5.1908330e+01   6.6000000e+01   2.4644543e+00
   5.1918330e+01   6.6000000e+01   2.4644543e+00
   5.1928330e+01   6.6000000e+01   2.4644543e+00
   5.1938330e+01   6.6000000e+01   2.4644543e+00
   5.1948330e+01   6.6000000e+01   2.4644543e+00
   5.1958330e+01   6.6000000e+01   2.4644543e+00
   5.1968330e+01   6.6000000e+01   2.4644543e+00
   5.1978330e+01   6.6000000e+01   2.4644543e+00
   5.1988330e+01   6.6000000e+01   2.4644543e+00
   5.1998330e+01   6.6000000e+01   2.4644543e+00
   5.2008330e+01   6.6000000e+01   2.4644543e+00
   5.2018330e+01   6.6000000e+01   2.4644543e+00
   5.2028330e+01   6.6000000e+01   2.4644543e+00
   5.2038330e+01   6.6000000e+01   2.4644543e+00
   5.2048330e+01   6.6000000e+01   2.4644543e+00
   5.2058330e+01   6.6000000e+01   2.4644543e+00
   5.2068330e+01   6.6000000e+01   2.4644543e+00
   5.2078330e+01   6.6000000e+01   2.4644543e+00
   5.2088330e+01   6.6000000e+01   2.4644543e+00
   5.2098330e+01   6.6000000e+01   2.4644543e+00
   5.2108330e+01   6.6000000e+01   2.4644543e+00
   5.2118330e+01   6.6000000e+01   2.4644543e+00
   5.2128330e+01   6.6000000e+01   2.4644543e+00
   5.2130237e+01   6.6000000e+01   2.4644543e+00
   5.2130237e+01   6.7000000e+01   2.3861569e+00
   5.2130237e+01   6.7000000e+01   2.3861569e+00
   5.2140237e+01   6.7000000e+01   2.3861569e+00
   5.2150237e+01   6.7000000e+01   2.3861569e+00
   5.2160237e+01   6.7000000e+01   2.3861569e+00
   5.2170237e+01   6.7000000e+01   2.3861569e+00
   5.2180237e+01   6.7000000e+01   2.3861569e+00
   5.2190237e+01   6.7000000e+01   2.3861569e+00
   5.2200237e+01   6.7000000e+01   2.3861569e+00
   5.2210237e+01   6.7000000e+01   2.3861569e+00
   5.2220237e+01   6.7000000e+01   2.3861569e+00
   5.2230237e+01   6.7000000e+01   2.3861569e+00
   5.2240237e+01   6.7000000e+01   2.3861569e+00
   5.2250237e+01   6.7000000e+01   2.3861569e+00
   5.2260237e+01   6.7000000e+01   2.3861569e+00
   5.2270237e+01   6.7000000e+01   2.3861569e+00
   5.2280237e+01   6.7000000e+01   2.3861569e+00
   5.2290237e+01   6.7000000e+01   2.3861569e+00
   5.2300237e+01   6.7000000e+01   2.3861569e+00
   5.2310237e+01   6.7000000e+01   2.3861569e+00
   5.2320237e+01   6.7000000e+01   2.3861569e+00
   5.2330237e+01   6.7000000e+01   2.3861569e+00
   5.2340237e+01   6.7000000e+01   2.3861569e+00
   5.2350237e+01   6.7000000e+01   2.3861569e+00
   5.2360237e+01   6.7000000e+01   2.3861569e+00
   5.2370237e+01   6.7000000e+01   2.3861569e+00
   5.2380237e+01   6.7000000e+01   2.3861569e+00
   5.2390237e+01   6.7000000e+01   2.3861569e+00
   5.2400237e+01   6.7000000e+01   2.3861569e+00
   5.2410237e+01   6.7000000e+01   2.3861569e+00
   5.2420237e+01   6.7000000e+01   2.3861569e+00
   5.2430237e+01   6.7000000e+01   2.3861569e+00
   5.2440237e+01   6.7000000e+01   2.3861569e+00
   5.2450237e+01   6.7000000e+01   2.3861569e+00
   5.2460237e+01   6.7000000e+01   2.3861569e+00
   5.2470237e+01   6.7000000e+01   2.3861569e+00
   5.2480237e+01   6.7000000e+01   2.3861569e+00
   5.2490237e+01   6.7000000e+01   2.3861569e+00
   5.2500237e+01   6.7000000e+01   2.3861569e+00
   5.2510237e+01   6.7000000e+01   2.3861569e+00
   5.2520237e+01   6.7000000e+01   2.3861569e+00
   5.2530237e+01   6.7000000e+01   2.3861569e+00
   5.2540237e+01   6.7000000e+01   2.3861569e+00
   5.2550237e+01   6.7000000e+01   2.3861569e+00
   5.2560237e+01   6.7000000e+01   2.3861569e+00
   5.2570237e+01   6.7000000e+01   2.3861569e+00
   5.2580237e+01   6.7000000e+01   2.3861569e+00
   5.2590237e+01   6.7000000e+01   2.3861569e+00
   5.2600237e+01   6.7000000e+01   2.3861569e+00
   5.2610237e+01   6.7000000e+01   2.3861569e+00
   5.2620237e+01   6.7000000e+01   2.3861569e+00
   5.2630237e+01   6.7000000e+01   2.3861569e+00
   5.2640237e+01   6.7000000e+01   2.3861569e+00
   5.2650237e+01   6.7000000e+01   2.3861569e+00
   5.2660237e+01   6.7000000e+01   2.3861569e+00
   5.2670237e+01   6.7000000e+01   2.3861569e+00
   5.2680237e+01   6.7000000e+01   2.3861569e+00
   5.2690237e+01   6.7000000e+01   2.3861569e+00
   5.2700237e+01   6.7000000e+01   2.3861569e+00
   5.2710237e+01   6.7000000e+01   2.3861569e+00
   5.2720237e+01   6.7000000e+01   2.3861569e+00
   5.2730237e+01   6.7000000e+01   2.3861569e+00
   5.2740237e+01   6.7000000e+01   2.3861569e+00
   5.2750237e+01   6.7000000e+01   2.3861569e+00
   5.2760237e+01   6.7000000e+01   2.3861569e+00
   5.2770237e+01   6.7000000e+01   2.3861569e+00
   5.2780237e+01   6.7000000e+01   2.3861569e+00
   5.2790237e+01   6.7000000e+01   2.3861569e+00
   5.2800237e+01   6.7000000e+01   2.3861569e+00
   5.2810237e+01   6.7000000e+01   2.3861569e+00
   5.2820237e+01   6.7000000e+01   2.3861569e+00
   5.2830237e+01   6.7000000e+01   2.3861569e+00
   5.2840237e+01   6.7000000e+01   2.3861569e+00
   5.2850237e+01   6.7000000e+01   2.3861569e+00
   5.2860237e+01   6.7000000e+01   2.3861569e+00
   5.2870237e+01   6.7000000e+01   2.3861569e+00
   5.2880237e+01   6.7000000e+01   2.3861569e+00
   5.2890237e+01   6.7000000e+01   2.3861569e+00
   5.2900237e+01   6.7000000e+01   2.3861569e+00
   5.2910237e+01   6.7000000e+01   2.3861569e+00
   5.2920237e+01   6.7000000e+01   2.3861569e+00
   5.2930237e+01   6.7000000e+01   2.3861569e+00
   5.2940237e+01   6.7000000e+01   2.3861569e+00
   5.2950237e+01   6.7000000e+01   2.3861569e+00
   5.2960237e+01   6.7000000e+01   2.3861569e+00
   5.2970237e+01   6.7000000e+01   2.3861569e+00
   5.2980237e+01   6.7000000e+01   2.3861569e+00
   5.2990237e+01   6.7000000e+01   2.3861569e+00
   5.3000237e+01   6.7000000e+01   2.3861569e+00
   5.3010237e+01   6.7000000e+01   2.3861569e+00
   5.3020237e+01   6.7000000e+01   2.3861569e+00
   5.3030237e+01   6.7000000e+01   2.3861569e+00
   5.3040237e+01   6.7000000e+01   2.3861569e+00
   5.3050237e+01   6.7000000e+01   2.3861569e+00
   5.3060237e+01   6.7000000e+01   2.3861569e+00
   5.3070237e+01   6.7000000e+01   2.3861569e+00
   5.3080237e+01   6.7000000e+01   2.3861569e+00
   5.3090237e+01   6.7000000e+01   2.3861569e+00
   5.3100237e+01   6.7000000e+01   2.3861569e+00
   5.3110237e+01   6.7000000e+01   2.3861569e+00
   5.3120237e+01   6.7000000e+01   2.3861569e+00
   5.3130237e+01   6.7000000e+01   2.3861569e+00
   5.3140237e+01   6.7000000e+01   2.3861569e+00
   5.3150237e+01   6.7000000e+01   2.3861569e+00
   5.3160237e+01   6.7000000e+01   2.3861569e+00
   5.3170237e+01   6.7000000e+01   2.3861569e+00
   5.3180237e+01   6.7000000e+01   2.3861569e+00
   5.3190237e+01   6.7000000e+01   2.3861569e+00
   5.3200237e+01   6.7000000e+01   2.3861569e+00
   5.3210237e+01   6.7000000e+01   2.3861569e+00
   5.3220237e+01   6.7000000e+01   2.3861569e+00
   5.3230237e+01   6.7000000e+01   2.3861569e+00
   5.3240237e+01   6.7000000e+01   2.3861569e+00
   5.3250237e+01   6.7000000e+01   2.3861569e+00
   5.3260237e+01   6.7000000e+01   2.3861569e+00
   5.3270237e+01   6.7000000e+01   2.3861569e+00
   5.3280237e+01   6.7000000e+01   2.3861569e+00
   5.3290237e+01   6.7000000e+01   2.3861569e+00
   5.3300237e+01   6.7000000e+01   2.3861569e+00
   5.3310237e+01   6.7000000e+01   2.3861569e+00
   5.3320237e+01   6.7000000e+01   2.3861569e+00
   5.3330237e+01   6.7000000e+01   2.3861569e+00
   5.3340237e+01   6.7000000e+01   2.3861569e+00
   5.3350237e+01   6.7000000e+01   2.3861569e+00
   5.3360237e+01   6.7000000e+01   2.3861569e+00
   5.3370237e+01   6.7000000e+01   2.3861569e+00
   5.3380237e+01   6.7000000e+01   2.3861569e+00
   5.3390237e+01   6.7000000e+01   2.3861569e+00
   5.3400237e+01   6.7000000e+01   2.3861569e+00
   5.3410237e+01   6.7000000e+01   2.3861569e+00
   5.3420237e+01   6.7000000e+01   2.3861569e+00
   5.3420741e+01   6.7000000e+01   2.3861569e+00
   5.3420741e+01   6.8000000e+01   2.3054252e+00
   5.3420741e+01   6.8000000e+01   2.3054252e+00
   5.3430741e+01   6.8000000e+01   2.3054252e+00
   5.3440741e+01   6.8000000e+01   2.3054252e+00
   5.3450741e+01   6.8000000e+01   2.3054252e+00
   5.3460741e+01   6.8000000e+01   2.3054252e+00
   5.3470741e+01   6.8000000e+01   2.3054252e+00
   5.3480741e+01   6.8000000e+01   2.3054252e+00
   5.3490741e+01   6.8000000e+01   2.3054252e+00
   5.3500741e+01   6.8000000e+01   2.3054252e+00
   5.3510741e+01   6.8000000e+01   2.3054252e+00
   5.3520741e+01   6.8000000e+01   2.3054252e+00
   5.3530741e+01   6.8000000e+01   2.3054252e+00
   5.3540741e+01   6.8000000e+01   2.3054252e+00
   5.3550741e+01   6.8000000e+01   2.3054252e+00
   5.3560741e+01   6.8000000e+01   2.3054252e+00
   5.3570741e+01   6.8000000e+01   2.3054252e+00
   5.3580741e+01   6.8000000e+01   2.3054252e+00
   5.3590741e+01   6.8000000e+01   2.3054252e+00
   5.3600741e+01   6.8000000e+01   2.3054252e+00
   5.3610741e+01   6.8000000e+01   2.3054252e+00
   5.3620741e+01   6.8000000e+01   2.3054252e+00
   5.3630741e+01   6.8000000e+01   2.3054252e+00
   5.3640741e+01   6.8000000e+01   2.3054252e+00
   5.3650741e+01   6.8000000e+01   2.3054252e+00
   5.3660741e+01   6.8000000e+01   2.3054252e+00
   5.3670741e+01   6.8000000e+01   2.3054252e+00
   5.3680741e+01   6.8000000e+01   2.3054252e+00
   5.3690741e+01   6.8000000e+01   2.3054252e+00
   5.3700741e+01   6.8000000e+01   2.3054252e+00
   5.3710741e+01   6.8000000e+01   2.3054252e+00
   5.3720741e+01   6.8000000e+01   2.3054252e+00
   5.3730741e+01   6.8000000e+01   2.3054252e+00
   5.3740741e+01   6.8000000e+01   2.3054252e+00
   5.3750741e+01   6.8000000e+01   2.3054252e+00
   5.3760741e+01   6.8000000e+01   2.3054252e+00
   5.3770741e+01   6.8000000e+01   2.3054252e+00
   5.3780741e+01   6.8000000e+01   2.3054252e+00
   5.3790741e+01   6.8000000e+01   2.3054252e+00
   5.3800741e+01   6.8000000e+01   2.3054252e+00
   5.3810741e+01   6.8000000e+01   2.3054252e+00
   5.3820741e+01   6.8000000e+01   2.3054252e+00
   5.3830741e+01   6.8000000e+01   2.3054252e+00
   5.3840741e+01   6.8000000e+01   2.3054252e+00
   5.3850741e+01   6.8000000e+01   2.3054252e+00
   5.3860741e+01   6.8000000e+01   2.3054252e+00
   5.3870741e+01   6.8000000e+01   2.3054252e+00
   5.3880741e+01   6.8000000e+01   2.3054252e+00
   5.3890741e+01   6.8000000e+01   2.3054252e+00
   5.3900741e+01   6.8000000e+01   2.3054252e+00
   5.3910741e+01   6.8000000e+01   2.3054252e+00
   5.3920741e+01   6.8000000e+01   2.3054252e+00
   5.3930741e+01   6.8000000e+01   2.3054252e+00
   5.3940741e+01   6.8000000e+01   2.3054252e+00
   5.3950741e+01   6.8000000e+01   2.3054252e+00
   5.3960741e+01   6.8000000e+01   2.3054252e+00
   5.3970741e+01   6.8000000e+01   2.3054252e+00
   5.3980741e+01   6.8000000e+01   2.3054252e+00
   5.3990741e+01   6.8000000e+01   2.3054252e+00
   5.4000741e+01   6.8000000e+01   2.3054252e+00
   5.4010741e+01   6.8000000e+01   2.3054252e+00
   5.4020741e+01   6.8000000e+01   2.3054252e+00
   5.4030741e+01   6.8000000e+01   2.3054252e+00
   5.4040741e+01   6.8000000e+01   2.3054252e+00
   5.4050741e+01   6.8000000e+01   2.3054252e+00
   5.4060741e+01   6.8000000e+01   2.3054252e+00
   5.4070741e+01   6.8000000e+01   2.3054252e+00
   5.4080741e+01   6.8000000e+01   2.3054252e+00
   5.4090741e+01   6.8000000e+01   2.3054252e+00
   5.4100741e+01   6.8000000e+01   2.3054252e+00
   5.4110741e+01   6.8000000e+01   2.3054252e+00
   5.4120741e+01   6.8000000e+01   2.3054252e+00
   5.4130741e+01   6.8000000e+01   2.3054252e+00
   5.4140741e+01   6.8000000e+01   2.3054252e+00
   5.4150741e+01   6.8000000e+01   2.3054252e+00
   5.4160741e+01   6.8000000e+01   2.3054252e+00
   5.4170741e+01   6.8000000e+01   2.3054252e+00
   5.4180741e+01   6.8000000e+01   2.3054252e+00
   5.4190741e+01   6.8000000e+01   2.3054252e+00
   5.4200741e+01   6.8000000e+01   2.3054252e+00
   5.4210741e+01   6.8000000e+01   2.3054252e+00
   5.4220741e+01   6.8000000e+01   2.3054252e+00
   5.4230741e+01   6.8000000e+01   2.3054252e+00
   5.4240741e+01   6.8000000e+01   2.3054252e+00
   5.4250741e+01   6.8000000e+01   2.3054252e+00
   5.4260741e+01   6.8000000e+01   2.3054252e+00
   5.4270741e+01   6.8000000e+01   2.3054252e+00
   5.4280741e+01   6.8000000e+01   2.3054252e+00
   5.4290741e+01   6.8000000e+01   2.3054252e+00
   5.4300741e+01   6.8000000e+01   2.3054252e+00
   5.4310741e+01   6.8000000e+01   2.3054252e+00
   5.4320741e+01   6.8000000e+01   2.3054252e+00
   5.4330741e+01   6.8000000e+01   2.3054252e+00
   5.4340741e+01   6.8000000e+01   2.3054252e+00
   5.4350741e+01   6.8000000e+01   2.3054252e+00
   5.4360741e+01   6.8000000e+01   2.3054252e+00
   5.4370741e+01   6.8000000e+01   2.3054252e+00
   5.4380741e+01   6.8000000e+01   2.3054252e+00
   5.4390741e+01   6.8000000e+01   2.3054252e+00
   5.4400741e+01   6.8000000e+01   2.3054252e+00
   5.4410741e+01   6.8000000e+01   2.3054252e+00
   5.4420741e+01   6.8000000e+01   2.3054252e+00
   5.4430741e+01   6.8000000e+01   2.3054252e+00
   5.4440741e+01   6.8000000e+01   2.3054252e+00
   5.4450741e+01   6.8000000e+01   2.3054252e+00
   5.4460741e+01   6.8000000e+01   2.3054252e+00
   5.4470741e+01   6.8000000e+01   2.3054252e+00
   5.4480741e+01   6.8000000e+01   2.3054252e+00
   5.4490741e+01   6.8000000e+01   2.3054252e+00
   5.4500741e+01   6.8000000e+01   2.3054252e+00
   5.4510741e+01   6.8000000e+01   2.3054252e+00
   5.4520741e+01   6.8000000e+01   2.3054252e+00
   5.4530741e+01   6.8000000e+01   2.3054252e+00
   5.4540741e+01   6.8000000e+01   2.3054252e+00
   5.4550741e+01   6.8000000e+01   2.3054252e+00
   5.4560741e+01   6.8000000e+01   2.3054252e+00
   5.4570741e+01   6.8000000e+01   2.3054252e+00
   5.4580741e+01   6.8000000e+01   2.3054252e+00
   5.4590741e+01   6.8000000e+01   2.3054252e+00
   5.4600741e+01   6.8000000e+01   2.3054252e+00
   5.4610741e+01   6.8000000e+01   2.3054252e+00
   5.4620741e+01   6.8000000e+01   2.3054252e+00
   5.4630741e+01   6.8000000e+01   2.3054252e+00
   5.4640741e+01   6.8000000e+01   2.3054252e+00
   5.4650741e+01   6.8000000e+01   2.3054252e+00
   5.4660741e+01   6.8000000e+01   2.3054252e+00
   5.4670741e+01   6.8000000e+01   2.3054252e+00
   5.4680741e+01   6.8000000e+01   2.3054252e+00
   5.4690741e+01   6.8000000e+01   2.3054252e+00
   5.4700741e+01   6.8000000e+01   2.3054252e+00
   5.4710741e+01   6.8000000e+01   2.3054252e+00
   5.4719508e+01   6.8000000e+01   2.3054252e+00
   5.4719508e+01   6.9000000e+01   2.2222788e+00
   5.4719508e+01   6.9000000e+01   2.2222788e+00
   5.4729508e+01   6.9000000e+01   2.2222788e+00
   5.4739508e+01   6.9000000e+01   2.2222788e+00
   5.4749508e+01   6.9000000e+01   2.2222788e+00
   5.4759508e+01   6.9000000e+01   2.2222788e+00
   5.4769508e+01   6.9000000e+01   2.2222788e+00
   5.4779508e+01   6.9000000e+01   2.2222788e+00
   5.4789508e+01   6.9000000e+01   2.2222788e+00
   5.4799508e+01   6.9000000e+01   2.2222788e+00
   5.4809508e+01   6.9000000e+01   2.2222788e+00
   5.4819508e+01   6.9000000e+01   2.2222788e+00
   5.4829508e+01   6.9000000e+01   2.2222788e+00
   5.4839508e+01   6.9000000e+01   2.2222788e+00
   5.4849508e+01   6.9000000e+01   2.2222788e+00
   5.4859508e+01   6.9000000e+01   2.2222788e+00
   5.4869508e+01   6.9000000e+01   2.2222788e+00
   5.4879508e+01   6.9000000e+01   2.2222788e+00
   5.4889508e+01   6.9000000e+01   2.2222788e+00
   5.4899508e+01   6.9000000e+01   2.2222788e+00
   5.4909508e+01   6.9000000e+01   2.2222788e+00
   5.4919508e+01   6.9000000e+01   2.2222788e+00
   5.4929508e+01   6.9000000e+01   2.2222788e+00
   5.4939508e+01   6.9000000e+01   2.2222788e+00
   5.4949508e+01   6.9000000e+01   2.2222788e+00
   5.4959508e+01   6.9000000e+01   2.2222788e+00
   5.4969508e+01   6.9000000e+01   2.2222788e+00
   5.4979508e+01   6.9000000e+01   2.2222788e+00
   5.4989508e+01   6.9000000e+01   2.2222788e+00
   5.4999508e+01   6.9000000e+01   2.2222788e+00
   5.5009508e+01   6.9000000e+01   2.2222788e+00
   5.5019508e+01   6.9000000e+01   2.2222788e+00
   5.5029508e+01   6.9000000e+01   2.2222788e+00
   5.5039508e+01   6.9000000e+01   2.2222788e+00
   5.5049508e+01   6.9000000e+01   2.2222788e+00
   5.5059508e+01   6.9000000e+01   2.2222788e+00
   5.5069508e+01   6.9000000e+01   2.2222788e+00
   5.5079508e+01   6.9000000e+01   2.2222788e+00
   5.5089508e+01   6.9000000e+01   2.2222788e+00
   5.5099508e+01   6.9000000e+01   2.2222788e+00
   5.5109508e+01   6.9000000e+01   2.2222788e+00
   5.5119508e+01   6.9000000e+01   2.2222788e+00
   5.5129508e+01   6.9000000e+01   2.2222788e+00
   5.5139508e+01   6.9000000e+01   2.2222788e+00
   5.5149508e+01   6.9000000e+01   2.2222788e+00
   5.5159508e+01   6.9000000e+01   2.2222788e+00
   5.5169508e+01   6.9000000e+01   2.2222788e+00
   5.5179508e+01   6.9000000e+01   2.2222788e+00
   5.5189508e+01   6.9000000e+01   2.2222788e+00
   5.5199508e+01   6.9000000e+01   2.2222788e+00
   5.5209508e+01   6.9000000e+01   2.2222788e+00
   5.5219508e+01   6.9000000e+01   2.2222788e+00
   5.5229508e+01   6.9000000e+01   2.2222788e+00
   5.5239508e+01   6.9000000e+01   2.2222788e+00
   5.5249508e+01   6.9000000e+01   2.2222788e+00
   5.5259508e+01   6.9000000e+01   2.2222788e+00
   5.5269508e+01   6.9000000e+01   2.2222788e+00
   5.5279508e+01   6.9000000e+01   2.2222788e+00
   5.5289508e+01   6.9000000e+01   2.2222788e+00
   5.5299508e+01   6.9000000e+01   2.2222788e+00
   5.5309508e+01   6.9000000e+01   2.2222788e+00
   5.5319508e+01   6.9000000e+01   2.2222788e+00
   5.5329508e+01   6.9000000e+01   2.2222788e+00
   5.5339508e+01   6.9000000e+01   2.2222788e+00
   5.5349508e+01   6.9000000e+01   2.2222788e+00
   5.5359508e+01   6.9000000e+01   2.2222788e+00
   5.5369508e+01   6.9000000e+01   2.2222788e+00
   5.5379508e+01   6.9000000e+01   2.2222788e+00
   5.5389508e+01   6.9000000e+01   2.2222788e+00
   5.5399508e+01   6.9000000e+01   2.2222788e+00
   5.5409508e+01   6.9000000e+01   2.2222788e+00
   5.5419508e+01   6.9000000e+01   2.2222788e+00
   5.5429508e+01   6.9000000e+01   2.2222788e+00
   5.5439508e+01   6.9000000e+01   2.2222788e+00
   5.5449508e+01   6.9000000e+01   2.2222788e+00
   5.5459508e+01   6.9000000e+01   2.2222788e+00
   5.5469508e+01   6.9000000e+01   2.2222788e+00
   5.5479508e+01   6.9000000e+01   2.2222788e+00
   5.5489508e+01   6.9000000e+01   2.2222788e+00
   5.5499508e+01   6.9000000e+01   2.2222788e+00
   5.5509508e+01   6.9000000e+01   2.2222788e+00
   5.5519508e+01   6.9000000e+01   2.2222788e+00
   5.5529508e+01   6.9000000e+01   2.2222788e+00
   5.5539508e+01   6.9000000e+01   2.2222788e+00
   5.5549508e+01   6.9000000e+01   2.2222788e+00
   5.5559508e+01   6.9000000e+01   2.2222788e+00
   5.5569508e+01   6.9000000e+01   2.2222788e+00
   5.5579508e+01   6.9000000e+01   2.2222788e+00
   5.5589508e+01   6.9000000e+01   2.2222788e+00
   5.5599508e+01   6.9000000e+01   2.2222788e+00
   5.5609508e+01   6.9000000e+01   2.2222788e+00
   5.5619508e+01   6.9000000e+01   2.2222788e+00
   5.5629508e+01   6.9000000e+01   2.2222788e+00
   5.5639508e+01   6.9000000e+01   2.2222788e+00
   5.5649508e+01   6.9000000e+01   2.2222788e+00
   5.5659508e+01   6.9000000e+01   2.2222788e+00
   5.5669508e+01   6.9000000e+01   2.2222788e+00
   5.5679508e+01   6.9000000e+01   2.2222788e+00
   5.5689508e+01   6.9000000e+01   2.2222788e+00
   5.5699508e+01   6.9000000e+01   2.2222788e+00
   5.5709508e+01   6.9000000e+01   2.2222788e+00
   5.5719508e+01   6.9000000e+01   2.2222788e+00
   5.5729508e+01   6.9000000e+01   2.2222788e+00
   5.5739508e+01   6.9000000e+01   2.2222788e+00
   5.5749508e+01   6.9000000e+01   2.2222788e+00
   5.5759508e+01   6.9000000e+01   2.2222788e+00
   5.5769508e+01   6.9000000e+01   2.2222788e+00
   5.5779508e+01   6.9000000e+01   2.2222788e+00
   5.5789508e+01   6.9000000e+01   2.2222788e+00
   5.5799508e+01   6.9000000e+01   2.2222788e+00
   5.5809508e+01   6.9000000e+01   2.2222788e+00
   5.5819508e+01   6.9000000e+01   2.2222788e+00
   5.5829508e+01   6.9000000e+01   2.2222788e+00
   5.5839508e+01   6.9000000e+01   2.2222788e+00
   5.5849508e+01   6.9000000e+01   2.2222788e+00
   5.5859508e+01   6.9000000e+01   2.2222788e+00
   5.5869508e+01   6.9000000e+01   2.2222788e+00
   5.5879508e+01   6.9000000e+01   2.2222788e+00
   5.5889508e+01   6.9000000e+01   2.2222788e+00
   5.5899508e+01   6.9000000e+01   2.2222788e+00
   5.5909508e+01   6.9000000e+01   2.2222788e+00
   5.5919508e+01   6.9000000e+01   2.2222788e+00
   5.5929508e+01   6.9000000e+01   2.2222788e+00
   5.5939508e+01   6.9000000e+01   2.2222788e+00
   5.5949508e+01   6.9000000e+01   2.2222788e+00
   5.5959508e+01   6.9000000e+01   2.2222788e+00
   5.5969508e+01   6.9000000e+01   2.2222788e+00
   5.5979508e+01   6.9000000e+01   2.2222788e+00
   5.5989508e+01   6.9000000e+01   2.2222788e+00
   5.5999508e+01   6.9000000e+01   2.2222788e+00
   5.6009508e+01   6.9000000e+01   2.2222788e+00
   5.6019508e+01   6.9000000e+01   2.2222788e+00
   5.6026195e+01   6.9000000e+01   2.2222788e+00
   5.6026195e+01   7.0000000e+01   2.1367395e+00
   5.6026195e+01   7.0000000e+01   2.1367395e+00
   5.6036195e+01   7.0000000e+01   2.1367395e+00
   5.6046195e+01   7.0000000e+01   2.1367395e+00
   5.6056195e+01   7.0000000e+01   2.1367395e+00
   5.6066195e+01   7.0000000e+01   2.1367395e+00
   5.6076195e+01   7.0000000e+01   2.1367395e+00
   5.6086195e+01   7.0000000e+01   2.1367395e+00
   5.6096195e+01   7.0000000e+01   2.1367395e+00
   5.6106195e+01   7.0000000e+01   2.1367395e+00
   5.6116195e+01   7.0000000e+01   2.1367395e+00
   5.6126195e+01   7.0000000e+01   2.1367395e+00
   5.6136195e+01   7.0000000e+01   2.1367395e+00
   5.6146195e+01   7.0000000e+01   2.1367395e+00
   5.6156195e+01   7.0000000e+01   2.1367395e+00
   5.6166195e+01   7.0000000e+01   2.1367395e+00
   5.6176195e+01   7.0000000e+01   2.1367395e+00
   5.6186195e+01   7.0000000e+01   2.1367395e+00
   5.6196195e+01   7.0000000e+01   2.1367395e+00
   5.6206195e+01   7.0000000e+01   2.1367395e+00
   5.6216195e+01   7.0000000e+01   2.1367395e+00
   5.6226195e+01   7.0000000e+01   2.1367395e+00
   5.6236195e+01   7.0000000e+01   2.1367395e+00
   5.6246195e+01   7.0000000e+01   2.1367395e+00
   5.6256195e+01   7.0000000e+01   2.1367395e+00
   5.6266195e+01   7.0000000e+01   2.1367395e+00
   5.6276195e+01   7.0000000e+01   2.1367395e+00
   5.6286195e+01   7.0000000e+01   2.1367395e+00
   5.6296195e+01   7.0000000e+01   2.1367395e+00
   5.6306195e+01   7.0000000e+01   2.1367395e+00
   5.6316195e+01   7.0000000e+01   2.1367395e+00
   5.6326195e+01   7.0000000e+01   2.1367395e+00
   5.6336195e+01   7.0000000e+01   2.1367395e+00
   5.6346195e+01   7.0000000e+01   2.1367395e+00
   5.6356195e+01   7.0000000e+01   2.1367395e+00
   5.6366195e+01   7.0000000e+01   2.1367395e+00
   5.6376195e+01   7.0000000e+01   2.1367395e+00
   5.6386195e+01   7.0000000e+01   2.1367395e+00
   5.6396195e+01   7.0000000e+01   2.1367395e+00
   5.6406195e+01   7.0000000e+01   2.1367395e+00
   5.6416195e+01   7.0000000e+01   2.1367395e+00
   5.6426195e+01   7.0000000e+01   2.1367395e+00
   5.6436195e+01   7.0000000e+01   2.1367395e+00
   5.6446195e+01   7.0000000e+01   2.1367395e+00
   5.6456195e+01   7.0000000e+01   2.1367395e+00
   5.6466195e+01   7.0000000e+01   2.1367395e+00
   5.6476195e+01   7.0000000e+01   2.1367395e+00
   5.6486195e+01   7.0000000e+01   2.1367395e+00
   5.6496195e+01   7.0000000e+01   2.1367395e+00
   5.6506195e+01   7.0000000e+01   2.1367395e+00
   5.6516195e+01   7.0000000e+01   2.1367395e+00
   5.6526195e+01   7.0000000e+01   2.1367395e+00
   5.6536195e+01   7.0000000e+01   2.1367395e+00
   5.6546195e+01   7.0000000e+01   2.1367395e+00
   5.6556195e+01   7.0000000e+01   2.1367395e+00
   5.6566195e+01   7.0000000e+01   2.1367395e+00
   5.6576195e+01   7.0000000e+01   2.1367395e+00
   5.6586195e+01   7.0000000e+01   2.1367395e+00
   5.6596195e+01   7.0000000e+01   2.1367395e+00
   5.6606195e+01   7.0000000e+01   2.1367395e+00
   5.6616195e+01   7.0000000e+01   2.1367395e+00
   5.6626195e+01   7.0000000e+01   2.1367395e+00
   5.6636195e+01   7.0000000e+01   2.1367395e+00
   5.6646195e+01   7.0000000e+01   2.1367395e+00
   5.6656195e+01   7.0000000e+01   2.1367395e+00
   5.6666195e+01   7.0000000e+01   2.1367395e+00
   5.6676195e+01   7.0000000e+01   2.1367395e+00
   5.6686195e+01   7.0000000e+01   2.1367395e+00
   5.6696195e+01   7.0000000e+01   2.1367395e+00
   5.6706195e+01   7.0000000e+01   2.1367395e+00
   5.6716195e+01   7.0000000e+01   2.1367395e+00
   5.6726195e+01   7.0000000e+01   2.1367395e+00
   5.6736195e+01   7.0000000e+01   2.1367395e+00
   5.6746195e+01   7.0000000e+01   2.1367395e+00
   5.6756195e+01   7.0000000e+01   2.1367395e+00
   5.6766195e+01   7.0000000e+01   2.1367395e+00
   5.6776195e+01   7.0000000e+01   2.1367395e+00
   5.6786195e+01   7.0000000e+01   2.1367395e+00
   5.6796195e+01   7.0000000e+01   2.1367395e+00
   5.6806195e+01   7.0000000e+01   2.1367395e+00
   5.6816195e+01   7.0000000e+01   2.1367395e+00
   5.6826195e+01   7.0000000e+01   2.1367395e+00
   5.6836195e+01   7.0000000e+01   2.1367395e+00
   5.6846195e+01   7.0000000e+01   2.1367395e+00
   5.6856195e+01   7.0000000e+01   2.1367395e+00
   5.6866195e+01   7.0000000e+01   2.1367395e+00
   5.6876195e+01   7.0000000e+01   2.1367395e+00
   5.6886195e+01   7.0000000e+01   2.1367395e+00
   5.6896195e+01   7.0000000e+01   2.1367395e+00
   5.6906195e+01   7.0000000e+01   2.1367395e+00
   5.6916195e+01   7.0000000e+01   2.1367395e+00
   5.6926195e+01   7.0000000e+01   2.1367395e+00
   5.6936195e+01   7.0000000e+01   2.1367395e+00
   5.6946195e+01   7.0000000e+01   2.1367395e+00
   5.6956195e+01   7.0000000e+01   2.1367395e+00
   5.6966195e+01   7.0000000e+01   2.1367395e+00
   5.6976195e+01   7.0000000e+01   2.1367395e+00
   5.6986195e+01   7.0000000e+01   2.1367395e+00
   5.6996195e+01   7.0000000e+01   2.1367395e+00
   5.7006195e+01   7.0000000e+01   2.1367395e+00
   5.7016195e+01   7.0000000e+01   2.1367395e+00
   5.7026195e+01   7.0000000e+01   2.1367395e+00
   5.7036195e+01   7.0000000e+01   2.1367395e+00
   5.7046195e+01   7.0000000e+01   2.1367395e+00
   5.7056195e+01   7.0000000e+01   2.1367395e+00
   5.7066195e+01   7.0000000e+01   2.1367395e+00
   5.7076195e+01   7.0000000e+01   2.1367395e+00
   5.7086195e+01   7.0000000e+01   2.1367395e+00
   5.7096195e+01   7.0000000e+01   2.1367395e+00
   5.7106195e+01   7.0000000e+01   2.1367395e+00
   5.7116195e+01   7.0000000e+01   2.1367395e+00
   5.7126195e+01   7.0000000e+01   2.1367395e+00
   5.7136195e+01   7.0000000e+01   2.1367395e+00
   5.7146195e+01   7.0000000e+01   2.1367395e+00
   5.7156195e+01   7.0000000e+01   2.1367395e+00
   5.7166195e+01   7.0000000e+01   2.1367395e+00
   5.7176195e+01   7.0000000e+01   2.1367395e+00
   5.7186195e+01   7.0000000e+01   2.1367395e+00
   5.7196195e+01   7.0000000e+01   2.1367395e+00
   5.7206195e+01   7.0000000e+01   2.1367395e+00
   5.7216195e+01   7.0000000e+01   2.1367395e+00
   5.7226195e+01   7.0000000e+01   2.1367395e+00
   5.7236195e+01   7.0000000e+01   2.1367395e+00
   5.7246195e+01   7.0000000e+01   2.1367395e+00
   5.7256195e+01   7.0000000e+01   2.1367395e+00
   5.7266195e+01   7.0000000e+01   2.1367395e+00
   5.7276195e+01   7.0000000e+01   2.1367395e+00
   5.7286195e+01   7.0000000e+01   2.1367395e+00
   5.7296195e+01   7.0000000e+01   2.1367395e+00
   5.7306195e+01   7.0000000e+01   2.1367395e+00
   5.7316195e+01   7.0000000e+01   2.1367395e+00
   5.7326195e+01   7.0000000e+01   2.1367395e+00
   5.7336195e+01   7.0000000e+01   2.1367395e+00
   5.7340458e+01   7.0000000e+01   2.1367395e+00
   5.7340458e+01   7.1000000e+01   2.0488316e+00
   5.7340458e+01   7.1000000e+01   2.0488316e+00
   5.7350458e+01   7.1000000e+01   2.0488316e+00
   5.7360458e+01   7.1000000e+01   2.0488316e+00
   5.7370458e+01   7.1000000e+01   2.0488316e+00
   5.7380458e+01   7.1000000e+01   2.0488316e+00
   5.7390458e+01   7.1000000e+01   2.0488316e+00
   5.7400458e+01   7.1000000e+01   2.0488316e+00
   5.7410458e+01   7.1000000e+01   2.0488316e+00
   5.7420458e+01   7.1000000e+01   2.0488316e+00
   5.7430458e+01   7.1000000e+01   2.0488316e+00
   5.7440458e+01   7.1000000e+01   2.0488316e+00
   5.7450458e+01   7.1000000e+01   2.0488316e+00
   5.7460458e+01   7.1000000e+01   2.0488316e+00
   5.7470458e+01   7.1000000e+01   2.0488316e+00
   5.7480458e+01   7.1000000e+01   2.0488316e+00
   5.7490458e+01   7.1000000e+01   2.0488316e+00
   5.7500458e+01   7.1000000e+01   2.0488316e+00
   5.7510458e+01   7.1000000e+01   2.0488316e+00
   5.7520458e+01   7.1000000e+01   2.0488316e+00
   5.7530458e+01   7.1000000e+01   2.0488316e+00
   5.7540458e+01   7.1000000e+01   2.0488316e+00
   5.7550458e+01   7.1000000e+01   2.0488316e+00
   5.7560458e+01   7.1000000e+01   2.0488316e+00
   5.7570458e+01   7.1000000e+01   2.0488316e+00
   5.7580458e+01   7.1000000e+01   2.0488316e+00
   5.7590458e+01   7.1000000e+01   2.0488316e+00
   5.7600458e+01   7.1000000e+01   2.0488316e+00
   5.7610458e+01   7.1000000e+01   2.0488316e+00
   5.7620458e+01   7.1000000e+01   2.0488316e+00
   5.7630458e+01   7.1000000e+01   2.0488316e+00
   5.7640458e+01   7.1000000e+01   2.0488316e+00
   5.7650458e+01   7.1000000e+01   2.0488316e+00
   5.7660458e+01   7.1000000e+01   2.0488316e+00
   5.7670458e+01   7.1000000e+01   2.0488316e+00
   5.7680458e+01   7.1000000e+01   2.0488316e+00
   5.7690458e+01   7.1000000e+01   2.0488316e+00
   5.7700458e+01   7.1000000e+01   2.0488316e+00
   5.7710458e+01   7.1000000e+01   2.0488316e+00
   5.7720458e+01   7.1000000e+01   2.0488316e+00
   5.7730458e+01   7.1000000e+01   2.0488316e+00
   5.7740458e+01   7.1000000e+01   2.0488316e+00
   5.7750458e+01   7.1000000e+01   2.0488316e+00
   5.7760458e+01   7.1000000e+01   2.0488316e+00
   5.7770458e+01   7.1000000e+01   2.0488316e+00
   5.7780458e+01   7.1000000e+01   2.0488316e+00
   5.7790458e+01   7.1000000e+01   2.0488316e+00
   5.7800458e+01   7.1000000e+01   2.0488316e+00
   5.7810458e+01   7.1000000e+01   2.0488316e+00
   5.7820458e+01   7.1000000e+01   2.0488316e+00
   5.7830458e+01   7.1000000e+01   2.0488316e+00
   5.7840458e+01   7.1000000e+01   2.0488316e+00
   5.7850458e+01   7.1000000e+01   2.0488316e+00
   5.7860458e+01   7.1000000e+01   2.0488316e+00
   5.7870458e+01   7.1000000e+01   2.0488316e+00
   5.7880458e+01   7.1000000e+01   2.0488316e+00
   5.7890458e+01   7.1000000e+01   2.0488316e+00
   5.7900458e+01   7.1000000e+01   2.0488316e+00
   5.7910458e+01   7.1000000e+01   2.0488316e+00
   5.7920458e+01   7.1000000e+01   2.0488316e+00
   5.7930458e+01   7.1000000e+01   2.0488316e+00
   5.7940458e+01   7.1000000e+01   2.0488316e+00
   5.7950458e+01   7.1000000e+01   2.0488316e+00
   5.7960458e+01   7.1000000e+01   2.0488316e+00
   5.7970458e+01   7.1000000e+01   2.0488316e+00
   5.7980458e+01   7.1000000e+01   2.0488316e+00
   5.7990458e+01   7.1000000e+01   2.0488316e+00
   5.8000458e+01   7.1000000e+01   2.0488316e+00
   5.8010458e+01   7.1000000e+01   2.0488316e+00
   5.8020458e+01   7.1000000e+01   2.0488316e+00
   5.8030458e+01   7.1000000e+01   2.0488316e+00
   5.8040458e+01   7.1000000e+01   2.0488316e+00
   5.8050458e+01   7.1000000e+01   2.0488316e+00
   5.8060458e+01   7.1000000e+01   2.0488316e+00
   5.8070458e+01   7.1000000e+01   2.0488316e+00
   5.8080458e+01   7.1000000e+01   2.0488316e+00
   5.8090458e+01   7.1000000e+01   2.0488316e+00
   5.8100458e+01   7.1000000e+01   2.0488316e+00
   5.8110458e+01   7.1000000e+01   2.0488316e+00
   5.8120458e+01   7.1000000e+01   2.0488316e+00
   5.8130458e+01   7.1000000e+01   2.0488316e+00
   5.8140458e+01   7.1000000e+01   2.0488316e+00
   5.8150458e+01   7.1000000e+01   2.0488316e+00
   5.8160458e+01   7.1000000e+01   2.0488316e+00
   5.8170458e+01   7.1000000e+01   2.0488316e+00
   5.8180458e+01   7.1000000e+01   2.0488316e+00
   5.8190458e+01   7.1000000e+01   2.0488316e+00
   5.8200458e+01   7.1000000e+01   2.0488316e+00
   5.8210458e+01   7.1000000e+01   2.0488316e+00
   5.8220458e+01   7.1000000e+01   2.0488316e+00
   5.8230458e+01   7.1000000e+01   2.0488316e+00
   5.8240458e+01   7.1000000e+01   2.0488316e+00
   5.8250458e+01   7.1000000e+01   2.0488316e+00
   5.8260458e+01   7.1000000e+01   2.0488316e+00
   5.8270458e+01   7.1000000e+01   2.0488316e+00
   5.8280458e+01   7.1000000e+01   2.0488316e+00
   5.8290458e+01   7.1000000e+01   2.0488316e+00
   5.8300458e+01   7.1000000e+01   2.0488316e+00
   5.8310458e+01   7.1000000e+01   2.0488316e+00
   5.8320458e+01   7.1000000e+01   2.0488316e+00
   5.8330458e+01   7.1000000e+01   2.0488316e+00
   5.8340458e+01   7.1000000e+01   2.0488316e+00
   5.8350458e+01   7.1000000e+01   2.0488316e+00
   5.8360458e+01   7.1000000e+01   2.0488316e+00
   5.8370458e+01   7.1000000e+01   2.0488316e+00
   5.8380458e+01   7.1000000e+01   2.0488316e+00
   5.8390458e+01   7.1000000e+01   2.0488316e+00
   5.8400458e+01   7.1000000e+01   2.0488316e+00
   5.8410458e+01   7.1000000e+01   2.0488316e+00
   5.8420458e+01   7.1000000e+01   2.0488316e+00
   5.8430458e+01   7.1000000e+01   2.0488316e+00
   5.8440458e+01   7.1000000e+01   2.0488316e+00
   5.8450458e+01   7.1000000e+01   2.0488316e+00
   5.8460458e+01   7.1000000e+01   2.0488316e+00
   5.8470458e+01   7.1000000e+01   2.0488316e+00
   5.8480458e+01   7.1000000e+01   2.0488316e+00
   5.8490458e+01   7.1000000e+01   2.0488316e+00
   5.8500458e+01   7.1000000e+01   2.0488316e+00
   5.8510458e+01   7.1000000e+01   2.0488316e+00
   5.8520458e+01   7.1000000e+01   2.0488316e+00
   5.8530458e+01   7.1000000e+01   2.0488316e+00
   5.8540458e+01   7.1000000e+01   2.0488316e+00
   5.8550458e+01   7.1000000e+01   2.0488316e+00
   5.8560458e+01   7.1000000e+01   2.0488316e+00
   5.8570458e+01   7.1000000e+01   2.0488316e+00
   5.8580458e+01   7.1000000e+01   2.0488316e+00
   5.8590458e+01   7.1000000e+01   2.0488316e+00
   5.8600458e+01   7.1000000e+01   2.0488316e+00
   5.8610458e+01   7.1000000e+01   2.0488316e+00
   5.8620458e+01   7.1000000e+01   2.0488316e+00
   5.8630458e+01   7.1000000e+01   2.0488316e+00
   5.8640458e+01   7.1000000e+01   2.0488316e+00
   5.8650458e+01   7.1000000e+01   2.0488316e+00
   5.8660458e+01   7.1000000e+01   2.0488316e+00
   5.8661946e+01   7.1000000e+01   2.0488316e+00
   5.8661946e+01   7.2000000e+01   1.9585825e+00
   5.8661946e+01   7.2000000e+01   1.9585825e+00
   5.8671946e+01   7.2000000e+01   1.9585825e+00
   5.8681946e+01   7.2000000e+01   1.9585825e+00
   5.8691946e+01   7.2000000e+01   1.9585825e+00
   5.8701946e+01   7.2000000e+01   1.9585825e+00
   5.8711946e+01   7.2000000e+01   1.9585825e+00
   5.8721946e+01   7.2000000e+01   1.9585825e+00
   5.8731946e+01   7.2000000e+01   1.9585825e+00
   5.8741946e+01   7.2000000e+01   1.9585825e+00
   5.8751946e+01   7.2000000e+01   1.9585825e+00
   5.8761946e+01   7.2000000e+01   1.9585825e+00
   5.8771946e+01   7.2000000e+01   1.9585825e+00
   5.8781946e+01   7.2000000e+01   1.9585825e+00
   5.8791946e+01   7.2000000e+01   1.9585825e+00
   5.8801946e+01   7.2000000e+01   1.9585825e+00
   5.8811946e+01   7.2000000e+01   1.9585825e+00
   5.8821946e+01   7.2000000e+01   1.9585825e+00
   5.8831946e+01   7.2000000e+01   1.9585825e+00
   5.8841946e+01   7.2000000e+01   1.9585825e+00
   5.8851946e+01   7.2000000e+01   1.9585825e+00
   5.8861946e+01   7.2000000e+01   1.9585825e+00
   5.8871946e+01   7.2000000e+01   1.9585825e+00
   5.8881946e+01   7.2000000e+01   1.9585825e+00
   5.8891946e+01   7.2000000e+01   1.9585825e+00
   5.8901946e+01   7.2000000e+01   1.9585825e+00
   5.8911946e+01   7.2000000e+01   1.9585825e+00
   5.8921946e+01   7.2000000e+01   1.9585825e+00
   5.8931946e+01   7.2000000e+01   1.9585825e+00
   5.8941946e+01   7.2000000e+01   1.9585825e+00
   5.8951946e+01   7.2000000e+01   1.9585825e+00
   5.8961946e+01   7.2000000e+01   1.9585825e+00
   5.8971946e+01   7.2000000e+01   1.9585825e+00
   5.8981946e+01   7.2000000e+01   1.9585825e+00
   5.8991946e+01   7.2000000e+01   1.9585825e+00
   5.9001946e+01   7.2000000e+01   1.9585825e+00
   5.9011946e+01   7.2000000e+01   1.9585825e+00
   5.9021946e+01   7.2000000e+01   1.9585825e+00
   5.9031946e+01   7.2000000e+01   1.9585825e+00
   5.9041946e+01   7.2000000e+01   1.9585825e+00
   5.9051946e+01   7.2000000e+01   1.9585825e+00
   5.9061946e+01   7.2000000e+01   1.9585825e+00
   5.9071946e+01   7.2000000e+01   1.9585825e+00
   5.9081946e+01   7.2000000e+01   1.9585825e+00
   5.9091946e+01   7.2000000e+01   1.9585825e+00
   5.9101946e+01   7.2000000e+01   1.9585825e+00
   5.9111946e+01   7.2000000e+01   1.9585825e+00
   5.9121946e+01   7.2000000e+01   1.9585825e+00
   5.9131946e+01   7.2000000e+01   1.9585825e+00
   5.9141946e+01   7.2000000e+01   1.9585825e+00
   5.9151946e+01   7.2000000e+01   1.9585825e+00
   5.9161946e+01   7.2000000e+01   1.9585825e+00
   5.9171946e+01   7.2000000e+01   1.9585825e+00
   5.9181946e+01   7.2000000e+01   1.9585825e+00
   5.9191946e+01   7.2000000e+01   1.9585825e+00
   5.9201946e+01   7.2000000e+01   1.9585825e+00
   5.9211946e+01   7.2000000e+01   1.9585825e+00
   5.9221946e+01   7.2000000e+01   1.9585825e+00
   5.9231946e+01   7.2000000e+01   1.9585825e+00
   5.9241946e+01   7.2000000e+01   1.9585825e+00
   5.9251946e+01   7.2000000e+01   1.9585825e+00
   5.9261946e+01   7.2000000e+01   1.9585825e+00
   5.9271946e+01   7.2000000e+01   1.9585825e+00
   5.9281946e+01   7.2000000e+01   1.9585825e+00
   5.9291946e+01   7.2000000e+01   1.9585825e+00
   5.9301946e+01   7.2000000e+01   1.9585825e+00
   5.9311946e+01   7.2000000e+01   1.9585825e+00
   5.9321946e+01   7.2000000e+01   1.9585825e+00
   5.9331946e+01   7.2000000e+01   1.9585825e+00
   5.9341946e+01   7.2000000e+01   1.9585825e+00
   5.9351946e+01   7.2000000e+01   1.9585825e+00
   5.9361946e+01   7.2000000e+01   1.9585825e+00
   5.9371946e+01   7.2000000e+01   1.9585825e+00
   5.9381946e+01   7.2000000e+01   1.9585825e+00
   5.9391946e+01   7.2000000e+01   1.9585825e+00
   5.9401946e+01   7.2000000e+01   1.9585825e+00
   5.9411946e+01   7.2000000e+01   1.9585825e+00
   5.9421946e+01   7.2000000e+01   1.9585825e+00
   5.9431946e+01   7.2000000e+01   1.9585825e+00
   5.9441946e+01   7.2000000e+01   1.9585825e+00
   5.9451946e+01   7.2000000e+01   1.9585825e+00
   5.9461946e+01   7.2000000e+01   1.9585825e+00
   5.9471946e+01   7.2000000e+01   1.9585825e+00
   5.9481946e+01   7.2000000e+01   1.9585825e+00
   5.9491946e+01   7.2000000e+01   1.9585825e+00
   5.9501946e+01   7.2000000e+01   1.9585825e+00
   5.9511946e+01   7.2000000e+01   1.9585825e+00
   5.9521946e+01   7.2000000e+01   1.9585825e+00
   5.9531946e+01   7.2000000e+01   1.9585825e+00
   5.9541946e+01   7.2000000e+01   1.9585825e+00
   5.9551946e+01   7.2000000e+01   1.9585825e+00
   5.9561946e+01   7.2000000e+01   1.9585825e+00
   5.9571946e+01   7.2000000e+01   1.9585825e+00
   5.9581946e+01   7.2000000e+01   1.9585825e+00
   5.9591946e+01   7.2000000e+01   1.9585825e+00
   5.9601946e+01   7.2000000e+01   1.9585825e+00
   5.9611946e+01   7.2000000e+01   1.9585825e+00
   5.9621946e+01   7.2000000e+01   1.9585825e+00
   5.9631946e+01   7.2000000e+01   1.9585825e+00
   5.9641946e+01   7.2000000e+01   1.9585825e+00
   5.9651946e+01   7.2000000e+01   1.9585825e+00
   5.9661946e+01   7.2000000e+01   1.9585825e+00
   5.9671946e+01   7.2000000e+01   1.9585825e+00
   5.9681946e+01   7.2000000e+01   1.9585825e+00
   5.9691946e+01   7.2000000e+01   1.9585825e+00
   5.9701946e+01   7.2000000e+01   1.9585825e+00
   5.9711946e+01   7.2000000e+01   1.9585825e+00
   5.9721946e+01   7.2000000e+01   1.9585825e+00
   5.9731946e+01   7.2000000e+01   1.9585825e+00
   5.9741946e+01   7.2000000e+01   1.9585825e+00
   5.9751946e+01   7.2000000e+01   1.9585825e+00
   5.9761946e+01   7.2000000e+01   1.9585825e+00
   5.9771946e+01   7.2000000e+01   1.9585825e+00
   5.9781946e+01   7.2000000e+01   1.9585825e+00
   5.9791946e+01   7.2000000e+01   1.9585825e+00
   5.9801946e+01   7.2000000e+01   1.9585825e+00
   5.9811946e+01   7.2000000e+01   1.9585825e+00
   5.9821946e+01   7.2000000e+01   1.9585825e+00
   5.9831946e+01   7.2000000e+01   1.9585825e+00
   5.9841946e+01   7.2000000e+01   1.9585825e+00
   5.9851946e+01   7.2000000e+01   1.9585825e+00
   5.9861946e+01   7.2000000e+01   1.9585825e+00
   5.9871946e+01   7.2000000e+01   1.9585825e+00
   5.9881946e+01   7.2000000e+01   1.9585825e+00
   5.9891946e+01   7.2000000e+01   1.9585825e+00
   5.9901946e+01   7.2000000e+01   1.9585825e+00
   5.9911946e+01   7.2000000e+01   1.9585825e+00
   5.9921946e+01   7.2000000e+01   1.9585825e+00
   5.9931946e+01   7.2000000e+01   1.9585825e+00
   5.9941946e+01   7.2000000e+01   1.9585825e+00
   5.9951946e+01   7.2000000e+01   1.9585825e+00
   5.9961946e+01   7.2000000e+01   1.9585825e+00
   5.9971946e+01   7.2000000e+01   1.9585825e+00
   5.9981946e+01   7.2000000e+01   1.9585825e+00
   5.9990303e+01   7.2000000e+01   1.9585825e+00
   5.9990303e+01   7.3000000e+01   1.8660228e+00
   5.9990303e+01   7.3000000e+01   1.8660228e+00
   6.0000303e+01   7.3000000e+01   1.8660228e+00
   6.0010303e+01   7.3000000e+01   1.8660228e+00
   6.0020303e+01   7.3000000e+01   1.8660228e+00
   6.0030303e+01   7.3000000e+01   1.8660228e+00
   6.0040303e+01   7.3000000e+01   1.8660228e+00
   6.0050303e+01   7.3000000e+01   1.8660228e+00
   6.0060303e+01   7.3000000e+01   1.8660228e+00
   6.0070303e+01   7.3000000e+01   1.8660228e+00
   6.0080303e+01   7.3000000e+01   1.8660228e+00
   6.0090303e+01   7.3000000e+01   1.8660228e+00
   6.0100303e+01   7.3000000e+01   1.8660228e+00
   6.0110303e+01   7.3000000e+01   1.8660228e+00
   6.0120303e+01   7.3000000e+01   1.8660228e+00
   6.0130303e+01   7.3000000e+01   1.8660228e+00
   6.0140303e+01   7.3000000e+01   1.8660228e+00
   6.0150303e+01   7.3000000e+01   1.8660228e+00
   6.0160303e+01   7.3000000e+01   1.8660228e+00
   6.0170303e+01   7.3000000e+01   1.8660228e+00
   6.0180303e+01   7.3000000e+01   1.8660228e+00
   6.0190303e+01   7.3000000e+01   1.8660228e+00
   6.0200303e+01   7.3000000e+01   1.8660228e+00
   6.0210303e+01   7.3000000e+01   1.8660228e+00
   6.0220303e+01   7.3000000e+01   1.8660228e+00
   6.0230303e+01   7.3000000e+01   1.8660228e+00
   6.0240303e+01   7.3000000e+01   1.8660228e+00
   6.0250303e+01   7.3000000e+01   1.8660228e+00
   6.0260303e+01   7.3000000e+01   1.8660228e+00
   6.0270303e+01   7.3000000e+01   1.8660228e+00
   6.0280303e+01   7.3000000e+01   1.8660228e+00
   6.0290303e+01   7.3000000e+01   1.8660228e+00
   6.0300303e+01   7.3000000e+01   1.8660228e+00
   6.0310303e+01   7.3000000e+01   1.8660228e+00
   6.0320303e+01   7.3000000e+01   1.8660228e+00
   6.0330303e+01   7.3000000e+01   1.8660228e+00
   6.0340303e+01   7.3000000e+01   1.8660228e+00
   6.0350303e+01   7.3000000e+01   1.8660228e+00
   6.0360303e+01   7.3000000e+01   1.8660228e+00
   6.0370303e+01   7.3000000e+01   1.8660228e+00
   6.0380303e+01   7.3000000e+01   1.8660228e+00
   6.0390303e+01   7.3000000e+01   1.8660228e+00
   6.0400303e+01   7.3000000e+01   1.8660228e+00
   6.0410303e+01   7.3000000e+01   1.8660228e+00
   6.0420303e+01   7.3000000e+01   1.8660228e+00
   6.0430303e+01   7.3000000e+01   1.8660228e+00
   6.0440303e+01   7.3000000e+01   1.8660228e+00
   6.0450303e+01   7.3000000e+01   1.8660228e+00
   6.0460303e+01   7.3000000e+01   1.8660228e+00
   6.0470303e+01   7.3000000e+01   1.8660228e+00
   6.0480303e+01   7.3000000e+01   1.8660228e+00
   6.0490303e+01   7.3000000e+01   1.8660228e+00
   6.0500303e+01   7.3000000e+01   1.8660228e+00
   6.0510303e+01   7.3000000e+01   1.8660228e+00
   6.0520303e+01   7.3000000e+01   1.8660228e+00
   6.0530303e+01   7.3000000e+01   1.8660228e+00
   6.0540303e+01   7.3000000e+01   1.8660228e+00
   6.0550303e+01   7.3000000e+01   1.8660228e+00
   6.0560303e+01   7.3000000e+01   1.8660228e+00
   6.0570303e+01   7.3000000e+01   1.8660228e+00
   6.0580303e+01   7.3000000e+01   1.8660228e+00
   6.0590303e+01   7.3000000e+01   1.8660228e+00
   6.0600303e+01   7.3000000e+01   1.8660228e+00
   6.0610303e+01   7.3000000e+01   1.8660228e+00
   6.0620303e+01   7.3000000e+01   1.8660228e+00
   6.0630303e+01   7.3000000e+01   1.8660228e+00
   6.0640303e+01   7.3000000e+01   1.8660228e+00
   6.0650303e+01   7.3000000e+01   1.8660228e+00
   6.0660303e+01   7.3000000e+01   1.8660228e+00
   6.0670303e+01   7.3000000e+01   1.8660228e+00
   6.0680303e+01   7.3000000e+01   1.8660228e+00
   6.0690303e+01   7.3000000e+01   1.8660228e+00
   6.0700303e+01   7.3000000e+01   1.8660228e+00
   6.0710303e+01   7.3000000e+01   1.8660228e+00
   6.0720303e+01   7.3000000e+01   1.8660228e+00
   6.0730303e+01   7.3000000e+01   1.8660228e+00
   6.0740303e+01   7.3000000e+01   1.8660228e+00
   6.0750303e+01   7.3000000e+01   1.8660228e+00
   6.0760303e+01   7.3000000e+01   1.8660228e+00
   6.0770303e+01   7.3000000e+01   1.8660228e+00
   6.0780303e+01   7.3000000e+01   1.8660228e+00
   6.0790303e+01   7.3000000e+01   1.8660228e+00
   6.0800303e+01   7.3000000e+01   1.8660228e+00
   6.0810303e+01   7.3000000e+01   1.8660228e+00
   6.0820303e+01   7.3000000e+01   1.8660228e+00
   6.0830303e+01   7.3000000e+01   1.8660228e+00
   6.0840303e+01   7.3000000e+01   1.8660228e+00
   6.0850303e+01   7.3000000e+01   1.8660228e+00
   6.0860303e+01   7.3000000e+01   1.8660228e+00
   6.0870303e+01   7.3000000e+01   1.8660228e+00
   6.0880303e+01   7.3000000e+01   1.8660228e+00
   6.0890303e+01   7.3000000e+01   1.8660228e+00
   6.0900303e+01   7.3000000e+01   1.8660228e+00
   6.0910303e+01   7.3000000e+01   1.8660228e+00
   6.0920303e+01   7.3000000e+01   1.8660228e+00
   6.0930303e+01   7.3000000e+01   1.8660228e+00
   6.0940303e+01   7.3000000e+01   1.8660228e+00
   6.0950303e+01   7.3000000e+01   1.8660228e+00
   6.0960303e+01   7.3000000e+01   1.8660228e+00
   6.0970303e+01   7.3000000e+01   1.8660228e+00
   6.0980303e+01   7.3000000e+01   1.8660228e+00
   6.0990303e+01   7.3000000e+01   1.8660228e+00
   6.1000303e+01   7.3000000e+01   1.8660228e+00
   6.1010303e+01   7.3000000e+01   1.8660228e+00
   6.1020303e+01   7.3000000e+01   1.8660228e+00
   6.1030303e+01   7.3000000e+01   1.8660228e+00
   6.1040303e+01   7.3000000e+01   1.8660228e+00
   6.1050303e+01   7.3000000e+01   1.8660228e+00
   6.1060303e+01   7.3000000e+01   1.8660228e+00
   6.1070303e+01   7.3000000e+01   1.8660228e+00
   6.1080303e+01   7.3000000e+01   1.8660228e+00
   6.1090303e+01   7.3000000e+01   1.8660228e+00
   6.1100303e+01   7.3000000e+01   1.8660228e+00
   6.1110303e+01   7.3000000e+01   1.8660228e+00
   6.1120303e+01   7.3000000e+01   1.8660228e+00
   6.1130303e+01   7.3000000e+01   1.8660228e+00
   6.1140303e+01   7.3000000e+01   1.8660228e+00
   6.1150303e+01   7.3000000e+01   1.8660228e+00
   6.1160303e+01   7.3000000e+01   1.8660228e+00
   6.1170303e+01   7.3000000e+01   1.8660228e+00
   6.1180303e+01   7.3000000e+01   1.8660228e+00
   6.1190303e+01   7.3000000e+01   1.8660228e+00
   6.1200303e+01   7.3000000e+01   1.8660228e+00
   6.1210303e+01   7.3000000e+01   1.8660228e+00
   6.1220303e+01   7.3000000e+01   1.8660228e+00
   6.1230303e+01   7.3000000e+01   1.8660228e+00
   6.1240303e+01   7.3000000e+01   1.8660228e+00
   6.1250303e+01   7.3000000e+01   1.8660228e+00
   6.1260303e+01   7.3000000e+01   1.8660228e+00
   6.1270303e+01   7.3000000e+01   1.8660228e+00
   6.1280303e+01   7.3000000e+01   1.8660228e+00
   6.1290303e+01   7.3000000e+01   1.8660228e+00
   6.1300303e+01   7.3000000e+01   1.8660228e+00
   6.1310303e+01   7.3000000e+01   1.8660228e+00
   6.1320303e+01   7.3000000e+01   1.8660228e+00
   6.1325168e+01   7.3000000e+01   1.8660228e+00
   6.1325168e+01   7.4000000e+01   1.7711870e+00
   6.1325168e+01   7.4000000e+01   1.7711870e+00
   6.1335168e+01   7.4000000e+01   1.7711870e+00
   6.1345168e+01   7.4000000e+01   1.7711870e+00
   6.1355168e+01   7.4000000e+01   1.7711870e+00
   6.1365168e+01   7.4000000e+01   1.7711870e+00
   6.1375168e+01   7.4000000e+01   1.7711870e+00
   6.1385168e+01   7.4000000e+01   1.7711870e+00
   6.1395168e+01   7.4000000e+01   1.7711870e+00
   6.1405168e+01   7.4000000e+01   1.7711870e+00
   6.1415168e+01   7.4000000e+01   1.7711870e+00
   6.1425168e+01   7.4000000e+01   1.7711870e+00
   6.1435168e+01   7.4000000e+01   1.7711870e+00
   6.1445168e+01   7.4000000e+01   1.7711870e+00
   6.1455168e+01   7.4000000e+01   1.7711870e+00
   6.1465168e+01   7.4000000e+01   1.7711870e+00
   6.1475168e+01   7.4000000e+01   1.7711870e+00
   6.1485168e+01   7.4000000e+01   1.7711870e+00
   6.1495168e+01   7.4000000e+01   1.7711870e+00
   6.1505168e+01   7.4000000e+01   1.7711870e+00
   6.1515168e+01   7.4000000e+01   1.7711870e+00
   6.1525168e+01   7.4000000e+01   1.7711870e+00
   6.1535168e+01   7.4000000e+01   1.7711870e+00
   6.1545168e+01   7.4000000e+01   1.7711870e+00
   6.1555168e+01   7.4000000e+01   1.7711870e+00
   6.1565168e+01   7.4000000e+01   1.7711870e+00
   6.1575168e+01   7.4000000e+01   1.7711870e+00
   6.1585168e+01   7.4000000e+01   1.7711870e+00
   6.1595168e+01   7.4000000e+01   1.7711870e+00
   6.1605168e+01   7.4000000e+01   1.7711870e+00
   6.1615168e+01   7.4000000e+01   1.7711870e+00
   6.1625168e+01   7.4000000e+01   1.7711870e+00
   6.1635168e+01   7.4000000e+01   1.7711870e+00
   6.1645168e+01   7.4000000e+01   1.7711870e+00
   6.1655168e+01   7.4000000e+01   1.7711870e+00
   6.1665168e+01   7.4000000e+01   1.7711870e+00
   6.1675168e+01   7.4000000e+01   1.7711870e+00
   6.1685168e+01   7.4000000e+01   1.7711870e+00
   6.1695168e+01   7.4000000e+01   1.7711870e+00
   6.1705168e+01   7.4000000e+01   1.7711870e+00
   6.1715168e+01   7.4000000e+01   1.7711870e+00
   6.1725168e+01   7.4000000e+01   1.7711870e+00
   6.1735168e+01   7.4000000e+01   1.7711870e+00
   6.1745168e+01   7.4000000e+01   1.7711870e+00
   6.1755168e+01   7.4000000e+01   1.7711870e+00
   6.1765168e+01   7.4000000e+01   1.7711870e+00
   6.1775168e+01   7.4000000e+01   1.7711870e+00
   6.1785168e+01   7.4000000e+01   1.7711870e+00
   6.1795168e+01   7.4000000e+01   1.7711870e+00
   6.1805168e+01   7.4000000e+01   1.7711870e+00
   6.1815168e+01   7.4000000e+01   1.7711870e+00
   6.1825168e+01   7.4000000e+01   1.7711870e+00
   6.1835168e+01   7.4000000e+01   1.7711870e+00
   6.1845168e+01   7.4000000e+01   1.7711870e+00
   6.1855168e+01   7.4000000e+01   1.7711870e+00
   6.1865168e+01   7.4000000e+01   1.7711870e+00
   6.1875168e+01   7.4000000e+01   1.7711870e+00
   6.1885168e+01   7.4000000e+01   1.7711870e+00
   6.1895168e+01   7.4000000e+01   1.7711870e+00
   6.1905168e+01   7.4000000e+01   1.7711870e+00
   6.1915168e+01   7.4000000e+01   1.7711870e+00
   6.1925168e+01   7.4000000e+01   1.7711870e+00
   6.1935168e+01   7.4000000e+01   1.7711870e+00
   6.1945168e+01   7.4000000e+01   1.7711870e+00
   6.1955168e+01   7.4000000e+01   1.7711870e+00
   6.1965168e+01   7.4000000e+01   1.7711870e+00
   6.1975168e+01   7.4000000e+01   1.7711870e+00
   6.1985168e+01   7.4000000e+01   1.7711870e+00
   6.1995168e+01   7.4000000e+01   1.7711870e+00
   6.2005168e+01   7.4000000e+01   1.7711870e+00
   6.2015168e+01   7.4000000e+01   1.7711870e+00
   6.2025168e+01   7.4000000e+01   1.7711870e+00
   6.2035168e+01   7.4000000e+01   1.7711870e+00
   6.2045168e+01   7.4000000e+01   1.7711870e+00
   6.2055168e+01   7.4000000e+01   1.7711870e+00
   6.2065168e+01   7.4000000e+01   1.7711870e+00
   6.2075168e+01   7.4000000e+01   1.7711870e+00
   6.2085168e+01   7.4000000e+01   1.7711870e+00
   6.2095168e+01   7.4000000e+01   1.7711870e+00
   6.2105168e+01   7.4000000e+01   1.7711870e+00
   6.2115168e+01   7.4000000e+01   1.7711870e+00
   6.2125168e+01   7.4000000e+01   1.7711870e+00
   6.2135168e+01   7.4000000e+01   1.7711870e+00
   6.2145168e+01   7.4000000e+01   1.7711870e+00
   6.2155168e+01   7.4000000e+01   1.7711870e+00
   6.2165168e+01   7.4000000e+01   1.7711870e+00
   6.2175168e+01   7.4000000e+01   1.7711870e+00
   6.2185168e+01   7.4000000e+01   1.7711870e+00
   6.2195168e+01   7.4000000e+01   1.7711870e+00
   6.2205168e+01   7.4000000e+01   1.7711870e+00
   6.2215168e+01   7.4000000e+01   1.7711870e+00
   6.2225168e+01   7.4000000e+01   1.7711870e+00
   6.2235168e+01   7.4000000e+01   1.7711870e+00
   6.2245168e+01   7.4000000e+01   1.7711870e+00
   6.2255168e+01   7.4000000e+01   1.7711870e+00
   6.2265168e+01   7.4000000e+01   1.7711870e+00
   6.2275168e+01   7.4000000e+01   1.7711870e+00
   6.2285168e+01   7.4000000e+01   1.7711870e+00
   6.2295168e+01   7.4000000e+01   1.7711870e+00
   6.2305168e+01   7.4000000e+01   1.7711870e+00
   6.2315168e+01   7.4000000e+01   1.7711870e+00
   6.2325168e+01   7.4000000e+01   1.7711870e+00
   6.2335168e+01   7.4000000e+01   1.7711870e+00
   6.2345168e+01   7.4000000e+01   1.7711870e+00
   6.2355168e+01   7.4000000e+01   1.7711870e+00
   6.2365168e+01   7.4000000e+01   1.7711870e+00
   6.2375168e+01   7.4000000e+01   1.7711870e+00
   6.2385168e+01   7.4000000e+01   1.7711870e+00
   6.2395168e+01   7.4000000e+01   1.7711870e+00
   6.2405168e+01   7.4000000e+01   1.7711870e+00
   6.2415168e+01   7.4000000e+01   1.7711870e+00
   6.2425168e+01   7.4000000e+01   1.7711870e+00
   6.2435168e+01   7.4000000e+01   1.7711870e+00
   6.2445168e+01   7.4000000e+01   1.7711870e+00
   6.2455168e+01   7.4000000e+01   1.7711870e+00
   6.2465168e+01   7.4000000e+01   1.7711870e+00
   6.2475168e+01   7.4000000e+01   1.7711870e+00
   6.2485168e+01   7.4000000e+01   1.7711870e+00
   6.2495168e+01   7.4000000e+01   1.7711870e+00
   6.2505168e+01   7.4000000e+01   1.7711870e+00
   6.2515168e+01   7.4000000e+01   1.7711870e+00
   6.2525168e+01   7.4000000e+01   1.7711870e+00
   6.2535168e+01   7.4000000e+01   1.7711870e+00
   6.2545168e+01   7.4000000e+01   1.7711870e+00
   6.2555168e+01   7.4000000e+01   1.7711870e+00
   6.2565168e+01   7.4000000e+01   1.7711870e+00
   6.2575168e+01   7.4000000e+01   1.7711870e+00
   6.2585168e+01   7.4000000e+01   1.7711870e+00
   6.2595168e+01   7.4000000e+01   1.7711870e+00
   6.2605168e+01   7.4000000e+01   1.7711870e+00
   6.2615168e+01   7.4000000e+01   1.7711870e+00
   6.2625168e+01   7.4000000e+01   1.7711870e+00
   6.2635168e+01   7.4000000e+01   1.7711870e+00
   6.2645168e+01   7.4000000e+01   1.7711870e+00
   6.2655168e+01   7.4000000e+01   1.7711870e+00
   6.2665168e+01   7.4000000e+01   1.7711870e+00
   6.2666176e+01   7.4000000e+01   1.7711870e+00
   6.2666176e+01   7.5000000e+01   1.6741143e+00
   6.2666176e+01   7.5000000e+01   1.6741143e+00
   6.2676176e+01   7.5000000e+01   1.6741143e+00
   6.2686176e+01   7.5000000e+01   1.6741143e+00
   6.2696176e+01   7.5000000e+01   1.6741143e+00
   6.2706176e+01   7.5000000e+01   1.6741143e+00
   6.2716176e+01   7.5000000e+01   1.6741143e+00
   6.2726176e+01   7.5000000e+01   1.6741143e+00
   6.2736176e+01   7.5000000e+01   1.6741143e+00
   6.2746176e+01   7.5000000e+01   1.6741143e+00
   6.2756176e+01   7.5000000e+01   1.6741143e+00
   6.2766176e+01   7.5000000e+01   1.6741143e+00
   6.2776176e+01   7.5000000e+01   1.6741143e+00
   6.2786176e+01   7.5000000e+01   1.6741143e+00
   6.2796176e+01   7.5000000e+01   1.6741143e+00
   6.2806176e+01   7.5000000e+01   1.6741143e+00
   6.2816176e+01   7.5000000e+01   1.6741143e+00
   6.2826176e+01   7.5000000e+01   1.6741143e+00
   6.2836176e+01   7.5000000e+01   1.6741143e+00
   6.2846176e+01   7.5000000e+01   1.6741143e+00
   6.2856176e+01   7.5000000e+01   1.6741143e+00
   6.2866176e+01   7.5000000e+01   1.6741143e+00
   6.2876176e+01   7.5000000e+01   1.6741143e+00
   6.2886176e+01   7.5000000e+01   1.6741143e+00
   6.2896176e+01   7.5000000e+01   1.6741143e+00
   6.2906176e+01   7.5000000e+01   1.6741143e+00
   6.2916176e+01   7.5000000e+01   1.6741143e+00
   6.2926176e+01   7.5000000e+01   1.6741143e+00
   6.2936176e+01   7.5000000e+01   1.6741143e+00
   6.2946176e+01   7.5000000e+01   1.6741143e+00
   6.2956176e+01   7.5000000e+01   1.6741143e+00
   6.2966176e+01   7.5000000e+01   1.6741143e+00
   6.2976176e+01   7.5000000e+01   1.6741143e+00
   6.2986176e+01   7.5000000e+01   1.6741143e+00
   6.2996176e+01   7.5000000e+01   1.6741143e+00
   6.3006176e+01   7.5000000e+01   1.6741143e+00
   6.3016176e+01   7.5000000e+01   1.6741143e+00
   6.3026176e+01   7.5000000e+01   1.6741143e+00
   6.3036176e+01   7.5000000e+01   1.6741143e+00
   6.3046176e+01   7.5000000e+01   1.6741143e+00
   6.3056176e+01   7.5000000e+01   1.6741143e+00
   6.3066176e+01   7.5000000e+01   1.6741143e+00
   6.3076176e+01   7.5000000e+01   1.6741143e+00
   6.3086176e+01   7.5000000e+01   1.6741143e+00
   6.3096176e+01   7.5000000e+01   1.6741143e+00
   6.3106176e+01   7.5000000e+01   1.6741143e+00
   6.3116176e+01   7.5000000e+01   1.6741143e+00
   6.3126176e+01   7.5000000e+01   1.6741143e+00
   6.3136176e+01   7.5000000e+01   1.6741143e+00
   6.3146176e+01   7.5000000e+01   1.6741143e+00
   6.3156176e+01   7.5000000e+01   1.6741143e+00
   6.3166176e+01   7.5000000e+01   1.6741143e+00
   6.3176176e+01   7.5000000e+01   1.6741143e+00
   6.3186176e+01   7.5000000e+01   1.6741143e+00
   6.3196176e+01   7.5000000e+01   1.6741143e+00
   6.3206176e+01   7.5000000e+01   1.6741143e+00
   6.3216176e+01   7.5000000e+01   1.6741143e+00
   6.3226176e+01   7.5000000e+01   1.6741143e+00
   6.3236176e+01   7.5000000e+01   1.6741143e+00
   6.3246176e+01   7.5000000e+01   1.6741143e+00
   6.3256176e+01   7.5000000e+01   1.6741143e+00
   6.3266176e+01   7.5000000e+01   1.6741143e+00
   6.3276176e+01   7.5000000e+01   1.6741143e+00
   6.3286176e+01   7.5000000e+01   1.6741143e+00
   6.3296176e+01   7.5000000e+01   1.6741143e+00
   6.3306176e+01   7.5000000e+01   1.6741143e+00
   6.3316176e+01   7.5000000e+01   1.6741143e+00
   6.3326176e+01   7.5000000e+01   1.6741143e+00
   6.3336176e+01   7.5000000e+01   1.6741143e+00
   6.3346176e+01   7.5000000e+01   1.6741143e+00
   6.3356176e+01   7.5000000e+01   1.6741143e+00
   6.3366176e+01   7.5000000e+01   1.6741143e+00
   6.3376176e+01   7.5000000e+01   1.6741143e+00
   6.3386176e+01   7.5000000e+01   1.6741143e+00
   6.3396176e+01   7.5000000e+01   1.6741143e+00
   6.3406176e+01   7.5000000e+01   1.6741143e+00
   6.3416176e+01   7.5000000e+01   1.6741143e+00
   6.3426176e+01   7.5000000e+01   1.6741143e+00
   6.3436176e+01   7.5000000e+01   1.6741143e+00
   6.3446176e+01   7.5000000e+01   1.6741143e+00
   6.3456176e+01   7.5000000e+01   1.6741143e+00
   6.3466176e+01   7.5000000e+01   1.6741143e+00
   6.3476176e+01   7.5000000e+01   1.6741143e+00
   6.3486176e+01   7.5000000e+01   1.6741143e+00
   6.3496176e+01   7.5000000e+01   1.6741143e+00
   6.3506176e+01   7.5000000e+01   1.6741143e+00
   6.3516176e+01   7.5000000e+01   1.6741143e+00
   6.3526176e+01   7.5000000e+01   1.6741143e+00
   6.3536176e+01   7.5000000e+01   1.6741143e+00
   6.3546176e+01   7.5000000e+01   1.6741143e+00
   6.3556176e+01   7.5000000e+01   1.6741143e+00
   6.3566176e+01   7.5000000e+01   1.6741143e+00
   6.3576176e+01   7.5000000e+01   1.6741143e+00
   6.3586176e+01   7.5000000e+01   1.6741143e+00
   6.3596176e+01   7.5000000e+01   1.6741143e+00
   6.3606176e+01   7.5000000e+01   1.6741143e+00
   6.3616176e+01   7.5000000e+01   1.6741143e+00
   6.3626176e+01   7.5000000e+01   1.6741143e+00
   6.3636176e+01   7.5000000e+01   1.6741143e+00
   6.3646176e+01   7.5000000e+01   1.6741143e+00
   6.3656176e+01   7.5000000e+01   1.6741143e+00
   6.3666176e+01   7.5000000e+01   1.6741143e+00
   6.3676176e+01   7.5000000e+01   1.6741143e+00
   6.3686176e+01   7.5000000e+01   1.6741143e+00
   6.3696176e+01   7.5000000e+01   1.6741143e+00
   6.3706176e+01   7.5000000e+01   1.6741143e+00
   6.3716176e+01   7.5000000e+01   1.6741143e+00
   6.3726176e+01   7.5000000e+01   1.6741143e+00
   6.3736176e+01   7.5000000e+01   1.6741143e+00
   6.3746176e+01   7.5000000e+01   1.6741143e+00
   6.3756176e+01   7.5000000e+01   1.6741143e+00
   6.3766176e+01   7.5000000e+01   1.6741143e+00
   6.3776176e+01   7.5000000e+01   1.6741143e+00
   6.3786176e+01   7.5000000e+01   1.6741143e+00
   6.3796176e+01   7.5000000e+01   1.6741143e+00
   6.3806176e+01   7.5000000e+01   1.6741143e+00
   6.3816176e+01   7.5000000e+01   1.6741143e+00
   6.3826176e+01   7.5000000e+01   1.6741143e+00
   6.3836176e+01   7.5000000e+01   1.6741143e+00
   6.3846176e+01   7.5000000e+01   1.6741143e+00
   6.3856176e+01   7.5000000e+01   1.6741143e+00
   6.3866176e+01   7.5000000e+01   1.6741143e+00
   6.3876176e+01   7.5000000e+01   1.6741143e+00
   6.3886176e+01   7.5000000e+01   1.6741143e+00
   6.3896176e+01   7.5000000e+01   1.6741143e+00
   6.3906176e+01   7.5000000e+01   1.6741143e+00
   6.3916176e+01   7.5000000e+01   1.6741143e+00
   6.3926176e+01   7.5000000e+01   1.6741143e+00
   6.3936176e+01   7.5000000e+01   1.6741143e+00
   6.3946176e+01   7.5000000e+01   1.6741143e+00
   6.3956176e+01   7.5000000e+01   1.6741143e+00
   6.3966176e+01   7.5000000e+01   1.6741143e+00
   6.3976176e+01   7.5000000e+01   1.6741143e+00
   6.3986176e+01   7.5000000e+01   1.6741143e+00
   6.3996176e+01   7.5000000e+01   1.6741143e+00
   6.4006176e+01   7.5000000e+01   1.6741143e+00
   6.4012956e+01   7.5000000e+01   1.6741143e+00
   6.4012956e+01   7.6000000e+01   1.5748489e+00
   6.4012956e+01   7.6000000e+01   1.5748489e+00
   6.4022956e+01   7.6000000e+01   1.5748489e+00
   6.4032956e+01   7.6000000e+01   1.5748489e+00
   6.4042956e+01   7.6000000e+01   1.5748489e+00
   6.4052956e+01   7.6000000e+01   1.5748489e+00
   6.4062956e+01   7.6000000e+01   1.5748489e+00
   6.4072956e+01   7.6000000e+01   1.5748489e+00
   6.4082956e+01   7.6000000e+01   1.5748489e+00
   6.4092956e+01   7.6000000e+01   1.5748489e+00
   6.4102956e+01   7.6000000e+01   1.5748489e+00
   6.4112956e+01   7.6000000e+01   1.5748489e+00
   6.4122956e+01   7.6000000e+01   1.5748489e+00
   6.4132956e+01   7.6000000e+01   1.5748489e+00
   6.4142956e+01   7.6000000e+01   1.5748489e+00
   6.4152956e+01   7.6000000e+01   1.5748489e+00
   6.4162956e+01   7.6000000e+01   1.5748489e+00
   6.4172956e+01   7.6000000e+01   1.5748489e+00
   6.4182956e+01   7.6000000e+01   1.5748489e+00
   6.4192956e+01   7.6000000e+01   1.5748489e+00
   6.4202956e+01   7.6000000e+01   1.5748489e+00
   6.4212956e+01   7.6000000e+01   1.5748489e+00
   6.4222956e+01   7.6000000e+01   1.5748489e+00
   6.4232956e+01   7.6000000e+01   1.5748489e+00
   6.4242956e+01   7.6000000e+01   1.5748489e+00
   6.4252956e+01   7.6000000e+01   1.5748489e+00
   6.4262956e+01   7.6000000e+01   1.5748489e+00
   6.4272956e+01   7.6000000e+01   1.5748489e+00
   6.4282956e+01   7.6000000e+01   1.5748489e+00
   6.4292956e+01   7.6000000e+01   1.5748489e+00
   6.4302956e+01   7.6000000e+01   1.5748489e+00
   6.4312956e+01   7.6000000e+01   1.5748489e+00
   6.4322956e+01   7.6000000e+01   1.5748489e+00
   6.4332956e+01   7.6000000e+01   1.5748489e+00
   6.4342956e+01   7.6000000e+01   1.5748489e+00
   6.4352956e+01   7.6000000e+01   1.5748489e+00
   6.4362956e+01   7.6000000e+01   1.5748489e+00
   6.4372956e+01   7.6000000e+01   1.5748489e+00
   6.4382956e+01   7.6000000e+01   1.5748489e+00
   6.4392956e+01   7.6000000e+01   1.5748489e+00
   6.4402956e+01   7.6000000e+01   1.5748489e+00
   6.4412956e+01   7.6000000e+01   1.5748489e+00
   6.4422956e+01   7.6000000e+01   1.5748489e+00
   6.4432956e+01   7.6000000e+01   1.5748489e+00
   6.4442956e+01   7.6000000e+01   1.5748489e+00
   6.4452956e+01   7.6000000e+01   1.5748489e+00
   6.4462956e+01   7.6000000e+01   1.5748489e+00
   6.4472956e+01   7.6000000e+01   1.5748489e+00
   6.4482956e+01   7.6000000e+01   1.5748489e+00
   6.4492956e+01   7.6000000e+01   1.5748489e+00
   6.4502956e+01   7.6000000e+01   1.5748489e+00
   6.4512956e+01   7.6000000e+01   1.5748489e+00
   6.4522956e+01   7.6000000e+01   1.5748489e+00
   6.4532956e+01   7.6000000e+01   1.5748489e+00
   6.4542956e+01   7.6000000e+01   1.5748489e+00
   6.4552956e+01   7.6000000e+01   1.5748489e+00
   6.4562956e+01   7.6000000e+01   1.5748489e+00
   6.4572956e+01   7.6000000e+01   1.5748489e+00
   6.4582956e+01   7.6000000e+01   1.5748489e+00
   6.4592956e+01   7.6000000e+01   1.5748489e+00
   6.4602956e+01   7.6000000e+01   1.5748489e+00
   6.4612956e+01   7.6000000e+01   1.5748489e+00
   6.4622956e+01   7.6000000e+01   1.5748489e+00
   6.4632956e+01   7.6000000e+01   1.5748489e+00
   6.4642956e+01   7.6000000e+01   1.5748489e+00
   6.4652956e+01   7.6000000e+01   1.5748489e+00
   6.4662956e+01   7.6000000e+01   1.5748489e+00
   6.4672956e+01   7.6000000e+01   1.5748489e+00
   6.4682956e+01   7.6000000e+01   1.5748489e+00
   6.4692956e+01   7.6000000e+01   1.5748489e+00
   6.4702956e+01   7.6000000e+01   1.5748489e+00
   6.4712956e+01   7.6000000e+01   1.5748489e+00
   6.4722956e+01   7.6000000e+01   1.5748489e+00
   6.4732956e+01   7.6000000e+01   1.5748489e+00
   6.4742956e+01   7.6000000e+01   1.5748489e+00
   6.4752956e+01   7.6000000e+01   1.5748489e+00
   6.4762956e+01   7.6000000e+01   1.5748489e+00
   6.4772956e+01   7.6000000e+01   1.5748489e+00
   6.4782956e+01   7.6000000e+01   1.5748489e+00
   6.4792956e+01   7.6000000e+01   1.5748489e+00
   6.4802956e+01   7.6000000e+01   1.5748489e+00
   6.4812956e+01   7.6000000e+01   1.5748489e+00
   6.4822956e+01   7.6000000e+01   1.5748489e+00
   6.4832956e+01   7.6000000e+01   1.5748489e+00
   6.4842956e+01   7.6000000e+01   1.5748489e+00
   6.4852956e+01   7.6000000e+01   1.5748489e+00
   6.4862956e+01   7.6000000e+01   1.5748489e+00
   6.4872956e+01   7.6000000e+01   1.5748489e+00
   6.4882956e+01   7.6000000e+01   1.5748489e+00
   6.4892956e+01   7.6000000e+01   1.5748489e+00
   6.4902956e+01   7.6000000e+01   1.5748489e+00
   6.4912956e+01   7.6000000e+01   1.5748489e+00
   6.4922956e+01   7.6000000e+01   1.5748489e+00
   6.4932956e+01   7.6000000e+01   1.5748489e+00
   6.4942956e+01   7.6000000e+01   1.5748489e+00
   6.4952956e+01   7.6000000e+01   1.5748489e+00
   6.4962956e+01   7.6000000e+01   1.5748489e+00
   6.4972956e+01   7.6000000e+01   1.5748489e+00
   6.4982956e+01   7.6000000e+01   1.5748489e+00
   6.4992956e+01   7.6000000e+01   1.5748489e+00
   6.5002956e+01   7.6000000e+01   1.5748489e+00
   6.5012956e+01   7.6000000e+01   1.5748489e+00
   6.5022956e+01   7.6000000e+01   1.5748489e+00
   6.5032956e+01   7.6000000e+01   1.5748489e+00
   6.5042956e+01   7.6000000e+01   1.5748489e+00
   6.5052956e+01   7.6000000e+01   1.5748489e+00
   6.5062956e+01   7.6000000e+01   1.5748489e+00
   6.5072956e+01   7.6000000e+01   1.5748489e+00
   6.5082956e+01   7.6000000e+01   1.5748489e+00
   6.5092956e+01   7.6000000e+01   1.5748489e+00
   6.5102956e+01   7.6000000e+01   1.5748489e+00
   6.5112956e+01   7.6000000e+01   1.5748489e+00
   6.5122956e+01   7.6000000e+01   1.5748489e+00
   6.5132956e+01   7.6000000e+01   1.5748489e+00
   6.5142956e+01   7.6000000e+01   1.5748489e+00
   6.5152956e+01   7.6000000e+01   1.5748489e+00
   6.5162956e+01   7.6000000e+01   1.5748489e+00
   6.5172956e+01   7.6000000e+01   1.5748489e+00
   6.5182956e+01   7.6000000e+01   1.5748489e+00
   6.5192956e+01   7.6000000e+01   1.5748489e+00
   6.5202956e+01   7.6000000e+01   1.5748489e+00
   6.5212956e+01   7.6000000e+01   1.5748489e+00
   6.5222956e+01   7.6000000e+01   1.5748489e+00
   6.5232956e+01   7.6000000e+01   1.5748489e+00
   6.5242956e+01   7.6000000e+01   1.5748489e+00
   6.5252956e+01   7.6000000e+01   1.5748489e+00
   6.5262956e+01   7.6000000e+01   1.5748489e+00
   6.5272956e+01   7.6000000e+01   1.5748489e+00
   6.5282956e+01   7.6000000e+01   1.5748489e+00
   6.5292956e+01   7.6000000e+01   1.5748489e+00
   6.5302956e+01   7.6000000e+01   1.5748489e+00
   6.5312956e+01   7.6000000e+01   1.5748489e+00
   6.5322956e+01   7.6000000e+01   1.5748489e+00
   6.5332956e+01   7.6000000e+01   1.5748489e+00
   6.5342956e+01   7.6000000e+01   1.5748489e+00
   6.5352956e+01   7.6000000e+01   1.5748489e+00
   6.5362956e+01   7.6000000e+01   1.5748489e+00
   6.5365132e+01   7.6000000e+01   1.5748489e+00
   6.5365132e+01   7.7000000e+01   1.4734407e+00
   6.5365132e+01   7.7000000e+01   1.4734407e+00
   6.5375132e+01   7.7000000e+01   1.4734407e+00
   6.5385132e+01   7.7000000e+01   1.4734407e+00
   6.5395132e+01   7.7000000e+01   1.4734407e+00
   6.5405132e+01   7.7000000e+01   1.4734407e+00
   6.5415132e+01   7.7000000e+01   1.4734407e+00
   6.5425132e+01   7.7000000e+01   1.4734407e+00
   6.5435132e+01   7.7000000e+01   1.4734407e+00
   6.5445132e+01   7.7000000e+01   1.4734407e+00
   6.5455132e+01   7.7000000e+01   1.4734407e+00
   6.5465132e+01   7.7000000e+01   1.4734407e+00
   6.5475132e+01   7.7000000e+01   1.4734407e+00
   6.5485132e+01   7.7000000e+01   1.4734407e+00
   6.5495132e+01   7.7000000e+01   1.4734407e+00
   6.5505132e+01   7.7000000e+01   1.4734407e+00
   6.5515132e+01   7.7000000e+01   1.4734407e+00
   6.5525132e+01   7.7000000e+01   1.4734407e+00
   6.5535132e+01   7.7000000e+01   1.4734407e+00
   6.5545132e+01   7.7000000e+01   1.4734407e+00
   6.5555132e+01   7.7000000e+01   1.4734407e+00
   6.5565132e+01   7.7000000e+01   1.4734407e+00
   6.5575132e+01   7.7000000e+01   1.4734407e+00
   6.5585132e+01   7.7000000e+01   1.4734407e+00
   6.5595132e+01   7.7000000e+01   1.4734407e+00
   6.5605132e+01   7.7000000e+01   1.4734407e+00
   6.5615132e+01   7.7000000e+01   1.4734407e+00
   6.5625132e+01   7.7000000e+01   1.4734407e+00
   6.5635132e+01   7.7000000e+01   1.4734407e+00
   6.5645132e+01   7.7000000e+01   1.4734407e+00
   6.5655132e+01   7.7000000e+01   1.4734407e+00
   6.5665132e+01   7.7000000e+01   1.4734407e+00
   6.5675132e+01   7.7000000e+01   1.4734407e+00
   6.5685132e+01   7.7000000e+01   1.4734407e+00
   6.5695132e+01   7.7000000e+01   1.4734407e+00
   6.5705132e+01   7.7000000e+01   1.4734407e+00
   6.5715132e+01   7.7000000e+01   1.4734407e+00
   6.5725132e+01   7.7000000e+01   1.4734407e+00
   6.5735132e+01   7.7000000e+01   1.4734407e+00
   6.5745132e+01   7.7000000e+01   1.4734407e+00
   6.5755132e+01   7.7000000e+01   1.4734407e+00
   6.5765132e+01   7.7000000e+01   1.4734407e+00
   6.5775132e+01   7.7000000e+01   1.4734407e+00
   6.5785132e+01   7.7000000e+01   1.4734407e+00
   6.5795132e+01   7.7000000e+01   1.4734407e+00
   6.5805132e+01   7.7000000e+01   1.4734407e+00
   6.5815132e+01   7.7000000e+01   1.4734407e+00
   6.5825132e+01   7.7000000e+01   1.4734407e+00
   6.5835132e+01   7.7000000e+01   1.4734407e+00
   6.5845132e+01   7.7000000e+01   1.4734407e+00
   6.5855132e+01   7.7000000e+01   1.4734407e+00
   6.5865132e+01   7.7000000e+01   1.4734407e+00
   6.5875132e+01   7.7000000e+01   1.4734407e+00
   6.5885132e+01   7.7000000e+01   1.4734407e+00
   6.5895132e+01   7.7000000e+01   1.4734407e+00
   6.5905132e+01   7.7000000e+01   1.4734407e+00
   6.5915132e+01   7.7000000e+01   1.4734407e+00
   6.5925132e+01   7.7000000e+01   1.4734407e+00
   6.5935132e+01   7.7000000e+01   1.4734407e+00
   6.5945132e+01   7.7000000e+01   1.4734407e+00
   6.5955132e+01   7.7000000e+01   1.4734407e+00
   6.5965132e+01   7.7000000e+01   1.4734407e+00
   6.5975132e+01   7.7000000e+01   1.4734407e+00
   6.5985132e+01   7.7000000e+01   1.4734407e+00
   6.5995132e+01   7.7000000e+01   1.4734407e+00
   6.6005132e+01   7.7000000e+01   1.4734407e+00
   6.6015132e+01   7.7000000e+01   1.4734407e+00
   6.6025132e+01   7.7000000e+01   1.4734407e+00
   6.6035132e+01   7.7000000e+01   1.4734407e+00
   6.6045132e+01   7.7000000e+01   1.4734407e+00
   6.6055132e+01   7.7000000e+01   1.4734407e+00
   6.6065132e+01   7.7000000e+01   1.4734407e+00
   6.6075132e+01   7.7000000e+01   1.4734407e+00
   6.6085132e+01   7.7000000e+01   1.4734407e+00
   6.6095132e+01   7.7000000e+01   1.4734407e+00
   6.6105132e+01   7.7000000e+01   1.4734407e+00
   6.6115132e+01   7.7000000e+01   1.4734407e+00
   6.6125132e+01   7.7000000e+01   1.4734407e+00
   6.6135132e+01   7.7000000e+01   1.4734407e+00
   6.6145132e+01   7.7000000e+01   1.4734407e+00
   6.6155132e+01   7.7000000e+01   1.4734407e+00
   6.6165132e+01   7.7000000e+01   1.4734407e+00
   6.6175132e+01   7.7000000e+01   1.4734407e+00
   6.6185132e+01   7.7000000e+01   1.4734407e+00
   6.6195132e+01   7.7000000e+01   1.4734407e+00
   6.6205132e+01   7.7000000e+01   1.4734407e+00
   6.6215132e+01   7.7000000e+01   1.4734407e+00
   6.6225132e+01   7.7000000e+01   1.4734407e+00
   6.6235132e+01   7.7000000e+01   1.4734407e+00
   6.6245132e+01   7.7000000e+01   1.4734407e+00
   6.6255132e+01   7.7000000e+01   1.4734407e+00
   6.6265132e+01   7.7000000e+01   1.4734407e+00
   6.6275132e+01   7.7000000e+01   1.4734407e+00
   6.6285132e+01   7.7000000e+01   1.4734407e+00
   6.6295132e+01   7.7000000e+01   1.4734407e+00
   6.6305132e+01   7.7000000e+01   1.4734407e+00
   6.6315132e+01   7.7000000e+01   1.4734407e+00
   6.6325132e+01   7.7000000e+01   1.4734407e+00
   6.6335132e+01   7.7000000e+01   1.4734407e+00
   6.6345132e+01   7.7000000e+01   1.4734407e+00
   6.6355132e+01   7.7000000e+01   1.4734407e+00
   6.6365132e+01   7.7000000e+01   1.4734407e+00
   6.6375132e+01   7.7000000e+01   1.4734407e+00
   6.6385132e+01   7.7000000e+01   1.4734407e+00
   6.6395132e+01   7.7000000e+01   1.4734407e+00
   6.6405132e+01   7.7000000e+01   1.4734407e+00
   6.6415132e+01   7.7000000e+01   1.4734407e+00
   6.6425132e+01   7.7000000e+01   1.4734407e+00
   6.6435132e+01   7.7000000e+01   1.4734407e+00
   6.6445132e+01   7.7000000e+01   1.4734407e+00
   6.6455132e+01   7.7000000e+01   1.4734407e+00
   6.6465132e+01   7.7000000e+01   1.4734407e+00
   6.6475132e+01   7.7000000e+01   1.4734407e+00
   6.6485132e+01   7.7000000e+01   1.4734407e+00
   6.6495132e+01   7.7000000e+01   1.4734407e+00
   6.6505132e+01   7.7000000e+01   1.4734407e+00
   6.6515132e+01   7.7000000e+01   1.4734407e+00
   6.6525132e+01   7.7000000e+01   1.4734407e+00
   6.6535132e+01   7.7000000e+01   1.4734407e+00
   6.6545132e+01   7.7000000e+01   1.4734407e+00
   6.6555132e+01   7.7000000e+01   1.4734407e+00
   6.6565132e+01   7.7000000e+01   1.4734407e+00
   6.6575132e+01   7.7000000e+01   1.4734407e+00
   6.6585132e+01   7.7000000e+01   1.4734407e+00
   6.6595132e+01   7.7000000e+01   1.4734407e+00
   6.6605132e+01   7.7000000e+01   1.4734407e+00
   6.6615132e+01   7.7000000e+01   1.4734407e+00
   6.6625132e+01   7.7000000e+01   1.4734407e+00
   6.6635132e+01   7.7000000e+01   1.4734407e+00
   6.6645132e+01   7.7000000e+01   1.4734407e+00
   6.6655132e+01   7.7000000e+01   1.4734407e+00
   6.6665132e+01   7.7000000e+01   1.4734407e+00
   6.6675132e+01   7.7000000e+01   1.4734407e+00
   6.6685132e+01   7.7000000e+01   1.4734407e+00
   6.6695132e+01   7.7000000e+01   1.4734407e+00
   6.6705132e+01   7.7000000e+01   1.4734407e+00
   6.6715132e+01   7.7000000e+01   1.4734407e+00
   6.6722325e+01   7.7000000e+01   1.4734407e+00
   6.6722325e+01   7.8000000e+01   1.3699464e+00
   6.6722325e+01   7.8000000e+01   1.3699464e+00
   6.6732325e+01   7.8000000e+01   1.3699464e+00
   6.6742325e+01   7.8000000e+01   1.3699464e+00
   6.6752325e+01   7.8000000e+01   1.3699464e+00
   6.6762325e+01   7.8000000e+01   1.3699464e+00
   6.6772325e+01   7.8000000e+01   1.3699464e+00
   6.6782325e+01   7.8000000e+01   1.3699464e+00
   6.6792325e+01   7.8000000e+01   1.3699464e+00
   6.6802325e+01   7.8000000e+01   1.3699464e+00
   6.6812325e+01   7.8000000e+01   1.3699464e+00
   6.6822325e+01   7.8000000e+01   1.3699464e+00
   6.6832325e+01   7.8000000e+01   1.3699464e+00
   6.6842325e+01   7.8000000e+01   1.3699464e+00
   6.6852325e+01   7.8000000e+01   1.3699464e+00
   6.6862325e+01   7.8000000e+01   1.3699464e+00
   6.6872325e+01   7.8000000e+01   1.3699464e+00
   6.6882325e+01   7.8000000e+01   1.3699464e+00
   6.6892325e+01   7.8000000e+01   1.3699464e+00
   6.6902325e+01   7.8000000e+01   1.3699464e+00
   6.6912325e+01   7.8000000e+01   1.3699464e+00
   6.6922325e+01   7.8000000e+01   1.3699464e+00
   6.6932325e+01   7.8000000e+01   1.3699464e+00
   6.6942325e+01   7.8000000e+01   1.3699464e+00
   6.6952325e+01   7.8000000e+01   1.3699464e+00
   6.6962325e+01   7.8000000e+01   1.3699464e+00
   6.6972325e+01   7.8000000e+01   1.3699464e+00
   6.6982325e+01   7.8000000e+01   1.3699464e+00
   6.6992325e+01   7.8000000e+01   1.3699464e+00
   6.7002325e+01   7.8000000e+01   1.3699464e+00
   6.7012325e+01   7.8000000e+01   1.3699464e+00
   6.7022325e+01   7.8000000e+01   1.3699464e+00
   6.7032325e+01   7.8000000e+01   1.3699464e+00
   6.7042325e+01   7.8000000e+01   1.3699464e+00
   6.7052325e+01   7.8000000e+01   1.3699464e+00
   6.7062325e+01   7.8000000e+01   1.3699464e+00
   6.7072325e+01   7.8000000e+01   1.3699464e+00
   6.7082325e+01   7.8000000e+01   1.3699464e+00
   6.7092325e+01   7.8000000e+01   1.3699464e+00
   6.7102325e+01   7.8000000e+01   1.3699464e+00
   6.7112325e+01   7.8000000e+01   1.3699464e+00
   6.7122325e+01   7.8000000e+01   1.3699464e+00
   6.7132325e+01   7.8000000e+01   1.3699464e+00
   6.7142325e+01   7.8000000e+01   1.3699464e+00
   6.7152325e+01   7.8000000e+01   1.3699464e+00
   6.7162325e+01   7.8000000e+01   1.3699464e+00
   6.7172325e+01   7.8000000e+01   1.3699464e+00
   6.7182325e+01   7.8000000e+01   1.3699464e+00
   6.7192325e+01   7.8000000e+01   1.3699464e+00
   6.7202325e+01   7.8000000e+01   1.3699464e+00
   6.7212325e+01   7.8000000e+01   1.3699464e+00
   6.7222325e+01   7.8000000e+01   1.3699464e+00
   6.7232325e+01   7.8000000e+01   1.3699464e+00
   6.7242325e+01   7.8000000e+01   1.3699464e+00
   6.7252325e+01   7.8000000e+01   1.3699464e+00
   6.7262325e+01   7.8000000e+01   1.3699464e+00
   6.7272325e+01   7.8000000e+01   1.3699464e+00
   6.7282325e+01   7.8000000e+01   1.3699464e+00
   6.7292325e+01   7.8000000e+01   1.3699464e+00
   6.7302325e+01   7.8000000e+01   1.3699464e+00
   6.7312325e+01   7.8000000e+01   1.3699464e+00
   6.7322325e+01   7.8000000e+01   1.3699464e+00
   6.7332325e+01   7.8000000e+01   1.3699464e+00
   6.7342325e+01   7.8000000e+01   1.3699464e+00
   6.7352325e+01   7.8000000e+01   1.3699464e+00
   6.7362325e+01   7.8000000e+01   1.3699464e+00
   6.7372325e+01   7.8000000e+01   1.3699464e+00
   6.7382325e+01   7.8000000e+01   1.3699464e+00
   6.7392325e+01   7.8000000e+01   1.3699464e+00
   6.7402325e+01   7.8000000e+01   1.3699464e+00
   6.7412325e+01   7.8000000e+01   1.3699464e+00
   6.7422325e+01   7.8000000e+01   1.3699464e+00
   6.7432325e+01   7.8000000e+01   1.3699464e+00
   6.7442325e+01   7.8000000e+01   1.3699464e+00
   6.7452325e+01   7.8000000e+01   1.3699464e+00
   6.7462325e+01   7.8000000e+01   1.3699464e+00
   6.7472325e+01   7.8000000e+01   1.3699464e+00
   6.7482325e+01   7.8000000e+01   1.3699464e+00
   6.7492325e+01   7.8000000e+01   1.3699464e+00
   6.7502325e+01   7.8000000e+01   1.3699464e+00
   6.7512325e+01   7.8000000e+01   1.3699464e+00
   6.7522325e+01   7.8000000e+01   1.3699464e+00
   6.7532325e+01   7.8000000e+01   1.3699464e+00
   6.7542325e+01   7.8000000e+01   1.3699464e+00
   6.7552325e+01   7.8000000e+01   1.3699464e+00
   6.7562325e+01   7.8000000e+01   1.3699464e+00
   6.7572325e+01   7.8000000e+01   1.3699464e+00
   6.7582325e+01   7.8000000e+01   1.3699464e+00
   6.7592325e+01   7.8000000e+01   1.3699464e+00
   6.7602325e+01   7.8000000e+01   1.3699464e+00
   6.7612325e+01   7.8000000e+01   1.3699464e+00
   6.7622325e+01   7.8000000e+01   1.3699464e+00
   6.7632325e+01   7.8000000e+01   1.3699464e+00
   6.7642325e+01   7.8000000e+01   1.3699464e+00
   6.7652325e+01   7.8000000e+01   1.3699464e+00
   6.7662325e+01   7.8000000e+01   1.3699464e+00
   6.7672325e+01   7.8000000e+01   1.3699464e+00
   6.7682325e+01   7.8000000e+01   1.3699464e+00
   6.7692325e+01   7.8000000e+01   1.3699464e+00
   6.7702325e+01   7.8000000e+01   1.3699464e+00
   6.7712325e+01   7.8000000e+01   1.3699464e+00
   6.7722325e+01   7.8000000e+01   1.3699464e+00
   6.7732325e+01   7.8000000e+01   1.3699464e+00
   6.7742325e+01   7.8000000e+01   1.3699464e+00
   6.7752325e+01   7.8000000e+01   1.3699464e+00
   6.7762325e+01   7.8000000e+01   1.3699464e+00
   6.7772325e+01   7.8000000e+01   1.3699464e+00
   6.7782325e+01   7.8000000e+01   1.3699464e+00
   6.7792325e+01   7.8000000e+01   1.3699464e+00
   6.7802325e+01   7.8000000e+01   1.3699464e+00
   6.7812325e+01   7.8000000e+01   1.3699464e+00
   6.7822325e+01   7.8000000e+01   1.3699464e+00
   6.7832325e+01   7.8000000e+01   1.3699464e+00
   6.7842325e+01   7.8000000e+01   1.3699464e+00
   6.7852325e+01   7.8000000e+01   1.3699464e+00
   6.7862325e+01   7.8000000e+01   1.3699464e+00
   6.7872325e+01   7.8000000e+01   1.3699464e+00
   6.7882325e+01   7.8000000e+01   1.3699464e+00
   6.7892325e+01   7.8000000e+01   1.3699464e+00
   6.7902325e+01   7.8000000e+01   1.3699464e+00
   6.7912325e+01   7.8000000e+01   1.3699464e+00
   6.7922325e+01   7.8000000e+01   1.3699464e+00
   6.7932325e+01   7.8000000e+01   1.3699464e+00
   6.7942325e+01   7.8000000e+01   1.3699464e+00
   6.7952325e+01   7.8000000e+01   1.3699464e+00
   6.7962325e+01   7.8000000e+01   1.3699464e+00
   6.7972325e+01   7.8000000e+01   1.3699464e+00
   6.7982325e+01   7.8000000e+01   1.3699464e+00
   6.7992325e+01   7.8000000e+01   1.3699464e+00
   6.8002325e+01   7.8000000e+01   1.3699464e+00
   6.8012325e+01   7.8000000e+01   1.3699464e+00
   6.8022325e+01   7.8000000e+01   1.3699464e+00
   6.8032325e+01   7.8000000e+01   1.3699464e+00
   6.8042325e+01   7.8000000e+01   1.3699464e+00
   6.8052325e+01   7.8000000e+01   1.3699464e+00
   6.8062325e+01   7.8000000e+01   1.3699464e+00
   6.8072325e+01   7.8000000e+01   1.3699464e+00
   6.8082325e+01   7.8000000e+01   1.3699464e+00
   6.8084150e+01   7.8000000e+01   1.3699464e+00
   6.8084150e+01   7.9000000e+01   1.2644302e+00
   6.8084150e+01   7.9000000e+01   1.2644302e+00
   6.8094150e+01   7.9000000e+01   1.2644302e+00
   6.8104150e+01   7.9000000e+01   1.2644302e+00
   6.8114150e+01   7.9000000e+01   1.2644302e+00
   6.8124150e+01   7.9000000e+01   1.2644302e+00
   6.8134150e+01   7.9000000e+01   1.2644302e+00
   6.8144150e+01   7.9000000e+01   1.2644302e+00
   6.8154150e+01   7.9000000e+01   1.2644302e+00
   6.8164150e+01   7.9000000e+01   1.2644302e+00
   6.8174150e+01   7.9000000e+01   1.2644302e+00
   6.8184150e+01   7.9000000e+01   1.2644302e+00
   6.8194150e+01   7.9000000e+01   1.2644302e+00
   6.8204150e+01   7.9000000e+01   1.2644302e+00
   6.8214150e+01   7.9000000e+01   1.2644302e+00
   6.8224150e+01   7.9000000e+01   1.2644302e+00
   6.8234150e+01   7.9000000e+01   1.2644302e+00
   6.8244150e+01   7.9000000e+01   1.2644302e+00
   6.8254150e+01   7.9000000e+01   1.2644302e+00
   6.8264150e+01   7.9000000e+01   1.2644302e+00
   6.8274150e+01   7.9000000e+01   1.2644302e+00
   6.8284150e+01   7.9000000e+01   1.2644302e+00
   6.8294150e+01   7.9000000e+01   1.2644302e+00
   6.8304150e+01   7.9000000e+01   1.2644302e+00
   6.8314150e+01   7.9000000e+01   1.2644302e+00
   6.8324150e+01   7.9000000e+01   1.2644302e+00
   6.8334150e+01   7.9000000e+01   1.2644302e+00
   6.8344150e+01   7.9000000e+01   1.2644302e+00
   6.8354150e+01   7.9000000e+01   1.2644302e+00
   6.8364150e+01   7.9000000e+01   1.2644302e+00
   6.8374150e+01   7.9000000e+01   1.2644302e+00
   6.8384150e+01   7.9000000e+01   1.2644302e+00
   6.8394150e+01   7.9000000e+01   1.2644302e+00
   6.8404150e+01   7.9000000e+01   1.2644302e+00
   6.8414150e+01   7.9000000e+01   1.2644302e+00
   6.8424150e+01   7.9000000e+01   1.2644302e+00
   6.8434150e+01   7.9000000e+01   1.2644302e+00
   6.8444150e+01   7.9000000e+01   1.2644302e+00
   6.8454150e+01   7.9000000e+01   1.2644302e+00
   6.8464150e+01   7.9000000e+01   1.2644302e+00
   6.8474150e+01   7.9000000e+01   1.2644302e+00
   6.8484150e+01   7.9000000e+01   1.2644302e+00
   6.8494150e+01   7.9000000e+01   1.2644302e+00
   6.8504150e+01   7.9000000e+01   1.2644302e+00
   6.8514150e+01   7.9000000e+01   1.2644302e+00
   6.8524150e+01   7.9000000e+01   1.2644302e+00
   6.8534150e+01   7.9000000e+01   1.2644302e+00
   6.8544150e+01   7.9000000e+01   1.2644302e+00
   6.8554150e+01   7.9000000e+01   1.2644302e+00
   6.8564150e+01   7.9000000e+01   1.2644302e+00
   6.8574150e+01   7.9000000e+01   1.2644302e+00
   6.8584150e+01   7.9000000e+01   1.2644302e+00
   6.8594150e+01   7.9000000e+01   1.2644302e+00
   6.8604150e+01   7.9000000e+01   1.2644302e+00
   6.8614150e+01   7.9000000e+01   1.2644302e+00
   6.8624150e+01   7.9000000e+01   1.2644302e+00
   6.8634150e+01   7.9000000e+01   1.2644302e+00
   6.8644150e+01   7.9000000e+01   1.2644302e+00
   6.8654150e+01   7.9000000e+01   1.2644302e+00
   6.8664150e+01   7.9000000e+01   1.2644302e+00
   6.8674150e+01   7.9000000e+01   1.2644302e+00
   6.8684150e+01   7.9000000e+01   1.2644302e+00
   6.8694150e+01   7.9000000e+01   1.2644302e+00
   6.8704150e+01   7.9000000e+01   1.2644302e+00
   6.8714150e+01   7.9000000e+01   1.2644302e+00
   6.8724150e+01   7.9000000e+01   1.2644302e+00
   6.8734150e+01   7.9000000e+01   1.2644302e+00
   6.8744150e+01   7.9000000e+01   1.2644302e+00
   6.8754150e+01   7.9000000e+01   1.2644302e+00
   6.8764150e+01   7.9000000e+01   1.2644302e+00
   6.8774150e+01   7.9000000e+01   1.2644302e+00
   6.8784150e+01   7.9000000e+01   1.2644302e+00
   6.8794150e+01   7.9000000e+01   1.2644302e+00
   6.8804150e+01   7.9000000e+01   1.2644302e+00
   6.8814150e+01   7.9000000e+01   1.2644302e+00
   6.8824150e+01   7.9000000e+01   1.2644302e+00
   6.8834150e+01   7.9000000e+01   1.2644302e+00
   6.8844150e+01   7.9000000e+01   1.2644302e+00
   6.8854150e+01   7.9000000e+01   1.2644302e+00
   6.8864150e+01   7.9000000e+01   1.2644302e+00
   6.8874150e+01   7.9000000e+01   1.2644302e+00
   6.8884150e+01   7.9000000e+01   1.2644302e+00
   6.8894150e+01   7.9000000e+01   1.2644302e+00
   6.8904150e+01   7.9000000e+01   1.2644302e+00
   6.8914150e+01   7.9000000e+01   1.2644302e+00
   6.8924150e+01   7.9000000e+01   1.2644302e+00
   6.8934150e+01   7.9000000e+01   1.2644302e+00
   6.8944150e+01   7.9000000e+01   1.2644302e+00
   6.8954150e+01   7.9000000e+01   1.2644302e+00
   6.8964150e+01   7.9000000e+01   1.2644302e+00
   6.8974150e+01   7.9000000e+01   1.2644302e+00
   6.8984150e+01   7.9000000e+01   1.2644302e+00
   6.8994150e+01   7.9000000e+01   1.2644302e+00
   6.9004150e+01   7.9000000e+01   1.2644302e+00
   6.9014150e+01   7.9000000e+01   1.2644302e+00
   6.9024150e+01   7.9000000e+01   1.2644302e+00
   6.9034150e+01   7.9000000e+01   1.2644302e+00
   6.9044150e+01   7.9000000e+01   1.2644302e+00
   6.9054150e+01   7.9000000e+01   1.2644302e+00
   6.9064150e+01   7.9000000e+01   1.2644302e+00
   6.9074150e+01   7.9000000e+01   1.2644302e+00
   6.9084150e+01   7.9000000e+01   1.2644302e+00
   6.9094150e+01   7.9000000e+01   1.2644302e+00
   6.9104150e+01   7.9000000e+01   1.2644302e+00
   6.9114150e+01   7.9000000e+01   1.2644302e+00
   6.9124150e+01   7.9000000e+01   1.2644302e+00
   6.9134150e+01   7.9000000e+01   1.2644302e+00
   6.9144150e+01   7.9000000e+01   1.2644302e+00
   6.9154150e+01   7.9000000e+01   1.2644302e+00
   6.9164150e+01   7.9000000e+01   1.2644302e+00
   6.9174150e+01   7.9000000e+01   1.2644302e+00
   6.9184150e+01   7.9000000e+01   1.2644302e+00
   6.9194150e+01   7.9000000e+01   1.2644302e+00
   6.9204150e+01   7.9000000e+01   1.2644302e+00
   6.9214150e+01   7.9000000e+01   1.2644302e+00
   6.9224150e+01   7.9000000e+01   1.2644302e+00
   6.9234150e+01   7.9000000e+01   1.2644302e+00
   6.9244150e+01   7.9000000e+01   1.2644302e+00
   6.9254150e+01   7.9000000e+01   1.2644302e+00
   6.9264150e+01   7.9000000e+01   1.2644302e+00
   6.9274150e+01   7.9000000e+01   1.2644302e+00
   6.9284150e+01   7.9000000e+01   1.2644302e+00
   6.9294150e+01   7.9000000e+01   1.2644302e+00
   6.9304150e+01   7.9000000e+01   1.2644302e+00
   6.9314150e+01   7.9000000e+01   1.2644302e+00
   6.9324150e+01   7.9000000e+01   1.2644302e+00
   6.9334150e+01   7.9000000e+01   1.2644302e+00
   6.9344150e+01   7.9000000e+01   1.2644302e+00
   6.9354150e+01   7.9000000e+01   1.2644302e+00
   6.9364150e+01   7.9000000e+01   1.2644302e+00
   6.9374150e+01   7.9000000e+01   1.2644302e+00
   6.9384150e+01   7.9000000e+01   1.2644302e+00
   6.9394150e+01   7.9000000e+01   1.2644302e+00
   6.9404150e+01   7.9000000e+01   1.2644302e+00
   6.9414150e+01   7.9000000e+01   1.2644302e+00
   6.9424150e+01   7.9000000e+01   1.2644302e+00
   6.9434150e+01   7.9000000e+01   1.2644302e+00
   6.9444150e+01   7.9000000e+01   1.2644302e+00
   6.9450218e+01   7.9000000e+01   1.2644302e+00
   6.9450218e+01   8.0000000e+01   1.1569646e+00
   6.9450218e+01   8.0000000e+01   1.1569646e+00
   6.9460218e+01   8.0000000e+01   1.1569646e+00
   6.9470218e+01   8.0000000e+01   1.1569646e+00
   6.9480218e+01   8.0000000e+01   1.1569646e+00
   6.9490218e+01   8.0000000e+01   1.1569646e+00
   6.9500218e+01   8.0000000e+01   1.1569646e+00
   6.9510218e+01   8.0000000e+01   1.1569646e+00
   6.9520218e+01   8.0000000e+01   1.1569646e+00
   6.9530218e+01   8.0000000e+01   1.1569646e+00
   6.9540218e+01   8.0000000e+01   1.1569646e+00
   6.9550218e+01   8.0000000e+01   1.1569646e+00
   6.9560218e+01   8.0000000e+01   1.1569646e+00
   6.9570218e+01   8.0000000e+01   1.1569646e+00
   6.9580218e+01   8.0000000e+01   1.1569646e+00
   6.9590218e+01   8.0000000e+01   1.1569646e+00
   6.9600218e+01   8.0000000e+01   1.1569646e+00
   6.9610218e+01   8.0000000e+01   1.1569646e+00
   6.9620218e+01   8.0000000e+01   1.1569646e+00
   6.9630218e+01   8.0000000e+01   1.1569646e+00
   6.9640218e+01   8.0000000e+01   1.1569646e+00
   6.9650218e+01   8.0000000e+01   1.1569646e+00
   6.9660218e+01   8.0000000e+01   1.1569646e+00
   6.9670218e+01   8.0000000e+01   1.1569646e+00
   6.9680218e+01   8.0000000e+01   1.1569646e+00
   6.9690218e+01   8.0000000e+01   1.1569646e+00
   6.9700218e+01   8.0000000e+01   1.1569646e+00
   6.9710218e+01   8.0000000e+01   1.1569646e+00
   6.9720218e+01   8.0000000e+01   1.1569646e+00
   6.9730218e+01   8.0000000e+01   1.1569646e+00
   6.9740218e+01   8.0000000e+01   1.1569646e+00
   6.9750218e+01   8.0000000e+01   1.1569646e+00
   6.9760218e+01   8.0000000e+01   1.1569646e+00
   6.9770218e+01   8.0000000e+01   1.1569646e+00
   6.9780218e+01   8.0000000e+01   1.1569646e+00
   6.9790218e+01   8.0000000e+01   1.1569646e+00
   6.9800218e+01   8.0000000e+01   1.1569646e+00
   6.9810218e+01   8.0000000e+01   1.1569646e+00
   6.9820218e+01   8.0000000e+01   1.1569646e+00
   6.9830218e+01   8.0000000e+01   1.1569646e+00
   6.9840218e+01   8.0000000e+01   1.1569646e+00
   6.9850218e+01   8.0000000e+01   1.1569646e+00
   6.9860218e+01   8.0000000e+01   1.1569646e+00
   6.9870218e+01   8.0000000e+01   1.1569646e+00
   6.9880218e+01   8.0000000e+01   1.1569646e+00
   6.9890218e+01   8.0000000e+01   1.1569646e+00
   6.9900218e+01   8.0000000e+01   1.1569646e+00
   6.9910218e+01   8.0000000e+01   1.1569646e+00
   6.9920218e+01   8.0000000e+01   1.1569646e+00
   6.9930218e+01   8.0000000e+01   1.1569646e+00
   6.9940218e+01   8.0000000e+01   1.1569646e+00
   6.9950218e+01   8.0000000e+01   1.1569646e+00
   6.9960218e+01   8.0000000e+01   1.1569646e+00
   6.9970218e+01   8.0000000e+01   1.1569646e+00
   6.9980218e+01   8.0000000e+01   1.1569646e+00
   6.9990218e+01   8.0000000e+01   1.1569646e+00
   7.0000218e+01   8.0000000e+01   1.1569646e+00
   7.0010218e+01   8.0000000e+01   1.1569646e+00
   7.0020218e+01   8.0000000e+01   1.1569646e+00
   7.0030218e+01   8.0000000e+01   1.1569646e+00
   7.0040218e+01   8.0000000e+01   1.1569646e+00
   7.0050218e+01   8.0000000e+01   1.1569646e+00
   7.0060218e+01   8.0000000e+01   1.1569646e+00
   7.0070218e+01   8.0000000e+01   1.1569646e+00
   7.0080218e+01   8.0000000e+01   1.1569646e+00
   7.0090218e+01   8.0000000e+01   1.1569646e+00
   7.0100218e+01   8.0000000e+01   1.1569646e+00
   7.0110218e+01   8.0000000e+01   1.1569646e+00
   7.0120218e+01   8.0000000e+01   1.1569646e+00
   7.0130218e+01   8.0000000e+01   1.1569646e+00
   7.0140218e+01   8.0000000e+01   1.1569646e+00
   7.0150218e+01   8.0000000e+01   1.1569646e+00
   7.0160218e+01   8.0000000e+01   1.1569646e+00
   7.0170218e+01   8.0000000e+01   1.1569646e+00
   7.0180218e+01   8.0000000e+01   1.1569646e+00
   7.0190218e+01   8.0000000e+01   1.1569646e+00
   7.0200218e+01   8.0000000e+01   1.1569646e+00
   7.0210218e+01   8.0000000e+01   1.1569646e+00
   7.0220218e+01   8.0000000e+01   1.1569646e+00
   7.0230218e+01   8.0000000e+01   1.1569646e+00
   7.0240218e+01   8.0000000e+01   1.1569646e+00
   7.0250218e+01   8.0000000e+01   1.1569646e+00
   7.0260218e+01   8.0000000e+01   1.1569646e+00
   7.0270218e+01   8.0000000e+01   1.1569646e+00
   7.0280218e+01   8.0000000e+01   1.1569646e+00
   7.0290218e+01   8.0000000e+01   1.1569646e+00
   7.0300218e+01   8.0000000e+01   1.1569646e+00
   7.0310218e+01   8.0000000e+01   1.1569646e+00
   7.0320218e+01   8.0000000e+01   1.1569646e+00
   7.0330218e+01   8.0000000e+01   1.1569646e+00
   7.0340218e+01   8.0000000e+01   1.1569646e+00
   7.0350218e+01   8.0000000e+01   1.1569646e+00
   7.0360218e+01   8.0000000e+01   1.1569646e+00
   7.0370218e+01   8.0000000e+01   1.1569646e+00
   7.0380218e+01   8.0000000e+01   1.1569646e+00
   7.0390218e+01   8.0000000e+01   1.1569646e+00
   7.0400218e+01   8.0000000e+01   1.1569646e+00
   7.0410218e+01   8.0000000e+01   1.1569646e+00
   7.0420218e+01   8.0000000e+01   1.1569646e+00
   7.0430218e+01   8.0000000e+01   1.1569646e+00
   7.0440218e+01   8.0000000e+01   1.1569646e+00
   7.0450218e+01   8.0000000e+01   1.1569646e+00
   7.0460218e+01   8.0000000e+01   1.1569646e+00
   7.0470218e+01   8.0000000e+01   1.1569646e+00
   7.0480218e+01   8.0000000e+01   1.1569646e+00
   7.0490218e+01   8.0000000e+01   1.1569646e+00
   7.0500218e+01   8.0000000e+01   1.1569646e+00
   7.0510218e+01   8.0000000e+01   1.1569646e+00
   7.0520218e+01   8.0000000e+01   1.1569646e+00
   7.0530218e+01   8.0000000e+01   1.1569646e+00
   7.0540218e+01   8.0000000e+01   1.1569646e+00
   7.0550218e+01   8.0000000e+01   1.1569646e+00
   7.0560218e+01   8.0000000e+01   1.1569646e+00
   7.0570218e+01   8.0000000e+01   1.1569646e+00
   7.0580218e+01   8.0000000e+01   1.1569646e+00
   7.0590218e+01   8.0000000e+01   1.1569646e+00
   7.0600218e+01   8.0000000e+01   1.1569646e+00
   7.0610218e+01   8.0000000e+01   1.1569646e+00
   7.0620218e+01   8.0000000e+01   1.1569646e+00
   7.0630218e+01   8.0000000e+01   1.1569646e+00
   7.0640218e+01   8.0000000e+01   1.1569646e+00
   7.0650218e+01   8.0000000e+01   1.1569646e+00
   7.0660218e+01   8.0000000e+01   1.1569646e+00
   7.0670218e+01   8.0000000e+01   1.1569646e+00
   7.0680218e+01   8.0000000e+01   1.1569646e+00
   7.0690218e+01   8.0000000e+01   1.1569646e+00
   7.0700218e+01   8.0000000e+01   1.1569646e+00
   7.0710218e+01   8.0000000e+01   1.1569646e+00
   7.0720218e+01   8.0000000e+01   1.1569646e+00
   7.0730218e+01   8.0000000e+01   1.1569646e+00
   7.0740218e+01   8.0000000e+01   1.1569646e+00
   7.0750218e+01   8.0000000e+01   1.1569646e+00
   7.0760218e+01   8.0000000e+01   1.1569646e+00
   7.0770218e+01   8.0000000e+01   1.1569646e+00
   7.0780218e+01   8.0000000e+01   1.1569646e+00
   7.0790218e+01   8.0000000e+01   1.1569646e+00
   7.0800218e+01   8.0000000e+01   1.1569646e+00
   7.0810218e+01   8.0000000e+01   1.1569646e+00
   7.0820138e+01   8.0000000e+01   1.1569646e+00
   7.0820138e+01   8.1000000e+01   1.0476319e+00
   7.0820138e+01   8.1000000e+01   1.0476319e+00
   7.0830138e+01   8.1000000e+01   1.0476319e+00
   7.0840138e+01   8.1000000e+01   1.0476319e+00
   7.0850138e+01   8.1000000e+01   1.0476319e+00
   7.0860138e+01   8.1000000e+01   1.0476319e+00
   7.0870138e+01   8.1000000e+01   1.0476319e+00
   7.0880138e+01   8.1000000e+01   1.0476319e+00
   7.0890138e+01   8.1000000e+01   1.0476319e+00
   7.0900138e+01   8.1000000e+01   1.0476319e+00
   7.0910138e+01   8.1000000e+01   1.0476319e+00
   7.0920138e+01   8.1000000e+01   1.0476319e+00
   7.0930138e+01   8.1000000e+01   1.0476319e+00
   7.0940138e+01   8.1000000e+01   1.0476319e+00
   7.0950138e+01   8.1000000e+01   1.0476319e+00
   7.0960138e+01   8.1000000e+01   1.0476319e+00
   7.0970138e+01   8.1000000e+01   1.0476319e+00
   7.0980138e+01   8.1000000e+01   1.0476319e+00
   7.0990138e+01   8.1000000e+01   1.0476319e+00
   7.1000138e+01   8.1000000e+01   1.0476319e+00
   7.1010138e+01   8.1000000e+01   1.0476319e+00
   7.1020138e+01   8.1000000e+01   1.0476319e+00
   7.1030138e+01   8.1000000e+01   1.0476319e+00
   7.1040138e+01   8.1000000e+01   1.0476319e+00
   7.1050138e+01   8.1000000e+01   1.0476319e+00
   7.1060138e+01   8.1000000e+01   1.0476319e+00
   7.1070138e+01   8.1000000e+01   1.0476319e+00
   7.1080138e+01   8.1000000e+01   1.0476319e+00
   7.1090138e+01   8.1000000e+01   1.0476319e+00
   7.1100138e+01   8.1000000e+01   1.0476319e+00
   7.1110138e+01   8.1000000e+01   1.0476319e+00
   7.1120138e+01   8.1000000e+01   1.0476319e+00
   7.1130138e+01   8.1000000e+01   1.0476319e+00
   7.1140138e+01   8.1000000e+01   1.0476319e+00
   7.1150138e+01   8.1000000e+01   1.0476319e+00
   7.1160138e+01   8.1000000e+01   1.0476319e+00
   7.1170138e+01   8.1000000e+01   1.0476319e+00
   7.1180138e+01   8.1000000e+01   1.0476319e+00
   7.1190138e+01   8.1000000e+01   1.0476319e+00
   7.1200138e+01   8.1000000e+01   1.0476319e+00
   7.1210138e+01   8.1000000e+01   1.0476319e+00
   7.1220138e+01   8.1000000e+01   1.0476319e+00
   7.1230138e+01   8.1000000e+01   1.0476319e+00
   7.1240138e+01   8.1000000e+01   1.0476319e+00
   7.1250138e+01   8.1000000e+01   1.0476319e+00
   7.1260138e+01   8.1000000e+01   1.0476319e+00
   7.1270138e+01   8.1000000e+01   1.0476319e+00
   7.1280138e+01   8.1000000e+01   1.0476319e+00
   7.1290138e+01   8.1000000e+01   1.0476319e+00
   7.1300138e+01   8.1000000e+01   1.0476319e+00
   7.1310138e+01   8.1000000e+01   1.0476319e+00
   7.1320138e+01   8.1000000e+01   1.0476319e+00
   7.1330138e+01   8.1000000e+01   1.0476319e+00
   7.1340138e+01   8.1000000e+01   1.0476319e+00
   7.1350138e+01   8.1000000e+01   1.0476319e+00
   7.1360138e+01   8.1000000e+01   1.0476319e+00
   7.1370138e+01   8.1000000e+01   1.0476319e+00
   7.1380138e+01   8.1000000e+01   1.0476319e+00
   7.1390138e+01   8.1000000e+01   1.0476319e+00
   7.1400138e+01   8.1000000e+01   1.0476319e+00
   7.1410138e+01   8.1000000e+01   1.0476319e+00
   7.1420138e+01   8.1000000e+01   1.0476319e+00
   7.1430138e+01   8.1000000e+01   1.0476319e+00
   7.1440138e+01   8.1000000e+01   1.0476319e+00
   7.1450138e+01   8.1000000e+01   1.0476319e+00
   7.1460138e+01   8.1000000e+01   1.0476319e+00
   7.1470138e+01   8.1000000e+01   1.0476319e+00
   7.1480138e+01   8.1000000e+01   1.0476319e+00
   7.1490138e+01   8.1000000e+01   1.0476319e+00
   7.1500138e+01   8.1000000e+01   1.0476319e+00
   7.1510138e+01   8.1000000e+01   1.0476319e+00
   7.1520138e+01   8.1000000e+01   1.0476319e+00
   7.1530138e+01   8.1000000e+01   1.0476319e+00
   7.1540138e+01   8.1000000e+01   1.0476319e+00
   7.1550138e+01   8.1000000e+01   1.0476319e+00
   7.1560138e+01   8.1000000e+01   1.0476319e+00
   7.1570138e+01   8.1000000e+01   1.0476319e+00
   7.1580138e+01   8.1000000e+01   1.0476319e+00
   7.1590138e+01   8.1000000e+01   1.0476319e+00
   7.1600138e+01   8.1000000e+01   1.0476319e+00
   7.1610138e+01   8.1000000e+01   1.0476319e+00
   7.1620138e+01   8.1000000e+01   1.0476319e+00
   7.1630138e+01   8.1000000e+01   1.0476319e+00
   7.1640138e+01   8.1000000e+01   1.0476319e+00
   7.1650138e+01   8.1000000e+01   1.0476319e+00
   7.1660138e+01   8.1000000e+01   1.0476319e+00
   7.1670138e+01   8.1000000e+01   1.0476319e+00
   7.1680138e+01   8.1000000e+01   1.0476319e+00
   7.1690138e+01   8.1000000e+01   1.0476319e+00
   7.1700138e+01   8.1000000e+01   1.0476319e+00
   7.1710138e+01   8.1000000e+01   1.0476319e+00
   7.1720138e+01   8.1000000e+01   1.0476319e+00
   7.1730138e+01   8.1000000e+01   1.0476319e+00
   7.1740138e+01   8.1000000e+01   1.0476319e+00
   7.1750138e+01   8.1000000e+01   1.0476319e+00
   7.1760138e+01   8.1000000e+01   1.0476319e+00
   7.1770138e+01   8.1000000e+01   1.0476319e+00
   7.1780138e+01   8.1000000e+01   1.0476319e+00
   7.1790138e+01   8.1000000e+01   1.0476319e+00
   7.1800138e+01   8.1000000e+01   1.0476319e+00
   7.1810138e+01   8.1000000e+01   1.0476319e+00
   7.1820138e+01   8.1000000e+01   1.0476319e+00
   7.1830138e+01   8.1000000e+01   1.0476319e+00
   7.1840138e+01   8.1000000e+01   1.0476319e+00
   7.1850138e+01   8.1000000e+01   1.0476319e+00
   7.1860138e+01   8.1000000e+01   1.0476319e+00
   7.1870138e+01   8.1000000e+01   1.0476319e+00
   7.1880138e+01   8.1000000e+01   1.0476319e+00
   7.1890138e+01   8.1000000e+01   1.0476319e+00
   7.1900138e+01   8.1000000e+01   1.0476319e+00
   7.1910138e+01   8.1000000e+01   1.0476319e+00
   7.1920138e+01   8.1000000e+01   1.0476319e+00
   7.1930138e+01   8.1000000e+01   1.0476319e+00
   7.1940138e+01   8.1000000e+01   1.0476319e+00
   7.1950138e+01   8.1000000e+01   1.0476319e+00
   7.1960138e+01   8.1000000e+01   1.0476319e+00
   7.1970138e+01   8.1000000e+01   1.0476319e+00
   7.1980138e+01   8.1000000e+01   1.0476319e+00
   7.1990138e+01   8.1000000e+01   1.0476319e+00
   7.2000138e+01   8.1000000e+01   1.0476319e+00
   7.2010138e+01   8.1000000e+01   1.0476319e+00
   7.2020138e+01   8.1000000e+01   1.0476319e+00
   7.2030138e+01   8.1000000e+01   1.0476319e+00
   7.2040138e+01   8.1000000e+01   1.0476319e+00
   7.2050138e+01   8.1000000e+01   1.0476319e+00
   7.2060138e+01   8.1000000e+01   1.0476319e+00
   7.2070138e+01   8.1000000e+01   1.0476319e+00
   7.2080138e+01   8.1000000e+01   1.0476319e+00
   7.2090138e+01   8.1000000e+01   1.0476319e+00
   7.2100138e+01   8.1000000e+01   1.0476319e+00
   7.2110138e+01   8.1000000e+01   1.0476319e+00
   7.2120138e+01   8.1000000e+01   1.0476319e+00
   7.2130138e+01   8.1000000e+01   1.0476319e+00
   7.2140138e+01   8.1000000e+01   1.0476319e+00
   7.2150138e+01   8.1000000e+01   1.0476319e+00
   7.2160138e+01   8.1000000e+01   1.0476319e+00
   7.2170138e+01   8.1000000e+01   1.0476319e+00
   7.2180138e+01   8.1000000e+01   1.0476319e+00
   7.2190138e+01   8.1000000e+01   1.0476319e+00
   7.2193513e+01   8.1000000e+01   1.0476319e+00
   7.2193513e+01   8.2000000e+01   9.3652517e-01
   7.2193513e+01   8.2000000e+01   9.3652517e-01
   7.2203513e+01   8.2000000e+01   9.3652517e-01
   7.2213513e+01   8.2000000e+01   9.3652517e-01
   7.2223513e+01   8.2000000e+01   9.3652517e-01
   7.2233513e+01   8.2000000e+01   9.3652517e-01
   7.2243513e+01   8.2000000e+01   9.3652517e-01
   7.2253513e+01   8.2000000e+01   9.3652517e-01
   7.2263513e+01   8.2000000e+01   9.3652517e-01
   7.2273513e+01   8.2000000e+01   9.3652517e-01
   7.2283513e+01   8.2000000e+01   9.3652517e-01
   7.2293513e+01   8.2000000e+01   9.3652517e-01
   7.2303513e+01   8.2000000e+01   9.3652517e-01
   7.2313513e+01   8.2000000e+01   9.3652517e-01
   7.2323513e+01   8.2000000e+01   9.3652517e-01
   7.2333513e+01   8.2000000e+01   9.3652517e-01
   7.2343513e+01   8.2000000e+01   9.3652517e-01
   7.2353513e+01   8.2000000e+01   9.3652517e-01
   7.2363513e+01   8.2000000e+01   9.3652517e-01
   7.2373513e+01   8.2000000e+01   9.3652517e-01
   7.2383513e+01   8.2000000e+01   9.3652517e-01
   7.2393513e+01   8.2000000e+01   9.3652517e-01
   7.2403513e+01   8.2000000e+01   9.3652517e-01
   7.2413513e+01   8.2000000e+01   9.3652517e-01
   7.2423513e+01   8.2000000e+01   9.3652517e-01
   7.2433513e+01   8.2000000e+01   9.3652517e-01
   7.2443513e+01   8.2000000e+01   9.3652517e-01
   7.2453513e+01   8.2000000e+01   9.3652517e-01
   7.2463513e+01   8.2000000e+01   9.3652517e-01
   7.2473513e+01   8.2000000e+01   9.3652517e-01
   7.2483513e+01   8.2000000e+01   9.3652517e-01
   7.2493513e+01   8.2000000e+01   9.3652517e-01
   7.2503513e+01   8.2000000e+01   9.3652517e-01
   7.2513513e+01   8.2000000e+01   9.3652517e-01
   7.2523513e+01   8.2000000e+01   9.3652517e-01
   7.2533513e+01   8.2000000e+01   9.3652517e-01
   7.2543513e+01   8.2000000e+01   9.3652517e-01
   7.2553513e+01   8.2000000e+01   9.3652517e-01
   7.2563513e+01   8.2000000e+01   9.3652517e-01
   7.2573513e+01   8.2000000e+01   9.3652517e-01
   7.2583513e+01   8.2000000e+01   9.3652517e-01
   7.2593513e+01   8.2000000e+01   9.3652517e-01
   7.2603513e+01   8.2000000e+01   9.3652517e-01
   7.2613513e+01   8.2000000e+01   9.3652517e-01
   7.2623513e+01   8.2000000e+01   9.3652517e-01
   7.2633513e+01   8.2000000e+01   9.3652517e-01
   7.2643513e+01   8.2000000e+01   9.3652517e-01
   7.2653513e+01   8.2000000e+01   9.3652517e-01
   7.2663513e+01   8.2000000e+01   9.3652517e-01
   7.2673513e+01   8.2000000e+01   9.3652517e-01
   7.2683513e+01   8.2000000e+01   9.3652517e-01
   7.2693513e+01   8.2000000e+01   9.3652517e-01
   7.2703513e+01   8.2000000e+01   9.3652517e-01
   7.2713513e+01   8.2000000e+01   9.3652517e-01
   7.2723513e+01   8.2000000e+01   9.3652517e-01
   7.2733513e+01   8.2000000e+01   9.3652517e-01
   7.2743513e+01   8.2000000e+01   9.3652517e-01
   7.2753513e+01   8.2000000e+01   9.3652517e-01
   7.2763513e+01   8.2000000e+01   9.3652517e-01
   7.2773513e+01   8.2000000e+01   9.3652517e-01
   7.2783513e+01   8.2000000e+01   9.3652517e-01
   7.2793513e+01   8.2000000e+01   9.3652517e-01
   7.2803513e+01   8.2000000e+01   9.3652517e-01
   7.2813513e+01   8.2000000e+01   9.3652517e-01
   7.2823513e+01   8.2000000e+01   9.3652517e-01
   7.2833513e+01   8.2000000e+01   9.3652517e-01
   7.2843513e+01   8.2000000e+01   9.3652517e-01
   7.2853513e+01   8.2000000e+01   9.3652517e-01
   7.2863513e+01   8.2000000e+01   9.3652517e-01
   7.2873513e+01   8.2000000e+01   9.3652517e-01
   7.2883513e+01   8.2000000e+01   9.3652517e-01
   7.2893513e+01   8.2000000e+01   9.3652517e-01
   7.2903513e+01   8.2000000e+01   9.3652517e-01
   7.2913513e+01   8.2000000e+01   9.3652517e-01
   7.2923513e+01   8.2000000e+01   9.3652517e-01
   7.2933513e+01   8.2000000e+01   9.3652517e-01
   7.2943513e+01   8.2000000e+01   9.3652517e-01
   7.2953513e+01   8.2000000e+01   9.3652517e-01
   7.2963513e+01   8.2000000e+01   9.3652517e-01
   7.2973513e+01   8.2000000e+01   9.3652517e-01
   7.2983513e+01   8.2000000e+01   9.3652517e-01
   7.2993513e+01   8.2000000e+01   9.3652517e-01
   7.3003513e+01   8.2000000e+01   9.3652517e-01
   7.3013513e+01   8.2000000e+01   9.3652517e-01
   7.3023513e+01   8.2000000e+01   9.3652517e-01
   7.3033513e+01   8.2000000e+01   9.3652517e-01
   7.3043513e+01   8.2000000e+01   9.3652517e-01
   7.3053513e+01   8.2000000e+01   9.3652517e-01
   7.3063513e+01   8.2000000e+01   9.3652517e-01
   7.3073513e+01   8.2000000e+01   9.3652517e-01
   7.3083513e+01   8.2000000e+01   9.3652517e-01
   7.3093513e+01   8.2000000e+01   9.3652517e-01
   7.3103513e+01   8.2000000e+01   9.3652517e-01
   7.3113513e+01   8.2000000e+01   9.3652517e-01
   7.3123513e+01   8.2000000e+01   9.3652517e-01
   7.3133513e+01   8.2000000e+01   9.3652517e-01
   7.3143513e+01   8.2000000e+01   9.3652517e-01
   7.3153513e+01   8.2000000e+01   9.3652517e-01
   7.3163513e+01   8.2000000e+01   9.3652517e-01
   7.3173513e+01   8.2000000e+01   9.3652517e-01
   7.3183513e+01   8.2000000e+01   9.3652517e-01
   7.3193513e+01   8.2000000e+01   9.3652517e-01
   7.3203513e+01   8.2000000e+01   9.3652517e-01
   7.3213513e+01   8.2000000e+01   9.3652517e-01
   7.3223513e+01   8.2000000e+01   9.3652517e-01
   7.3233513e+01   8.2000000e+01   9.3652517e-01
   7.3243513e+01   8.2000000e+01   9.3652517e-01
   7.3253513e+01   8.2000000e+01   9.3652517e-01
   7.3263513e+01   8.2000000e+01   9.3652517e-01
   7.3273513e+01   8.2000000e+01   9.3652517e-01
   7.3283513e+01   8.2000000e+01   9.3652517e-01
   7.3293513e+01   8.2000000e+01   9.3652517e-01
   7.3303513e+01   8.2000000e+01   9.3652517e-01
   7.3313513e+01   8.2000000e+01   9.3652517e-01
   7.3323513e+01   8.2000000e+01   9.3652517e-01
   7.3333513e+01   8.2000000e+01   9.3652517e-01
   7.3343513e+01   8.2000000e+01   9.3652517e-01
   7.3353513e+01   8.2000000e+01   9.3652517e-01
   7.3363513e+01   8.2000000e+01   9.3652517e-01
   7.3373513e+01   8.2000000e+01   9.3652517e-01
   7.3383513e+01   8.2000000e+01   9.3652517e-01
   7.3393513e+01   8.2000000e+01   9.3652517e-01
   7.3403513e+01   8.2000000e+01   9.3652517e-01
   7.3413513e+01   8.2000000e+01   9.3652517e-01
   7.3423513e+01   8.2000000e+01   9.3652517e-01
   7.3433513e+01   8.2000000e+01   9.3652517e-01
   7.3443513e+01   8.2000000e+01   9.3652517e-01
   7.3453513e+01   8.2000000e+01   9.3652517e-01
   7.3463513e+01   8.2000000e+01   9.3652517e-01
   7.3473513e+01   8.2000000e+01   9.3652517e-01
   7.3483513e+01   8.2000000e+01   9.3652517e-01
   7.3493513e+01   8.2000000e+01   9.3652517e-01
   7.3503513e+01   8.2000000e+01   9.3652517e-01
   7.3513513e+01   8.2000000e+01   9.3652517e-01
   7.3523513e+01   8.2000000e+01   9.3652517e-01
   7.3533513e+01   8.2000000e+01   9.3652517e-01
   7.3543513e+01   8.2000000e+01   9.3652517e-01
   7.3553513e+01   8.2000000e+01   9.3652517e-01
   7.3563513e+01   8.2000000e+01   9.3652517e-01
   7.3569944e+01   8.2000000e+01   9.3652517e-01
   7.3569944e+01   8.3000000e+01   8.2374982e-01
   7.3569944e+01   8.3000000e+01   8.2374982e-01
   7.3579944e+01   8.3000000e+01   8.2374982e-01
   7.3589944e+01   8.3000000e+01   8.2374982e-01
   7.3599944e+01   8.3000000e+01   8.2374982e-01
   7.3609944e+01   8.3000000e+01   8.2374982e-01
   7.3619944e+01   8.3000000e+01   8.2374982e-01
   7.3629944e+01   8.3000000e+01   8.2374982e-01
   7.3639944e+01   8.3000000e+01   8.2374982e-01
   7.3649944e+01   8.3000000e+01   8.2374982e-01
   7.3659944e+01   8.3000000e+01   8.2374982e-01
   7.3669944e+01   8.3000000e+01   8.2374982e-01
   7.3679944e+01   8.3000000e+01   8.2374982e-01
   7.3689944e+01   8.3000000e+01   8.2374982e-01
   7.3699944e+01   8.3000000e+01   8.2374982e-01
   7.3709944e+01   8.3000000e+01   8.2374982e-01
   7.3719944e+01   8.3000000e+01   8.2374982e-01
   7.3729944e+01   8.3000000e+01   8.2374982e-01
   7.3739944e+01   8.3000000e+01   8.2374982e-01
   7.3749944e+01   8.3000000e+01   8.2374982e-01
   7.3759944e+01   8.3000000e+01   8.2374982e-01
   7.3769944e+01   8.3000000e+01   8.2374982e-01
   7.3779944e+01   8.3000000e+01   8.2374982e-01
   7.3789944e+01   8.3000000e+01   8.2374982e-01
   7.3799944e+01   8.3000000e+01   8.2374982e-01
   7.3809944e+01   8.3000000e+01   8.2374982e-01
   7.3819944e+01   8.3000000e+01   8.2374982e-01
   7.3829944e+01   8.3000000e+01   8.2374982e-01
   7.3839944e+01   8.3000000e+01   8.2374982e-01
   7.3849944e+01   8.3000000e+01   8.2374982e-01
   7.3859944e+01   8.3000000e+01   8.2374982e-01
   7.3869944e+01   8.3000000e+01   8.2374982e-01
   7.3879944e+01   8.3000000e+01   8.2374982e-01
   7.3889944e+01   8.3000000e+01   8.2374982e-01
   7.3899944e+01   8.3000000e+01   8.2374982e-01
   7.3909944e+01   8.3000000e+01   8.2374982e-01
   7.3919944e+01   8.3000000e+01   8.2374982e-01
   7.3929944e+01   8.3000000e+01   8.2374982e-01
   7.3939944e+01   8.3000000e+01   8.2374982e-01
   7.3949944e+01   8.3000000e+01   8.2374982e-01
   7.3959944e+01   8.3000000e+01   8.2374982e-01
   7.3969944e+01   8.3000000e+01   8.2374982e-01
   7.3979944e+01   8.3000000e+01   8.2374982e-01
   7.3989944e+01   8.3000000e+01   8.2374982e-01
   7.3999944e+01   8.3000000e+01   8.2374982e-01
   7.4009944e+01   8.3000000e+01   8.2374982e-01
   7.4019944e+01   8.3000000e+01   8.2374982e-01
   7.4029944e+01   8.3000000e+01   8.2374982e-01
   7.4039944e+01   8.3000000e+01   8.2374982e-01
   7.4049944e+01   8.3000000e+01   8.2374982e-01
   7.4059944e+01   8.3000000e+01   8.2374982e-01
   7.4069944e+01   8.3000000e+01   8.2374982e-01
   7.4079944e+01   8.3000000e+01   8.2374982e-01
   7.4089944e+01   8.3000000e+01   8.2374982e-01
   7.4099944e+01   8.3000000e+01   8.2374982e-01
   7.4109944e+01   8.3000000e+01   8.2374982e-01
   7.4119944e+01   8.3000000e+01   8.2374982e-01
   7.4129944e+01   8.3000000e+01   8.2374982e-01
   7.4139944e+01   8.3000000e+01   8.2374982e-01
   7.4149944e+01   8.3000000e+01   8.2374982e-01
   7.4159944e+01   8.3000000e+01   8.2374982e-01
   7.4169944e+01   8.3000000e+01   8.2374982e-01
   7.4179944e+01   8.3000000e+01   8.2374982e-01
   7.4189944e+01   8.3000000e+01   8.2374982e-01
   7.4199944e+01   8.3000000e+01   8.2374982e-01
   7.4209944e+01   8.3000000e+01   8.2374982e-01
   7.4219944e+01   8.3000000e+01   8.2374982e-01
   7.4229944e+01   8.3000000e+01   8.2374982e-01
   7.4239944e+01   8.3000000e+01   8.2374982e-01
   7.4249944e+01   8.3000000e+01   8.2374982e-01
   7.4259944e+01   8.3000000e+01   8.2374982e-01
   7.4269944e+01   8.3000000e+01   8.2374982e-01
   7.4279944e+01   8.3000000e+01   8.2374982e-01
   7.4289944e+01   8.3000000e+01   8.2374982e-01
   7.4299944e+01   8.3000000e+01   8.2374982e-01
   7.4309944e+01   8.3000000e+01   8.2374982e-01
   7.4319944e+01   8.3000000e+01   8.2374982e-01
   7.4329944e+01   8.3000000e+01   8.2374982e-01
   7.4339944e+01   8.3000000e+01   8.2374982e-01
   7.4349944e+01   8.3000000e+01   8.2374982e-01
   7.4359944e+01   8.3000000e+01   8.2374982e-01
   7.4369944e+01   8.3000000e+01   8.2374982e-01
   7.4379944e+01   8.3000000e+01   8.2374982e-01
   7.4389944e+01   8.3000000e+01   8.2374982e-01
   7.4399944e+01   8.3000000e+01   8.2374982e-01
   7.4409944e+01   8.3000000e+01   8.2374982e-01
   7.4419944e+01   8.3000000e+01   8.2374982e-01
   7.4429944e+01   8.3000000e+01   8.2374982e-01
   7.4439944e+01   8.3000000e+01   8.2374982e-01
   7.4449944e+01   8.3000000e+01   8.2374982e-01
   7.4459944e+01   8.3000000e+01   8.2374982e-01
   7.4469944e+01   8.3000000e+01   8.2374982e-01
   7.4479944e+01   8.3000000e+01   8.2374982e-01
   7.4489944e+01   8.3000000e+01   8.2374982e-01
   7.4499944e+01   8.3000000e+01   8.2374982e-01
   7.4509944e+01   8.3000000e+01   8.2374982e-01
   7.4519944e+01   8.3000000e+01   8.2374982e-01
   7.4529944e+01   8.3000000e+01   8.2374982e-01
   7.4539944e+01   8.3000000e+01   8.2374982e-01
   7.4549944e+01   8.3000000e+01   8.2374982e-01
   7.4559944e+01   8.3000000e+01   8.2374982e-01
   7.4569944e+01   8.3000000e+01   8.2374982e-01
   7.4579944e+01   8.3000000e+01   8.2374982e-01
   7.4589944e+01   8.3000000e+01   8.2374982e-01
   7.4599944e+01   8.3000000e+01   8.2374982e-01
   7.4609944e+01   8.3000000e+01   8.2374982e-01
   7.4619944e+01   8.3000000e+01   8.2374982e-01
   7.4629944e+01   8.3000000e+01   8.2374982e-01
   7.4639944e+01   8.3000000e+01   8.2374982e-01
   7.4649944e+01   8.3000000e+01   8.2374982e-01
   7.4659944e+01   8.3000000e+01   8.2374982e-01
   7.4669944e+01   8.3000000e+01   8.2374982e-01
   7.4679944e+01   8.3000000e+01   8.2374982e-01
   7.4689944e+01   8.3000000e+01   8.2374982e-01
   7.4699944e+01   8.3000000e+01   8.2374982e-01
   7.4709944e+01   8.3000000e+01   8.2374982e-01
   7.4719944e+01   8.3000000e+01   8.2374982e-01
   7.4729944e+01   8.3000000e+01   8.2374982e-01
   7.4739944e+01   8.3000000e+01   8.2374982e-01
   7.4749944e+01   8.3000000e+01   8.2374982e-01
   7.4759944e+01   8.3000000e+01   8.2374982e-01
   7.4769944e+01   8.3000000e+01   8.2374982e-01
   7.4779944e+01   8.3000000e+01   8.2374982e-01
   7.4789944e+01   8.3000000e+01   8.2374982e-01
   7.4799944e+01   8.3000000e+01   8.2374982e-01
   7.4809944e+01   8.3000000e+01   8.2374982e-01
   7.4819944e+01   8.3000000e+01   8.2374982e-01
   7.4829944e+01   8.3000000e+01   8.2374982e-01
   7.4839944e+01   8.3000000e+01   8.2374982e-01
   7.4849944e+01   8.3000000e+01   8.2374982e-01
   7.4859944e+01   8.3000000e+01   8.2374982e-01
   7.4869944e+01   8.3000000e+01   8.2374982e-01
   7.4879944e+01   8.3000000e+01   8.2374982e-01
   7.4889944e+01   8.3000000e+01   8.2374982e-01
   7.4899944e+01   8.3000000e+01   8.2374982e-01
   7.4909944e+01   8.3000000e+01   8.2374982e-01
   7.4919944e+01   8.3000000e+01   8.2374982e-01
   7.4929944e+01   8.3000000e+01   8.2374982e-01
   7.4939944e+01   8.3000000e+01   8.2374982e-01
   7.4949028e+01   8.3000000e+01   8.2374982e-01
   7.4949028e+01   8.4000000e+01   7.0942514e-01
   7.4949028e+01   8.4000000e+01   7.0942514e-01
   7.4959028e+01   8.4000000e+01   7.0942514e-01
   7.4969028e+01   8.4000000e+01   7.0942514e-01
   7.4979028e+01   8.4000000e+01   7.0942514e-01
   7.4989028e+01   8.4000000e+01   7.0942514e-01
   7.4999028e+01   8.4000000e+01   7.0942514e-01
   7.5009028e+01   8.4000000e+01   7.0942514e-01
   7.5019028e+01   8.4000000e+01   7.0942514e-01
   7.5029028e+01   8.4000000e+01   7.0942514e-01
   7.5039028e+01   8.4000000e+01   7.0942514e-01
   7.5049028e+01   8.4000000e+01   7.0942514e-01
   7.5059028e+01   8.4000000e+01   7.0942514e-01
   7.5069028e+01   8.4000000e+01   7.0942514e-01
   7.5079028e+01   8.4000000e+01   7.0942514e-01
   7.5089028e+01   8.4000000e+01   7.0942514e-01
   7.5099028e+01   8.4000000e+01   7.0942514e-01
   7.5109028e+01   8.4000000e+01   7.0942514e-01
   7.5119028e+01   8.4000000e+01   7.0942514e-01
   7.5129028e+01   8.4000000e+01   7.0942514e-01
   7.5139028e+01   8.4000000e+01   7.0942514e-01
   7.5149028e+01   8.4000000e+01   7.0942514e-01
   7.5159028e+01   8.4000000e+01   7.0942514e-01
   7.5169028e+01   8.4000000e+01   7.0942514e-01
   7.5179028e+01   8.4000000e+01   7.0942514e-01
   7.5189028e+01   8.4000000e+01   7.0942514e-01
   7.5199028e+01   8.4000000e+01   7.0942514e-01
   7.5209028e+01   8.4000000e+01   7.0942514e-01
   7.5219028e+01   8.4000000e+01   7.0942514e-01
   7.5229028e+01   8.4000000e+01   7.0942514e-01
   7.5239028e+01   8.4000000e+01   7.0942514e-01
   7.5249028e+01   8.4000000e+01   7.0942514e-01
   7.5259028e+01   8.4000000e+01   7.0942514e-01
   7.5269028e+01   8.4000000e+01   7.0942514e-01
   7.5279028e+01   8.4000000e+01   7.0942514e-01
   7.5289028e+01   8.4000000e+01   7.0942514e-01
   7.5299028e+01   8.4000000e+01   7.0942514e-01
   7.5309028e+01   8.4000000e+01   7.0942514e-01
   7.5319028e+01   8.4000000e+01   7.0942514e-01
   7.5329028e+01   8.4000000e+01   7.0942514e-01
   7.5339028e+01   8.4000000e+01   7.0942514e-01
   7.5349028e+01   8.4000000e+01   7.0942514e-01
   7.5359028e+01   8.4000000e+01   7.0942514e-01
   7.5369028e+01   8.4000000e+01   7.0942514e-01
   7.5379028e+01   8.4000000e+01   7.0942514e-01
   7.5389028e+01   8.4000000e+01   7.0942514e-01
   7.5399028e+01   8.4000000e+01   7.0942514e-01
   7.5409028e+01   8.4000000e+01   7.0942514e-01
   7.5419028e+01   8.4000000e+01   7.0942514e-01
   7.5429028e+01   8.4000000e+01   7.0942514e-01
   7.5439028e+01   8.4000000e+01   7.0942514e-01
   7.5449028e+01   8.4000000e+01   7.0942514e-01
   7.5459028e+01   8.4000000e+01   7.0942514e-01
   7.5469028e+01   8.4000000e+01   7.0942514e-01
   7.5479028e+01   8.4000000e+01   7.0942514e-01
   7.5489028e+01   8.4000000e+01   7.0942514e-01
   7.5499028e+01   8.4000000e+01   7.0942514e-01
   7.5509028e+01   8.4000000e+01   7.0942514e-01
   7.5519028e+01   8.4000000e+01   7.0942514e-01
   7.5529028e+01   8.4000000e+01   7.0942514e-01
   7.5539028e+01   8.4000000e+01   7.0942514e-01
   7.5549028e+01   8.4000000e+01   7.0942514e-01
   7.5559028e+01   8.4000000e+01   7.0942514e-01
   7.5569028e+01   8.4000000e+01   7.0942514e-01
   7.5579028e+01   8.4000000e+01   7.0942514e-01
   7.5589028e+01   8.4000000e+01   7.0942514e-01
   7.5599028e+01   8.4000000e+01   7.0942514e-01
   7.5609028e+01   8.4000000e+01   7.0942514e-01
   7.5619028e+01   8.4000000e+01   7.0942514e-01
   7.5629028e+01   8.4000000e+01   7.0942514e-01
   7.5639028e+01   8.4000000e+01   7.0942514e-01
   7.5649028e+01   8.4000000e+01   7.0942514e-01
   7.5659028e+01   8.4000000e+01   7.0942514e-01
   7.5669028e+01   8.4000000e+01   7.0942514e-01
   7.5679028e+01   8.4000000e+01   7.0942514e-01
   7.5689028e+01   8.4000000e+01   7.0942514e-01
   7.5699028e+01   8.4000000e+01   7.0942514e-01
   7.5709028e+01   8.4000000e+01   7.0942514e-01
   7.5719028e+01   8.4000000e+01   7.0942514e-01
   7.5729028e+01   8.4000000e+01   7.0942514e-01
   7.5739028e+01   8.4000000e+01   7.0942514e-01
   7.5749028e+01   8.4000000e+01   7.0942514e-01
   7.5759028e+01   8.4000000e+01   7.0942514e-01
   7.5769028e+01   8.4000000e+01   7.0942514e-01
   7.5779028e+01   8.4000000e+01   7.0942514e-01
   7.5789028e+01   8.4000000e+01   7.0942514e-01
   7.5799028e+01   8.4000000e+01   7.0942514e-01
   7.5809028e+01   8.4000000e+01   7.0942514e-01
   7.5819028e+01   8.4000000e+01   7.0942514e-01
   7.5829028e+01   8.4000000e+01   7.0942514e-01
   7.5839028e+01   8.4000000e+01   7.0942514e-01
   7.5849028e+01   8.4000000e+01   7.0942514e-01
   7.5859028e+01   8.4000000e+01   7.0942514e-01
   7.5869028e+01   8.4000000e+01   7.0942514e-01
   7.5879028e+01   8.4000000e+01   7.0942514e-01
   7.5889028e+01   8.4000000e+01   7.0942514e-01
   7.5899028e+01   8.4000000e+01   7.0942514e-01
   7.5909028e+01   8.4000000e+01   7.0942514e-01
   7.5919028e+01   8.4000000e+01   7.0942514e-01
   7.5929028e+01   8.4000000e+01   7.0942514e-01
   7.5939028e+01   8.4000000e+01   7.0942514e-01
   7.5949028e+01   8.4000000e+01   7.0942514e-01
   7.5959028e+01   8.4000000e+01   7.0942514e-01
   7.5969028e+01   8.4000000e+01   7.0942514e-01
   7.5979028e+01   8.4000000e+01   7.0942514e-01
   7.5989028e+01   8.4000000e+01   7.0942514e-01
   7.5999028e+01   8.4000000e+01   7.0942514e-01
   7.6009028e+01   8.4000000e+01   7.0942514e-01
   7.6019028e+01   8.4000000e+01   7.0942514e-01
   7.6029028e+01   8.4000000e+01   7.0942514e-01
   7.6039028e+01   8.4000000e+01   7.0942514e-01
   7.6049028e+01   8.4000000e+01   7.0942514e-01
   7.6059028e+01   8.4000000e+01   7.0942514e-01
   7.6069028e+01   8.4000000e+01   7.0942514e-01
   7.6079028e+01   8.4000000e+01   7.0942514e-01
   7.6089028e+01   8.4000000e+01   7.0942514e-01
   7.6099028e+01   8.4000000e+01   7.0942514e-01
   7.6109028e+01   8.4000000e+01   7.0942514e-01
   7.6119028e+01   8.4000000e+01   7.0942514e-01
   7.6129028e+01   8.4000000e+01   7.0942514e-01
   7.6139028e+01   8.4000000e+01   7.0942514e-01
   7.6149028e+01   8.4000000e+01   7.0942514e-01
   7.6159028e+01   8.4000000e+01   7.0942514e-01
   7.6169028e+01   8.4000000e+01   7.0942514e-01
   7.6179028e+01   8.4000000e+01   7.0942514e-01
   7.6189028e+01   8.4000000e+01   7.0942514e-01
   7.6199028e+01   8.4000000e+01   7.0942514e-01
   7.6209028e+01   8.4000000e+01   7.0942514e-01
   7.6219028e+01   8.4000000e+01   7.0942514e-01
   7.6229028e+01   8.4000000e+01   7.0942514e-01
   7.6239028e+01   8.4000000e+01   7.0942514e-01
   7.6249028e+01   8.4000000e+01   7.0942514e-01
   7.6259028e+01   8.4000000e+01   7.0942514e-01
   7.6269028e+01   8.4000000e+01   7.0942514e-01
   7.6279028e+01   8.4000000e+01   7.0942514e-01
   7.6289028e+01   8.4000000e+01   7.0942514e-01
   7.6299028e+01   8.4000000e+01   7.0942514e-01
   7.6309028e+01   8.4000000e+01   7.0942514e-01
   7.6319028e+01   8.4000000e+01   7.0942514e-01
   7.6329028e+01   8.4000000e+01   7.0942514e-01
   7.6330362e+01   8.4000000e+01   7.0942514e-01
   7.6330362e+01   8.5000000e+01   5.9368627e-01
   7.6330362e+01   8.5000000e+01   5.9368627e-01
   7.6340362e+01   8.5000000e+01   5.9368627e-01
   7.6350362e+01   8.5000000e+01   5.9368627e-01
   7.6360362e+01   8.5000000e+01   5.9368627e-01
   7.6370362e+01   8.5000000e+01   5.9368627e-01
   7.6380362e+01   8.5000000e+01   5.9368627e-01
   7.6390362e+01   8.5000000e+01   5.9368627e-01
   7.6400362e+01   8.5000000e+01   5.9368627e-01
   7.6410362e+01   8.5000000e+01   5.9368627e-01
   7.6420362e+01   8.5000000e+01   5.9368627e-01
   7.6430362e+01   8.5000000e+01   5.9368627e-01
   7.6440362e+01   8.5000000e+01   5.9368627e-01
   7.6450362e+01   8.5000000e+01   5.9368627e-01
   7.6460362e+01   8.5000000e+01   5.9368627e-01
   7.6470362e+01   8.5000000e+01   5.9368627e-01
   7.6480362e+01   8.5000000e+01   5.9368627e-01
   7.6490362e+01   8.5000000e+01   5.9368627e-01
   7.6500362e+01   8.5000000e+01   5.9368627e-01
   7.6510362e+01   8.5000000e+01   5.9368627e-01
   7.6520362e+01   8.5000000e+01   5.9368627e-01
   7.6530362e+01   8.5000000e+01   5.9368627e-01
   7.6540362e+01   8.5000000e+01   5.9368627e-01
   7.6550362e+01   8.5000000e+01   5.9368627e-01
   7.6560362e+01   8.5000000e+01   5.9368627e-01
   7.6570362e+01   8.5000000e+01   5.9368627e-01
   7.6580362e+01   8.5000000e+01   5.9368627e-01
   7.6590362e+01   8.5000000e+01   5.9368627e-01
   7.6600362e+01   8.5000000e+01   5.9368627e-01
   7.6610362e+01   8.5000000e+01   5.9368627e-01
   7.6620362e+01   8.5000000e+01   5.9368627e-01
   7.6630362e+01   8.5000000e+01   5.9368627e-01
   7.6640362e+01   8.5000000e+01   5.9368627e-01
   7.6650362e+01   8.5000000e+01   5.9368627e-01
   7.6660362e+01   8.5000000e+01   5.9368627e-01
   7.6670362e+01   8.5000000e+01   5.9368627e-01
   7.6680362e+01   8.5000000e+01   5.9368627e-01
   7.6690362e+01   8.5000000e+01   5.9368627e-01
   7.6700362e+01   8.5000000e+01   5.9368627e-01
   7.6710362e+01   8.5000000e+01   5.9368627e-01
   7.6720362e+01   8.5000000e+01   5.9368627e-01
   7.6730362e+01   8.5000000e+01   5.9368627e-01
   7.6740362e+01   8.5000000e+01   5.9368627e-01
   7.6750362e+01   8.5000000e+01   5.9368627e-01
   7.6760362e+01   8.5000000e+01   5.9368627e-01
   7.6770362e+01   8.5000000e+01   5.9368627e-01
   7.6780362e+01   8.5000000e+01   5.9368627e-01
   7.6790362e+01   8.5000000e+01   5.9368627e-01
   7.6800362e+01   8.5000000e+01   5.9368627e-01
   7.6810362e+01   8.5000000e+01   5.9368627e-01
   7.6820362e+01   8.5000000e+01   5.9368627e-01
   7.6830362e+01   8.5000000e+01   5.9368627e-01
   7.6840362e+01   8.5000000e+01   5.9368627e-01
   7.6850362e+01   8.5000000e+01   5.9368627e-01
   7.6860362e+01   8.5000000e+01   5.9368627e-01
   7.6870362e+01   8.5000000e+01   5.9368627e-01
   7.6880362e+01   8.5000000e+01   5.9368627e-01
   7.6890362e+01   8.5000000e+01   5.9368627e-01
   7.6900362e+01   8.5000000e+01   5.9368627e-01
   7.6910362e+01   8.5000000e+01   5.9368627e-01
   7.6920362e+01   8.5000000e+01   5.9368627e-01
   7.6930362e+01   8.5000000e+01   5.9368627e-01
   7.6940362e+01   8.5000000e+01   5.9368627e-01
   7.6950362e+01   8.5000000e+01   5.9368627e-01
   7.6960362e+01   8.5000000e+01   5.9368627e-01
   7.6970362e+01   8.5000000e+01   5.9368627e-01
   7.6980362e+01   8.5000000e+01   5.9368627e-01
   7.6990362e+01   8.5000000e+01   5.9368627e-01
   7.7000362e+01   8.5000000e+01   5.9368627e-01
   7.7010362e+01   8.5000000e+01   5.9368627e-01
   7.7020362e+01   8.5000000e+01   5.9368627e-01
   7.7030362e+01   8.5000000e+01   5.9368627e-01
   7.7040362e+01   8.5000000e+01   5.9368627e-01
   7.7050362e+01   8.5000000e+01   5.9368627e-01
   7.7060362e+01   8.5000000e+01   5.9368627e-01
   7.7070362e+01   8.5000000e+01   5.9368627e-01
   7.7080362e+01   8.5000000e+01   5.9368627e-01
   7.7090362e+01   8.5000000e+01   5.9368627e-01
   7.7100362e+01   8.5000000e+01   5.9368627e-01
   7.7110362e+01   8.5000000e+01   5.9368627e-01
   7.7120362e+01   8.5000000e+01   5.9368627e-01
   7.7130362e+01   8.5000000e+01   5.9368627e-01
   7.7140362e+01   8.5000000e+01   5.9368627e-01
   7.7150362e+01   8.5000000e+01   5.9368627e-01
   7.7160362e+01   8.5000000e+01   5.9368627e-01
   7.7170362e+01   8.5000000e+01   5.9368627e-01
   7.7180362e+01   8.5000000e+01   5.9368627e-01
   7.7190362e+01   8.5000000e+01   5.9368627e-01
   7.7200362e+01   8.5000000e+01   5.9368627e-01
   7.7210362e+01   8.5000000e+01   5.9368627e-01
   7.7220362e+01   8.5000000e+01   5.9368627e-01
   7.7230362e+01   8.5000000e+01   5.9368627e-01
   7.7240362e+01   8.5000000e+01   5.9368627e-01
   7.7250362e+01   8.5000000e+01   5.9368627e-01
   7.7260362e+01   8.5000000e+01   5.9368627e-01
   7.7270362e+01   8.5000000e+01   5.9368627e-01
   7.7280362e+01   8.5000000e+01   5.9368627e-01
   7.7290362e+01   8.5000000e+01   5.9368627e-01
   7.7300362e+01   8.5000000e+01   5.9368627e-01
   7.7310362e+01   8.5000000e+01   5.9368627e-01
   7.7320362e+01   8.5000000e+01   5.9368627e-01
   7.7330362e+01   8.5000000e+01   5.9368627e-01
   7.7340362e+01   8.5000000e+01   5.9368627e-01
   7.7350362e+01   8.5000000e+01   5.9368627e-01
   7.7360362e+01   8.5000000e+01   5.9368627e-01
   7.7370362e+01   8.5000000e+01   5.9368627e-01
   7.7380362e+01   8.5000000e+01   5.9368627e-01
   7.7390362e+01   8.5000000e+01   5.9368627e-01
   7.7400362e+01   8.5000000e+01   5.9368627e-01
   7.7410362e+01   8.5000000e+01   5.9368627e-01
   7.7420362e+01   8.5000000e+01   5.9368627e-01
   7.7430362e+01   8.5000000e+01   5.9368627e-01
   7.7440362e+01   8.5000000e+01   5.9368627e-01
   7.7450362e+01   8.5000000e+01   5.9368627e-01
   7.7460362e+01   8.5000000e+01   5.9368627e-01
   7.7470362e+01   8.5000000e+01   5.9368627e-01
   7.7480362e+01   8.5000000e+01   5.9368627e-01
   7.7490362e+01   8.5000000e+01   5.9368627e-01
   7.7500362e+01   8.5000000e+01   5.9368627e-01
   7.7510362e+01   8.5000000e+01   5.9368627e-01
   7.7520362e+01   8.5000000e+01   5.9368627e-01
   7.7530362e+01   8.5000000e+01   5.9368627e-01
   7.7540362e+01   8.5000000e+01   5.9368627e-01
   7.7550362e+01   8.5000000e+01   5.9368627e-01
   7.7560362e+01   8.5000000e+01   5.9368627e-01
   7.7570362e+01   8.5000000e+01   5.9368627e-01
   7.7580362e+01   8.5000000e+01   5.9368627e-01
   7.7590362e+01   8.5000000e+01   5.9368627e-01
   7.7600362e+01   8.5000000e+01   5.9368627e-01
   7.7610362e+01   8.5000000e+01   5.9368627e-01
   7.7620362e+01   8.5000000e+01   5.9368627e-01
   7.7630362e+01   8.5000000e+01   5.9368627e-01
   7.7640362e+01   8.5000000e+01   5.9368627e-01
   7.7650362e+01   8.5000000e+01   5.9368627e-01
   7.7660362e+01   8.5000000e+01   5.9368627e-01
   7.7670362e+01   8.5000000e+01   5.9368627e-01
   7.7680362e+01   8.5000000e+01   5.9368627e-01
   7.7690362e+01   8.5000000e+01   5.9368627e-01
   7.7700362e+01   8.5000000e+01   5.9368627e-01
   7.7710362e+01   8.5000000e+01   5.9368627e-01
   7.7713538e+01   8.5000000e+01   5.9368627e-01
   7.7713538e+01   8.6000000e+01   4.7668657e-01
   7.7713538e+01   8.6000000e+01   4.7668657e-01
   7.7723538e+01   8.6000000e+01   4.7668657e-01
   7.7733538e+01   8.6000000e+01   4.7668657e-01
   7.7743538e+01   8.6000000e+01   4.7668657e-01
   7.7753538e+01   8.6000000e+01   4.7668657e-01
   7.7763538e+01   8.6000000e+01   4.7668657e-01
   7.7773538e+01   8.6000000e+01   4.7668657e-01
   7.7783538e+01   8.6000000e+01   4.7668657e-01
   7.7793538e+01   8.6000000e+01   4.7668657e-01
   7.7803538e+01   8.6000000e+01   4.7668657e-01
   7.7813538e+01   8.6000000e+01   4.7668657e-01
   7.7823538e+01   8.6000000e+01   4.7668657e-01
   7.7833538e+01   8.6000000e+01   4.7668657e-01
   7.7843538e+01   8.6000000e+01   4.7668657e-01
   7.7853538e+01   8.6000000e+01   4.7668657e-01
   7.7863538e+01   8.6000000e+01   4.7668657e-01
   7.7873538e+01   8.6000000e+01   4.7668657e-01
   7.7883538e+01   8.6000000e+01   4.7668657e-01
   7.7893538e+01   8.6000000e+01   4.7668657e-01
   7.7903538e+01   8.6000000e+01   4.7668657e-01
   7.7913538e+01   8.6000000e+01   4.7668657e-01
   7.7923538e+01   8.6000000e+01   4.7668657e-01
   7.7933538e+01   8.6000000e+01   4.7668657e-01
   7.7943538e+01   8.6000000e+01   4.7668657e-01
   7.7953538e+01   8.6000000e+01   4.7668657e-01
   7.7963538e+01   8.6000000e+01   4.7668657e-01
   7.7973538e+01   8.6000000e+01   4.7668657e-01
   7.7983538e+01   8.6000000e+01   4.7668657e-01
   7.7993538e+01   8.6000000e+01   4.7668657e-01
   7.8003538e+01   8.6000000e+01   4.7668657e-01
   7.8013538e+01   8.6000000e+01   4.7668657e-01
   7.8023538e+01   8.6000000e+01   4.7668657e-01
   7.8033538e+01   8.6000000e+01   4.7668657e-01
   7.8043538e+01   8.6000000e+01   4.7668657e-01
   7.8053538e+01   8.6000000e+01   4.7668657e-01
   7.8063538e+01   8.6000000e+01   4.7668657e-01
   7.8073538e+01   8.6000000e+01   4.7668657e-01
   7.8083538e+01   8.6000000e+01   4.7668657e-01
   7.8093538e+01   8.6000000e+01   4.7668657e-01
   7.8103538e+01   8.6000000e+01   4.7668657e-01
   7.8113538e+01   8.6000000e+01   4.7668657e-01
   7.8123538e+01   8.6000000e+01   4.7668657e-01
   7.8133538e+01   8.6000000e+01   4.7668657e-01
   7.8143538e+01   8.6000000e+01   4.7668657e-01
   7.8153538e+01   8.6000000e+01   4.7668657e-01
   7.8163538e+01   8.6000000e+01   4.7668657e-01
   7.8173538e+01   8.6000000e+01   4.7668657e-01
   7.8183538e+01   8.6000000e+01   4.7668657e-01
   7.8193538e+01   8.6000000e+01   4.7668657e-01
   7.8203538e+01   8.6000000e+01   4.7668657e-01
   7.8213538e+01   8.6000000e+01   4.7668657e-01
   7.8223538e+01   8.6000000e+01   4.7668657e-01
   7.8233538e+01   8.6000000e+01   4.7668657e-01
   7.8243538e+01   8.6000000e+01   4.7668657e-01
   7.8253538e+01   8.6000000e+01   4.7668657e-01
   7.8263538e+01   8.6000000e+01   4.7668657e-01
   7.8273538e+01   8.6000000e+01   4.7668657e-01
   7.8283538e+01   8.6000000e+01   4.7668657e-01
   7.8293538e+01   8.6000000e+01   4.7668657e-01
   7.8303538e+01   8.6000000e+01   4.7668657e-01
   7.8313538e+01   8.6000000e+01   4.7668657e-01
   7.8323538e+01   8.6000000e+01   4.7668657e-01
   7.8333538e+01   8.6000000e+01   4.7668657e-01
   7.8343538e+01   8.6000000e+01   4.7668657e-01
   7.8353538e+01   8.6000000e+01   4.7668657e-01
   7.8363538e+01   8.6000000e+01   4.7668657e-01
   7.8373538e+01   8.6000000e+01   4.7668657e-01
   7.8383538e+01   8.6000000e+01   4.7668657e-01
   7.8393538e+01   8.6000000e+01   4.7668657e-01
   7.8403538e+01   8.6000000e+01   4.7668657e-01
   7.8413538e+01   8.6000000e+01   4.7668657e-01
   7.8423538e+01   8.6000000e+01   4.7668657e-01
   7.8433538e+01   8.6000000e+01   4.7668657e-01
   7.8443538e+01   8.6000000e+01   4.7668657e-01
   7.8453538e+01   8.6000000e+01   4.7668657e-01
   7.8463538e+01   8.6000000e+01   4.7668657e-01
   7.8473538e+01   8.6000000e+01   4.7668657e-01
   7.8483538e+01   8.6000000e+01   4.7668657e-01
   7.8493538e+01   8.6000000e+01   4.7668657e-01
   7.8503538e+01   8.6000000e+01   4.7668657e-01
   7.8513538e+01   8.6000000e+01   4.7668657e-01
   7.8523538e+01   8.6000000e+01   4.7668657e-01
   7.8533538e+01   8.6000000e+01   4.7668657e-01
   7.8543538e+01   8.6000000e+01   4.7668657e-01
   7.8553538e+01   8.6000000e+01   4.7668657e-01
   7.8563538e+01   8.6000000e+01   4.7668657e-01
   7.8573538e+01   8.6000000e+01   4.7668657e-01
   7.8583538e+01   8.6000000e+01   4.7668657e-01
   7.8593538e+01   8.6000000e+01   4.7668657e-01
   7.8603538e+01   8.6000000e+01   4.7668657e-01
   7.8613538e+01   8.6000000e+01   4.7668657e-01
   7.8623538e+01   8.6000000e+01   4.7668657e-01
   7.8633538e+01   8.6000000e+01   4.7668657e-01
   7.8643538e+01   8.6000000e+01   4.7668657e-01
   7.8653538e+01   8.6000000e+01   4.7668657e-01
   7.8663538e+01   8.6000000e+01   4.7668657e-01
   7.8673538e+01   8.6000000e+01   4.7668657e-01
   7.8683538e+01   8.6000000e+01   4.7668657e-01
   7.8693538e+01   8.6000000e+01   4.7668657e-01
   7.8703538e+01   8.6000000e+01   4.7668657e-01
   7.8713538e+01   8.6000000e+01   4.7668657e-01
   7.8723538e+01   8.6000000e+01   4.7668657e-01
   7.8733538e+01   8.6000000e+01   4.7668657e-01
   7.8743538e+01   8.6000000e+01   4.7668657e-01
   7.8753538e+01   8.6000000e+01   4.7668657e-01
   7.8763538e+01   8.6000000e+01   4.7668657e-01
   7.8773538e+01   8.6000000e+01   4.7668657e-01
   7.8783538e+01   8.6000000e+01   4.7668657e-01
   7.8793538e+01   8.6000000e+01   4.7668657e-01
   7.8803538e+01   8.6000000e+01   4.7668657e-01
   7.8813538e+01   8.6000000e+01   4.7668657e-01
   7.8823538e+01   8.6000000e+01   4.7668657e-01
   7.8833538e+01   8.6000000e+01   4.7668657e-01
   7.8843538e+01   8.6000000e+01   4.7668657e-01
   7.8853538e+01   8.6000000e+01   4.7668657e-01
   7.8863538e+01   8.6000000e+01   4.7668657e-01
   7.8873538e+01   8.6000000e+01   4.7668657e-01
   7.8883538e+01   8.6000000e+01   4.7668657e-01
   7.8893538e+01   8.6000000e+01   4.7668657e-01
   7.8903538e+01   8.6000000e+01   4.7668657e-01
   7.8913538e+01   8.6000000e+01   4.7668657e-01
   7.8923538e+01   8.6000000e+01   4.7668657e-01
   7.8933538e+01   8.6000000e+01   4.7668657e-01
   7.8943538e+01   8.6000000e+01   4.7668657e-01
   7.8953538e+01   8.6000000e+01   4.7668657e-01
   7.8963538e+01   8.6000000e+01   4.7668657e-01
   7.8973538e+01   8.6000000e+01   4.7668657e-01
   7.8983538e+01   8.6000000e+01   4.7668657e-01
   7.8993538e+01   8.6000000e+01   4.7668657e-01
   7.9003538e+01   8.6000000e+01   4.7668657e-01
   7.9013538e+01   8.6000000e+01   4.7668657e-01
   7.9023538e+01   8.6000000e+01   4.7668657e-01
   7.9033538e+01   8.6000000e+01   4.7668657e-01
   7.9043538e+01   8.6000000e+01   4.7668657e-01
   7.9053538e+01   8.6000000e+01   4.7668657e-01
   7.9063538e+01   8.6000000e+01   4.7668657e-01
   7.9073538e+01   8.6000000e+01   4.7668657e-01
   7.9083538e+01   8.6000000e+01   4.7668657e-01
   7.9093538e+01   8.6000000e+01   4.7668657e-01
   7.9098149e+01   8.6000000e+01   4.7668657e-01
   7.9098149e+01   8.7000000e+01   3.5860059e-01
   7.9098149e+01   8.7000000e+01   3.5860059e-01
   7.9108149e+01   8.7000000e+01   3.5860059e-01
   7.9118149e+01   8.7000000e+01   3.5860059e-01
   7.9128149e+01   8.7000000e+01   3.5860059e-01
   7.9138149e+01   8.7000000e+01   3.5860059e-01
   7.9148149e+01   8.7000000e+01   3.5860059e-01
   7.9158149e+01   8.7000000e+01   3.5860059e-01
   7.9168149e+01   8.7000000e+01   3.5860059e-01
   7.9178149e+01   8.7000000e+01   3.5860059e-01
   7.9188149e+01   8.7000000e+01   3.5860059e-01
   7.9198149e+01   8.7000000e+01   3.5860059e-01
   7.9208149e+01   8.7000000e+01   3.5860059e-01
   7.9218149e+01   8.7000000e+01   3.5860059e-01
   7.9228149e+01   8.7000000e+01   3.5860059e-01
   7.9238149e+01   8.7000000e+01   3.5860059e-01
   7.9248149e+01   8.7000000e+01   3.5860059e-01
   7.9258149e+01   8.7000000e+01   3.5860059e-01
   7.9268149e+01   8.7000000e+01   3.5860059e-01
   7.9278149e+01   8.7000000e+01   3.5860059e-01
   7.9288149e+01   8.7000000e+01   3.5860059e-01
   7.9298149e+01   8.7000000e+01   3.5860059e-01
   7.9308149e+01   8.7000000e+01   3.5860059e-01
   7.9318149e+01   8.7000000e+01   3.5860059e-01
   7.9328149e+01   8.7000000e+01   3.5860059e-01
   7.9338149e+01   8.7000000e+01   3.5860059e-01
   7.9348149e+01   8.7000000e+01   3.5860059e-01
   7.9358149e+01   8.7000000e+01   3.5860059e-01
   7.9368149e+01   8.7000000e+01   3.5860059e-01
   7.9378149e+01   8.7000000e+01   3.5860059e-01
   7.9388149e+01   8.7000000e+01   3.5860059e-01
   7.9398149e+01   8.7000000e+01   3.5860059e-01
   7.9408149e+01   8.7000000e+01   3.5860059e-01
   7.9418149e+01   8.7000000e+01   3.5860059e-01
   7.9428149e+01   8.7000000e+01   3.5860059e-01
   7.9438149e+01   8.7000000e+01   3.5860059e-01
   7.9448149e+01   8.7000000e+01   3.5860059e-01
   7.9458149e+01   8.7000000e+01   3.5860059e-01
   7.9468149e+01   8.7000000e+01   3.5860059e-01
   7.9478149e+01   8.7000000e+01   3.5860059e-01
   7.9488149e+01   8.7000000e+01   3.5860059e-01
   7.9498149e+01   8.7000000e+01   3.5860059e-01
   7.9508149e+01   8.7000000e+01   3.5860059e-01
   7.9518149e+01   8.7000000e+01   3.5860059e-01
   7.9528149e+01   8.7000000e+01   3.5860059e-01
   7.9538149e+01   8.7000000e+01   3.5860059e-01
   7.9548149e+01   8.7000000e+01   3.5860059e-01
   7.9558149e+01   8.7000000e+01   3.5860059e-01
   7.9568149e+01   8.7000000e+01   3.5860059e-01
   7.9578149e+01   8.7000000e+01   3.5860059e-01
   7.9588149e+01   8.7000000e+01   3.5860059e-01
   7.9598149e+01   8.7000000e+01   3.5860059e-01
   7.9608149e+01   8.7000000e+01   3.5860059e-01
   7.9618149e+01   8.7000000e+01   3.5860059e-01
   7.9628149e+01   8.7000000e+01   3.5860059e-01
   7.9638149e+01   8.7000000e+01   3.5860059e-01
   7.9648149e+01   8.7000000e+01   3.5860059e-01
   7.9658149e+01   8.7000000e+01   3.5860059e-01
   7.9668149e+01   8.7000000e+01   3.5860059e-01
   7.9678149e+01   8.7000000e+01   3.5860059e-01
   7.9688149e+01   8.7000000e+01   3.5860059e-01
   7.9698149e+01   8.7000000e+01   3.5860059e-01
   7.9708149e+01   8.7000000e+01   3.5860059e-01
   7.9718149e+01   8.7000000e+01   3.5860059e-01
   7.9728149e+01   8.7000000e+01   3.5860059e-01
   7.9738149e+01   8.7000000e+01   3.5860059e-01
   7.9748149e+01   8.7000000e+01   3.5860059e-01
   7.9758149e+01   8.7000000e+01   3.5860059e-01
   7.9768149e+01   8.7000000e+01   3.5860059e-01
   7.9778149e+01   8.7000000e+01   3.5860059e-01
   7.9788149e+01   8.7000000e+01   3.5860059e-01
   7.9798149e+01   8.7000000e+01   3.5860059e-01
   7.9808149e+01   8.7000000e+01   3.5860059e-01
   7.9818149e+01   8.7000000e+01   3.5860059e-01
   7.9828149e+01   8.7000000e+01   3.5860059e-01
   7.9838149e+01   8.7000000e+01   3.5860059e-01
   7.9848149e+01   8.7000000e+01   3.5860059e-01
   7.9858149e+01   8.7000000e+01   3.5860059e-01
   7.9868149e+01   8.7000000e+01   3.5860059e-01
   7.9878149e+01   8.7000000e+01   3.5860059e-01
   7.9888149e+01   8.7000000e+01   3.5860059e-01
   7.9898149e+01   8.7000000e+01   3.5860059e-01
   7.9908149e+01   8.7000000e+01   3.5860059e-01
   7.9918149e+01   8.7000000e+01   3.5860059e-01
   7.9928149e+01   8.7000000e+01   3.5860059e-01
   7.9938149e+01   8.7000000e+01   3.5860059e-01
   7.9948149e+01   8.7000000e+01   3.5860059e-01
   7.9958149e+01   8.7000000e+01   3.5860059e-01
   7.9968149e+01   8.7000000e+01   3.5860059e-01
   7.9978149e+01   8.7000000e+01   3.5860059e-01
   7.9988149e+01   8.7000000e+01   3.5860059e-01
   7.9998149e+01   8.7000000e+01   3.5860059e-01
   8.0008149e+01   8.7000000e+01   3.5860059e-01
   8.0018149e+01   8.7000000e+01   3.5860059e-01
   8.0028149e+01   8.7000000e+01   3.5860059e-01
   8.0038149e+01   8.7000000e+01   3.5860059e-01
   8.0048149e+01   8.7000000e+01   3.5860059e-01
   8.0058149e+01   8.7000000e+01   3.5860059e-01
   8.0068149e+01   8.7000000e+01   3.5860059e-01
   8.0078149e+01   8.7000000e+01   3.5860059e-01
   8.0088149e+01   8.7000000e+01   3.5860059e-01
   8.0098149e+01   8.7000000e+01   3.5860059e-01
   8.0108149e+01   8.7000000e+01   3.5860059e-01
   8.0118149e+01   8.7000000e+01   3.5860059e-01
   8.0128149e+01   8.7000000e+01   3.5860059e-01
   8.0138149e+01   8.7000000e+01   3.5860059e-01
   8.0148149e+01   8.7000000e+01   3.5860059e-01
   8.0158149e+01   8.7000000e+01   3.5860059e-01
   8.0168149e+01   8.7000000e+01   3.5860059e-01
   8.0178149e+01   8.7000000e+01   3.5860059e-01
   8.0188149e+01   8.7000000e+01   3.5860059e-01
   8.0198149e+01   8.7000000e+01   3.5860059e-01
   8.0208149e+01   8.7000000e+01   3.5860059e-01
   8.0218149e+01   8.7000000e+01   3.5860059e-01
   8.0228149e+01   8.7000000e+01   3.5860059e-01
   8.0238149e+01   8.7000000e+01   3.5860059e-01
   8.0248149e+01   8.7000000e+01   3.5860059e-01
   8.0258149e+01   8.7000000e+01   3.5860059e-01
   8.0268149e+01   8.7000000e+01   3.5860059e-01
   8.0278149e+01   8.7000000e+01   3.5860059e-01
   8.0288149e+01   8.7000000e+01   3.5860059e-01
   8.0298149e+01   8.7000000e+01   3.5860059e-01
   8.0308149e+01   8.7000000e+01   3.5860059e-01
   8.0318149e+01   8.7000000e+01   3.5860059e-01
   8.0328149e+01   8.7000000e+01   3.5860059e-01
   8.0338149e+01   8.7000000e+01   3.5860059e-01
   8.0348149e+01   8.7000000e+01   3.5860059e-01
   8.0358149e+01   8.7000000e+01   3.5860059e-01
   8.0368149e+01   8.7000000e+01   3.5860059e-01
   8.0378149e+01   8.7000000e+01   3.5860059e-01
   8.0388149e+01   8.7000000e+01   3.5860059e-01
   8.0398149e+01   8.7000000e+01   3.5860059e-01
   8.0408149e+01   8.7000000e+01   3.5860059e-01
   8.0418149e+01   8.7000000e+01   3.5860059e-01
   8.0428149e+01   8.7000000e+01   3.5860059e-01
   8.0438149e+01   8.7000000e+01   3.5860059e-01
   8.0448149e+01   8.7000000e+01   3.5860059e-01
   8.0458149e+01   8.7000000e+01   3.5860059e-01
   8.0468149e+01   8.7000000e+01   3.5860059e-01
   8.0478149e+01   8.7000000e+01   3.5860059e-01
   8.0483785e+01   8.7000000e+01   3.5860059e-01
   8.0483785e+01   8.8000000e+01   2.3962827e-01
   8.0483785e+01   8.8000000e+01   2.3962827e-01
   8.0493785e+01   8.8000000e+01   2.3962827e-01
   8.0503785e+01   8.8000000e+01   2.3962827e-01
   8.0513785e+01   8.8000000e+01   2.3962827e-01
   8.0523785e+01   8.8000000e+01   2.3962827e-01
   8.0533785e+01   8.8000000e+01   2.3962827e-01
   8.0543785e+01   8.8000000e+01   2.3962827e-01
   8.0553785e+01   8.8000000e+01   2.3962827e-01
   8.0563785e+01   8.8000000e+01   2.3962827e-01
   8.0573785e+01   8.8000000e+01   2.3962827e-01
   8.0583785e+01   8.8000000e+01   2.3962827e-01
   8.0593785e+01   8.8000000e+01   2.3962827e-01
   8.0603785e+01   8.8000000e+01   2.3962827e-01
   8.0613785e+01   8.8000000e+01   2.3962827e-01
   8.0623785e+01   8.8000000e+01   2.3962827e-01
   8.0633785e+01   8.8000000e+01   2.3962827e-01
   8.0643785e+01   8.8000000e+01   2.3962827e-01
   8.0653785e+01   8.8000000e+01   2.3962827e-01
   8.0663785e+01   8.8000000e+01   2.3962827e-01
   8.0673785e+01   8.8000000e+01   2.3962827e-01
   8.0683785e+01   8.8000000e+01   2.3962827e-01
   8.0693785e+01   8.8000000e+01   2.3962827e-01
   8.0703785e+01   8.8000000e+01   2.3962827e-01
   8.0713785e+01   8.8000000e+01   2.3962827e-01
   8.0723785e+01   8.8000000e+01   2.3962827e-01
   8.0733785e+01   8.8000000e+01   2.3962827e-01
   8.0743785e+01   8.8000000e+01   2.3962827e-01
   8.0753785e+01   8.8000000e+01   2.3962827e-01
   8.0763785e+01   8.8000000e+01   2.3962827e-01
   8.0773785e+01   8.8000000e+01   2.3962827e-01
   8.0783785e+01   8.8000000e+01   2.3962827e-01
   8.0793785e+01   8.8000000e+01   2.3962827e-01
   8.0803785e+01   8.8000000e+01   2.3962827e-01
   8.0813785e+01   8.8000000e+01   2.3962827e-01
   8.0823785e+01   8.8000000e+01   2.3962827e-01
   8.0833785e+01   8.8000000e+01   2.3962827e-01
   8.0843785e+01   8.8000000e+01   2.3962827e-01
   8.0853785e+01   8.8000000e+01   2.3962827e-01
   8.0863785e+01   8.8000000e+01   2.3962827e-01
   8.0873785e+01   8.8000000e+01   2.3962827e-01
   8.0883785e+01   8.8000000e+01   2.3962827e-01
   8.0893785e+01   8.8000000e+01   2.3962827e-01
   8.0903785e+01   8.8000000e+01   2.3962827e-01
   8.0913785e+01   8.8000000e+01   2.3962827e-01
   8.0923785e+01   8.8000000e+01   2.3962827e-01
   8.0933785e+01   8.8000000e+01   2.3962827e-01
   8.0943785e+01   8.8000000e+01   2.3962827e-01
   8.0953785e+01   8.8000000e+01   2.3962827e-01
   8.0963785e+01   8.8000000e+01   2.3962827e-01
   8.0973785e+01   8.8000000e+01   2.3962827e-01
   8.0983785e+01   8.8000000e+01   2.3962827e-01
   8.0993785e+01   8.8000000e+01   2.3962827e-01
   8.1003785e+01   8.8000000e+01   2.3962827e-01
   8.1013785e+01   8.8000000e+01   2.3962827e-01
   8.1023785e+01   8.8000000e+01   2.3962827e-01
   8.1033785e+01   8.8000000e+01   2.3962827e-01
   8.1043785e+01   8.8000000e+01   2.3962827e-01
   8.1053785e+01   8.8000000e+01   2.3962827e-01
   8.1063785e+01   8.8000000e+01   2.3962827e-01
   8.1073785e+01   8.8000000e+01   2.3962827e-01
   8.1083785e+01   8.8000000e+01   2.3962827e-01
   8.1093785e+01   8.8000000e+01   2.3962827e-01
   8.1103785e+01   8.8000000e+01   2.3962827e-01
   8.1113785e+01   8.8000000e+01   2.3962827e-01
   8.1123785e+01   8.8000000e+01   2.3962827e-01
   8.1133785e+01   8.8000000e+01   2.3962827e-01
   8.1143785e+01   8.8000000e+01   2.3962827e-01
   8.1153785e+01   8.8000000e+01   2.3962827e-01
   8.1163785e+01   8.8000000e+01   2.3962827e-01
   8.1173785e+01   8.8000000e+01   2.3962827e-01
   8.1183785e+01   8.8000000e+01   2.3962827e-01
   8.1193785e+01   8.8000000e+01   2.3962827e-01
   8.1203785e+01   8.8000000e+01   2.3962827e-01
   8.1213785e+01   8.8000000e+01   2.3962827e-01
   8.1223785e+01   8.8000000e+01   2.3962827e-01
   8.1233785e+01   8.8000000e+01   2.3962827e-01
   8.1243785e+01   8.8000000e+01   2.3962827e-01
   8.1253785e+01   8.8000000e+01   2.3962827e-01
   8.1263785e+01   8.8000000e+01   2.3962827e-01
   8.1273785e+01   8.8000000e+01   2.3962827e-01
   8.1283785e+01   8.8000000e+01   2.3962827e-01
   8.1293785e+01   8.8000000e+01   2.3962827e-01
   8.1303785e+01   8.8000000e+01   2.3962827e-01
   8.1313785e+01   8.8000000e+01   2.3962827e-01
   8.1323785e+01   8.8000000e+01   2.3962827e-01
   8.1333785e+01   8.8000000e+01   2.3962827e-01
   8.1343785e+01   8.8000000e+01   2.3962827e-01
   8.1353785e+01   8.8000000e+01   2.3962827e-01
   8.1363785e+01   8.8000000e+01   2.3962827e-01
   8.1373785e+01   8.8000000e+01   2.3962827e-01
   8.1383785e+01   8.8000000e+01   2.3962827e-01
   8.1393785e+01   8.8000000e+01   2.3962827e-01
   8.1403785e+01   8.8000000e+01   2.3962827e-01
   8.1413785e+01   8.8000000e+01   2.3962827e-01
   8.1423785e+01   8.8000000e+01   2.3962827e-01
   8.1433785e+01   8.8000000e+01   2.3962827e-01
   8.1443785e+01   8.8000000e+01   2.3962827e-01
   8.1453785e+01   8.8000000e+01   2.3962827e-01
   8.1463785e+01   8.8000000e+01   2.3962827e-01
   8.1473785e+01   8.8000000e+01   2.3962827e-01
   8.1483785e+01   8.8000000e+01   2.3962827e-01
   8.1493785e+01   8.8000000e+01   2.3962827e-01
   8.1503785e+01   8.8000000e+01   2.3962827e-01
   8.1513785e+01   8.8000000e+01   2.3962827e-01
   8.1523785e+01   8.8000000e+01   2.3962827e-01
   8.1533785e+01   8.8000000e+01   2.3962827e-01
   8.1543785e+01   8.8000000e+01   2.3962827e-01
   8.1553785e+01   8.8000000e+01   2.3962827e-01
   8.1563785e+01   8.8000000e+01   2.3962827e-01
   8.1573785e+01   8.8000000e+01   2.3962827e-01
   8.1583785e+01   8.8000000e+01   2.3962827e-01
   8.1593785e+01   8.8000000e+01   2.3962827e-01
   8.1603785e+01   8.8000000e+01   2.3962827e-01
   8.1613785e+01   8.8000000e+01   2.3962827e-01
   8.1623785e+01   8.8000000e+01   2.3962827e-01
   8.1633785e+01   8.8000000e+01   2.3962827e-01
   8.1643785e+01   8.8000000e+01   2.3962827e-01
   8.1653785e+01   8.8000000e+01   2.3962827e-01
   8.1663785e+01   8.8000000e+01   2.3962827e-01
   8.1673785e+01   8.8000000e+01   2.3962827e-01
   8.1683785e+01   8.8000000e+01   2.3962827e-01
   8.1693785e+01   8.8000000e+01   2.3962827e-01
   8.1703785e+01   8.8000000e+01   2.3962827e-01
   8.1713785e+01   8.8000000e+01   2.3962827e-01
   8.1723785e+01   8.8000000e+01   2.3962827e-01
   8.1733785e+01   8.8000000e+01   2.3962827e-01
   8.1743785e+01   8.8000000e+01   2.3962827e-01
   8.1753785e+01   8.8000000e+01   2.3962827e-01
   8.1763785e+01   8.8000000e+01   2.3962827e-01
   8.1773785e+01   8.8000000e+01   2.3962827e-01
   8.1783785e+01   8.8000000e+01   2.3962827e-01
   8.1793785e+01   8.8000000e+01   2.3962827e-01
   8.1803785e+01   8.8000000e+01   2.3962827e-01
   8.1813785e+01   8.8000000e+01   2.3962827e-01
   8.1823785e+01   8.8000000e+01   2.3962827e-01
   8.1833785e+01   8.8000000e+01   2.3962827e-01
   8.1843785e+01   8.8000000e+01   2.3962827e-01
   8.1853785e+01   8.8000000e+01   2.3962827e-01
   8.1863785e+01   8.8000000e+01   2.3962827e-01
   8.1870036e+01   8.8000000e+01   2.3962827e-01
   8.1870036e+01   8.9000000e+01   1.2000168e-01
   8.1870036e+01   8.9000000e+01   1.2000168e-01
   8.1880036e+01   8.9000000e+01   1.2000168e-01
   8.1890036e+01   8.9000000e+01   1.2000168e-01
   8.1900036e+01   8.9000000e+01   1.2000168e-01
   8.1910036e+01   8.9000000e+01   1.2000168e-01
   8.1920036e+01   8.9000000e+01   1.2000168e-01
   8.1930036e+01   8.9000000e+01   1.2000168e-01
   8.1940036e+01   8.9000000e+01   1.2000168e-01
   8.1950036e+01   8.9000000e+01   1.2000168e-01
   8.1960036e+01   8.9000000e+01   1.2000168e-01
   8.1970036e+01   8.9000000e+01   1.2000168e-01
   8.1980036e+01   8.9000000e+01   1.2000168e-01
   8.1990036e+01   8.9000000e+01   1.2000168e-01
   8.2000036e+01   8.9000000e+01   1.2000168e-01
   8.2010036e+01   8.9000000e+01   1.2000168e-01
   8.2020036e+01   8.9000000e+01   1.2000168e-01
   8.2030036e+01   8.9000000e+01   1.2000168e-01
   8.2040036e+01   8.9000000e+01   1.2000168e-01
   8.2050036e+01   8.9000000e+01   1.2000168e-01
   8.2060036e+01   8.9000000e+01   1.2000168e-01
   8.2070036e+01   8.9000000e+01   1.2000168e-01
   8.2080036e+01   8.9000000e+01   1.2000168e-01
   8.2090036e+01   8.9000000e+01   1.2000168e-01
   8.2100036e+01   8.9000000e+01   1.2000168e-01
   8.2110036e+01   8.9000000e+01   1.2000168e-01
   8.2120036e+01   8.9000000e+01   1.2000168e-01
   8.2130036e+01   8.9000000e+01   1.2000168e-01
   8.2140036e+01   8.9000000e+01   1.2000168e-01
   8.2150036e+01   8.9000000e+01   1.2000168e-01
   8.2160036e+01   8.9000000e+01   1.2000168e-01
   8.2170036e+01   8.9000000e+01   1.2000168e-01
   8.2180036e+01   8.9000000e+01   1.2000168e-01
   8.2190036e+01   8.9000000e+01   1.2000168e-01
   8.2200036e+01   8.9000000e+01   1.2000168e-01
   8.2210036e+01   8.9000000e+01   1.2000168e-01
   8.2220036e+01   8.9000000e+01   1.2000168e-01
   8.2230036e+01   8.9000000e+01   1.2000168e-01
   8.2240036e+01   8.9000000e+01   1.2000168e-01
   8.2250036e+01   8.9000000e+01   1.2000168e-01
   8.2260036e+01   8.9000000e+01   1.2000168e-01
   8.2270036e+01   8.9000000e+01   1.2000168e-01
   8.2280036e+01   8.9000000e+01   1.2000168e-01
   8.2290036e+01   8.9000000e+01   1.2000168e-01
   8.2300036e+01   8.9000000e+01   1.2000168e-01
   8.2310036e+01   8.9000000e+01   1.2000168e-01
   8.2320036e+01   8.9000000e+01   1.2000168e-01
   8.2330036e+01   8.9000000e+01   1.2000168e-01
   8.2340036e+01   8.9000000e+01   1.2000168e-01
   8.2350036e+01   8.9000000e+01   1.2000168e-01
   8.2360036e+01   8.9000000e+01   1.2000168e-01
   8.2370036e+01   8.9000000e+01   1.2000168e-01
   8.2380036e+01   8.9000000e+01   1.2000168e-01
   8.2390036e+01   8.9000000e+01   1.2000168e-01
   8.2400036e+01   8.9000000e+01   1.2000168e-01
   8.2410036e+01   8.9000000e+01   1.2000168e-01
   8.2420036e+01   8.9000000e+01   1.2000168e-01
   8.2430036e+01   8.9000000e+01   1.2000168e-01
   8.2440036e+01   8.9000000e+01   1.2000168e-01
   8.2450036e+01   8.9000000e+01   1.2000168e-01
   8.2460036e+01   8.9000000e+01   1.2000168e-01
   8.2470036e+01   8.9000000e+01   1.2000168e-01
   8.2480036e+01   8.9000000e+01   1.2000168e-01
   8.2490036e+01   8.9000000e+01   1.2000168e-01
   8.2500036e+01   8.9000000e+01   1.2000168e-01
   8.2510036e+01   8.9000000e+01   1.2000168e-01
   8.2520036e+01   8.9000000e+01   1.2000168e-01
   8.2530036e+01   8.9000000e+01   1.2000168e-01
   8.2540036e+01   8.9000000e+01   1.2000168e-01
   8.2550036e+01   8.9000000e+01   1.2000168e-01
   8.2560036e+01   8.9000000e+01   1.2000168e-01
   8.2570036e+01   8.9000000e+01   1.2000168e-01
   8.2580036e+01   8.9000000e+01   1.2000168e-01
   8.2590036e+01   8.9000000e+01   1.2000168e-01
   8.2600036e+01   8.9000000e+01   1.2000168e-01
   8.2610036e+01   8.9000000e+01   1.2000168e-01
   8.2620036e+01   8.9000000e+01   1.2000168e-01
   8.2630036e+01   8.9000000e+01   1.2000168e-01
   8.2640036e+01   8.9000000e+01   1.2000168e-01
   8.2650036e+01   8.9000000e+01   1.2000168e-01
   8.2660036e+01   8.9000000e+01   1.2000168e-01
   8.2670036e+01   8.9000000e+01   1.2000168e-01
   8.2680036e+01   8.9000000e+01   1.2000168e-01
   8.2690036e+01   8.9000000e+01   1.2000168e-01
   8.2700036e+01   8.9000000e+01   1.2000168e-01
   8.2710036e+01   8.9000000e+01   1.2000168e-01
   8.2720036e+01   8.9000000e+01   1.2000168e-01
   8.2730036e+01   8.9000000e+01   1.2000168e-01
   8.2740036e+01   8.9000000e+01   1.2000168e-01
   8.2750036e+01   8.9000000e+01   1.2000168e-01
   8.2760036e+01   8.9000000e+01   1.2000168e-01
   8.2770036e+01   8.9000000e+01   1.2000168e-01
   8.2780036e+01   8.9000000e+01   1.2000168e-01
   8.2790036e+01   8.9000000e+01   1.2000168e-01
   8.2800036e+01   8.9000000e+01   1.2000168e-01
   8.2810036e+01   8.9000000e+01   1.2000168e-01
   8.2820036e+01   8.9000000e+01   1.2000168e-01
   8.2830036e+01   8.9000000e+01   1.2000168e-01
   8.2840036e+01   8.9000000e+01   1.2000168e-01
   8.2850036e+01   8.9000000e+01   1.2000168e-01
   8.2860036e+01   8.9000000e+01   1.2000168e-01
   8.2870036e+01   8.9000000e+01   1.2000168e-01
   8.2880036e+01   8.9000000e+01   1.2000168e-01
   8.2890036e+01   8.9000000e+01   1.2000168e-01
   8.2900036e+01   8.9000000e+01   1.2000168e-01
   8.2910036e+01   8.9000000e+01   1.2000168e-01
   8.2920036e+01   8.9000000e+01   1.2000168e-01
   8.2930036e+01   8.9000000e+01   1.2000168e-01
   8.2940036e+01   8.9000000e+01   1.2000168e-01
   8.2950036e+01   8.9000000e+01   1.2000168e-01
   8.2960036e+01   8.9000000e+01   1.2000168e-01
   8.2970036e+01   8.9000000e+01   1.2000168e-01
   8.2980036e+01   8.9000000e+01   1.2000168e-01
   8.2990036e+01   8.9000000e+01   1.2000168e-01
   8.3000036e+01   8.9000000e+01   1.2000168e-01
   8.3010036e+01   8.9000000e+01   1.2000168e-01
   8.3020036e+01   8.9000000e+01   1.2000168e-01
   8.3030036e+01   8.9000000e+01   1.2000168e-01
   8.3040036e+01   8.9000000e+01   1.2000168e-01
   8.3050036e+01   8.9000000e+01   1.2000168e-01
   8.3060036e+01   8.9000000e+01   1.2000168e-01
   8.3070036e+01   8.9000000e+01   1.2000168e-01
   8.3080036e+01   8.9000000e+01   1.2000168e-01
   8.3090036e+01   8.9000000e+01   1.2000168e-01
   8.3100036e+01   8.9000000e+01   1.2000168e-01
   8.3110036e+01   8.9000000e+01   1.2000168e-01
   8.3120036e+01   8.9000000e+01   1.2000168e-01
   8.3130036e+01   8.9000000e+01   1.2000168e-01
   8.3140036e+01   8.9000000e+01   1.2000168e-01
   8.3150036e+01   8.9000000e+01   1.2000168e-01
   8.3160036e+01   8.9000000e+01   1.2000168e-01
   8.3170036e+01   8.9000000e+01   1.2000168e-01
   8.3180036e+01   8.9000000e+01   1.2000168e-01
   8.3190036e+01   8.9000000e+01   1.2000168e-01
   8.3200036e+01   8.9000000e+01   1.2000168e-01
   8.3210036e+01   8.9000000e+01   1.2000168e-01
   8.3220036e+01   8.9000000e+01   1.2000168e-01
   8.3230036e+01   8.9000000e+01   1.2000168e-01
   8.3240036e+01   8.9000000e+01   1.2000168e-01
   8.3250036e+01   8.9000000e+01   1.2000168e-01
   8.3256492e+01   8.9000000e+01   1.2000168e-01
   8.3256492e+01   9.0000000e+01   4.2126932e-16
