   0.0000000e+00   0.0000000e+00   0.0000000e+00
   2.0098152e-05   0.0000000e+00   0.0000000e+00
   1.2058891e-04   0.0000000e+00   0.0000000e+00
   6.2304273e-04   0.0000000e+00   0.0000000e+00
   3.1353118e-03   0.0000000e+00   0.0000000e+00
   1.3135312e-02   0.0000000e+00   0.0000000e+00
   2.3135312e-02   0.0000000e+00   0.0000000e+00
   3.3135312e-02   0.0000000e+00   0.0000000e+00
   3.5512071e-02   0.0000000e+00   0.0000000e+00
   3.5512071e-02   1.0000000e+00   3.5195147e-01
   3.5512071e-02   1.0000000e+00   3.5195147e-01
   4.5512071e-02   1.0000000e+00   3.5195147e-01
   5.5512071e-02   1.0000000e+00   3.5195147e-01
   6.5512071e-02   1.0000000e+00   3.5195147e-01
   7.5512071e-02   1.0000000e+00   3.5195147e-01
   8.5512071e-02   1.0000000e+00   3.5195147e-01
   9.5512071e-02   1.0000000e+00   3.5195147e-01
   1.0551207e-01   1.0000000e+00   3.5195147e-01
   1.0631786e-01   1.0000000e+00   3.5195147e-01
   1.0631786e-01   2.0000000e+00   6.9539342e-01
   1.0631786e-01   2.0000000e+00   6.9539342e-01
   1.1631786e-01   2.0000000e+00   6.9539342e-01
   1.2631786e-01   2.0000000e+00   6.9539342e-01
   1.3631786e-01   2.0000000e+00   6.9539342e-01
   1.4631786e-01   2.0000000e+00   6.9539342e-01
   1.5631786e-01   2.0000000e+00   6.9539342e-01
   1.6631786e-01   2.0000000e+00   6.9539342e-01
   1.7631786e-01   2.0000000e+00   6.9539342e-01
   1.8631786e-01   2.0000000e+00   6.9539342e-01
   1.9631786e-01   2.0000000e+00   6.9539342e-01
   2.0631786e-01   2.0000000e+00   6.9539342e-01
   2.1219242e-01   2.0000000e+00   6.9539342e-01
   2.1219242e-01   3.0000000e+00   1.0302831e+00
   2.1219242e-01   3.0000000e+00   1.0302831e+00
   2.2219242e-01   3.0000000e+00   1.0302831e+00
   2.3219242e-01   3.0000000e+00   1.0302831e+00
   2.4219242e-01   3.0000000e+00   1.0302831e+00
   2.5219242e-01   3.0000000e+00   1.0302831e+00
   2.6219242e-01   3.0000000e+00   1.0302831e+00
   2.7219242e-01   3.0000000e+00   1.0302831e+00
   2.8219242e-01   3.0000000e+00   1.0302831e+00
   2.9219242e-01   3.0000000e+00   1.0302831e+00
   3.0219242e-01   3.0000000e+00   1.0302831e+00
   3.1219242e-01   3.0000000e+00   1.0302831e+00
   3.2219242e-01   3.0000000e+00   1.0302831e+00
   3.3219242e-01   3.0000000e+00   1.0302831e+00
   3.4219242e-01   3.0000000e+00   1.0302831e+00
   3.5219242e-01   3.0000000e+00   1.0302831e+00
   3.5290446e-01   3.0000000e+00   1.0302831e+00
   3.5290446e-01   4.0000000e+00   1.3565863e+00
   3.5290446e-01   4.0000000e+00   1.3565863e+00
   3.6290446e-01   4.0000000e+00   1.3565863e+00
   3.7290446e-01   4.0000000e+00   1.3565863e+00
   3.8290446e-01   4.0000000e+00   1.3565863e+00
   3.9290446e-01   4.0000000e+00   1.3565863e+00
   4.0290446e-01   4.0000000e+00   1.3565863e+00
   4.1290446e-01   4.0000000e+00   1.3565863e+00
   4.2290446e-01   4.0000000e+00   1.3565863e+00
   4.3290446e-01   4.0000000e+00   1.3565863e+00
   4.4290446e-01   4.0000000e+00   1.3565863e+00
   4.5290446e-01   4.0000000e+00   1.3565863e+00
   4.6290446e-01   4.0000000e+00   1.3565863e+00
   4.7290446e-01   4.0000000e+00   1.3565863e+00
   4.8290446e-01   4.0000000e+00   1.3565863e+00
   4.9290446e-01   4.0000000e+00   1.3565863e+00
   5.0290446e-01   4.0000000e+00   1.3565863e+00
   5.1290446e-01   4.0000000e+00   1.3565863e+00
   5.2290446e-01   4.0000000e+00   1.3565863e+00
   5.2821667e-01   4.0000000e+00   1.3565863e+00
   5.2821667e-01   5.0000000e+00   1.6742766e+00
   5.2821667e-01   5.0000000e+00   1.6742766e+00
   5.3821667e-01   5.0000000e+00   1.6742766e+00
   5.4821667e-01   5.0000000e+00   1.6742766e+00
   5.5821667e-01   5.0000000e+00   1.6742766e+00
   5.6821667e-01   5.0000000e+00   1.6742766e+00
   5.7821667e-01   5.0000000e+00   1.6742766e+00
   5.8821667e-01   5.0000000e+00   1.6742766e+00
   5.9821667e-01   5.0000000e+00   1.6742766e+00
   6.0821667e-01   5.0000000e+00   1.6742766e+00
   6.1821667e-01   5.0000000e+00   1.6742766e+00
   6.2821667e-01   5.0000000e+00   1.6742766e+00
   6.3821667e-01   5.0000000e+00   1.6742766e+00
   6.4821667e-01   5.0000000e+00   1.6742766e+00
   6.5821667e-01   5.0000000e+00   1.6742766e+00
   6.6821667e-01   5.0000000e+00   1.6742766e+00
   6.7821667e-01   5.0000000e+00   1.6742766e+00
   6.8821667e-01   5.0000000e+00   1.6742766e+00
   6.9821667e-01   5.0000000e+00   1.6742766e+00
   7.0821667e-01   5.0000000e+00   1.6742766e+00
   7.1821667e-01   5.0000000e+00   1.6742766e+00
   7.2821667e-01   5.0000000e+00   1.6742766e+00
   7.3788598e-01   5.0000000e+00   1.6742766e+00
   7.3788598e-01   6.0000000e+00   1.9833342e+00
   7.3788598e-01   6.0000000e+00   1.9833342e+00
   7.4788598e-01   6.0000000e+00   1.9833342e+00
   7.5788598e-01   6.0000000e+00   1.9833342e+00
   7.6788598e-01   6.0000000e+00   1.9833342e+00
   7.7788598e-01   6.0000000e+00   1.9833342e+00
   7.8788598e-01   6.0000000e+00   1.9833342e+00
   7.9788598e-01   6.0000000e+00   1.9833342e+00
   8.0788598e-01   6.0000000e+00   1.9833342e+00
   8.1788598e-01   6.0000000e+00   1.9833342e+00
   8.2788598e-01   6.0000000e+00   1.9833342e+00
   8.3788598e-01   6.0000000e+00   1.9833342e+00
   8.4788598e-01   6.0000000e+00   1.9833342e+00
   8.5788598e-01   6.0000000e+00   1.9833342e+00
   8.6788598e-01   6.0000000e+00   1.9833342e+00
   8.7788598e-01   6.0000000e+00   1.9833342e+00
   8.8788598e-01   6.0000000e+00   1.9833342e+00
   8.9788598e-01   6.0000000e+00   1.9833342e+00
   9.0788598e-01   6.0000000e+00   1.9833342e+00
   9.1788598e-01   6.0000000e+00   1.9833342e+00
   9.2788598e-01   6.0000000e+00   1.9833342e+00
   9.3788598e-01   6.0000000e+00   1.9833342e+00
   9.4788598e-01   6.0000000e+00   1.9833342e+00
   9.5788598e-01   6.0000000e+00   1.9833342e+00
   9.6788598e-01   6.0000000e+00   1.9833342e+00
   9.7788598e-01   6.0000000e+00   1.9833342e+00
   9.8166380e-01   6.0000000e+00   1.9833342e+00
   9.8166380e-01   7.0000000e+00   2.2837454e+00
   9.8166380e-01   7.0000000e+00   2.2837454e+00
   9.9166380e-01   7.0000000e+00   2.2837454e+00
   1.0016638e+00   7.0000000e+00   2.2837454e+00
   1.0116638e+00   7.0000000e+00   2.2837454e+00
   1.0216638e+00   7.0000000e+00   2.2837454e+00
   1.0316638e+00   7.0000000e+00   2.2837454e+00
   1.0416638e+00   7.0000000e+00   2.2837454e+00
   1.0516638e+00   7.0000000e+00   2.2837454e+00
   1.0616638e+00   7.0000000e+00   2.2837454e+00
   1.0716638e+00   7.0000000e+00   2.2837454e+00
   1.0816638e+00   7.0000000e+00   2.2837454e+00
   1.0916638e+00   7.0000000e+00   2.2837454e+00
   1.1016638e+00   7.0000000e+00   2.2837454e+00
   1.1116638e+00   7.0000000e+00   2.2837454e+00
   1.1216638e+00   7.0000000e+00   2.2837454e+00
   1.1316638e+00   7.0000000e+00   2.2837454e+00
   1.1416638e+00   7.0000000e+00   2.2837454e+00
   1.1516638e+00   7.0000000e+00   2.2837454e+00
   1.1616638e+00   7.0000000e+00   2.2837454e+00
   1.1716638e+00   7.0000000e+00   2.2837454e+00
   1.1816638e+00   7.0000000e+00   2.2837454e+00
   1.1916638e+00   7.0000000e+00   2.2837454e+00
   1.2016638e+00   7.0000000e+00   2.2837454e+00
   1.2116638e+00   7.0000000e+00   2.2837454e+00
   1.2216638e+00   7.0000000e+00   2.2837454e+00
   1.2316638e+00   7.0000000e+00   2.2837454e+00
   1.2416638e+00   7.0000000e+00   2.2837454e+00
   1.2516638e+00   7.0000000e+00   2.2837454e+00
   1.2592963e+00   7.0000000e+00   2.2837454e+00
   1.2592963e+00   8.0000000e+00   2.5755020e+00
   1.2592963e+00   8.0000000e+00   2.5755020e+00
   1.2692963e+00   8.0000000e+00   2.5755020e+00
   1.2792963e+00   8.0000000e+00   2.5755020e+00
   1.2892963e+00   8.0000000e+00   2.5755020e+00
   1.2992963e+00   8.0000000e+00   2.5755020e+00
   1.3092963e+00   8.0000000e+00   2.5755020e+00
   1.3192963e+00   8.0000000e+00   2.5755020e+00
   1.3292963e+00   8.0000000e+00   2.5755020e+00
   1.3392963e+00   8.0000000e+00   2.5755020e+00
   1.3492963e+00   8.0000000e+00   2.5755020e+00
   1.3592963e+00   8.0000000e+00   2.5755020e+00
   1.3692963e+00   8.0000000e+00   2.5755020e+00
   1.3792963e+00   8.0000000e+00   2.5755020e+00
   1.3892963e+00   8.0000000e+00   2.5755020e+00
   1.3992963e+00   8.0000000e+00   2.5755020e+00
   1.4092963e+00   8.0000000e+00   2.5755020e+00
   1.4192963e+00   8.0000000e+00   2.5755020e+00
   1.4292963e+00   8.0000000e+00   2.5755020e+00
   1.4392963e+00   8.0000000e+00   2.5755020e+00
   1.4492963e+00   8.0000000e+00   2.5755020e+00
   1.4592963e+00   8.0000000e+00   2.5755020e+00
   1.4692963e+00   8.0000000e+00   2.5755020e+00
   1.4792963e+00   8.0000000e+00   2.5755020e+00
   1.4892963e+00   8.0000000e+00   2.5755020e+00
   1.4992963e+00   8.0000000e+00   2.5755020e+00
   1.5092963e+00   8.0000000e+00   2.5755020e+00
   1.5192963e+00   8.0000000e+00   2.5755020e+00
   1.5292963e+00   8.0000000e+00   2.5755020e+00
   1.5392963e+00   8.0000000e+00   2.5755020e+00
   1.5492963e+00   8.0000000e+00   2.5755020e+00
   1.5592963e+00   8.0000000e+00   2.5755020e+00
   1.5692963e+00   8.0000000e+00   2.5755020e+00
   1.5705245e+00   8.0000000e+00   2.5755020e+00
   1.5705245e+00   9.0000000e+00   2.8586003e+00
   1.5705245e+00   9.0000000e+00   2.8586003e+00
   1.5805245e+00   9.0000000e+00   2.8586003e+00
   1.5905245e+00   9.0000000e+00   2.8586003e+00
   1.6005245e+00   9.0000000e+00   2.8586003e+00
   1.6105245e+00   9.0000000e+00   2.8586003e+00
   1.6205245e+00   9.0000000e+00   2.8586003e+00
   1.6305245e+00   9.0000000e+00   2.8586003e+00
   1.6405245e+00   9.0000000e+00   2.8586003e+00
   1.6505245e+00   9.0000000e+00   2.8586003e+00
   1.6605245e+00   9.0000000e+00   2.8586003e+00
   1.6705245e+00   9.0000000e+00   2.8586003e+00
   1.6805245e+00   9.0000000e+00   2.8586003e+00
   1.6905245e+00   9.0000000e+00   2.8586003e+00
   1.7005245e+00   9.0000000e+00   2.8586003e+00
   1.7105245e+00   9.0000000e+00   2.8586003e+00
   1.7205245e+00   9.0000000e+00   2.8586003e+00
   1.7305245e+00   9.0000000e+00   2.8586003e+00
   1.7405245e+00   9.0000000e+00   2.8586003e+00
   1.7505245e+00   9.0000000e+00   2.8586003e+00
   1.7605245e+00   9.0000000e+00   2.8586003e+00
   1.7705245e+00   9.0000000e+00   2.8586003e+00
   1.7805245e+00   9.0000000e+00   2.8586003e+00
   1.7905245e+00   9.0000000e+00   2.8586003e+00
   1.8005245e+00   9.0000000e+00   2.8586003e+00
   1.8105245e+00   9.0000000e+00   2.8586003e+00
   1.8205245e+00   9.0000000e+00   2.8586003e+00
   1.8305245e+00   9.0000000e+00   2.8586003e+00
   1.8405245e+00   9.0000000e+00   2.8586003e+00
   1.8505245e+00   9.0000000e+00   2.8586003e+00
   1.8605245e+00   9.0000000e+00   2.8586003e+00
   1.8705245e+00   9.0000000e+00   2.8586003e+00
   1.8805245e+00   9.0000000e+00   2.8586003e+00
   1.8905245e+00   9.0000000e+00   2.8586003e+00
   1.9005245e+00   9.0000000e+00   2.8586003e+00
   1.9105245e+00   9.0000000e+00   2.8586003e+00
   1.9150846e+00   9.0000000e+00   2.8586003e+00
   1.9150846e+00   1.0000000e+01   3.1330409e+00
   1.9150846e+00   1.0000000e+01   3.1330409e+00
   1.9250846e+00   1.0000000e+01   3.1330409e+00
   1.9350846e+00   1.0000000e+01   3.1330409e+00
   1.9450846e+00   1.0000000e+01   3.1330409e+00
   1.9550846e+00   1.0000000e+01   3.1330409e+00
   1.9650846e+00   1.0000000e+01   3.1330409e+00
   1.9750846e+00   1.0000000e+01   3.1330409e+00
   1.9850846e+00   1.0000000e+01   3.1330409e+00
   1.9950846e+00   1.0000000e+01   3.1330409e+00
   2.0050846e+00   1.0000000e+01   3.1330409e+00
   2.0150846e+00   1.0000000e+01   3.1330409e+00
   2.0250846e+00   1.0000000e+01   3.1330409e+00
   2.0350846e+00   1.0000000e+01   3.1330409e+00
   2.0450846e+00   1.0000000e+01   3.1330409e+00
   2.0550846e+00   1.0000000e+01   3.1330409e+00
   2.0650846e+00   1.0000000e+01   3.1330409e+00
   2.0750846e+00   1.0000000e+01   3.1330409e+00
   2.0850846e+00   1.0000000e+01   3.1330409e+00
   2.0950846e+00   1.0000000e+01   3.1330409e+00
   2.1050846e+00   1.0000000e+01   3.1330409e+00
   2.1150846e+00   1.0000000e+01   3.1330409e+00
   2.1250846e+00   1.0000000e+01   3.1330409e+00
   2.1350846e+00   1.0000000e+01   3.1330409e+00
   2.1450846e+00   1.0000000e+01   3.1330409e+00
   2.1550846e+00   1.0000000e+01   3.1330409e+00
   2.1650846e+00   1.0000000e+01   3.1330409e+00
   2.1750846e+00   1.0000000e+01   3.1330409e+00
   2.1850846e+00   1.0000000e+01   3.1330409e+00
   2.1950846e+00   1.0000000e+01   3.1330409e+00
   2.2050846e+00   1.0000000e+01   3.1330409e+00
   2.2150846e+00   1.0000000e+01   3.1330409e+00
   2.2250846e+00   1.0000000e+01   3.1330409e+00
   2.2350846e+00   1.0000000e+01   3.1330409e+00
   2.2450846e+00   1.0000000e+01   3.1330409e+00
   2.2550846e+00   1.0000000e+01   3.1330409e+00
   2.2650846e+00   1.0000000e+01   3.1330409e+00
   2.2750846e+00   1.0000000e+01   3.1330409e+00
   2.2850846e+00   1.0000000e+01   3.1330409e+00
   2.2927083e+00   1.0000000e+01   3.1330409e+00
   2.2927083e+00   1.1000000e+01   3.3988283e+00
   2.2927083e+00   1.1000000e+01   3.3988283e+00
   2.3027083e+00   1.1000000e+01   3.3988283e+00
   2.3127083e+00   1.1000000e+01   3.3988283e+00
   2.3227083e+00   1.1000000e+01   3.3988283e+00
   2.3327083e+00   1.1000000e+01   3.3988283e+00
   2.3427083e+00   1.1000000e+01   3.3988283e+00
   2.3527083e+00   1.1000000e+01   3.3988283e+00
   2.3627083e+00   1.1000000e+01   3.3988283e+00
   2.3727083e+00   1.1000000e+01   3.3988283e+00
   2.3827083e+00   1.1000000e+01   3.3988283e+00
   2.3927083e+00   1.1000000e+01   3.3988283e+00
   2.4027083e+00   1.1000000e+01   3.3988283e+00
   2.4127083e+00   1.1000000e+01   3.3988283e+00
   2.4227083e+00   1.1000000e+01   3.3988283e+00
   2.4327083e+00   1.1000000e+01   3.3988283e+00
   2.4427083e+00   1.1000000e+01   3.3988283e+00
   2.4527083e+00   1.1000000e+01   3.3988283e+00
   2.4627083e+00   1.1000000e+01   3.3988283e+00
   2.4727083e+00   1.1000000e+01   3.3988283e+00
   2.4827083e+00   1.1000000e+01   3.3988283e+00
   2.4927083e+00   1.1000000e+01   3.3988283e+00
   2.5027083e+00   1.1000000e+01   3.3988283e+00
   2.5127083e+00   1.1000000e+01   3.3988283e+00
   2.5227083e+00   1.1000000e+01   3.3988283e+00
   2.5327083e+00   1.1000000e+01   3.3988283e+00
   2.5427083e+00   1.1000000e+01   3.3988283e+00
   2.5527083e+00   1.1000000e+01   3.3988283e+00
   2.5627083e+00   1.1000000e+01   3.3988283e+00
   2.5727083e+00   1.1000000e+01   3.3988283e+00
   2.5827083e+00   1.1000000e+01   3.3988283e+00
   2.5927083e+00   1.1000000e+01   3.3988283e+00
   2.6027083e+00   1.1000000e+01   3.3988283e+00
   2.6127083e+00   1.1000000e+01   3.3988283e+00
   2.6227083e+00   1.1000000e+01   3.3988283e+00
   2.6327083e+00   1.1000000e+01   3.3988283e+00
   2.6427083e+00   1.1000000e+01   3.3988283e+00
   2.6527083e+00   1.1000000e+01   3.3988283e+00
   2.6627083e+00   1.1000000e+01   3.3988283e+00
   2.6727083e+00   1.1000000e+01   3.3988283e+00
   2.6827083e+00   1.1000000e+01   3.3988283e+00
   2.6927083e+00   1.1000000e+01   3.3988283e+00
   2.7027083e+00   1.1000000e+01   3.3988283e+00
   2.7031228e+00   1.1000000e+01   3.3988283e+00
   2.7031228e+00   1.2000000e+01   3.6559699e+00
   2.7031228e+00   1.2000000e+01   3.6559699e+00
   2.7131228e+00   1.2000000e+01   3.6559699e+00
   2.7231228e+00   1.2000000e+01   3.6559699e+00
   2.7331228e+00   1.2000000e+01   3.6559699e+00
   2.7431228e+00   1.2000000e+01   3.6559699e+00
   2.7531228e+00   1.2000000e+01   3.6559699e+00
   2.7631228e+00   1.2000000e+01   3.6559699e+00
   2.7731228e+00   1.2000000e+01   3.6559699e+00
   2.7831228e+00   1.2000000e+01   3.6559699e+00
   2.7931228e+00   1.2000000e+01   3.6559699e+00
   2.8031228e+00   1.2000000e+01   3.6559699e+00
   2.8131228e+00   1.2000000e+01   3.6559699e+00
   2.8231228e+00   1.2000000e+01   3.6559699e+00
   2.8331228e+00   1.2000000e+01   3.6559699e+00
   2.8431228e+00   1.2000000e+01   3.6559699e+00
   2.8531228e+00   1.2000000e+01   3.6559699e+00
   2.8631228e+00   1.2000000e+01   3.6559699e+00
   2.8731228e+00   1.2000000e+01   3.6559699e+00
   2.8831228e+00   1.2000000e+01   3.6559699e+00
   2.8931228e+00   1.2000000e+01   3.6559699e+00
   2.9031228e+00   1.2000000e+01   3.6559699e+00
   2.9131228e+00   1.2000000e+01   3.6559699e+00
   2.9231228e+00   1.2000000e+01   3.6559699e+00
   2.9331228e+00   1.2000000e+01   3.6559699e+00
   2.9431228e+00   1.2000000e+01   3.6559699e+00
   2.9531228e+00   1.2000000e+01   3.6559699e+00
   2.9631228e+00   1.2000000e+01   3.6559699e+00
   2.9731228e+00   1.2000000e+01   3.6559699e+00
   2.9831228e+00   1.2000000e+01   3.6559699e+00
   2.9931228e+00   1.2000000e+01   3.6559699e+00
   3.0031228e+00   1.2000000e+01   3.6559699e+00
   3.0131228e+00   1.2000000e+01   3.6559699e+00
   3.0231228e+00   1.2000000e+01   3.6559699e+00
   3.0331228e+00   1.2000000e+01   3.6559699e+00
   3.0431228e+00   1.2000000e+01   3.6559699e+00
   3.0531228e+00   1.2000000e+01   3.6559699e+00
   3.0631228e+00   1.2000000e+01   3.6559699e+00
   3.0731228e+00   1.2000000e+01   3.6559699e+00
   3.0831228e+00   1.2000000e+01   3.6559699e+00
   3.0931228e+00   1.2000000e+01   3.6559699e+00
   3.1031228e+00   1.2000000e+01   3.6559699e+00
   3.1131228e+00   1.2000000e+01   3.6559699e+00
   3.1231228e+00   1.2000000e+01   3.6559699e+00
   3.1331228e+00   1.2000000e+01   3.6559699e+00
   3.1431228e+00   1.2000000e+01   3.6559699e+00
   3.1460508e+00   1.2000000e+01   3.6559699e+00
   3.1460508e+00   1.3000000e+01   3.9044761e+00
   3.1460508e+00   1.3000000e+01   3.9044761e+00
   3.1560508e+00   1.3000000e+01   3.9044761e+00
   3.1660508e+00   1.3000000e+01   3.9044761e+00
   3.1760508e+00   1.3000000e+01   3.9044761e+00
   3.1860508e+00   1.3000000e+01   3.9044761e+00
   3.1960508e+00   1.3000000e+01   3.9044761e+00
   3.2060508e+00   1.3000000e+01   3.9044761e+00
   3.2160508e+00   1.3000000e+01   3.9044761e+00
   3.2260508e+00   1.3000000e+01   3.9044761e+00
   3.2360508e+00   1.3000000e+01   3.9044761e+00
   3.2460508e+00   1.3000000e+01   3.9044761e+00
   3.2560508e+00   1.3000000e+01   3.9044761e+00
   3.2660508e+00   1.3000000e+01   3.9044761e+00
   3.2760508e+00   1.3000000e+01   3.9044761e+00
   3.2860508e+00   1.3000000e+01   3.9044761e+00
   3.2960508e+00   1.3000000e+01   3.9044761e+00
   3.3060508e+00   1.3000000e+01   3.9044761e+00
   3.3160508e+00   1.3000000e+01   3.9044761e+00
   3.3260508e+00   1.3000000e+01   3.9044761e+00
   3.3360508e+00   1.3000000e+01   3.9044761e+00
   3.3460508e+00   1.3000000e+01   3.9044761e+00
   3.3560508e+00   1.3000000e+01   3.9044761e+00
   3.3660508e+00   1.3000000e+01   3.9044761e+00
   3.3760508e+00   1.3000000e+01   3.9044761e+00
   3.3860508e+00   1.3000000e+01   3.9044761e+00
   3.3960508e+00   1.3000000e+01   3.9044761e+00
   3.4060508e+00   1.3000000e+01   3.9044761e+00
   3.4160508e+00   1.3000000e+01   3.9044761e+00
   3.4260508e+00   1.3000000e+01   3.9044761e+00
   3.4360508e+00   1.3000000e+01   3.9044761e+00
   3.4460508e+00   1.3000000e+01   3.9044761e+00
   3.4560508e+00   1.3000000e+01   3.9044761e+00
   3.4660508e+00   1.3000000e+01   3.9044761e+00
   3.4760508e+00   1.3000000e+01   3.9044761e+00
   3.4860508e+00   1.3000000e+01   3.9044761e+00
   3.4960508e+00   1.3000000e+01   3.9044761e+00
   3.5060508e+00   1.3000000e+01   3.9044761e+00
   3.5160508e+00   1.3000000e+01   3.9044761e+00
   3.5260508e+00   1.3000000e+01   3.9044761e+00
   3.5360508e+00   1.3000000e+01   3.9044761e+00
   3.5460508e+00   1.3000000e+01   3.9044761e+00
   3.5560508e+00   1.3000000e+01   3.9044761e+00
   3.5660508e+00   1.3000000e+01   3.9044761e+00
   3.5760508e+00   1.3000000e+01   3.9044761e+00
   3.5860508e+00   1.3000000e+01   3.9044761e+00
   3.5960508e+00   1.3000000e+01   3.9044761e+00
   3.6060508e+00   1.3000000e+01   3.9044761e+00
   3.6160508e+00   1.3000000e+01   3.9044761e+00
   3.6212110e+00   1.3000000e+01   3.9044761e+00
   3.6212110e+00   1.4000000e+01   4.1443599e+00
   3.6212110e+00   1.4000000e+01   4.1443599e+00
   3.6312110e+00   1.4000000e+01   4.1443599e+00
   3.6412110e+00   1.4000000e+01   4.1443599e+00
   3.6512110e+00   1.4000000e+01   4.1443599e+00
   3.6612110e+00   1.4000000e+01   4.1443599e+00
   3.6712110e+00   1.4000000e+01   4.1443599e+00
   3.6812110e+00   1.4000000e+01   4.1443599e+00
   3.6912110e+00   1.4000000e+01   4.1443599e+00
   3.7012110e+00   1.4000000e+01   4.1443599e+00
   3.7112110e+00   1.4000000e+01   4.1443599e+00
   3.7212110e+00   1.4000000e+01   4.1443599e+00
   3.7312110e+00   1.4000000e+01   4.1443599e+00
   3.7412110e+00   1.4000000e+01   4.1443599e+00
   3.7512110e+00   1.4000000e+01   4.1443599e+00
   3.7612110e+00   1.4000000e+01   4.1443599e+00
   3.7712110e+00   1.4000000e+01   4.1443599e+00
   3.7812110e+00   1.4000000e+01   4.1443599e+00
   3.7912110e+00   1.4000000e+01   4.1443599e+00
   3.8012110e+00   1.4000000e+01   4.1443599e+00
   3.8112110e+00   1.4000000e+01   4.1443599e+00
   3.8212110e+00   1.4000000e+01   4.1443599e+00
   3.8312110e+00   1.4000000e+01   4.1443599e+00
   3.8412110e+00   1.4000000e+01   4.1443599e+00
   3.8512110e+00   1.4000000e+01   4.1443599e+00
   3.8612110e+00   1.4000000e+01   4.1443599e+00
   3.8712110e+00   1.4000000e+01   4.1443599e+00
   3.8812110e+00   1.4000000e+01   4.1443599e+00
   3.8912110e+00   1.4000000e+01   4.1443599e+00
   3.9012110e+00   1.4000000e+01   4.1443599e+00
   3.9112110e+00   1.4000000e+01   4.1443599e+00
   3.9212110e+00   1.4000000e+01   4.1443599e+00
   3.9312110e+00   1.4000000e+01   4.1443599e+00
   3.9412110e+00   1.4000000e+01   4.1443599e+00
   3.9512110e+00   1.4000000e+01   4.1443599e+00
   3.9612110e+00   1.4000000e+01   4.1443599e+00
   3.9712110e+00   1.4000000e+01   4.1443599e+00
   3.9812110e+00   1.4000000e+01   4.1443599e+00
   3.9912110e+00   1.4000000e+01   4.1443599e+00
   4.0012110e+00   1.4000000e+01   4.1443599e+00
   4.0112110e+00   1.4000000e+01   4.1443599e+00
   4.0212110e+00   1.4000000e+01   4.1443599e+00
   4.0312110e+00   1.4000000e+01   4.1443599e+00
   4.0412110e+00   1.4000000e+01   4.1443599e+00
   4.0512110e+00   1.4000000e+01   4.1443599e+00
   4.0612110e+00   1.4000000e+01   4.1443599e+00
   4.0712110e+00   1.4000000e+01   4.1443599e+00
   4.0812110e+00   1.4000000e+01   4.1443599e+00
   4.0912110e+00   1.4000000e+01   4.1443599e+00
   4.1012110e+00   1.4000000e+01   4.1443599e+00
   4.1112110e+00   1.4000000e+01   4.1443599e+00
   4.1212110e+00   1.4000000e+01   4.1443599e+00
   4.1283183e+00   1.4000000e+01   4.1443599e+00
   4.1283183e+00   1.5000000e+01   4.3756364e+00
   4.1283183e+00   1.5000000e+01   4.3756364e+00
   4.1383183e+00   1.5000000e+01   4.3756364e+00
   4.1483183e+00   1.5000000e+01   4.3756364e+00
   4.1583183e+00   1.5000000e+01   4.3756364e+00
   4.1683183e+00   1.5000000e+01   4.3756364e+00
   4.1783183e+00   1.5000000e+01   4.3756364e+00
   4.1883183e+00   1.5000000e+01   4.3756364e+00
   4.1983183e+00   1.5000000e+01   4.3756364e+00
   4.2083183e+00   1.5000000e+01   4.3756364e+00
   4.2183183e+00   1.5000000e+01   4.3756364e+00
   4.2283183e+00   1.5000000e+01   4.3756364e+00
   4.2383183e+00   1.5000000e+01   4.3756364e+00
   4.2483183e+00   1.5000000e+01   4.3756364e+00
   4.2583183e+00   1.5000000e+01   4.3756364e+00
   4.2683183e+00   1.5000000e+01   4.3756364e+00
   4.2783183e+00   1.5000000e+01   4.3756364e+00
   4.2883183e+00   1.5000000e+01   4.3756364e+00
   4.2983183e+00   1.5000000e+01   4.3756364e+00
   4.3083183e+00   1.5000000e+01   4.3756364e+00
   4.3183183e+00   1.5000000e+01   4.3756364e+00
   4.3283183e+00   1.5000000e+01   4.3756364e+00
   4.3383183e+00   1.5000000e+01   4.3756364e+00
   4.3483183e+00   1.5000000e+01   4.3756364e+00
   4.3583183e+00   1.5000000e+01   4.3756364e+00
   4.3683183e+00   1.5000000e+01   4.3756364e+00
   4.3783183e+00   1.5000000e+01   4.3756364e+00
   4.3883183e+00   1.5000000e+01   4.3756364e+00
   4.3983183e+00   1.5000000e+01   4.3756364e+00
   4.4083183e+00   1.5000000e+01   4.3756364e+00
   4.4183183e+00   1.5000000e+01   4.3756364e+00
   4.4283183e+00   1.5000000e+01   4.3756364e+00
   4.4383183e+00   1.5000000e+01   4.3756364e+00
   4.4483183e+00   1.5000000e+01   4.3756364e+00
   4.4583183e+00   1.5000000e+01   4.3756364e+00
   4.4683183e+00   1.5000000e+01   4.3756364e+00
   4.4783183e+00   1.5000000e+01   4.3756364e+00
   4.4883183e+00   1.5000000e+01   4.3756364e+00
   4.4983183e+00   1.5000000e+01   4.3756364e+00
   4.5083183e+00   1.5000000e+01   4.3756364e+00
   4.5183183e+00   1.5000000e+01   4.3756364e+00
   4.5283183e+00   1.5000000e+01   4.3756364e+00
   4.5383183e+00   1.5000000e+01   4.3756364e+00
   4.5483183e+00   1.5000000e+01   4.3756364e+00
   4.5583183e+00   1.5000000e+01   4.3756364e+00
   4.5683183e+00   1.5000000e+01   4.3756364e+00
   4.5783183e+00   1.5000000e+01   4.3756364e+00
   4.5883183e+00   1.5000000e+01   4.3756364e+00
   4.5983183e+00   1.5000000e+01   4.3756364e+00
   4.6083183e+00   1.5000000e+01   4.3756364e+00
   4.6183183e+00   1.5000000e+01   4.3756364e+00
   4.6283183e+00   1.5000000e+01   4.3756364e+00
   4.6383183e+00   1.5000000e+01   4.3756364e+00
   4.6483183e+00   1.5000000e+01   4.3756364e+00
   4.6583183e+00   1.5000000e+01   4.3756364e+00
   4.6670834e+00   1.5000000e+01   4.3756364e+00
   4.6670834e+00   1.6000000e+01   4.5983225e+00
   4.6670834e+00   1.6000000e+01   4.5983225e+00
   4.6770834e+00   1.6000000e+01   4.5983225e+00
   4.6870834e+00   1.6000000e+01   4.5983225e+00
   4.6970834e+00   1.6000000e+01   4.5983225e+00
   4.7070834e+00   1.6000000e+01   4.5983225e+00
   4.7170834e+00   1.6000000e+01   4.5983225e+00
   4.7270834e+00   1.6000000e+01   4.5983225e+00
   4.7370834e+00   1.6000000e+01   4.5983225e+00
   4.7470834e+00   1.6000000e+01   4.5983225e+00
   4.7570834e+00   1.6000000e+01   4.5983225e+00
   4.7670834e+00   1.6000000e+01   4.5983225e+00
   4.7770834e+00   1.6000000e+01   4.5983225e+00
   4.7870834e+00   1.6000000e+01   4.5983225e+00
   4.7970834e+00   1.6000000e+01   4.5983225e+00
   4.8070834e+00   1.6000000e+01   4.5983225e+00
   4.8170834e+00   1.6000000e+01   4.5983225e+00
   4.8270834e+00   1.6000000e+01   4.5983225e+00
   4.8370834e+00   1.6000000e+01   4.5983225e+00
   4.8470834e+00   1.6000000e+01   4.5983225e+00
   4.8570834e+00   1.6000000e+01   4.5983225e+00
   4.8670834e+00   1.6000000e+01   4.5983225e+00
   4.8770834e+00   1.6000000e+01   4.5983225e+00
   4.8870834e+00   1.6000000e+01   4.5983225e+00
   4.8970834e+00   1.6000000e+01   4.5983225e+00
   4.9070834e+00   1.6000000e+01   4.5983225e+00
   4.9170834e+00   1.6000000e+01   4.5983225e+00
   4.9270834e+00   1.6000000e+01   4.5983225e+00
   4.9370834e+00   1.6000000e+01   4.5983225e+00
   4.9470834e+00   1.6000000e+01   4.5983225e+00
   4.9570834e+00   1.6000000e+01   4.5983225e+00
   4.9670834e+00   1.6000000e+01   4.5983225e+00
   4.9770834e+00   1.6000000e+01   4.5983225e+00
   4.9870834e+00   1.6000000e+01   4.5983225e+00
   4.9970834e+00   1.6000000e+01   4.5983225e+00
   5.0070834e+00   1.6000000e+01   4.5983225e+00
   5.0170834e+00   1.6000000e+01   4.5983225e+00
   5.0270834e+00   1.6000000e+01   4.5983225e+00
   5.0370834e+00   1.6000000e+01   4.5983225e+00
   5.0470834e+00   1.6000000e+01   4.5983225e+00
   5.0570834e+00   1.6000000e+01   4.5983225e+00
   5.0670834e+00   1.6000000e+01   4.5983225e+00
   5.0770834e+00   1.6000000e+01   4.5983225e+00
   5.0870834e+00   1.6000000e+01   4.5983225e+00
   5.0970834e+00   1.6000000e+01   4.5983225e+00
   5.1070834e+00   1.6000000e+01   4.5983225e+00
   5.1170834e+00   1.6000000e+01   4.5983225e+00
   5.1270834e+00   1.6000000e+01   4.5983225e+00
   5.1370834e+00   1.6000000e+01   4.5983225e+00
   5.1470834e+00   1.6000000e+01   4.5983225e+00
   5.1570834e+00   1.6000000e+01   4.5983225e+00
   5.1670834e+00   1.6000000e+01   4.5983225e+00
   5.1770834e+00   1.6000000e+01   4.5983225e+00
   5.1870834e+00   1.6000000e+01   4.5983225e+00
   5.1970834e+00   1.6000000e+01   4.5983225e+00
   5.2070834e+00   1.6000000e+01   4.5983225e+00
   5.2170834e+00   1.6000000e+01   4.5983225e+00
   5.2270834e+00   1.6000000e+01   4.5983225e+00
   5.2370834e+00   1.6000000e+01   4.5983225e+00
   5.2372136e+00   1.6000000e+01   4.5983225e+00
   5.2372136e+00   1.7000000e+01   4.8124369e+00
   5.2372136e+00   1.7000000e+01   4.8124369e+00
   5.2472136e+00   1.7000000e+01   4.8124369e+00
   5.2572136e+00   1.7000000e+01   4.8124369e+00
   5.2672136e+00   1.7000000e+01   4.8124369e+00
   5.2772136e+00   1.7000000e+01   4.8124369e+00
   5.2872136e+00   1.7000000e+01   4.8124369e+00
   5.2972136e+00   1.7000000e+01   4.8124369e+00
   5.3072136e+00   1.7000000e+01   4.8124369e+00
   5.3172136e+00   1.7000000e+01   4.8124369e+00
   5.3272136e+00   1.7000000e+01   4.8124369e+00
   5.3372136e+00   1.7000000e+01   4.8124369e+00
   5.3472136e+00   1.7000000e+01   4.8124369e+00
   5.3572136e+00   1.7000000e+01   4.8124369e+00
   5.3672136e+00   1.7000000e+01   4.8124369e+00
   5.3772136e+00   1.7000000e+01   4.8124369e+00
   5.3872136e+00   1.7000000e+01   4.8124369e+00
   5.3972136e+00   1.7000000e+01   4.8124369e+00
   5.4072136e+00   1.7000000e+01   4.8124369e+00
   5.4172136e+00   1.7000000e+01   4.8124369e+00
   5.4272136e+00   1.7000000e+01   4.8124369e+00
   5.4372136e+00   1.7000000e+01   4.8124369e+00
   5.4472136e+00   1.7000000e+01   4.8124369e+00
   5.4572136e+00   1.7000000e+01   4.8124369e+00
   5.4672136e+00   1.7000000e+01   4.8124369e+00
   5.4772136e+00   1.7000000e+01   4.8124369e+00
   5.4872136e+00   1.7000000e+01   4.8124369e+00
   5.4972136e+00   1.7000000e+01   4.8124369e+00
   5.5072136e+00   1.7000000e+01   4.8124369e+00
   5.5172136e+00   1.7000000e+01   4.8124369e+00
   5.5272136e+00   1.7000000e+01   4.8124369e+00
   5.5372136e+00   1.7000000e+01   4.8124369e+00
   5.5472136e+00   1.7000000e+01   4.8124369e+00
   5.5572136e+00   1.7000000e+01   4.8124369e+00
   5.5672136e+00   1.7000000e+01   4.8124369e+00
   5.5772136e+00   1.7000000e+01   4.8124369e+00
   5.5872136e+00   1.7000000e+01   4.8124369e+00
   5.5972136e+00   1.7000000e+01   4.8124369e+00
   5.6072136e+00   1.7000000e+01   4.8124369e+00
   5.6172136e+00   1.7000000e+01   4.8124369e+00
   5.6272136e+00   1.7000000e+01   4.8124369e+00
   5.6372136e+00   1.7000000e+01   4.8124369e+00
   5.6472136e+00   1.7000000e+01   4.8124369e+00
   5.6572136e+00   1.7000000e+01   4.8124369e+00
   5.6672136e+00   1.7000000e+01   4.8124369e+00
   5.6772136e+00   1.7000000e+01   4.8124369e+00
   5.6872136e+00   1.7000000e+01   4.8124369e+00
   5.6972136e+00   1.7000000e+01   4.8124369e+00
   5.7072136e+00   1.7000000e+01   4.8124369e+00
   5.7172136e+00   1.7000000e+01   4.8124369e+00
   5.7272136e+00   1.7000000e+01   4.8124369e+00
   5.7372136e+00   1.7000000e+01   4.8124369e+00
   5.7472136e+00   1.7000000e+01   4.8124369e+00
   5.7572136e+00   1.7000000e+01   4.8124369e+00
   5.7672136e+00   1.7000000e+01   4.8124369e+00
   5.7772136e+00   1.7000000e+01   4.8124369e+00
   5.7872136e+00   1.7000000e+01   4.8124369e+00
   5.7972136e+00   1.7000000e+01   4.8124369e+00
   5.8072136e+00   1.7000000e+01   4.8124369e+00
   5.8172136e+00   1.7000000e+01   4.8124369e+00
   5.8272136e+00   1.7000000e+01   4.8124369e+00
   5.8372136e+00   1.7000000e+01   4.8124369e+00
   5.8384123e+00   1.7000000e+01   4.8124369e+00
   5.8384123e+00   1.8000000e+01   5.0179998e+00
   5.8384123e+00   1.8000000e+01   5.0179998e+00
   5.8484123e+00   1.8000000e+01   5.0179998e+00
   5.8584123e+00   1.8000000e+01   5.0179998e+00
   5.8684123e+00   1.8000000e+01   5.0179998e+00
   5.8784123e+00   1.8000000e+01   5.0179998e+00
   5.8884123e+00   1.8000000e+01   5.0179998e+00
   5.8984123e+00   1.8000000e+01   5.0179998e+00
   5.9084123e+00   1.8000000e+01   5.0179998e+00
   5.9184123e+00   1.8000000e+01   5.0179998e+00
   5.9284123e+00   1.8000000e+01   5.0179998e+00
   5.9384123e+00   1.8000000e+01   5.0179998e+00
   5.9484123e+00   1.8000000e+01   5.0179998e+00
   5.9584123e+00   1.8000000e+01   5.0179998e+00
   5.9684123e+00   1.8000000e+01   5.0179998e+00
   5.9784123e+00   1.8000000e+01   5.0179998e+00
   5.9884123e+00   1.8000000e+01   5.0179998e+00
   5.9984123e+00   1.8000000e+01   5.0179998e+00
   6.0084123e+00   1.8000000e+01   5.0179998e+00
   6.0184123e+00   1.8000000e+01   5.0179998e+00
   6.0284123e+00   1.8000000e+01   5.0179998e+00
   6.0384123e+00   1.8000000e+01   5.0179998e+00
   6.0484123e+00   1.8000000e+01   5.0179998e+00
   6.0584123e+00   1.8000000e+01   5.0179998e+00
   6.0684123e+00   1.8000000e+01   5.0179998e+00
   6.0784123e+00   1.8000000e+01   5.0179998e+00
   6.0884123e+00   1.8000000e+01   5.0179998e+00
   6.0984123e+00   1.8000000e+01   5.0179998e+00
   6.1084123e+00   1.8000000e+01   5.0179998e+00
   6.1184123e+00   1.8000000e+01   5.0179998e+00
   6.1284123e+00   1.8000000e+01   5.0179998e+00
   6.1384123e+00   1.8000000e+01   5.0179998e+00
   6.1484123e+00   1.8000000e+01   5.0179998e+00
   6.1584123e+00   1.8000000e+01   5.0179998e+00
   6.1684123e+00   1.8000000e+01   5.0179998e+00
   6.1784123e+00   1.8000000e+01   5.0179998e+00
   6.1884123e+00   1.8000000e+01   5.0179998e+00
   6.1984123e+00   1.8000000e+01   5.0179998e+00
   6.2084123e+00   1.8000000e+01   5.0179998e+00
   6.2184123e+00   1.8000000e+01   5.0179998e+00
   6.2284123e+00   1.8000000e+01   5.0179998e+00
   6.2384123e+00   1.8000000e+01   5.0179998e+00
   6.2484123e+00   1.8000000e+01   5.0179998e+00
   6.2584123e+00   1.8000000e+01   5.0179998e+00
   6.2684123e+00   1.8000000e+01   5.0179998e+00
   6.2784123e+00   1.8000000e+01   5.0179998e+00
   6.2884123e+00   1.8000000e+01   5.0179998e+00
   6.2984123e+00   1.8000000e+01   5.0179998e+00
   6.3084123e+00   1.8000000e+01   5.0179998e+00
   6.3184123e+00   1.8000000e+01   5.0179998e+00
   6.3284123e+00   1.8000000e+01   5.0179998e+00
   6.3384123e+00   1.8000000e+01   5.0179998e+00
   6.3484123e+00   1.8000000e+01   5.0179998e+00
   6.3584123e+00   1.8000000e+01   5.0179998e+00
   6.3684123e+00   1.8000000e+01   5.0179998e+00
   6.3784123e+00   1.8000000e+01   5.0179998e+00
   6.3884123e+00   1.8000000e+01   5.0179998e+00
   6.3984123e+00   1.8000000e+01   5.0179998e+00
   6.4084123e+00   1.8000000e+01   5.0179998e+00
   6.4184123e+00   1.8000000e+01   5.0179998e+00
   6.4284123e+00   1.8000000e+01   5.0179998e+00
   6.4384123e+00   1.8000000e+01   5.0179998e+00
   6.4484123e+00   1.8000000e+01   5.0179998e+00
   6.4584123e+00   1.8000000e+01   5.0179998e+00
   6.4684123e+00   1.8000000e+01   5.0179998e+00
   6.4703796e+00   1.8000000e+01   5.0179998e+00
   6.4703796e+00   1.9000000e+01   5.2150326e+00
   6.4703796e+00   1.9000000e+01   5.2150326e+00
   6.4803796e+00   1.9000000e+01   5.2150326e+00
   6.4903796e+00   1.9000000e+01   5.2150326e+00
   6.5003796e+00   1.9000000e+01   5.2150326e+00
   6.5103796e+00   1.9000000e+01   5.2150326e+00
   6.5203796e+00   1.9000000e+01   5.2150326e+00
   6.5303796e+00   1.9000000e+01   5.2150326e+00
   6.5403796e+00   1.9000000e+01   5.2150326e+00
   6.5503796e+00   1.9000000e+01   5.2150326e+00
   6.5603796e+00   1.9000000e+01   5.2150326e+00
   6.5703796e+00   1.9000000e+01   5.2150326e+00
   6.5803796e+00   1.9000000e+01   5.2150326e+00
   6.5903796e+00   1.9000000e+01   5.2150326e+00
   6.6003796e+00   1.9000000e+01   5.2150326e+00
   6.6103796e+00   1.9000000e+01   5.2150326e+00
   6.6203796e+00   1.9000000e+01   5.2150326e+00
   6.6303796e+00   1.9000000e+01   5.2150326e+00
   6.6403796e+00   1.9000000e+01   5.2150326e+00
   6.6503796e+00   1.9000000e+01   5.2150326e+00
   6.6603796e+00   1.9000000e+01   5.2150326e+00
   6.6703796e+00   1.9000000e+01   5.2150326e+00
   6.6803796e+00   1.9000000e+01   5.2150326e+00
   6.6903796e+00   1.9000000e+01   5.2150326e+00
   6.7003796e+00   1.9000000e+01   5.2150326e+00
   6.7103796e+00   1.9000000e+01   5.2150326e+00
   6.7203796e+00   1.9000000e+01   5.2150326e+00
   6.7303796e+00   1.9000000e+01   5.2150326e+00
   6.7403796e+00   1.9000000e+01   5.2150326e+00
   6.7503796e+00   1.9000000e+01   5.2150326e+00
   6.7603796e+00   1.9000000e+01   5.2150326e+00
   6.7703796e+00   1.9000000e+01   5.2150326e+00
   6.7803796e+00   1.9000000e+01   5.2150326e+00
   6.7903796e+00   1.9000000e+01   5.2150326e+00
   6.8003796e+00   1.9000000e+01   5.2150326e+00
   6.8103796e+00   1.9000000e+01   5.2150326e+00
   6.8203796e+00   1.9000000e+01   5.2150326e+00
   6.8303796e+00   1.9000000e+01   5.2150326e+00
   6.8403796e+00   1.9000000e+01   5.2150326e+00
   6.8503796e+00   1.9000000e+01   5.2150326e+00
   6.8603796e+00   1.9000000e+01   5.2150326e+00
   6.8703796e+00   1.9000000e+01   5.2150326e+00
   6.8803796e+00   1.9000000e+01   5.2150326e+00
   6.8903796e+00   1.9000000e+01   5.2150326e+00
   6.9003796e+00   1.9000000e+01   5.2150326e+00
   6.9103796e+00   1.9000000e+01   5.2150326e+00
   6.9203796e+00   1.9000000e+01   5.2150326e+00
   6.9303796e+00   1.9000000e+01   5.2150326e+00
   6.9403796e+00   1.9000000e+01   5.2150326e+00
   6.9503796e+00   1.9000000e+01   5.2150326e+00
   6.9603796e+00   1.9000000e+01   5.2150326e+00
   6.9703796e+00   1.9000000e+01   5.2150326e+00
   6.9803796e+00   1.9000000e+01   5.2150326e+00
   6.9903796e+00   1.9000000e+01   5.2150326e+00
   7.0003796e+00   1.9000000e+01   5.2150326e+00
   7.0103796e+00   1.9000000e+01   5.2150326e+00
   7.0203796e+00   1.9000000e+01   5.2150326e+00
   7.0303796e+00   1.9000000e+01   5.2150326e+00
   7.0403796e+00   1.9000000e+01   5.2150326e+00
   7.0503796e+00   1.9000000e+01   5.2150326e+00
   7.0603796e+00   1.9000000e+01   5.2150326e+00
   7.0703796e+00   1.9000000e+01   5.2150326e+00
   7.0803796e+00   1.9000000e+01   5.2150326e+00
   7.0903796e+00   1.9000000e+01   5.2150326e+00
   7.1003796e+00   1.9000000e+01   5.2150326e+00
   7.1103796e+00   1.9000000e+01   5.2150326e+00
   7.1203796e+00   1.9000000e+01   5.2150326e+00
   7.1303796e+00   1.9000000e+01   5.2150326e+00
   7.1328121e+00   1.9000000e+01   5.2150326e+00
   7.1328121e+00   2.0000000e+01   5.4035578e+00
   7.1328121e+00   2.0000000e+01   5.4035578e+00
   7.1428121e+00   2.0000000e+01   5.4035578e+00
   7.1528121e+00   2.0000000e+01   5.4035578e+00
   7.1628121e+00   2.0000000e+01   5.4035578e+00
   7.1728121e+00   2.0000000e+01   5.4035578e+00
   7.1828121e+00   2.0000000e+01   5.4035578e+00
   7.1928121e+00   2.0000000e+01   5.4035578e+00
   7.2028121e+00   2.0000000e+01   5.4035578e+00
   7.2128121e+00   2.0000000e+01   5.4035578e+00
   7.2228121e+00   2.0000000e+01   5.4035578e+00
   7.2328121e+00   2.0000000e+01   5.4035578e+00
   7.2428121e+00   2.0000000e+01   5.4035578e+00
   7.2528121e+00   2.0000000e+01   5.4035578e+00
   7.2628121e+00   2.0000000e+01   5.4035578e+00
   7.2728121e+00   2.0000000e+01   5.4035578e+00
   7.2828121e+00   2.0000000e+01   5.4035578e+00
   7.2928121e+00   2.0000000e+01   5.4035578e+00
   7.3028121e+00   2.0000000e+01   5.4035578e+00
   7.3128121e+00   2.0000000e+01   5.4035578e+00
   7.3228121e+00   2.0000000e+01   5.4035578e+00
   7.3328121e+00   2.0000000e+01   5.4035578e+00
   7.3428121e+00   2.0000000e+01   5.4035578e+00
   7.3528121e+00   2.0000000e+01   5.4035578e+00
   7.3628121e+00   2.0000000e+01   5.4035578e+00
   7.3728121e+00   2.0000000e+01   5.4035578e+00
   7.3828121e+00   2.0000000e+01   5.4035578e+00
   7.3928121e+00   2.0000000e+01   5.4035578e+00
   7.4028121e+00   2.0000000e+01   5.4035578e+00
   7.4128121e+00   2.0000000e+01   5.4035578e+00
   7.4228121e+00   2.0000000e+01   5.4035578e+00
   7.4328121e+00   2.0000000e+01   5.4035578e+00
   7.4428121e+00   2.0000000e+01   5.4035578e+00
   7.4528121e+00   2.0000000e+01   5.4035578e+00
   7.4628121e+00   2.0000000e+01   5.4035578e+00
   7.4728121e+00   2.0000000e+01   5.4035578e+00
   7.4828121e+00   2.0000000e+01   5.4035578e+00
   7.4928121e+00   2.0000000e+01   5.4035578e+00
   7.5028121e+00   2.0000000e+01   5.4035578e+00
   7.5128121e+00   2.0000000e+01   5.4035578e+00
   7.5228121e+00   2.0000000e+01   5.4035578e+00
   7.5328121e+00   2.0000000e+01   5.4035578e+00
   7.5428121e+00   2.0000000e+01   5.4035578e+00
   7.5528121e+00   2.0000000e+01   5.4035578e+00
   7.5628121e+00   2.0000000e+01   5.4035578e+00
   7.5728121e+00   2.0000000e+01   5.4035578e+00
   7.5828121e+00   2.0000000e+01   5.4035578e+00
   7.5928121e+00   2.0000000e+01   5.4035578e+00
   7.6028121e+00   2.0000000e+01   5.4035578e+00
   7.6128121e+00   2.0000000e+01   5.4035578e+00
   7.6228121e+00   2.0000000e+01   5.4035578e+00
   7.6328121e+00   2.0000000e+01   5.4035578e+00
   7.6428121e+00   2.0000000e+01   5.4035578e+00
   7.6528121e+00   2.0000000e+01   5.4035578e+00
   7.6628121e+00   2.0000000e+01   5.4035578e+00
   7.6728121e+00   2.0000000e+01   5.4035578e+00
   7.6828121e+00   2.0000000e+01   5.4035578e+00
   7.6928121e+00   2.0000000e+01   5.4035578e+00
   7.7028121e+00   2.0000000e+01   5.4035578e+00
   7.7128121e+00   2.0000000e+01   5.4035578e+00
   7.7228121e+00   2.0000000e+01   5.4035578e+00
   7.7328121e+00   2.0000000e+01   5.4035578e+00
   7.7428121e+00   2.0000000e+01   5.4035578e+00
   7.7528121e+00   2.0000000e+01   5.4035578e+00
   7.7628121e+00   2.0000000e+01   5.4035578e+00
   7.7728121e+00   2.0000000e+01   5.4035578e+00
   7.7828121e+00   2.0000000e+01   5.4035578e+00
   7.7928121e+00   2.0000000e+01   5.4035578e+00
   7.8028121e+00   2.0000000e+01   5.4035578e+00
   7.8128121e+00   2.0000000e+01   5.4035578e+00
   7.8228121e+00   2.0000000e+01   5.4035578e+00
   7.8254029e+00   2.0000000e+01   5.4035578e+00
   7.8254029e+00   2.1000000e+01   5.5835988e+00
   7.8254029e+00   2.1000000e+01   5.5835988e+00
   7.8354029e+00   2.1000000e+01   5.5835988e+00
   7.8454029e+00   2.1000000e+01   5.5835988e+00
   7.8554029e+00   2.1000000e+01   5.5835988e+00
   7.8654029e+00   2.1000000e+01   5.5835988e+00
   7.8754029e+00   2.1000000e+01   5.5835988e+00
   7.8854029e+00   2.1000000e+01   5.5835988e+00
   7.8954029e+00   2.1000000e+01   5.5835988e+00
   7.9054029e+00   2.1000000e+01   5.5835988e+00
   7.9154029e+00   2.1000000e+01   5.5835988e+00
   7.9254029e+00   2.1000000e+01   5.5835988e+00
   7.9354029e+00   2.1000000e+01   5.5835988e+00
   7.9454029e+00   2.1000000e+01   5.5835988e+00
   7.9554029e+00   2.1000000e+01   5.5835988e+00
   7.9654029e+00   2.1000000e+01   5.5835988e+00
   7.9754029e+00   2.1000000e+01   5.5835988e+00
   7.9854029e+00   2.1000000e+01   5.5835988e+00
   7.9954029e+00   2.1000000e+01   5.5835988e+00
   8.0054029e+00   2.1000000e+01   5.5835988e+00
   8.0154029e+00   2.1000000e+01   5.5835988e+00
   8.0254029e+00   2.1000000e+01   5.5835988e+00
   8.0354029e+00   2.1000000e+01   5.5835988e+00
   8.0454029e+00   2.1000000e+01   5.5835988e+00
   8.0554029e+00   2.1000000e+01   5.5835988e+00
   8.0654029e+00   2.1000000e+01   5.5835988e+00
   8.0754029e+00   2.1000000e+01   5.5835988e+00
   8.0854029e+00   2.1000000e+01   5.5835988e+00
   8.0954029e+00   2.1000000e+01   5.5835988e+00
   8.1054029e+00   2.1000000e+01   5.5835988e+00
   8.1154029e+00   2.1000000e+01   5.5835988e+00
   8.1254029e+00   2.1000000e+01   5.5835988e+00
   8.1354029e+00   2.1000000e+01   5.5835988e+00
   8.1454029e+00   2.1000000e+01   5.5835988e+00
   8.1554029e+00   2.1000000e+01   5.5835988e+00
   8.1654029e+00   2.1000000e+01   5.5835988e+00
   8.1754029e+00   2.1000000e+01   5.5835988e+00
   8.1854029e+00   2.1000000e+01   5.5835988e+00
   8.1954029e+00   2.1000000e+01   5.5835988e+00
   8.2054029e+00   2.1000000e+01   5.5835988e+00
   8.2154029e+00   2.1000000e+01   5.5835988e+00
   8.2254029e+00   2.1000000e+01   5.5835988e+00
   8.2354029e+00   2.1000000e+01   5.5835988e+00
   8.2454029e+00   2.1000000e+01   5.5835988e+00
   8.2554029e+00   2.1000000e+01   5.5835988e+00
   8.2654029e+00   2.1000000e+01   5.5835988e+00
   8.2754029e+00   2.1000000e+01   5.5835988e+00
   8.2854029e+00   2.1000000e+01   5.5835988e+00
   8.2954029e+00   2.1000000e+01   5.5835988e+00
   8.3054029e+00   2.1000000e+01   5.5835988e+00
   8.3154029e+00   2.1000000e+01   5.5835988e+00
   8.3254029e+00   2.1000000e+01   5.5835988e+00
   8.3354029e+00   2.1000000e+01   5.5835988e+00
   8.3454029e+00   2.1000000e+01   5.5835988e+00
   8.3554029e+00   2.1000000e+01   5.5835988e+00
   8.3654029e+00   2.1000000e+01   5.5835988e+00
   8.3754029e+00   2.1000000e+01   5.5835988e+00
   8.3854029e+00   2.1000000e+01   5.5835988e+00
   8.3954029e+00   2.1000000e+01   5.5835988e+00
   8.4054029e+00   2.1000000e+01   5.5835988e+00
   8.4154029e+00   2.1000000e+01   5.5835988e+00
   8.4254029e+00   2.1000000e+01   5.5835988e+00
   8.4354029e+00   2.1000000e+01   5.5835988e+00
   8.4454029e+00   2.1000000e+01   5.5835988e+00
   8.4554029e+00   2.1000000e+01   5.5835988e+00
   8.4654029e+00   2.1000000e+01   5.5835988e+00
   8.4754029e+00   2.1000000e+01   5.5835988e+00
   8.4854029e+00   2.1000000e+01   5.5835988e+00
   8.4954029e+00   2.1000000e+01   5.5835988e+00
   8.5054029e+00   2.1000000e+01   5.5835988e+00
   8.5154029e+00   2.1000000e+01   5.5835988e+00
   8.5254029e+00   2.1000000e+01   5.5835988e+00
   8.5354029e+00   2.1000000e+01   5.5835988e+00
   8.5454029e+00   2.1000000e+01   5.5835988e+00
   8.5478422e+00   2.1000000e+01   5.5835988e+00
   8.5478422e+00   2.2000000e+01   5.7551800e+00
   8.5478422e+00   2.2000000e+01   5.7551800e+00
   8.5578422e+00   2.2000000e+01   5.7551800e+00
   8.5678422e+00   2.2000000e+01   5.7551800e+00
   8.5778422e+00   2.2000000e+01   5.7551800e+00
   8.5878422e+00   2.2000000e+01   5.7551800e+00
   8.5978422e+00   2.2000000e+01   5.7551800e+00
   8.6078422e+00   2.2000000e+01   5.7551800e+00
   8.6178422e+00   2.2000000e+01   5.7551800e+00
   8.6278422e+00   2.2000000e+01   5.7551800e+00
   8.6378422e+00   2.2000000e+01   5.7551800e+00
   8.6478422e+00   2.2000000e+01   5.7551800e+00
   8.6578422e+00   2.2000000e+01   5.7551800e+00
   8.6678422e+00   2.2000000e+01   5.7551800e+00
   8.6778422e+00   2.2000000e+01   5.7551800e+00
   8.6878422e+00   2.2000000e+01   5.7551800e+00
   8.6978422e+00   2.2000000e+01   5.7551800e+00
   8.7078422e+00   2.2000000e+01   5.7551800e+00
   8.7178422e+00   2.2000000e+01   5.7551800e+00
   8.7278422e+00   2.2000000e+01   5.7551800e+00
   8.7378422e+00   2.2000000e+01   5.7551800e+00
   8.7478422e+00   2.2000000e+01   5.7551800e+00
   8.7578422e+00   2.2000000e+01   5.7551800e+00
   8.7678422e+00   2.2000000e+01   5.7551800e+00
   8.7778422e+00   2.2000000e+01   5.7551800e+00
   8.7878422e+00   2.2000000e+01   5.7551800e+00
   8.7978422e+00   2.2000000e+01   5.7551800e+00
   8.8078422e+00   2.2000000e+01   5.7551800e+00
   8.8178422e+00   2.2000000e+01   5.7551800e+00
   8.8278422e+00   2.2000000e+01   5.7551800e+00
   8.8378422e+00   2.2000000e+01   5.7551800e+00
   8.8478422e+00   2.2000000e+01   5.7551800e+00
   8.8578422e+00   2.2000000e+01   5.7551800e+00
   8.8678422e+00   2.2000000e+01   5.7551800e+00
   8.8778422e+00   2.2000000e+01   5.7551800e+00
   8.8878422e+00   2.2000000e+01   5.7551800e+00
   8.8978422e+00   2.2000000e+01   5.7551800e+00
   8.9078422e+00   2.2000000e+01   5.7551800e+00
   8.9178422e+00   2.2000000e+01   5.7551800e+00
   8.9278422e+00   2.2000000e+01   5.7551800e+00
   8.9378422e+00   2.2000000e+01   5.7551800e+00
   8.9478422e+00   2.2000000e+01   5.7551800e+00
   8.9578422e+00   2.2000000e+01   5.7551800e+00
   8.9678422e+00   2.2000000e+01   5.7551800e+00
   8.9778422e+00   2.2000000e+01   5.7551800e+00
   8.9878422e+00   2.2000000e+01   5.7551800e+00
   8.9978422e+00   2.2000000e+01   5.7551800e+00
   9.0078422e+00   2.2000000e+01   5.7551800e+00
   9.0178422e+00   2.2000000e+01   5.7551800e+00
   9.0278422e+00   2.2000000e+01   5.7551800e+00
   9.0378422e+00   2.2000000e+01   5.7551800e+00
   9.0478422e+00   2.2000000e+01   5.7551800e+00
   9.0578422e+00   2.2000000e+01   5.7551800e+00
   9.0678422e+00   2.2000000e+01   5.7551800e+00
   9.0778422e+00   2.2000000e+01   5.7551800e+00
   9.0878422e+00   2.2000000e+01   5.7551800e+00
   9.0978422e+00   2.2000000e+01   5.7551800e+00
   9.1078422e+00   2.2000000e+01   5.7551800e+00
   9.1178422e+00   2.2000000e+01   5.7551800e+00
   9.1278422e+00   2.2000000e+01   5.7551800e+00
   9.1378422e+00   2.2000000e+01   5.7551800e+00
   9.1478422e+00   2.2000000e+01   5.7551800e+00
   9.1578422e+00   2.2000000e+01   5.7551800e+00
   9.1678422e+00   2.2000000e+01   5.7551800e+00
   9.1778422e+00   2.2000000e+01   5.7551800e+00
   9.1878422e+00   2.2000000e+01   5.7551800e+00
   9.1978422e+00   2.2000000e+01   5.7551800e+00
   9.2078422e+00   2.2000000e+01   5.7551800e+00
   9.2178422e+00   2.2000000e+01   5.7551800e+00
   9.2278422e+00   2.2000000e+01   5.7551800e+00
   9.2378422e+00   2.2000000e+01   5.7551800e+00
   9.2478422e+00   2.2000000e+01   5.7551800e+00
   9.2578422e+00   2.2000000e+01   5.7551800e+00
   9.2678422e+00   2.2000000e+01   5.7551800e+00
   9.2778422e+00   2.2000000e+01   5.7551800e+00
   9.2878422e+00   2.2000000e+01   5.7551800e+00
   9.2978422e+00   2.2000000e+01   5.7551800e+00
   9.2998166e+00   2.2000000e+01   5.7551800e+00
   9.2998166e+00   2.3000000e+01   5.9183265e+00
   9.2998166e+00   2.3000000e+01   5.9183265e+00
   9.3098166e+00   2.3000000e+01   5.9183265e+00
   9.3198166e+00   2.3000000e+01   5.9183265e+00
   9.3298166e+00   2.3000000e+01   5.9183265e+00
   9.3398166e+00   2.3000000e+01   5.9183265e+00
   9.3498166e+00   2.3000000e+01   5.9183265e+00
   9.3598166e+00   2.3000000e+01   5.9183265e+00
   9.3698166e+00   2.3000000e+01   5.9183265e+00
   9.3798166e+00   2.3000000e+01   5.9183265e+00
   9.3898166e+00   2.3000000e+01   5.9183265e+00
   9.3998166e+00   2.3000000e+01   5.9183265e+00
   9.4098166e+00   2.3000000e+01   5.9183265e+00
   9.4198166e+00   2.3000000e+01   5.9183265e+00
   9.4298166e+00   2.3000000e+01   5.9183265e+00
   9.4398166e+00   2.3000000e+01   5.9183265e+00
   9.4498166e+00   2.3000000e+01   5.9183265e+00
   9.4598166e+00   2.3000000e+01   5.9183265e+00
   9.4698166e+00   2.3000000e+01   5.9183265e+00
   9.4798166e+00   2.3000000e+01   5.9183265e+00
   9.4898166e+00   2.3000000e+01   5.9183265e+00
   9.4998166e+00   2.3000000e+01   5.9183265e+00
   9.5098166e+00   2.3000000e+01   5.9183265e+00
   9.5198166e+00   2.3000000e+01   5.9183265e+00
   9.5298166e+00   2.3000000e+01   5.9183265e+00
   9.5398166e+00   2.3000000e+01   5.9183265e+00
   9.5498166e+00   2.3000000e+01   5.9183265e+00
   9.5598166e+00   2.3000000e+01   5.9183265e+00
   9.5698166e+00   2.3000000e+01   5.9183265e+00
   9.5798166e+00   2.3000000e+01   5.9183265e+00
   9.5898166e+00   2.3000000e+01   5.9183265e+00
   9.5998166e+00   2.3000000e+01   5.9183265e+00
   9.6098166e+00   2.3000000e+01   5.9183265e+00
   9.6198166e+00   2.3000000e+01   5.9183265e+00
   9.6298166e+00   2.3000000e+01   5.9183265e+00
   9.6398166e+00   2.3000000e+01   5.9183265e+00
   9.6498166e+00   2.3000000e+01   5.9183265e+00
   9.6598166e+00   2.3000000e+01   5.9183265e+00
   9.6698166e+00   2.3000000e+01   5.9183265e+00
   9.6798166e+00   2.3000000e+01   5.9183265e+00
   9.6898166e+00   2.3000000e+01   5.9183265e+00
   9.6998166e+00   2.3000000e+01   5.9183265e+00
   9.7098166e+00   2.3000000e+01   5.9183265e+00
   9.7198166e+00   2.3000000e+01   5.9183265e+00
   9.7298166e+00   2.3000000e+01   5.9183265e+00
   9.7398166e+00   2.3000000e+01   5.9183265e+00
   9.7498166e+00   2.3000000e+01   5.9183265e+00
   9.7598166e+00   2.3000000e+01   5.9183265e+00
   9.7698166e+00   2.3000000e+01   5.9183265e+00
   9.7798166e+00   2.3000000e+01   5.9183265e+00
   9.7898166e+00   2.3000000e+01   5.9183265e+00
   9.7998166e+00   2.3000000e+01   5.9183265e+00
   9.8098166e+00   2.3000000e+01   5.9183265e+00
   9.8198166e+00   2.3000000e+01   5.9183265e+00
   9.8298166e+00   2.3000000e+01   5.9183265e+00
   9.8398166e+00   2.3000000e+01   5.9183265e+00
   9.8498166e+00   2.3000000e+01   5.9183265e+00
   9.8598166e+00   2.3000000e+01   5.9183265e+00
   9.8698166e+00   2.3000000e+01   5.9183265e+00
   9.8798166e+00   2.3000000e+01   5.9183265e+00
   9.8898166e+00   2.3000000e+01   5.9183265e+00
   9.8998166e+00   2.3000000e+01   5.9183265e+00
   9.9098166e+00   2.3000000e+01   5.9183265e+00
   9.9198166e+00   2.3000000e+01   5.9183265e+00
   9.9298166e+00   2.3000000e+01   5.9183265e+00
   9.9398166e+00   2.3000000e+01   5.9183265e+00
   9.9498166e+00   2.3000000e+01   5.9183265e+00
   9.9598166e+00   2.3000000e+01   5.9183265e+00
   9.9698166e+00   2.3000000e+01   5.9183265e+00
   9.9798166e+00   2.3000000e+01   5.9183265e+00
   9.9898166e+00   2.3000000e+01   5.9183265e+00
   9.9998166e+00   2.3000000e+01   5.9183265e+00
   1.0009817e+01   2.3000000e+01   5.9183265e+00
   1.0019817e+01   2.3000000e+01   5.9183265e+00
   1.0029817e+01   2.3000000e+01   5.9183265e+00
   1.0039817e+01   2.3000000e+01   5.9183265e+00
   1.0049817e+01   2.3000000e+01   5.9183265e+00
   1.0059817e+01   2.3000000e+01   5.9183265e+00
   1.0069817e+01   2.3000000e+01   5.9183265e+00
   1.0079817e+01   2.3000000e+01   5.9183265e+00
   1.0081010e+01   2.3000000e+01   5.9183265e+00
   1.0081010e+01   2.4000000e+01   6.0730639e+00
   1.0081010e+01   2.4000000e+01   6.0730639e+00
   1.0091010e+01   2.4000000e+01   6.0730639e+00
   1.0101010e+01   2.4000000e+01   6.0730639e+00
   1.0111010e+01   2.4000000e+01   6.0730639e+00
   1.0121010e+01   2.4000000e+01   6.0730639e+00
   1.0131010e+01   2.4000000e+01   6.0730639e+00
   1.0141010e+01   2.4000000e+01   6.0730639e+00
   1.0151010e+01   2.4000000e+01   6.0730639e+00
   1.0161010e+01   2.4000000e+01   6.0730639e+00
   1.0171010e+01   2.4000000e+01   6.0730639e+00
   1.0181010e+01   2.4000000e+01   6.0730639e+00
   1.0191010e+01   2.4000000e+01   6.0730639e+00
   1.0201010e+01   2.4000000e+01   6.0730639e+00
   1.0211010e+01   2.4000000e+01   6.0730639e+00
   1.0221010e+01   2.4000000e+01   6.0730639e+00
   1.0231010e+01   2.4000000e+01   6.0730639e+00
   1.0241010e+01   2.4000000e+01   6.0730639e+00
   1.0251010e+01   2.4000000e+01   6.0730639e+00
   1.0261010e+01   2.4000000e+01   6.0730639e+00
   1.0271010e+01   2.4000000e+01   6.0730639e+00
   1.0281010e+01   2.4000000e+01   6.0730639e+00
   1.0291010e+01   2.4000000e+01   6.0730639e+00
   1.0301010e+01   2.4000000e+01   6.0730639e+00
   1.0311010e+01   2.4000000e+01   6.0730639e+00
   1.0321010e+01   2.4000000e+01   6.0730639e+00
   1.0331010e+01   2.4000000e+01   6.0730639e+00
   1.0341010e+01   2.4000000e+01   6.0730639e+00
   1.0351010e+01   2.4000000e+01   6.0730639e+00
   1.0361010e+01   2.4000000e+01   6.0730639e+00
   1.0371010e+01   2.4000000e+01   6.0730639e+00
   1.0381010e+01   2.4000000e+01   6.0730639e+00
   1.0391010e+01   2.4000000e+01   6.0730639e+00
   1.0401010e+01   2.4000000e+01   6.0730639e+00
   1.0411010e+01   2.4000000e+01   6.0730639e+00
   1.0421010e+01   2.4000000e+01   6.0730639e+00
   1.0431010e+01   2.4000000e+01   6.0730639e+00
   1.0441010e+01   2.4000000e+01   6.0730639e+00
   1.0451010e+01   2.4000000e+01   6.0730639e+00
   1.0461010e+01   2.4000000e+01   6.0730639e+00
   1.0471010e+01   2.4000000e+01   6.0730639e+00
   1.0481010e+01   2.4000000e+01   6.0730639e+00
   1.0491010e+01   2.4000000e+01   6.0730639e+00
   1.0501010e+01   2.4000000e+01   6.0730639e+00
   1.0511010e+01   2.4000000e+01   6.0730639e+00
   1.0521010e+01   2.4000000e+01   6.0730639e+00
   1.0531010e+01   2.4000000e+01   6.0730639e+00
   1.0541010e+01   2.4000000e+01   6.0730639e+00
   1.0551010e+01   2.4000000e+01   6.0730639e+00
   1.0561010e+01   2.4000000e+01   6.0730639e+00
   1.0571010e+01   2.4000000e+01   6.0730639e+00
   1.0581010e+01   2.4000000e+01   6.0730639e+00
   1.0591010e+01   2.4000000e+01   6.0730639e+00
   1.0601010e+01   2.4000000e+01   6.0730639e+00
   1.0611010e+01   2.4000000e+01   6.0730639e+00
   1.0621010e+01   2.4000000e+01   6.0730639e+00
   1.0631010e+01   2.4000000e+01   6.0730639e+00
   1.0641010e+01   2.4000000e+01   6.0730639e+00
   1.0651010e+01   2.4000000e+01   6.0730639e+00
   1.0661010e+01   2.4000000e+01   6.0730639e+00
   1.0671010e+01   2.4000000e+01   6.0730639e+00
   1.0681010e+01   2.4000000e+01   6.0730639e+00
   1.0691010e+01   2.4000000e+01   6.0730639e+00
   1.0701010e+01   2.4000000e+01   6.0730639e+00
   1.0711010e+01   2.4000000e+01   6.0730639e+00
   1.0721010e+01   2.4000000e+01   6.0730639e+00
   1.0731010e+01   2.4000000e+01   6.0730639e+00
   1.0741010e+01   2.4000000e+01   6.0730639e+00
   1.0751010e+01   2.4000000e+01   6.0730639e+00
   1.0761010e+01   2.4000000e+01   6.0730639e+00
   1.0771010e+01   2.4000000e+01   6.0730639e+00
   1.0781010e+01   2.4000000e+01   6.0730639e+00
   1.0791010e+01   2.4000000e+01   6.0730639e+00
   1.0801010e+01   2.4000000e+01   6.0730639e+00
   1.0811010e+01   2.4000000e+01   6.0730639e+00
   1.0821010e+01   2.4000000e+01   6.0730639e+00
   1.0831010e+01   2.4000000e+01   6.0730639e+00
   1.0841010e+01   2.4000000e+01   6.0730639e+00
   1.0851010e+01   2.4000000e+01   6.0730639e+00
   1.0861010e+01   2.4000000e+01   6.0730639e+00
   1.0871010e+01   2.4000000e+01   6.0730639e+00
   1.0881010e+01   2.4000000e+01   6.0730639e+00
   1.0891010e+01   2.4000000e+01   6.0730639e+00
   1.0891102e+01   2.4000000e+01   6.0730639e+00
   1.0891102e+01   2.5000000e+01   6.2194187e+00
   1.0891102e+01   2.5000000e+01   6.2194187e+00
   1.0901102e+01   2.5000000e+01   6.2194187e+00
   1.0911102e+01   2.5000000e+01   6.2194187e+00
   1.0921102e+01   2.5000000e+01   6.2194187e+00
   1.0931102e+01   2.5000000e+01   6.2194187e+00
   1.0941102e+01   2.5000000e+01   6.2194187e+00
   1.0951102e+01   2.5000000e+01   6.2194187e+00
   1.0961102e+01   2.5000000e+01   6.2194187e+00
   1.0971102e+01   2.5000000e+01   6.2194187e+00
   1.0981102e+01   2.5000000e+01   6.2194187e+00
   1.0991102e+01   2.5000000e+01   6.2194187e+00
   1.1001102e+01   2.5000000e+01   6.2194187e+00
   1.1011102e+01   2.5000000e+01   6.2194187e+00
   1.1021102e+01   2.5000000e+01   6.2194187e+00
   1.1031102e+01   2.5000000e+01   6.2194187e+00
   1.1041102e+01   2.5000000e+01   6.2194187e+00
   1.1051102e+01   2.5000000e+01   6.2194187e+00
   1.1061102e+01   2.5000000e+01   6.2194187e+00
   1.1071102e+01   2.5000000e+01   6.2194187e+00
   1.1081102e+01   2.5000000e+01   6.2194187e+00
   1.1091102e+01   2.5000000e+01   6.2194187e+00
   1.1101102e+01   2.5000000e+01   6.2194187e+00
   1.1111102e+01   2.5000000e+01   6.2194187e+00
   1.1121102e+01   2.5000000e+01   6.2194187e+00
   1.1131102e+01   2.5000000e+01   6.2194187e+00
   1.1141102e+01   2.5000000e+01   6.2194187e+00
   1.1151102e+01   2.5000000e+01   6.2194187e+00
   1.1161102e+01   2.5000000e+01   6.2194187e+00
   1.1171102e+01   2.5000000e+01   6.2194187e+00
   1.1181102e+01   2.5000000e+01   6.2194187e+00
   1.1191102e+01   2.5000000e+01   6.2194187e+00
   1.1201102e+01   2.5000000e+01   6.2194187e+00
   1.1211102e+01   2.5000000e+01   6.2194187e+00
   1.1221102e+01   2.5000000e+01   6.2194187e+00
   1.1231102e+01   2.5000000e+01   6.2194187e+00
   1.1241102e+01   2.5000000e+01   6.2194187e+00
   1.1251102e+01   2.5000000e+01   6.2194187e+00
   1.1261102e+01   2.5000000e+01   6.2194187e+00
   1.1271102e+01   2.5000000e+01   6.2194187e+00
   1.1281102e+01   2.5000000e+01   6.2194187e+00
   1.1291102e+01   2.5000000e+01   6.2194187e+00
   1.1301102e+01   2.5000000e+01   6.2194187e+00
   1.1311102e+01   2.5000000e+01   6.2194187e+00
   1.1321102e+01   2.5000000e+01   6.2194187e+00
   1.1331102e+01   2.5000000e+01   6.2194187e+00
   1.1341102e+01   2.5000000e+01   6.2194187e+00
   1.1351102e+01   2.5000000e+01   6.2194187e+00
   1.1361102e+01   2.5000000e+01   6.2194187e+00
   1.1371102e+01   2.5000000e+01   6.2194187e+00
   1.1381102e+01   2.5000000e+01   6.2194187e+00
   1.1391102e+01   2.5000000e+01   6.2194187e+00
   1.1401102e+01   2.5000000e+01   6.2194187e+00
   1.1411102e+01   2.5000000e+01   6.2194187e+00
   1.1421102e+01   2.5000000e+01   6.2194187e+00
   1.1431102e+01   2.5000000e+01   6.2194187e+00
   1.1441102e+01   2.5000000e+01   6.2194187e+00
   1.1451102e+01   2.5000000e+01   6.2194187e+00
   1.1461102e+01   2.5000000e+01   6.2194187e+00
   1.1471102e+01   2.5000000e+01   6.2194187e+00
   1.1481102e+01   2.5000000e+01   6.2194187e+00
   1.1491102e+01   2.5000000e+01   6.2194187e+00
   1.1501102e+01   2.5000000e+01   6.2194187e+00
   1.1511102e+01   2.5000000e+01   6.2194187e+00
   1.1521102e+01   2.5000000e+01   6.2194187e+00
   1.1531102e+01   2.5000000e+01   6.2194187e+00
   1.1541102e+01   2.5000000e+01   6.2194187e+00
   1.1551102e+01   2.5000000e+01   6.2194187e+00
   1.1561102e+01   2.5000000e+01   6.2194187e+00
   1.1571102e+01   2.5000000e+01   6.2194187e+00
   1.1581102e+01   2.5000000e+01   6.2194187e+00
   1.1591102e+01   2.5000000e+01   6.2194187e+00
   1.1601102e+01   2.5000000e+01   6.2194187e+00
   1.1611102e+01   2.5000000e+01   6.2194187e+00
   1.1621102e+01   2.5000000e+01   6.2194187e+00
   1.1631102e+01   2.5000000e+01   6.2194187e+00
   1.1641102e+01   2.5000000e+01   6.2194187e+00
   1.1651102e+01   2.5000000e+01   6.2194187e+00
   1.1661102e+01   2.5000000e+01   6.2194187e+00
   1.1671102e+01   2.5000000e+01   6.2194187e+00
   1.1681102e+01   2.5000000e+01   6.2194187e+00
   1.1691102e+01   2.5000000e+01   6.2194187e+00
   1.1701102e+01   2.5000000e+01   6.2194187e+00
   1.1711102e+01   2.5000000e+01   6.2194187e+00
   1.1721102e+01   2.5000000e+01   6.2194187e+00
   1.1729771e+01   2.5000000e+01   6.2194187e+00
   1.1729771e+01   2.6000000e+01   6.3574176e+00
   1.1729771e+01   2.6000000e+01   6.3574176e+00
   1.1739771e+01   2.6000000e+01   6.3574176e+00
   1.1749771e+01   2.6000000e+01   6.3574176e+00
   1.1759771e+01   2.6000000e+01   6.3574176e+00
   1.1769771e+01   2.6000000e+01   6.3574176e+00
   1.1779771e+01   2.6000000e+01   6.3574176e+00
   1.1789771e+01   2.6000000e+01   6.3574176e+00
   1.1799771e+01   2.6000000e+01   6.3574176e+00
   1.1809771e+01   2.6000000e+01   6.3574176e+00
   1.1819771e+01   2.6000000e+01   6.3574176e+00
   1.1829771e+01   2.6000000e+01   6.3574176e+00
   1.1839771e+01   2.6000000e+01   6.3574176e+00
   1.1849771e+01   2.6000000e+01   6.3574176e+00
   1.1859771e+01   2.6000000e+01   6.3574176e+00
   1.1869771e+01   2.6000000e+01   6.3574176e+00
   1.1879771e+01   2.6000000e+01   6.3574176e+00
   1.1889771e+01   2.6000000e+01   6.3574176e+00
   1.1899771e+01   2.6000000e+01   6.3574176e+00
   1.1909771e+01   2.6000000e+01   6.3574176e+00
   1.1919771e+01   2.6000000e+01   6.3574176e+00
   1.1929771e+01   2.6000000e+01   6.3574176e+00
   1.1939771e+01   2.6000000e+01   6.3574176e+00
   1.1949771e+01   2.6000000e+01   6.3574176e+00
   1.1959771e+01   2.6000000e+01   6.3574176e+00
   1.1969771e+01   2.6000000e+01   6.3574176e+00
   1.1979771e+01   2.6000000e+01   6.3574176e+00
   1.1989771e+01   2.6000000e+01   6.3574176e+00
   1.1999771e+01   2.6000000e+01   6.3574176e+00
   1.2009771e+01   2.6000000e+01   6.3574176e+00
   1.2019771e+01   2.6000000e+01   6.3574176e+00
   1.2029771e+01   2.6000000e+01   6.3574176e+00
   1.2039771e+01   2.6000000e+01   6.3574176e+00
   1.2049771e+01   2.6000000e+01   6.3574176e+00
   1.2059771e+01   2.6000000e+01   6.3574176e+00
   1.2069771e+01   2.6000000e+01   6.3574176e+00
   1.2079771e+01   2.6000000e+01   6.3574176e+00
   1.2089771e+01   2.6000000e+01   6.3574176e+00
   1.2099771e+01   2.6000000e+01   6.3574176e+00
   1.2109771e+01   2.6000000e+01   6.3574176e+00
   1.2119771e+01   2.6000000e+01   6.3574176e+00
   1.2129771e+01   2.6000000e+01   6.3574176e+00
   1.2139771e+01   2.6000000e+01   6.3574176e+00
   1.2149771e+01   2.6000000e+01   6.3574176e+00
   1.2159771e+01   2.6000000e+01   6.3574176e+00
   1.2169771e+01   2.6000000e+01   6.3574176e+00
   1.2179771e+01   2.6000000e+01   6.3574176e+00
   1.2189771e+01   2.6000000e+01   6.3574176e+00
   1.2199771e+01   2.6000000e+01   6.3574176e+00
   1.2209771e+01   2.6000000e+01   6.3574176e+00
   1.2219771e+01   2.6000000e+01   6.3574176e+00
   1.2229771e+01   2.6000000e+01   6.3574176e+00
   1.2239771e+01   2.6000000e+01   6.3574176e+00
   1.2249771e+01   2.6000000e+01   6.3574176e+00
   1.2259771e+01   2.6000000e+01   6.3574176e+00
   1.2269771e+01   2.6000000e+01   6.3574176e+00
   1.2279771e+01   2.6000000e+01   6.3574176e+00
   1.2289771e+01   2.6000000e+01   6.3574176e+00
   1.2299771e+01   2.6000000e+01   6.3574176e+00
   1.2309771e+01   2.6000000e+01   6.3574176e+00
   1.2319771e+01   2.6000000e+01   6.3574176e+00
   1.2329771e+01   2.6000000e+01   6.3574176e+00
   1.2339771e+01   2.6000000e+01   6.3574176e+00
   1.2349771e+01   2.6000000e+01   6.3574176e+00
   1.2359771e+01   2.6000000e+01   6.3574176e+00
   1.2369771e+01   2.6000000e+01   6.3574176e+00
   1.2379771e+01   2.6000000e+01   6.3574176e+00
   1.2389771e+01   2.6000000e+01   6.3574176e+00
   1.2399771e+01   2.6000000e+01   6.3574176e+00
   1.2409771e+01   2.6000000e+01   6.3574176e+00
   1.2419771e+01   2.6000000e+01   6.3574176e+00
   1.2429771e+01   2.6000000e+01   6.3574176e+00
   1.2439771e+01   2.6000000e+01   6.3574176e+00
   1.2449771e+01   2.6000000e+01   6.3574176e+00
   1.2459771e+01   2.6000000e+01   6.3574176e+00
   1.2469771e+01   2.6000000e+01   6.3574176e+00
   1.2479771e+01   2.6000000e+01   6.3574176e+00
   1.2489771e+01   2.6000000e+01   6.3574176e+00
   1.2499771e+01   2.6000000e+01   6.3574176e+00
   1.2509771e+01   2.6000000e+01   6.3574176e+00
   1.2519771e+01   2.6000000e+01   6.3574176e+00
   1.2529771e+01   2.6000000e+01   6.3574176e+00
   1.2539771e+01   2.6000000e+01   6.3574176e+00
   1.2549771e+01   2.6000000e+01   6.3574176e+00
   1.2559771e+01   2.6000000e+01   6.3574176e+00
   1.2569771e+01   2.6000000e+01   6.3574176e+00
   1.2579771e+01   2.6000000e+01   6.3574176e+00
   1.2589771e+01   2.6000000e+01   6.3574176e+00
   1.2596691e+01   2.6000000e+01   6.3574176e+00
   1.2596691e+01   2.7000000e+01   6.4870881e+00
   1.2596691e+01   2.7000000e+01   6.4870881e+00
   1.2606691e+01   2.7000000e+01   6.4870881e+00
   1.2616691e+01   2.7000000e+01   6.4870881e+00
   1.2626691e+01   2.7000000e+01   6.4870881e+00
   1.2636691e+01   2.7000000e+01   6.4870881e+00
   1.2646691e+01   2.7000000e+01   6.4870881e+00
   1.2656691e+01   2.7000000e+01   6.4870881e+00
   1.2666691e+01   2.7000000e+01   6.4870881e+00
   1.2676691e+01   2.7000000e+01   6.4870881e+00
   1.2686691e+01   2.7000000e+01   6.4870881e+00
   1.2696691e+01   2.7000000e+01   6.4870881e+00
   1.2706691e+01   2.7000000e+01   6.4870881e+00
   1.2716691e+01   2.7000000e+01   6.4870881e+00
   1.2726691e+01   2.7000000e+01   6.4870881e+00
   1.2736691e+01   2.7000000e+01   6.4870881e+00
   1.2746691e+01   2.7000000e+01   6.4870881e+00
   1.2756691e+01   2.7000000e+01   6.4870881e+00
   1.2766691e+01   2.7000000e+01   6.4870881e+00
   1.2776691e+01   2.7000000e+01   6.4870881e+00
   1.2786691e+01   2.7000000e+01   6.4870881e+00
   1.2796691e+01   2.7000000e+01   6.4870881e+00
   1.2806691e+01   2.7000000e+01   6.4870881e+00
   1.2816691e+01   2.7000000e+01   6.4870881e+00
   1.2826691e+01   2.7000000e+01   6.4870881e+00
   1.2836691e+01   2.7000000e+01   6.4870881e+00
   1.2846691e+01   2.7000000e+01   6.4870881e+00
   1.2856691e+01   2.7000000e+01   6.4870881e+00
   1.2866691e+01   2.7000000e+01   6.4870881e+00
   1.2876691e+01   2.7000000e+01   6.4870881e+00
   1.2886691e+01   2.7000000e+01   6.4870881e+00
   1.2896691e+01   2.7000000e+01   6.4870881e+00
   1.2906691e+01   2.7000000e+01   6.4870881e+00
   1.2916691e+01   2.7000000e+01   6.4870881e+00
   1.2926691e+01   2.7000000e+01   6.4870881e+00
   1.2936691e+01   2.7000000e+01   6.4870881e+00
   1.2946691e+01   2.7000000e+01   6.4870881e+00
   1.2956691e+01   2.7000000e+01   6.4870881e+00
   1.2966691e+01   2.7000000e+01   6.4870881e+00
   1.2976691e+01   2.7000000e+01   6.4870881e+00
   1.2986691e+01   2.7000000e+01   6.4870881e+00
   1.2996691e+01   2.7000000e+01   6.4870881e+00
   1.3006691e+01   2.7000000e+01   6.4870881e+00
   1.3016691e+01   2.7000000e+01   6.4870881e+00
   1.3026691e+01   2.7000000e+01   6.4870881e+00
   1.3036691e+01   2.7000000e+01   6.4870881e+00
   1.3046691e+01   2.7000000e+01   6.4870881e+00
   1.3056691e+01   2.7000000e+01   6.4870881e+00
   1.3066691e+01   2.7000000e+01   6.4870881e+00
   1.3076691e+01   2.7000000e+01   6.4870881e+00
   1.3086691e+01   2.7000000e+01   6.4870881e+00
   1.3096691e+01   2.7000000e+01   6.4870881e+00
   1.3106691e+01   2.7000000e+01   6.4870881e+00
   1.3116691e+01   2.7000000e+01   6.4870881e+00
   1.3126691e+01   2.7000000e+01   6.4870881e+00
   1.3136691e+01   2.7000000e+01   6.4870881e+00
   1.3146691e+01   2.7000000e+01   6.4870881e+00
   1.3156691e+01   2.7000000e+01   6.4870881e+00
   1.3166691e+01   2.7000000e+01   6.4870881e+00
   1.3176691e+01   2.7000000e+01   6.4870881e+00
   1.3186691e+01   2.7000000e+01   6.4870881e+00
   1.3196691e+01   2.7000000e+01   6.4870881e+00
   1.3206691e+01   2.7000000e+01   6.4870881e+00
   1.3216691e+01   2.7000000e+01   6.4870881e+00
   1.3226691e+01   2.7000000e+01   6.4870881e+00
   1.3236691e+01   2.7000000e+01   6.4870881e+00
   1.3246691e+01   2.7000000e+01   6.4870881e+00
   1.3256691e+01   2.7000000e+01   6.4870881e+00
   1.3266691e+01   2.7000000e+01   6.4870881e+00
   1.3276691e+01   2.7000000e+01   6.4870881e+00
   1.3286691e+01   2.7000000e+01   6.4870881e+00
   1.3296691e+01   2.7000000e+01   6.4870881e+00
   1.3306691e+01   2.7000000e+01   6.4870881e+00
   1.3316691e+01   2.7000000e+01   6.4870881e+00
   1.3326691e+01   2.7000000e+01   6.4870881e+00
   1.3336691e+01   2.7000000e+01   6.4870881e+00
   1.3346691e+01   2.7000000e+01   6.4870881e+00
   1.3356691e+01   2.7000000e+01   6.4870881e+00
   1.3366691e+01   2.7000000e+01   6.4870881e+00
   1.3376691e+01   2.7000000e+01   6.4870881e+00
   1.3386691e+01   2.7000000e+01   6.4870881e+00
   1.3396691e+01   2.7000000e+01   6.4870881e+00
   1.3406691e+01   2.7000000e+01   6.4870881e+00
   1.3416691e+01   2.7000000e+01   6.4870881e+00
   1.3426691e+01   2.7000000e+01   6.4870881e+00
   1.3436691e+01   2.7000000e+01   6.4870881e+00
   1.3446691e+01   2.7000000e+01   6.4870881e+00
   1.3456691e+01   2.7000000e+01   6.4870881e+00
   1.3466691e+01   2.7000000e+01   6.4870881e+00
   1.3476691e+01   2.7000000e+01   6.4870881e+00
   1.3486691e+01   2.7000000e+01   6.4870881e+00
   1.3491533e+01   2.7000000e+01   6.4870881e+00
   1.3491533e+01   2.8000000e+01   6.6084580e+00
   1.3491533e+01   2.8000000e+01   6.6084580e+00
   1.3501533e+01   2.8000000e+01   6.6084580e+00
   1.3511533e+01   2.8000000e+01   6.6084580e+00
   1.3521533e+01   2.8000000e+01   6.6084580e+00
   1.3531533e+01   2.8000000e+01   6.6084580e+00
   1.3541533e+01   2.8000000e+01   6.6084580e+00
   1.3551533e+01   2.8000000e+01   6.6084580e+00
   1.3561533e+01   2.8000000e+01   6.6084580e+00
   1.3571533e+01   2.8000000e+01   6.6084580e+00
   1.3581533e+01   2.8000000e+01   6.6084580e+00
   1.3591533e+01   2.8000000e+01   6.6084580e+00
   1.3601533e+01   2.8000000e+01   6.6084580e+00
   1.3611533e+01   2.8000000e+01   6.6084580e+00
   1.3621533e+01   2.8000000e+01   6.6084580e+00
   1.3631533e+01   2.8000000e+01   6.6084580e+00
   1.3641533e+01   2.8000000e+01   6.6084580e+00
   1.3651533e+01   2.8000000e+01   6.6084580e+00
   1.3661533e+01   2.8000000e+01   6.6084580e+00
   1.3671533e+01   2.8000000e+01   6.6084580e+00
   1.3681533e+01   2.8000000e+01   6.6084580e+00
   1.3691533e+01   2.8000000e+01   6.6084580e+00
   1.3701533e+01   2.8000000e+01   6.6084580e+00
   1.3711533e+01   2.8000000e+01   6.6084580e+00
   1.3721533e+01   2.8000000e+01   6.6084580e+00
   1.3731533e+01   2.8000000e+01   6.6084580e+00
   1.3741533e+01   2.8000000e+01   6.6084580e+00
   1.3751533e+01   2.8000000e+01   6.6084580e+00
   1.3761533e+01   2.8000000e+01   6.6084580e+00
   1.3771533e+01   2.8000000e+01   6.6084580e+00
   1.3781533e+01   2.8000000e+01   6.6084580e+00
   1.3791533e+01   2.8000000e+01   6.6084580e+00
   1.3801533e+01   2.8000000e+01   6.6084580e+00
   1.3811533e+01   2.8000000e+01   6.6084580e+00
   1.3821533e+01   2.8000000e+01   6.6084580e+00
   1.3831533e+01   2.8000000e+01   6.6084580e+00
   1.3841533e+01   2.8000000e+01   6.6084580e+00
   1.3851533e+01   2.8000000e+01   6.6084580e+00
   1.3861533e+01   2.8000000e+01   6.6084580e+00
   1.3871533e+01   2.8000000e+01   6.6084580e+00
   1.3881533e+01   2.8000000e+01   6.6084580e+00
   1.3891533e+01   2.8000000e+01   6.6084580e+00
   1.3901533e+01   2.8000000e+01   6.6084580e+00
   1.3911533e+01   2.8000000e+01   6.6084580e+00
   1.3921533e+01   2.8000000e+01   6.6084580e+00
   1.3931533e+01   2.8000000e+01   6.6084580e+00
   1.3941533e+01   2.8000000e+01   6.6084580e+00
   1.3951533e+01   2.8000000e+01   6.6084580e+00
   1.3961533e+01   2.8000000e+01   6.6084580e+00
   1.3971533e+01   2.8000000e+01   6.6084580e+00
   1.3981533e+01   2.8000000e+01   6.6084580e+00
   1.3991533e+01   2.8000000e+01   6.6084580e+00
   1.4001533e+01   2.8000000e+01   6.6084580e+00
   1.4011533e+01   2.8000000e+01   6.6084580e+00
   1.4021533e+01   2.8000000e+01   6.6084580e+00
   1.4031533e+01   2.8000000e+01   6.6084580e+00
   1.4041533e+01   2.8000000e+01   6.6084580e+00
   1.4051533e+01   2.8000000e+01   6.6084580e+00
   1.4061533e+01   2.8000000e+01   6.6084580e+00
   1.4071533e+01   2.8000000e+01   6.6084580e+00
   1.4081533e+01   2.8000000e+01   6.6084580e+00
   1.4091533e+01   2.8000000e+01   6.6084580e+00
   1.4101533e+01   2.8000000e+01   6.6084580e+00
   1.4111533e+01   2.8000000e+01   6.6084580e+00
   1.4121533e+01   2.8000000e+01   6.6084580e+00
   1.4131533e+01   2.8000000e+01   6.6084580e+00
   1.4141533e+01   2.8000000e+01   6.6084580e+00
   1.4151533e+01   2.8000000e+01   6.6084580e+00
   1.4161533e+01   2.8000000e+01   6.6084580e+00
   1.4171533e+01   2.8000000e+01   6.6084580e+00
   1.4181533e+01   2.8000000e+01   6.6084580e+00
   1.4191533e+01   2.8000000e+01   6.6084580e+00
   1.4201533e+01   2.8000000e+01   6.6084580e+00
   1.4211533e+01   2.8000000e+01   6.6084580e+00
   1.4221533e+01   2.8000000e+01   6.6084580e+00
   1.4231533e+01   2.8000000e+01   6.6084580e+00
   1.4241533e+01   2.8000000e+01   6.6084580e+00
   1.4251533e+01   2.8000000e+01   6.6084580e+00
   1.4261533e+01   2.8000000e+01   6.6084580e+00
   1.4271533e+01   2.8000000e+01   6.6084580e+00
   1.4281533e+01   2.8000000e+01   6.6084580e+00
   1.4291533e+01   2.8000000e+01   6.6084580e+00
   1.4301533e+01   2.8000000e+01   6.6084580e+00
   1.4311533e+01   2.8000000e+01   6.6084580e+00
   1.4321533e+01   2.8000000e+01   6.6084580e+00
   1.4331533e+01   2.8000000e+01   6.6084580e+00
   1.4341533e+01   2.8000000e+01   6.6084580e+00
   1.4351533e+01   2.8000000e+01   6.6084580e+00
   1.4361533e+01   2.8000000e+01   6.6084580e+00
   1.4371533e+01   2.8000000e+01   6.6084580e+00
   1.4381533e+01   2.8000000e+01   6.6084580e+00
   1.4391533e+01   2.8000000e+01   6.6084580e+00
   1.4401533e+01   2.8000000e+01   6.6084580e+00
   1.4411533e+01   2.8000000e+01   6.6084580e+00
   1.4413966e+01   2.8000000e+01   6.6084580e+00
   1.4413966e+01   2.9000000e+01   6.7215556e+00
   1.4413966e+01   2.9000000e+01   6.7215556e+00
   1.4423966e+01   2.9000000e+01   6.7215556e+00
   1.4433966e+01   2.9000000e+01   6.7215556e+00
   1.4443966e+01   2.9000000e+01   6.7215556e+00
   1.4453966e+01   2.9000000e+01   6.7215556e+00
   1.4463966e+01   2.9000000e+01   6.7215556e+00
   1.4473966e+01   2.9000000e+01   6.7215556e+00
   1.4483966e+01   2.9000000e+01   6.7215556e+00
   1.4493966e+01   2.9000000e+01   6.7215556e+00
   1.4503966e+01   2.9000000e+01   6.7215556e+00
   1.4513966e+01   2.9000000e+01   6.7215556e+00
   1.4523966e+01   2.9000000e+01   6.7215556e+00
   1.4533966e+01   2.9000000e+01   6.7215556e+00
   1.4543966e+01   2.9000000e+01   6.7215556e+00
   1.4553966e+01   2.9000000e+01   6.7215556e+00
   1.4563966e+01   2.9000000e+01   6.7215556e+00
   1.4573966e+01   2.9000000e+01   6.7215556e+00
   1.4583966e+01   2.9000000e+01   6.7215556e+00
   1.4593966e+01   2.9000000e+01   6.7215556e+00
   1.4603966e+01   2.9000000e+01   6.7215556e+00
   1.4613966e+01   2.9000000e+01   6.7215556e+00
   1.4623966e+01   2.9000000e+01   6.7215556e+00
   1.4633966e+01   2.9000000e+01   6.7215556e+00
   1.4643966e+01   2.9000000e+01   6.7215556e+00
   1.4653966e+01   2.9000000e+01   6.7215556e+00
   1.4663966e+01   2.9000000e+01   6.7215556e+00
   1.4673966e+01   2.9000000e+01   6.7215556e+00
   1.4683966e+01   2.9000000e+01   6.7215556e+00
   1.4693966e+01   2.9000000e+01   6.7215556e+00
   1.4703966e+01   2.9000000e+01   6.7215556e+00
   1.4713966e+01   2.9000000e+01   6.7215556e+00
   1.4723966e+01   2.9000000e+01   6.7215556e+00
   1.4733966e+01   2.9000000e+01   6.7215556e+00
   1.4743966e+01   2.9000000e+01   6.7215556e+00
   1.4753966e+01   2.9000000e+01   6.7215556e+00
   1.4763966e+01   2.9000000e+01   6.7215556e+00
   1.4773966e+01   2.9000000e+01   6.7215556e+00
   1.4783966e+01   2.9000000e+01   6.7215556e+00
   1.4793966e+01   2.9000000e+01   6.7215556e+00
   1.4803966e+01   2.9000000e+01   6.7215556e+00
   1.4813966e+01   2.9000000e+01   6.7215556e+00
   1.4823966e+01   2.9000000e+01   6.7215556e+00
   1.4833966e+01   2.9000000e+01   6.7215556e+00
   1.4843966e+01   2.9000000e+01   6.7215556e+00
   1.4853966e+01   2.9000000e+01   6.7215556e+00
   1.4863966e+01   2.9000000e+01   6.7215556e+00
   1.4873966e+01   2.9000000e+01   6.7215556e+00
   1.4883966e+01   2.9000000e+01   6.7215556e+00
   1.4893966e+01   2.9000000e+01   6.7215556e+00
   1.4903966e+01   2.9000000e+01   6.7215556e+00
   1.4913966e+01   2.9000000e+01   6.7215556e+00
   1.4923966e+01   2.9000000e+01   6.7215556e+00
   1.4933966e+01   2.9000000e+01   6.7215556e+00
   1.4943966e+01   2.9000000e+01   6.7215556e+00
   1.4953966e+01   2.9000000e+01   6.7215556e+00
   1.4963966e+01   2.9000000e+01   6.7215556e+00
   1.4973966e+01   2.9000000e+01   6.7215556e+00
   1.4983966e+01   2.9000000e+01   6.7215556e+00
   1.4993966e+01   2.9000000e+01   6.7215556e+00
   1.5003966e+01   2.9000000e+01   6.7215556e+00
   1.5013966e+01   2.9000000e+01   6.7215556e+00
   1.5023966e+01   2.9000000e+01   6.7215556e+00
   1.5033966e+01   2.9000000e+01   6.7215556e+00
   1.5043966e+01   2.9000000e+01   6.7215556e+00
   1.5053966e+01   2.9000000e+01   6.7215556e+00
   1.5063966e+01   2.9000000e+01   6.7215556e+00
   1.5073966e+01   2.9000000e+01   6.7215556e+00
   1.5083966e+01   2.9000000e+01   6.7215556e+00
   1.5093966e+01   2.9000000e+01   6.7215556e+00
   1.5103966e+01   2.9000000e+01   6.7215556e+00
   1.5113966e+01   2.9000000e+01   6.7215556e+00
   1.5123966e+01   2.9000000e+01   6.7215556e+00
   1.5133966e+01   2.9000000e+01   6.7215556e+00
   1.5143966e+01   2.9000000e+01   6.7215556e+00
   1.5153966e+01   2.9000000e+01   6.7215556e+00
   1.5163966e+01   2.9000000e+01   6.7215556e+00
   1.5173966e+01   2.9000000e+01   6.7215556e+00
   1.5183966e+01   2.9000000e+01   6.7215556e+00
   1.5193966e+01   2.9000000e+01   6.7215556e+00
   1.5203966e+01   2.9000000e+01   6.7215556e+00
   1.5213966e+01   2.9000000e+01   6.7215556e+00
   1.5223966e+01   2.9000000e+01   6.7215556e+00
   1.5233966e+01   2.9000000e+01   6.7215556e+00
   1.5243966e+01   2.9000000e+01   6.7215556e+00
   1.5253966e+01   2.9000000e+01   6.7215556e+00
   1.5263966e+01   2.9000000e+01   6.7215556e+00
   1.5273966e+01   2.9000000e+01   6.7215556e+00
   1.5283966e+01   2.9000000e+01   6.7215556e+00
   1.5293966e+01   2.9000000e+01   6.7215556e+00
   1.5303966e+01   2.9000000e+01   6.7215556e+00
   1.5313966e+01   2.9000000e+01   6.7215556e+00
   1.5323966e+01   2.9000000e+01   6.7215556e+00
   1.5333966e+01   2.9000000e+01   6.7215556e+00
   1.5343966e+01   2.9000000e+01   6.7215556e+00
   1.5353966e+01   2.9000000e+01   6.7215556e+00
   1.5363654e+01   2.9000000e+01   6.7215556e+00
   1.5363654e+01   3.0000000e+01   6.8264097e+00
   1.5363654e+01   3.0000000e+01   6.8264097e+00
   1.5373654e+01   3.0000000e+01   6.8264097e+00
   1.5383654e+01   3.0000000e+01   6.8264097e+00
   1.5393654e+01   3.0000000e+01   6.8264097e+00
   1.5403654e+01   3.0000000e+01   6.8264097e+00
   1.5413654e+01   3.0000000e+01   6.8264097e+00
   1.5423654e+01   3.0000000e+01   6.8264097e+00
   1.5433654e+01   3.0000000e+01   6.8264097e+00
   1.5443654e+01   3.0000000e+01   6.8264097e+00
   1.5453654e+01   3.0000000e+01   6.8264097e+00
   1.5463654e+01   3.0000000e+01   6.8264097e+00
   1.5473654e+01   3.0000000e+01   6.8264097e+00
   1.5483654e+01   3.0000000e+01   6.8264097e+00
   1.5493654e+01   3.0000000e+01   6.8264097e+00
   1.5503654e+01   3.0000000e+01   6.8264097e+00
   1.5513654e+01   3.0000000e+01   6.8264097e+00
   1.5523654e+01   3.0000000e+01   6.8264097e+00
   1.5533654e+01   3.0000000e+01   6.8264097e+00
   1.5543654e+01   3.0000000e+01   6.8264097e+00
   1.5553654e+01   3.0000000e+01   6.8264097e+00
   1.5563654e+01   3.0000000e+01   6.8264097e+00
   1.5573654e+01   3.0000000e+01   6.8264097e+00
   1.5583654e+01   3.0000000e+01   6.8264097e+00
   1.5593654e+01   3.0000000e+01   6.8264097e+00
   1.5603654e+01   3.0000000e+01   6.8264097e+00
   1.5613654e+01   3.0000000e+01   6.8264097e+00
   1.5623654e+01   3.0000000e+01   6.8264097e+00
   1.5633654e+01   3.0000000e+01   6.8264097e+00
   1.5643654e+01   3.0000000e+01   6.8264097e+00
   1.5653654e+01   3.0000000e+01   6.8264097e+00
   1.5663654e+01   3.0000000e+01   6.8264097e+00
   1.5673654e+01   3.0000000e+01   6.8264097e+00
   1.5683654e+01   3.0000000e+01   6.8264097e+00
   1.5693654e+01   3.0000000e+01   6.8264097e+00
   1.5703654e+01   3.0000000e+01   6.8264097e+00
   1.5713654e+01   3.0000000e+01   6.8264097e+00
   1.5723654e+01   3.0000000e+01   6.8264097e+00
   1.5733654e+01   3.0000000e+01   6.8264097e+00
   1.5743654e+01   3.0000000e+01   6.8264097e+00
   1.5753654e+01   3.0000000e+01   6.8264097e+00
   1.5763654e+01   3.0000000e+01   6.8264097e+00
   1.5773654e+01   3.0000000e+01   6.8264097e+00
   1.5783654e+01   3.0000000e+01   6.8264097e+00
   1.5793654e+01   3.0000000e+01   6.8264097e+00
   1.5803654e+01   3.0000000e+01   6.8264097e+00
   1.5813654e+01   3.0000000e+01   6.8264097e+00
   1.5823654e+01   3.0000000e+01   6.8264097e+00
   1.5833654e+01   3.0000000e+01   6.8264097e+00
   1.5843654e+01   3.0000000e+01   6.8264097e+00
   1.5853654e+01   3.0000000e+01   6.8264097e+00
   1.5863654e+01   3.0000000e+01   6.8264097e+00
   1.5873654e+01   3.0000000e+01   6.8264097e+00
   1.5883654e+01   3.0000000e+01   6.8264097e+00
   1.5893654e+01   3.0000000e+01   6.8264097e+00
   1.5903654e+01   3.0000000e+01   6.8264097e+00
   1.5913654e+01   3.0000000e+01   6.8264097e+00
   1.5923654e+01   3.0000000e+01   6.8264097e+00
   1.5933654e+01   3.0000000e+01   6.8264097e+00
   1.5943654e+01   3.0000000e+01   6.8264097e+00
   1.5953654e+01   3.0000000e+01   6.8264097e+00
   1.5963654e+01   3.0000000e+01   6.8264097e+00
   1.5973654e+01   3.0000000e+01   6.8264097e+00
   1.5983654e+01   3.0000000e+01   6.8264097e+00
   1.5993654e+01   3.0000000e+01   6.8264097e+00
   1.6003654e+01   3.0000000e+01   6.8264097e+00
   1.6013654e+01   3.0000000e+01   6.8264097e+00
   1.6023654e+01   3.0000000e+01   6.8264097e+00
   1.6033654e+01   3.0000000e+01   6.8264097e+00
   1.6043654e+01   3.0000000e+01   6.8264097e+00
   1.6053654e+01   3.0000000e+01   6.8264097e+00
   1.6063654e+01   3.0000000e+01   6.8264097e+00
   1.6073654e+01   3.0000000e+01   6.8264097e+00
   1.6083654e+01   3.0000000e+01   6.8264097e+00
   1.6093654e+01   3.0000000e+01   6.8264097e+00
   1.6103654e+01   3.0000000e+01   6.8264097e+00
   1.6113654e+01   3.0000000e+01   6.8264097e+00
   1.6123654e+01   3.0000000e+01   6.8264097e+00
   1.6133654e+01   3.0000000e+01   6.8264097e+00
   1.6143654e+01   3.0000000e+01   6.8264097e+00
   1.6153654e+01   3.0000000e+01   6.8264097e+00
   1.6163654e+01   3.0000000e+01   6.8264097e+00
   1.6173654e+01   3.0000000e+01   6.8264097e+00
   1.6183654e+01   3.0000000e+01   6.8264097e+00
   1.6193654e+01   3.0000000e+01   6.8264097e+00
   1.6203654e+01   3.0000000e+01   6.8264097e+00
   1.6213654e+01   3.0000000e+01   6.8264097e+00
   1.6223654e+01   3.0000000e+01   6.8264097e+00
   1.6233654e+01   3.0000000e+01   6.8264097e+00
   1.6243654e+01   3.0000000e+01   6.8264097e+00
   1.6253654e+01   3.0000000e+01   6.8264097e+00
   1.6263654e+01   3.0000000e+01   6.8264097e+00
   1.6273654e+01   3.0000000e+01   6.8264097e+00
   1.6283654e+01   3.0000000e+01   6.8264097e+00
   1.6293654e+01   3.0000000e+01   6.8264097e+00
   1.6303654e+01   3.0000000e+01   6.8264097e+00
   1.6313654e+01   3.0000000e+01   6.8264097e+00
   1.6323654e+01   3.0000000e+01   6.8264097e+00
   1.6333654e+01   3.0000000e+01   6.8264097e+00
   1.6340260e+01   3.0000000e+01   6.8264097e+00
   1.6340260e+01   3.1000000e+01   6.9230494e+00
   1.6340260e+01   3.1000000e+01   6.9230494e+00
   1.6350260e+01   3.1000000e+01   6.9230494e+00
   1.6360260e+01   3.1000000e+01   6.9230494e+00
   1.6370260e+01   3.1000000e+01   6.9230494e+00
   1.6380260e+01   3.1000000e+01   6.9230494e+00
   1.6390260e+01   3.1000000e+01   6.9230494e+00
   1.6400260e+01   3.1000000e+01   6.9230494e+00
   1.6410260e+01   3.1000000e+01   6.9230494e+00
   1.6420260e+01   3.1000000e+01   6.9230494e+00
   1.6430260e+01   3.1000000e+01   6.9230494e+00
   1.6440260e+01   3.1000000e+01   6.9230494e+00
   1.6450260e+01   3.1000000e+01   6.9230494e+00
   1.6460260e+01   3.1000000e+01   6.9230494e+00
   1.6470260e+01   3.1000000e+01   6.9230494e+00
   1.6480260e+01   3.1000000e+01   6.9230494e+00
   1.6490260e+01   3.1000000e+01   6.9230494e+00
   1.6500260e+01   3.1000000e+01   6.9230494e+00
   1.6510260e+01   3.1000000e+01   6.9230494e+00
   1.6520260e+01   3.1000000e+01   6.9230494e+00
   1.6530260e+01   3.1000000e+01   6.9230494e+00
   1.6540260e+01   3.1000000e+01   6.9230494e+00
   1.6550260e+01   3.1000000e+01   6.9230494e+00
   1.6560260e+01   3.1000000e+01   6.9230494e+00
   1.6570260e+01   3.1000000e+01   6.9230494e+00
   1.6580260e+01   3.1000000e+01   6.9230494e+00
   1.6590260e+01   3.1000000e+01   6.9230494e+00
   1.6600260e+01   3.1000000e+01   6.9230494e+00
   1.6610260e+01   3.1000000e+01   6.9230494e+00
   1.6620260e+01   3.1000000e+01   6.9230494e+00
   1.6630260e+01   3.1000000e+01   6.9230494e+00
   1.6640260e+01   3.1000000e+01   6.9230494e+00
   1.6650260e+01   3.1000000e+01   6.9230494e+00
   1.6660260e+01   3.1000000e+01   6.9230494e+00
   1.6670260e+01   3.1000000e+01   6.9230494e+00
   1.6680260e+01   3.1000000e+01   6.9230494e+00
   1.6690260e+01   3.1000000e+01   6.9230494e+00
   1.6700260e+01   3.1000000e+01   6.9230494e+00
   1.6710260e+01   3.1000000e+01   6.9230494e+00
   1.6720260e+01   3.1000000e+01   6.9230494e+00
   1.6730260e+01   3.1000000e+01   6.9230494e+00
   1.6740260e+01   3.1000000e+01   6.9230494e+00
   1.6750260e+01   3.1000000e+01   6.9230494e+00
   1.6760260e+01   3.1000000e+01   6.9230494e+00
   1.6770260e+01   3.1000000e+01   6.9230494e+00
   1.6780260e+01   3.1000000e+01   6.9230494e+00
   1.6790260e+01   3.1000000e+01   6.9230494e+00
   1.6800260e+01   3.1000000e+01   6.9230494e+00
   1.6810260e+01   3.1000000e+01   6.9230494e+00
   1.6820260e+01   3.1000000e+01   6.9230494e+00
   1.6830260e+01   3.1000000e+01   6.9230494e+00
   1.6840260e+01   3.1000000e+01   6.9230494e+00
   1.6850260e+01   3.1000000e+01   6.9230494e+00
   1.6860260e+01   3.1000000e+01   6.9230494e+00
   1.6870260e+01   3.1000000e+01   6.9230494e+00
   1.6880260e+01   3.1000000e+01   6.9230494e+00
   1.6890260e+01   3.1000000e+01   6.9230494e+00
   1.6900260e+01   3.1000000e+01   6.9230494e+00
   1.6910260e+01   3.1000000e+01   6.9230494e+00
   1.6920260e+01   3.1000000e+01   6.9230494e+00
   1.6930260e+01   3.1000000e+01   6.9230494e+00
   1.6940260e+01   3.1000000e+01   6.9230494e+00
   1.6950260e+01   3.1000000e+01   6.9230494e+00
   1.6960260e+01   3.1000000e+01   6.9230494e+00
   1.6970260e+01   3.1000000e+01   6.9230494e+00
   1.6980260e+01   3.1000000e+01   6.9230494e+00
   1.6990260e+01   3.1000000e+01   6.9230494e+00
   1.7000260e+01   3.1000000e+01   6.9230494e+00
   1.7010260e+01   3.1000000e+01   6.9230494e+00
   1.7020260e+01   3.1000000e+01   6.9230494e+00
   1.7030260e+01   3.1000000e+01   6.9230494e+00
   1.7040260e+01   3.1000000e+01   6.9230494e+00
   1.7050260e+01   3.1000000e+01   6.9230494e+00
   1.7060260e+01   3.1000000e+01   6.9230494e+00
   1.7070260e+01   3.1000000e+01   6.9230494e+00
   1.7080260e+01   3.1000000e+01   6.9230494e+00
   1.7090260e+01   3.1000000e+01   6.9230494e+00
   1.7100260e+01   3.1000000e+01   6.9230494e+00
   1.7110260e+01   3.1000000e+01   6.9230494e+00
   1.7120260e+01   3.1000000e+01   6.9230494e+00
   1.7130260e+01   3.1000000e+01   6.9230494e+00
   1.7140260e+01   3.1000000e+01   6.9230494e+00
   1.7150260e+01   3.1000000e+01   6.9230494e+00
   1.7160260e+01   3.1000000e+01   6.9230494e+00
   1.7170260e+01   3.1000000e+01   6.9230494e+00
   1.7180260e+01   3.1000000e+01   6.9230494e+00
   1.7190260e+01   3.1000000e+01   6.9230494e+00
   1.7200260e+01   3.1000000e+01   6.9230494e+00
   1.7210260e+01   3.1000000e+01   6.9230494e+00
   1.7220260e+01   3.1000000e+01   6.9230494e+00
   1.7230260e+01   3.1000000e+01   6.9230494e+00
   1.7240260e+01   3.1000000e+01   6.9230494e+00
   1.7250260e+01   3.1000000e+01   6.9230494e+00
   1.7260260e+01   3.1000000e+01   6.9230494e+00
   1.7270260e+01   3.1000000e+01   6.9230494e+00
   1.7280260e+01   3.1000000e+01   6.9230494e+00
   1.7290260e+01   3.1000000e+01   6.9230494e+00
   1.7300260e+01   3.1000000e+01   6.9230494e+00
   1.7310260e+01   3.1000000e+01   6.9230494e+00
   1.7320260e+01   3.1000000e+01   6.9230494e+00
   1.7330260e+01   3.1000000e+01   6.9230494e+00
   1.7340260e+01   3.1000000e+01   6.9230494e+00
   1.7343443e+01   3.1000000e+01   6.9230494e+00
   1.7343443e+01   3.2000000e+01   7.0115044e+00
   1.7343443e+01   3.2000000e+01   7.0115044e+00
   1.7353443e+01   3.2000000e+01   7.0115044e+00
   1.7363443e+01   3.2000000e+01   7.0115044e+00
   1.7373443e+01   3.2000000e+01   7.0115044e+00
   1.7383443e+01   3.2000000e+01   7.0115044e+00
   1.7393443e+01   3.2000000e+01   7.0115044e+00
   1.7403443e+01   3.2000000e+01   7.0115044e+00
   1.7413443e+01   3.2000000e+01   7.0115044e+00
   1.7423443e+01   3.2000000e+01   7.0115044e+00
   1.7433443e+01   3.2000000e+01   7.0115044e+00
   1.7443443e+01   3.2000000e+01   7.0115044e+00
   1.7453443e+01   3.2000000e+01   7.0115044e+00
   1.7463443e+01   3.2000000e+01   7.0115044e+00
   1.7473443e+01   3.2000000e+01   7.0115044e+00
   1.7483443e+01   3.2000000e+01   7.0115044e+00
   1.7493443e+01   3.2000000e+01   7.0115044e+00
   1.7503443e+01   3.2000000e+01   7.0115044e+00
   1.7513443e+01   3.2000000e+01   7.0115044e+00
   1.7523443e+01   3.2000000e+01   7.0115044e+00
   1.7533443e+01   3.2000000e+01   7.0115044e+00
   1.7543443e+01   3.2000000e+01   7.0115044e+00
   1.7553443e+01   3.2000000e+01   7.0115044e+00
   1.7563443e+01   3.2000000e+01   7.0115044e+00
   1.7573443e+01   3.2000000e+01   7.0115044e+00
   1.7583443e+01   3.2000000e+01   7.0115044e+00
   1.7593443e+01   3.2000000e+01   7.0115044e+00
   1.7603443e+01   3.2000000e+01   7.0115044e+00
   1.7613443e+01   3.2000000e+01   7.0115044e+00
   1.7623443e+01   3.2000000e+01   7.0115044e+00
   1.7633443e+01   3.2000000e+01   7.0115044e+00
   1.7643443e+01   3.2000000e+01   7.0115044e+00
   1.7653443e+01   3.2000000e+01   7.0115044e+00
   1.7663443e+01   3.2000000e+01   7.0115044e+00
   1.7673443e+01   3.2000000e+01   7.0115044e+00
   1.7683443e+01   3.2000000e+01   7.0115044e+00
   1.7693443e+01   3.2000000e+01   7.0115044e+00
   1.7703443e+01   3.2000000e+01   7.0115044e+00
   1.7713443e+01   3.2000000e+01   7.0115044e+00
   1.7723443e+01   3.2000000e+01   7.0115044e+00
   1.7733443e+01   3.2000000e+01   7.0115044e+00
   1.7743443e+01   3.2000000e+01   7.0115044e+00
   1.7753443e+01   3.2000000e+01   7.0115044e+00
   1.7763443e+01   3.2000000e+01   7.0115044e+00
   1.7773443e+01   3.2000000e+01   7.0115044e+00
   1.7783443e+01   3.2000000e+01   7.0115044e+00
   1.7793443e+01   3.2000000e+01   7.0115044e+00
   1.7803443e+01   3.2000000e+01   7.0115044e+00
   1.7813443e+01   3.2000000e+01   7.0115044e+00
   1.7823443e+01   3.2000000e+01   7.0115044e+00
   1.7833443e+01   3.2000000e+01   7.0115044e+00
   1.7843443e+01   3.2000000e+01   7.0115044e+00
   1.7853443e+01   3.2000000e+01   7.0115044e+00
   1.7863443e+01   3.2000000e+01   7.0115044e+00
   1.7873443e+01   3.2000000e+01   7.0115044e+00
   1.7883443e+01   3.2000000e+01   7.0115044e+00
   1.7893443e+01   3.2000000e+01   7.0115044e+00
   1.7903443e+01   3.2000000e+01   7.0115044e+00
   1.7913443e+01   3.2000000e+01   7.0115044e+00
   1.7923443e+01   3.2000000e+01   7.0115044e+00
   1.7933443e+01   3.2000000e+01   7.0115044e+00
   1.7943443e+01   3.2000000e+01   7.0115044e+00
   1.7953443e+01   3.2000000e+01   7.0115044e+00
   1.7963443e+01   3.2000000e+01   7.0115044e+00
   1.7973443e+01   3.2000000e+01   7.0115044e+00
   1.7983443e+01   3.2000000e+01   7.0115044e+00
   1.7993443e+01   3.2000000e+01   7.0115044e+00
   1.8003443e+01   3.2000000e+01   7.0115044e+00
   1.8013443e+01   3.2000000e+01   7.0115044e+00
   1.8023443e+01   3.2000000e+01   7.0115044e+00
   1.8033443e+01   3.2000000e+01   7.0115044e+00
   1.8043443e+01   3.2000000e+01   7.0115044e+00
   1.8053443e+01   3.2000000e+01   7.0115044e+00
   1.8063443e+01   3.2000000e+01   7.0115044e+00
   1.8073443e+01   3.2000000e+01   7.0115044e+00
   1.8083443e+01   3.2000000e+01   7.0115044e+00
   1.8093443e+01   3.2000000e+01   7.0115044e+00
   1.8103443e+01   3.2000000e+01   7.0115044e+00
   1.8113443e+01   3.2000000e+01   7.0115044e+00
   1.8123443e+01   3.2000000e+01   7.0115044e+00
   1.8133443e+01   3.2000000e+01   7.0115044e+00
   1.8143443e+01   3.2000000e+01   7.0115044e+00
   1.8153443e+01   3.2000000e+01   7.0115044e+00
   1.8163443e+01   3.2000000e+01   7.0115044e+00
   1.8173443e+01   3.2000000e+01   7.0115044e+00
   1.8183443e+01   3.2000000e+01   7.0115044e+00
   1.8193443e+01   3.2000000e+01   7.0115044e+00
   1.8203443e+01   3.2000000e+01   7.0115044e+00
   1.8213443e+01   3.2000000e+01   7.0115044e+00
   1.8223443e+01   3.2000000e+01   7.0115044e+00
   1.8233443e+01   3.2000000e+01   7.0115044e+00
   1.8243443e+01   3.2000000e+01   7.0115044e+00
   1.8253443e+01   3.2000000e+01   7.0115044e+00
   1.8263443e+01   3.2000000e+01   7.0115044e+00
   1.8273443e+01   3.2000000e+01   7.0115044e+00
   1.8283443e+01   3.2000000e+01   7.0115044e+00
   1.8293443e+01   3.2000000e+01   7.0115044e+00
   1.8303443e+01   3.2000000e+01   7.0115044e+00
   1.8313443e+01   3.2000000e+01   7.0115044e+00
   1.8323443e+01   3.2000000e+01   7.0115044e+00
   1.8333443e+01   3.2000000e+01   7.0115044e+00
   1.8343443e+01   3.2000000e+01   7.0115044e+00
   1.8353443e+01   3.2000000e+01   7.0115044e+00
   1.8363443e+01   3.2000000e+01   7.0115044e+00
   1.8372860e+01   3.2000000e+01   7.0115044e+00
   1.8372860e+01   3.3000000e+01   7.0918049e+00
   1.8372860e+01   3.3000000e+01   7.0918049e+00
   1.8382860e+01   3.3000000e+01   7.0918049e+00
   1.8392860e+01   3.3000000e+01   7.0918049e+00
   1.8402860e+01   3.3000000e+01   7.0918049e+00
   1.8412860e+01   3.3000000e+01   7.0918049e+00
   1.8422860e+01   3.3000000e+01   7.0918049e+00
   1.8432860e+01   3.3000000e+01   7.0918049e+00
   1.8442860e+01   3.3000000e+01   7.0918049e+00
   1.8452860e+01   3.3000000e+01   7.0918049e+00
   1.8462860e+01   3.3000000e+01   7.0918049e+00
   1.8472860e+01   3.3000000e+01   7.0918049e+00
   1.8482860e+01   3.3000000e+01   7.0918049e+00
   1.8492860e+01   3.3000000e+01   7.0918049e+00
   1.8502860e+01   3.3000000e+01   7.0918049e+00
   1.8512860e+01   3.3000000e+01   7.0918049e+00
   1.8522860e+01   3.3000000e+01   7.0918049e+00
   1.8532860e+01   3.3000000e+01   7.0918049e+00
   1.8542860e+01   3.3000000e+01   7.0918049e+00
   1.8552860e+01   3.3000000e+01   7.0918049e+00
   1.8562860e+01   3.3000000e+01   7.0918049e+00
   1.8572860e+01   3.3000000e+01   7.0918049e+00
   1.8582860e+01   3.3000000e+01   7.0918049e+00
   1.8592860e+01   3.3000000e+01   7.0918049e+00
   1.8602860e+01   3.3000000e+01   7.0918049e+00
   1.8612860e+01   3.3000000e+01   7.0918049e+00
   1.8622860e+01   3.3000000e+01   7.0918049e+00
   1.8632860e+01   3.3000000e+01   7.0918049e+00
   1.8642860e+01   3.3000000e+01   7.0918049e+00
   1.8652860e+01   3.3000000e+01   7.0918049e+00
   1.8662860e+01   3.3000000e+01   7.0918049e+00
   1.8672860e+01   3.3000000e+01   7.0918049e+00
   1.8682860e+01   3.3000000e+01   7.0918049e+00
   1.8692860e+01   3.3000000e+01   7.0918049e+00
   1.8702860e+01   3.3000000e+01   7.0918049e+00
   1.8712860e+01   3.3000000e+01   7.0918049e+00
   1.8722860e+01   3.3000000e+01   7.0918049e+00
   1.8732860e+01   3.3000000e+01   7.0918049e+00
   1.8742860e+01   3.3000000e+01   7.0918049e+00
   1.8752860e+01   3.3000000e+01   7.0918049e+00
   1.8762860e+01   3.3000000e+01   7.0918049e+00
   1.8772860e+01   3.3000000e+01   7.0918049e+00
   1.8782860e+01   3.3000000e+01   7.0918049e+00
   1.8792860e+01   3.3000000e+01   7.0918049e+00
   1.8802860e+01   3.3000000e+01   7.0918049e+00
   1.8812860e+01   3.3000000e+01   7.0918049e+00
   1.8822860e+01   3.3000000e+01   7.0918049e+00
   1.8832860e+01   3.3000000e+01   7.0918049e+00
   1.8842860e+01   3.3000000e+01   7.0918049e+00
   1.8852860e+01   3.3000000e+01   7.0918049e+00
   1.8862860e+01   3.3000000e+01   7.0918049e+00
   1.8872860e+01   3.3000000e+01   7.0918049e+00
   1.8882860e+01   3.3000000e+01   7.0918049e+00
   1.8892860e+01   3.3000000e+01   7.0918049e+00
   1.8902860e+01   3.3000000e+01   7.0918049e+00
   1.8912860e+01   3.3000000e+01   7.0918049e+00
   1.8922860e+01   3.3000000e+01   7.0918049e+00
   1.8932860e+01   3.3000000e+01   7.0918049e+00
   1.8942860e+01   3.3000000e+01   7.0918049e+00
   1.8952860e+01   3.3000000e+01   7.0918049e+00
   1.8962860e+01   3.3000000e+01   7.0918049e+00
   1.8972860e+01   3.3000000e+01   7.0918049e+00
   1.8982860e+01   3.3000000e+01   7.0918049e+00
   1.8992860e+01   3.3000000e+01   7.0918049e+00
   1.9002860e+01   3.3000000e+01   7.0918049e+00
   1.9012860e+01   3.3000000e+01   7.0918049e+00
   1.9022860e+01   3.3000000e+01   7.0918049e+00
   1.9032860e+01   3.3000000e+01   7.0918049e+00
   1.9042860e+01   3.3000000e+01   7.0918049e+00
   1.9052860e+01   3.3000000e+01   7.0918049e+00
   1.9062860e+01   3.3000000e+01   7.0918049e+00
   1.9072860e+01   3.3000000e+01   7.0918049e+00
   1.9082860e+01   3.3000000e+01   7.0918049e+00
   1.9092860e+01   3.3000000e+01   7.0918049e+00
   1.9102860e+01   3.3000000e+01   7.0918049e+00
   1.9112860e+01   3.3000000e+01   7.0918049e+00
   1.9122860e+01   3.3000000e+01   7.0918049e+00
   1.9132860e+01   3.3000000e+01   7.0918049e+00
   1.9142860e+01   3.3000000e+01   7.0918049e+00
   1.9152860e+01   3.3000000e+01   7.0918049e+00
   1.9162860e+01   3.3000000e+01   7.0918049e+00
   1.9172860e+01   3.3000000e+01   7.0918049e+00
   1.9182860e+01   3.3000000e+01   7.0918049e+00
   1.9192860e+01   3.3000000e+01   7.0918049e+00
   1.9202860e+01   3.3000000e+01   7.0918049e+00
   1.9212860e+01   3.3000000e+01   7.0918049e+00
   1.9222860e+01   3.3000000e+01   7.0918049e+00
   1.9232860e+01   3.3000000e+01   7.0918049e+00
   1.9242860e+01   3.3000000e+01   7.0918049e+00
   1.9252860e+01   3.3000000e+01   7.0918049e+00
   1.9262860e+01   3.3000000e+01   7.0918049e+00
   1.9272860e+01   3.3000000e+01   7.0918049e+00
   1.9282860e+01   3.3000000e+01   7.0918049e+00
   1.9292860e+01   3.3000000e+01   7.0918049e+00
   1.9302860e+01   3.3000000e+01   7.0918049e+00
   1.9312860e+01   3.3000000e+01   7.0918049e+00
   1.9322860e+01   3.3000000e+01   7.0918049e+00
   1.9332860e+01   3.3000000e+01   7.0918049e+00
   1.9342860e+01   3.3000000e+01   7.0918049e+00
   1.9352860e+01   3.3000000e+01   7.0918049e+00
   1.9362860e+01   3.3000000e+01   7.0918049e+00
   1.9372860e+01   3.3000000e+01   7.0918049e+00
   1.9382860e+01   3.3000000e+01   7.0918049e+00
   1.9392860e+01   3.3000000e+01   7.0918049e+00
   1.9402860e+01   3.3000000e+01   7.0918049e+00
   1.9412860e+01   3.3000000e+01   7.0918049e+00
   1.9422860e+01   3.3000000e+01   7.0918049e+00
   1.9428163e+01   3.3000000e+01   7.0918049e+00
   1.9428163e+01   3.4000000e+01   7.1639814e+00
   1.9428163e+01   3.4000000e+01   7.1639814e+00
   1.9438163e+01   3.4000000e+01   7.1639814e+00
   1.9448163e+01   3.4000000e+01   7.1639814e+00
   1.9458163e+01   3.4000000e+01   7.1639814e+00
   1.9468163e+01   3.4000000e+01   7.1639814e+00
   1.9478163e+01   3.4000000e+01   7.1639814e+00
   1.9488163e+01   3.4000000e+01   7.1639814e+00
   1.9498163e+01   3.4000000e+01   7.1639814e+00
   1.9508163e+01   3.4000000e+01   7.1639814e+00
   1.9518163e+01   3.4000000e+01   7.1639814e+00
   1.9528163e+01   3.4000000e+01   7.1639814e+00
   1.9538163e+01   3.4000000e+01   7.1639814e+00
   1.9548163e+01   3.4000000e+01   7.1639814e+00
   1.9558163e+01   3.4000000e+01   7.1639814e+00
   1.9568163e+01   3.4000000e+01   7.1639814e+00
   1.9578163e+01   3.4000000e+01   7.1639814e+00
   1.9588163e+01   3.4000000e+01   7.1639814e+00
   1.9598163e+01   3.4000000e+01   7.1639814e+00
   1.9608163e+01   3.4000000e+01   7.1639814e+00
   1.9618163e+01   3.4000000e+01   7.1639814e+00
   1.9628163e+01   3.4000000e+01   7.1639814e+00
   1.9638163e+01   3.4000000e+01   7.1639814e+00
   1.9648163e+01   3.4000000e+01   7.1639814e+00
   1.9658163e+01   3.4000000e+01   7.1639814e+00
   1.9668163e+01   3.4000000e+01   7.1639814e+00
   1.9678163e+01   3.4000000e+01   7.1639814e+00
   1.9688163e+01   3.4000000e+01   7.1639814e+00
   1.9698163e+01   3.4000000e+01   7.1639814e+00
   1.9708163e+01   3.4000000e+01   7.1639814e+00
   1.9718163e+01   3.4000000e+01   7.1639814e+00
   1.9728163e+01   3.4000000e+01   7.1639814e+00
   1.9738163e+01   3.4000000e+01   7.1639814e+00
   1.9748163e+01   3.4000000e+01   7.1639814e+00
   1.9758163e+01   3.4000000e+01   7.1639814e+00
   1.9768163e+01   3.4000000e+01   7.1639814e+00
   1.9778163e+01   3.4000000e+01   7.1639814e+00
   1.9788163e+01   3.4000000e+01   7.1639814e+00
   1.9798163e+01   3.4000000e+01   7.1639814e+00
   1.9808163e+01   3.4000000e+01   7.1639814e+00
   1.9818163e+01   3.4000000e+01   7.1639814e+00
   1.9828163e+01   3.4000000e+01   7.1639814e+00
   1.9838163e+01   3.4000000e+01   7.1639814e+00
   1.9848163e+01   3.4000000e+01   7.1639814e+00
   1.9858163e+01   3.4000000e+01   7.1639814e+00
   1.9868163e+01   3.4000000e+01   7.1639814e+00
   1.9878163e+01   3.4000000e+01   7.1639814e+00
   1.9888163e+01   3.4000000e+01   7.1639814e+00
   1.9898163e+01   3.4000000e+01   7.1639814e+00
   1.9908163e+01   3.4000000e+01   7.1639814e+00
   1.9918163e+01   3.4000000e+01   7.1639814e+00
   1.9928163e+01   3.4000000e+01   7.1639814e+00
   1.9938163e+01   3.4000000e+01   7.1639814e+00
   1.9948163e+01   3.4000000e+01   7.1639814e+00
   1.9958163e+01   3.4000000e+01   7.1639814e+00
   1.9968163e+01   3.4000000e+01   7.1639814e+00
   1.9978163e+01   3.4000000e+01   7.1639814e+00
   1.9988163e+01   3.4000000e+01   7.1639814e+00
   1.9998163e+01   3.4000000e+01   7.1639814e+00
   2.0008163e+01   3.4000000e+01   7.1639814e+00
   2.0018163e+01   3.4000000e+01   7.1639814e+00
   2.0028163e+01   3.4000000e+01   7.1639814e+00
   2.0038163e+01   3.4000000e+01   7.1639814e+00
   2.0048163e+01   3.4000000e+01   7.1639814e+00
   2.0058163e+01   3.4000000e+01   7.1639814e+00
   2.0068163e+01   3.4000000e+01   7.1639814e+00
   2.0078163e+01   3.4000000e+01   7.1639814e+00
   2.0088163e+01   3.4000000e+01   7.1639814e+00
   2.0098163e+01   3.4000000e+01   7.1639814e+00
   2.0108163e+01   3.4000000e+01   7.1639814e+00
   2.0118163e+01   3.4000000e+01   7.1639814e+00
   2.0128163e+01   3.4000000e+01   7.1639814e+00
   2.0138163e+01   3.4000000e+01   7.1639814e+00
   2.0148163e+01   3.4000000e+01   7.1639814e+00
   2.0158163e+01   3.4000000e+01   7.1639814e+00
   2.0168163e+01   3.4000000e+01   7.1639814e+00
   2.0178163e+01   3.4000000e+01   7.1639814e+00
   2.0188163e+01   3.4000000e+01   7.1639814e+00
   2.0198163e+01   3.4000000e+01   7.1639814e+00
   2.0208163e+01   3.4000000e+01   7.1639814e+00
   2.0218163e+01   3.4000000e+01   7.1639814e+00
   2.0228163e+01   3.4000000e+01   7.1639814e+00
   2.0238163e+01   3.4000000e+01   7.1639814e+00
   2.0248163e+01   3.4000000e+01   7.1639814e+00
   2.0258163e+01   3.4000000e+01   7.1639814e+00
   2.0268163e+01   3.4000000e+01   7.1639814e+00
   2.0278163e+01   3.4000000e+01   7.1639814e+00
   2.0288163e+01   3.4000000e+01   7.1639814e+00
   2.0298163e+01   3.4000000e+01   7.1639814e+00
   2.0308163e+01   3.4000000e+01   7.1639814e+00
   2.0318163e+01   3.4000000e+01   7.1639814e+00
   2.0328163e+01   3.4000000e+01   7.1639814e+00
   2.0338163e+01   3.4000000e+01   7.1639814e+00
   2.0348163e+01   3.4000000e+01   7.1639814e+00
   2.0358163e+01   3.4000000e+01   7.1639814e+00
   2.0368163e+01   3.4000000e+01   7.1639814e+00
   2.0378163e+01   3.4000000e+01   7.1639814e+00
   2.0388163e+01   3.4000000e+01   7.1639814e+00
   2.0398163e+01   3.4000000e+01   7.1639814e+00
   2.0408163e+01   3.4000000e+01   7.1639814e+00
   2.0418163e+01   3.4000000e+01   7.1639814e+00
   2.0428163e+01   3.4000000e+01   7.1639814e+00
   2.0438163e+01   3.4000000e+01   7.1639814e+00
   2.0448163e+01   3.4000000e+01   7.1639814e+00
   2.0458163e+01   3.4000000e+01   7.1639814e+00
   2.0468163e+01   3.4000000e+01   7.1639814e+00
   2.0478163e+01   3.4000000e+01   7.1639814e+00
   2.0488163e+01   3.4000000e+01   7.1639814e+00
   2.0498163e+01   3.4000000e+01   7.1639814e+00
   2.0508163e+01   3.4000000e+01   7.1639814e+00
   2.0509002e+01   3.4000000e+01   7.1639814e+00
   2.0509002e+01   3.5000000e+01   7.2280652e+00
   2.0509002e+01   3.5000000e+01   7.2280652e+00
   2.0519002e+01   3.5000000e+01   7.2280652e+00
   2.0529002e+01   3.5000000e+01   7.2280652e+00
   2.0539002e+01   3.5000000e+01   7.2280652e+00
   2.0549002e+01   3.5000000e+01   7.2280652e+00
   2.0559002e+01   3.5000000e+01   7.2280652e+00
   2.0569002e+01   3.5000000e+01   7.2280652e+00
   2.0579002e+01   3.5000000e+01   7.2280652e+00
   2.0589002e+01   3.5000000e+01   7.2280652e+00
   2.0599002e+01   3.5000000e+01   7.2280652e+00
   2.0609002e+01   3.5000000e+01   7.2280652e+00
   2.0619002e+01   3.5000000e+01   7.2280652e+00
   2.0629002e+01   3.5000000e+01   7.2280652e+00
   2.0639002e+01   3.5000000e+01   7.2280652e+00
   2.0649002e+01   3.5000000e+01   7.2280652e+00
   2.0659002e+01   3.5000000e+01   7.2280652e+00
   2.0669002e+01   3.5000000e+01   7.2280652e+00
   2.0679002e+01   3.5000000e+01   7.2280652e+00
   2.0689002e+01   3.5000000e+01   7.2280652e+00
   2.0699002e+01   3.5000000e+01   7.2280652e+00
   2.0709002e+01   3.5000000e+01   7.2280652e+00
   2.0719002e+01   3.5000000e+01   7.2280652e+00
   2.0729002e+01   3.5000000e+01   7.2280652e+00
   2.0739002e+01   3.5000000e+01   7.2280652e+00
   2.0749002e+01   3.5000000e+01   7.2280652e+00
   2.0759002e+01   3.5000000e+01   7.2280652e+00
   2.0769002e+01   3.5000000e+01   7.2280652e+00
   2.0779002e+01   3.5000000e+01   7.2280652e+00
   2.0789002e+01   3.5000000e+01   7.2280652e+00
   2.0799002e+01   3.5000000e+01   7.2280652e+00
   2.0809002e+01   3.5000000e+01   7.2280652e+00
   2.0819002e+01   3.5000000e+01   7.2280652e+00
   2.0829002e+01   3.5000000e+01   7.2280652e+00
   2.0839002e+01   3.5000000e+01   7.2280652e+00
   2.0849002e+01   3.5000000e+01   7.2280652e+00
   2.0859002e+01   3.5000000e+01   7.2280652e+00
   2.0869002e+01   3.5000000e+01   7.2280652e+00
   2.0879002e+01   3.5000000e+01   7.2280652e+00
   2.0889002e+01   3.5000000e+01   7.2280652e+00
   2.0899002e+01   3.5000000e+01   7.2280652e+00
   2.0909002e+01   3.5000000e+01   7.2280652e+00
   2.0919002e+01   3.5000000e+01   7.2280652e+00
   2.0929002e+01   3.5000000e+01   7.2280652e+00
   2.0939002e+01   3.5000000e+01   7.2280652e+00
   2.0949002e+01   3.5000000e+01   7.2280652e+00
   2.0959002e+01   3.5000000e+01   7.2280652e+00
   2.0969002e+01   3.5000000e+01   7.2280652e+00
   2.0979002e+01   3.5000000e+01   7.2280652e+00
   2.0989002e+01   3.5000000e+01   7.2280652e+00
   2.0999002e+01   3.5000000e+01   7.2280652e+00
   2.1009002e+01   3.5000000e+01   7.2280652e+00
   2.1019002e+01   3.5000000e+01   7.2280652e+00
   2.1029002e+01   3.5000000e+01   7.2280652e+00
   2.1039002e+01   3.5000000e+01   7.2280652e+00
   2.1049002e+01   3.5000000e+01   7.2280652e+00
   2.1059002e+01   3.5000000e+01   7.2280652e+00
   2.1069002e+01   3.5000000e+01   7.2280652e+00
   2.1079002e+01   3.5000000e+01   7.2280652e+00
   2.1089002e+01   3.5000000e+01   7.2280652e+00
   2.1099002e+01   3.5000000e+01   7.2280652e+00
   2.1109002e+01   3.5000000e+01   7.2280652e+00
   2.1119002e+01   3.5000000e+01   7.2280652e+00
   2.1129002e+01   3.5000000e+01   7.2280652e+00
   2.1139002e+01   3.5000000e+01   7.2280652e+00
   2.1149002e+01   3.5000000e+01   7.2280652e+00
   2.1159002e+01   3.5000000e+01   7.2280652e+00
   2.1169002e+01   3.5000000e+01   7.2280652e+00
   2.1179002e+01   3.5000000e+01   7.2280652e+00
   2.1189002e+01   3.5000000e+01   7.2280652e+00
   2.1199002e+01   3.5000000e+01   7.2280652e+00
   2.1209002e+01   3.5000000e+01   7.2280652e+00
   2.1219002e+01   3.5000000e+01   7.2280652e+00
   2.1229002e+01   3.5000000e+01   7.2280652e+00
   2.1239002e+01   3.5000000e+01   7.2280652e+00
   2.1249002e+01   3.5000000e+01   7.2280652e+00
   2.1259002e+01   3.5000000e+01   7.2280652e+00
   2.1269002e+01   3.5000000e+01   7.2280652e+00
   2.1279002e+01   3.5000000e+01   7.2280652e+00
   2.1289002e+01   3.5000000e+01   7.2280652e+00
   2.1299002e+01   3.5000000e+01   7.2280652e+00
   2.1309002e+01   3.5000000e+01   7.2280652e+00
   2.1319002e+01   3.5000000e+01   7.2280652e+00
   2.1329002e+01   3.5000000e+01   7.2280652e+00
   2.1339002e+01   3.5000000e+01   7.2280652e+00
   2.1349002e+01   3.5000000e+01   7.2280652e+00
   2.1359002e+01   3.5000000e+01   7.2280652e+00
   2.1369002e+01   3.5000000e+01   7.2280652e+00
   2.1379002e+01   3.5000000e+01   7.2280652e+00
   2.1389002e+01   3.5000000e+01   7.2280652e+00
   2.1399002e+01   3.5000000e+01   7.2280652e+00
   2.1409002e+01   3.5000000e+01   7.2280652e+00
   2.1419002e+01   3.5000000e+01   7.2280652e+00
   2.1429002e+01   3.5000000e+01   7.2280652e+00
   2.1439002e+01   3.5000000e+01   7.2280652e+00
   2.1449002e+01   3.5000000e+01   7.2280652e+00
   2.1459002e+01   3.5000000e+01   7.2280652e+00
   2.1469002e+01   3.5000000e+01   7.2280652e+00
   2.1479002e+01   3.5000000e+01   7.2280652e+00
   2.1489002e+01   3.5000000e+01   7.2280652e+00
   2.1499002e+01   3.5000000e+01   7.2280652e+00
   2.1509002e+01   3.5000000e+01   7.2280652e+00
   2.1519002e+01   3.5000000e+01   7.2280652e+00
   2.1529002e+01   3.5000000e+01   7.2280652e+00
   2.1539002e+01   3.5000000e+01   7.2280652e+00
   2.1549002e+01   3.5000000e+01   7.2280652e+00
   2.1559002e+01   3.5000000e+01   7.2280652e+00
   2.1569002e+01   3.5000000e+01   7.2280652e+00
   2.1579002e+01   3.5000000e+01   7.2280652e+00
   2.1589002e+01   3.5000000e+01   7.2280652e+00
   2.1599002e+01   3.5000000e+01   7.2280652e+00
   2.1609002e+01   3.5000000e+01   7.2280652e+00
   2.1615024e+01   3.5000000e+01   7.2280652e+00
   2.1615024e+01   3.6000000e+01   7.2840880e+00
   2.1615024e+01   3.6000000e+01   7.2840880e+00
   2.1625024e+01   3.6000000e+01   7.2840880e+00
   2.1635024e+01   3.6000000e+01   7.2840880e+00
   2.1645024e+01   3.6000000e+01   7.2840880e+00
   2.1655024e+01   3.6000000e+01   7.2840880e+00
   2.1665024e+01   3.6000000e+01   7.2840880e+00
   2.1675024e+01   3.6000000e+01   7.2840880e+00
   2.1685024e+01   3.6000000e+01   7.2840880e+00
   2.1695024e+01   3.6000000e+01   7.2840880e+00
   2.1705024e+01   3.6000000e+01   7.2840880e+00
   2.1715024e+01   3.6000000e+01   7.2840880e+00
   2.1725024e+01   3.6000000e+01   7.2840880e+00
   2.1735024e+01   3.6000000e+01   7.2840880e+00
   2.1745024e+01   3.6000000e+01   7.2840880e+00
   2.1755024e+01   3.6000000e+01   7.2840880e+00
   2.1765024e+01   3.6000000e+01   7.2840880e+00
   2.1775024e+01   3.6000000e+01   7.2840880e+00
   2.1785024e+01   3.6000000e+01   7.2840880e+00
   2.1795024e+01   3.6000000e+01   7.2840880e+00
   2.1805024e+01   3.6000000e+01   7.2840880e+00
   2.1815024e+01   3.6000000e+01   7.2840880e+00
   2.1825024e+01   3.6000000e+01   7.2840880e+00
   2.1835024e+01   3.6000000e+01   7.2840880e+00
   2.1845024e+01   3.6000000e+01   7.2840880e+00
   2.1855024e+01   3.6000000e+01   7.2840880e+00
   2.1865024e+01   3.6000000e+01   7.2840880e+00
   2.1875024e+01   3.6000000e+01   7.2840880e+00
   2.1885024e+01   3.6000000e+01   7.2840880e+00
   2.1895024e+01   3.6000000e+01   7.2840880e+00
   2.1905024e+01   3.6000000e+01   7.2840880e+00
   2.1915024e+01   3.6000000e+01   7.2840880e+00
   2.1925024e+01   3.6000000e+01   7.2840880e+00
   2.1935024e+01   3.6000000e+01   7.2840880e+00
   2.1945024e+01   3.6000000e+01   7.2840880e+00
   2.1955024e+01   3.6000000e+01   7.2840880e+00
   2.1965024e+01   3.6000000e+01   7.2840880e+00
   2.1975024e+01   3.6000000e+01   7.2840880e+00
   2.1985024e+01   3.6000000e+01   7.2840880e+00
   2.1995024e+01   3.6000000e+01   7.2840880e+00
   2.2005024e+01   3.6000000e+01   7.2840880e+00
   2.2015024e+01   3.6000000e+01   7.2840880e+00
   2.2025024e+01   3.6000000e+01   7.2840880e+00
   2.2035024e+01   3.6000000e+01   7.2840880e+00
   2.2045024e+01   3.6000000e+01   7.2840880e+00
   2.2055024e+01   3.6000000e+01   7.2840880e+00
   2.2065024e+01   3.6000000e+01   7.2840880e+00
   2.2075024e+01   3.6000000e+01   7.2840880e+00
   2.2085024e+01   3.6000000e+01   7.2840880e+00
   2.2095024e+01   3.6000000e+01   7.2840880e+00
   2.2105024e+01   3.6000000e+01   7.2840880e+00
   2.2115024e+01   3.6000000e+01   7.2840880e+00
   2.2125024e+01   3.6000000e+01   7.2840880e+00
   2.2135024e+01   3.6000000e+01   7.2840880e+00
   2.2145024e+01   3.6000000e+01   7.2840880e+00
   2.2155024e+01   3.6000000e+01   7.2840880e+00
   2.2165024e+01   3.6000000e+01   7.2840880e+00
   2.2175024e+01   3.6000000e+01   7.2840880e+00
   2.2185024e+01   3.6000000e+01   7.2840880e+00
   2.2195024e+01   3.6000000e+01   7.2840880e+00
   2.2205024e+01   3.6000000e+01   7.2840880e+00
   2.2215024e+01   3.6000000e+01   7.2840880e+00
   2.2225024e+01   3.6000000e+01   7.2840880e+00
   2.2235024e+01   3.6000000e+01   7.2840880e+00
   2.2245024e+01   3.6000000e+01   7.2840880e+00
   2.2255024e+01   3.6000000e+01   7.2840880e+00
   2.2265024e+01   3.6000000e+01   7.2840880e+00
   2.2275024e+01   3.6000000e+01   7.2840880e+00
   2.2285024e+01   3.6000000e+01   7.2840880e+00
   2.2295024e+01   3.6000000e+01   7.2840880e+00
   2.2305024e+01   3.6000000e+01   7.2840880e+00
   2.2315024e+01   3.6000000e+01   7.2840880e+00
   2.2325024e+01   3.6000000e+01   7.2840880e+00
   2.2335024e+01   3.6000000e+01   7.2840880e+00
   2.2345024e+01   3.6000000e+01   7.2840880e+00
   2.2355024e+01   3.6000000e+01   7.2840880e+00
   2.2365024e+01   3.6000000e+01   7.2840880e+00
   2.2375024e+01   3.6000000e+01   7.2840880e+00
   2.2385024e+01   3.6000000e+01   7.2840880e+00
   2.2395024e+01   3.6000000e+01   7.2840880e+00
   2.2405024e+01   3.6000000e+01   7.2840880e+00
   2.2415024e+01   3.6000000e+01   7.2840880e+00
   2.2425024e+01   3.6000000e+01   7.2840880e+00
   2.2435024e+01   3.6000000e+01   7.2840880e+00
   2.2445024e+01   3.6000000e+01   7.2840880e+00
   2.2455024e+01   3.6000000e+01   7.2840880e+00
   2.2465024e+01   3.6000000e+01   7.2840880e+00
   2.2475024e+01   3.6000000e+01   7.2840880e+00
   2.2485024e+01   3.6000000e+01   7.2840880e+00
   2.2495024e+01   3.6000000e+01   7.2840880e+00
   2.2505024e+01   3.6000000e+01   7.2840880e+00
   2.2515024e+01   3.6000000e+01   7.2840880e+00
   2.2525024e+01   3.6000000e+01   7.2840880e+00
   2.2535024e+01   3.6000000e+01   7.2840880e+00
   2.2545024e+01   3.6000000e+01   7.2840880e+00
   2.2555024e+01   3.6000000e+01   7.2840880e+00
   2.2565024e+01   3.6000000e+01   7.2840880e+00
   2.2575024e+01   3.6000000e+01   7.2840880e+00
   2.2585024e+01   3.6000000e+01   7.2840880e+00
   2.2595024e+01   3.6000000e+01   7.2840880e+00
   2.2605024e+01   3.6000000e+01   7.2840880e+00
   2.2615024e+01   3.6000000e+01   7.2840880e+00
   2.2625024e+01   3.6000000e+01   7.2840880e+00
   2.2635024e+01   3.6000000e+01   7.2840880e+00
   2.2645024e+01   3.6000000e+01   7.2840880e+00
   2.2655024e+01   3.6000000e+01   7.2840880e+00
   2.2665024e+01   3.6000000e+01   7.2840880e+00
   2.2675024e+01   3.6000000e+01   7.2840880e+00
   2.2685024e+01   3.6000000e+01   7.2840880e+00
   2.2695024e+01   3.6000000e+01   7.2840880e+00
   2.2705024e+01   3.6000000e+01   7.2840880e+00
   2.2715024e+01   3.6000000e+01   7.2840880e+00
   2.2725024e+01   3.6000000e+01   7.2840880e+00
   2.2735024e+01   3.6000000e+01   7.2840880e+00
   2.2745024e+01   3.6000000e+01   7.2840880e+00
   2.2745873e+01   3.6000000e+01   7.2840880e+00
   2.2745873e+01   3.7000000e+01   7.3320823e+00
   2.2745873e+01   3.7000000e+01   7.3320823e+00
   2.2755873e+01   3.7000000e+01   7.3320823e+00
   2.2765873e+01   3.7000000e+01   7.3320823e+00
   2.2775873e+01   3.7000000e+01   7.3320823e+00
   2.2785873e+01   3.7000000e+01   7.3320823e+00
   2.2795873e+01   3.7000000e+01   7.3320823e+00
   2.2805873e+01   3.7000000e+01   7.3320823e+00
   2.2815873e+01   3.7000000e+01   7.3320823e+00
   2.2825873e+01   3.7000000e+01   7.3320823e+00
   2.2835873e+01   3.7000000e+01   7.3320823e+00
   2.2845873e+01   3.7000000e+01   7.3320823e+00
   2.2855873e+01   3.7000000e+01   7.3320823e+00
   2.2865873e+01   3.7000000e+01   7.3320823e+00
   2.2875873e+01   3.7000000e+01   7.3320823e+00
   2.2885873e+01   3.7000000e+01   7.3320823e+00
   2.2895873e+01   3.7000000e+01   7.3320823e+00
   2.2905873e+01   3.7000000e+01   7.3320823e+00
   2.2915873e+01   3.7000000e+01   7.3320823e+00
   2.2925873e+01   3.7000000e+01   7.3320823e+00
   2.2935873e+01   3.7000000e+01   7.3320823e+00
   2.2945873e+01   3.7000000e+01   7.3320823e+00
   2.2955873e+01   3.7000000e+01   7.3320823e+00
   2.2965873e+01   3.7000000e+01   7.3320823e+00
   2.2975873e+01   3.7000000e+01   7.3320823e+00
   2.2985873e+01   3.7000000e+01   7.3320823e+00
   2.2995873e+01   3.7000000e+01   7.3320823e+00
   2.3005873e+01   3.7000000e+01   7.3320823e+00
   2.3015873e+01   3.7000000e+01   7.3320823e+00
   2.3025873e+01   3.7000000e+01   7.3320823e+00
   2.3035873e+01   3.7000000e+01   7.3320823e+00
   2.3045873e+01   3.7000000e+01   7.3320823e+00
   2.3055873e+01   3.7000000e+01   7.3320823e+00
   2.3065873e+01   3.7000000e+01   7.3320823e+00
   2.3075873e+01   3.7000000e+01   7.3320823e+00
   2.3085873e+01   3.7000000e+01   7.3320823e+00
   2.3095873e+01   3.7000000e+01   7.3320823e+00
   2.3105873e+01   3.7000000e+01   7.3320823e+00
   2.3115873e+01   3.7000000e+01   7.3320823e+00
   2.3125873e+01   3.7000000e+01   7.3320823e+00
   2.3135873e+01   3.7000000e+01   7.3320823e+00
   2.3145873e+01   3.7000000e+01   7.3320823e+00
   2.3155873e+01   3.7000000e+01   7.3320823e+00
   2.3165873e+01   3.7000000e+01   7.3320823e+00
   2.3175873e+01   3.7000000e+01   7.3320823e+00
   2.3185873e+01   3.7000000e+01   7.3320823e+00
   2.3195873e+01   3.7000000e+01   7.3320823e+00
   2.3205873e+01   3.7000000e+01   7.3320823e+00
   2.3215873e+01   3.7000000e+01   7.3320823e+00
   2.3225873e+01   3.7000000e+01   7.3320823e+00
   2.3235873e+01   3.7000000e+01   7.3320823e+00
   2.3245873e+01   3.7000000e+01   7.3320823e+00
   2.3255873e+01   3.7000000e+01   7.3320823e+00
   2.3265873e+01   3.7000000e+01   7.3320823e+00
   2.3275873e+01   3.7000000e+01   7.3320823e+00
   2.3285873e+01   3.7000000e+01   7.3320823e+00
   2.3295873e+01   3.7000000e+01   7.3320823e+00
   2.3305873e+01   3.7000000e+01   7.3320823e+00
   2.3315873e+01   3.7000000e+01   7.3320823e+00
   2.3325873e+01   3.7000000e+01   7.3320823e+00
   2.3335873e+01   3.7000000e+01   7.3320823e+00
   2.3345873e+01   3.7000000e+01   7.3320823e+00
   2.3355873e+01   3.7000000e+01   7.3320823e+00
   2.3365873e+01   3.7000000e+01   7.3320823e+00
   2.3375873e+01   3.7000000e+01   7.3320823e+00
   2.3385873e+01   3.7000000e+01   7.3320823e+00
   2.3395873e+01   3.7000000e+01   7.3320823e+00
   2.3405873e+01   3.7000000e+01   7.3320823e+00
   2.3415873e+01   3.7000000e+01   7.3320823e+00
   2.3425873e+01   3.7000000e+01   7.3320823e+00
   2.3435873e+01   3.7000000e+01   7.3320823e+00
   2.3445873e+01   3.7000000e+01   7.3320823e+00
   2.3455873e+01   3.7000000e+01   7.3320823e+00
   2.3465873e+01   3.7000000e+01   7.3320823e+00
   2.3475873e+01   3.7000000e+01   7.3320823e+00
   2.3485873e+01   3.7000000e+01   7.3320823e+00
   2.3495873e+01   3.7000000e+01   7.3320823e+00
   2.3505873e+01   3.7000000e+01   7.3320823e+00
   2.3515873e+01   3.7000000e+01   7.3320823e+00
   2.3525873e+01   3.7000000e+01   7.3320823e+00
   2.3535873e+01   3.7000000e+01   7.3320823e+00
   2.3545873e+01   3.7000000e+01   7.3320823e+00
   2.3555873e+01   3.7000000e+01   7.3320823e+00
   2.3565873e+01   3.7000000e+01   7.3320823e+00
   2.3575873e+01   3.7000000e+01   7.3320823e+00
   2.3585873e+01   3.7000000e+01   7.3320823e+00
   2.3595873e+01   3.7000000e+01   7.3320823e+00
   2.3605873e+01   3.7000000e+01   7.3320823e+00
   2.3615873e+01   3.7000000e+01   7.3320823e+00
   2.3625873e+01   3.7000000e+01   7.3320823e+00
   2.3635873e+01   3.7000000e+01   7.3320823e+00
   2.3645873e+01   3.7000000e+01   7.3320823e+00
   2.3655873e+01   3.7000000e+01   7.3320823e+00
   2.3665873e+01   3.7000000e+01   7.3320823e+00
   2.3675873e+01   3.7000000e+01   7.3320823e+00
   2.3685873e+01   3.7000000e+01   7.3320823e+00
   2.3695873e+01   3.7000000e+01   7.3320823e+00
   2.3705873e+01   3.7000000e+01   7.3320823e+00
   2.3715873e+01   3.7000000e+01   7.3320823e+00
   2.3725873e+01   3.7000000e+01   7.3320823e+00
   2.3735873e+01   3.7000000e+01   7.3320823e+00
   2.3745873e+01   3.7000000e+01   7.3320823e+00
   2.3755873e+01   3.7000000e+01   7.3320823e+00
   2.3765873e+01   3.7000000e+01   7.3320823e+00
   2.3775873e+01   3.7000000e+01   7.3320823e+00
   2.3785873e+01   3.7000000e+01   7.3320823e+00
   2.3795873e+01   3.7000000e+01   7.3320823e+00
   2.3805873e+01   3.7000000e+01   7.3320823e+00
   2.3815873e+01   3.7000000e+01   7.3320823e+00
   2.3825873e+01   3.7000000e+01   7.3320823e+00
   2.3835873e+01   3.7000000e+01   7.3320823e+00
   2.3845873e+01   3.7000000e+01   7.3320823e+00
   2.3855873e+01   3.7000000e+01   7.3320823e+00
   2.3865873e+01   3.7000000e+01   7.3320823e+00
   2.3875873e+01   3.7000000e+01   7.3320823e+00
   2.3885873e+01   3.7000000e+01   7.3320823e+00
   2.3895873e+01   3.7000000e+01   7.3320823e+00
   2.3901189e+01   3.7000000e+01   7.3320823e+00
   2.3901189e+01   3.8000000e+01   7.3720809e+00
   2.3901189e+01   3.8000000e+01   7.3720809e+00
   2.3911189e+01   3.8000000e+01   7.3720809e+00
   2.3921189e+01   3.8000000e+01   7.3720809e+00
   2.3931189e+01   3.8000000e+01   7.3720809e+00
   2.3941189e+01   3.8000000e+01   7.3720809e+00
   2.3951189e+01   3.8000000e+01   7.3720809e+00
   2.3961189e+01   3.8000000e+01   7.3720809e+00
   2.3971189e+01   3.8000000e+01   7.3720809e+00
   2.3981189e+01   3.8000000e+01   7.3720809e+00
   2.3991189e+01   3.8000000e+01   7.3720809e+00
   2.4001189e+01   3.8000000e+01   7.3720809e+00
   2.4011189e+01   3.8000000e+01   7.3720809e+00
   2.4021189e+01   3.8000000e+01   7.3720809e+00
   2.4031189e+01   3.8000000e+01   7.3720809e+00
   2.4041189e+01   3.8000000e+01   7.3720809e+00
   2.4051189e+01   3.8000000e+01   7.3720809e+00
   2.4061189e+01   3.8000000e+01   7.3720809e+00
   2.4071189e+01   3.8000000e+01   7.3720809e+00
   2.4081189e+01   3.8000000e+01   7.3720809e+00
   2.4091189e+01   3.8000000e+01   7.3720809e+00
   2.4101189e+01   3.8000000e+01   7.3720809e+00
   2.4111189e+01   3.8000000e+01   7.3720809e+00
   2.4121189e+01   3.8000000e+01   7.3720809e+00
   2.4131189e+01   3.8000000e+01   7.3720809e+00
   2.4141189e+01   3.8000000e+01   7.3720809e+00
   2.4151189e+01   3.8000000e+01   7.3720809e+00
   2.4161189e+01   3.8000000e+01   7.3720809e+00
   2.4171189e+01   3.8000000e+01   7.3720809e+00
   2.4181189e+01   3.8000000e+01   7.3720809e+00
   2.4191189e+01   3.8000000e+01   7.3720809e+00
   2.4201189e+01   3.8000000e+01   7.3720809e+00
   2.4211189e+01   3.8000000e+01   7.3720809e+00
   2.4221189e+01   3.8000000e+01   7.3720809e+00
   2.4231189e+01   3.8000000e+01   7.3720809e+00
   2.4241189e+01   3.8000000e+01   7.3720809e+00
   2.4251189e+01   3.8000000e+01   7.3720809e+00
   2.4261189e+01   3.8000000e+01   7.3720809e+00
   2.4271189e+01   3.8000000e+01   7.3720809e+00
   2.4281189e+01   3.8000000e+01   7.3720809e+00
   2.4291189e+01   3.8000000e+01   7.3720809e+00
   2.4301189e+01   3.8000000e+01   7.3720809e+00
   2.4311189e+01   3.8000000e+01   7.3720809e+00
   2.4321189e+01   3.8000000e+01   7.3720809e+00
   2.4331189e+01   3.8000000e+01   7.3720809e+00
   2.4341189e+01   3.8000000e+01   7.3720809e+00
   2.4351189e+01   3.8000000e+01   7.3720809e+00
   2.4361189e+01   3.8000000e+01   7.3720809e+00
   2.4371189e+01   3.8000000e+01   7.3720809e+00
   2.4381189e+01   3.8000000e+01   7.3720809e+00
   2.4391189e+01   3.8000000e+01   7.3720809e+00
   2.4401189e+01   3.8000000e+01   7.3720809e+00
   2.4411189e+01   3.8000000e+01   7.3720809e+00
   2.4421189e+01   3.8000000e+01   7.3720809e+00
   2.4431189e+01   3.8000000e+01   7.3720809e+00
   2.4441189e+01   3.8000000e+01   7.3720809e+00
   2.4451189e+01   3.8000000e+01   7.3720809e+00
   2.4461189e+01   3.8000000e+01   7.3720809e+00
   2.4471189e+01   3.8000000e+01   7.3720809e+00
   2.4481189e+01   3.8000000e+01   7.3720809e+00
   2.4491189e+01   3.8000000e+01   7.3720809e+00
   2.4501189e+01   3.8000000e+01   7.3720809e+00
   2.4511189e+01   3.8000000e+01   7.3720809e+00
   2.4521189e+01   3.8000000e+01   7.3720809e+00
   2.4531189e+01   3.8000000e+01   7.3720809e+00
   2.4541189e+01   3.8000000e+01   7.3720809e+00
   2.4551189e+01   3.8000000e+01   7.3720809e+00
   2.4561189e+01   3.8000000e+01   7.3720809e+00
   2.4571189e+01   3.8000000e+01   7.3720809e+00
   2.4581189e+01   3.8000000e+01   7.3720809e+00
   2.4591189e+01   3.8000000e+01   7.3720809e+00
   2.4601189e+01   3.8000000e+01   7.3720809e+00
   2.4611189e+01   3.8000000e+01   7.3720809e+00
   2.4621189e+01   3.8000000e+01   7.3720809e+00
   2.4631189e+01   3.8000000e+01   7.3720809e+00
   2.4641189e+01   3.8000000e+01   7.3720809e+00
   2.4651189e+01   3.8000000e+01   7.3720809e+00
   2.4661189e+01   3.8000000e+01   7.3720809e+00
   2.4671189e+01   3.8000000e+01   7.3720809e+00
   2.4681189e+01   3.8000000e+01   7.3720809e+00
   2.4691189e+01   3.8000000e+01   7.3720809e+00
   2.4701189e+01   3.8000000e+01   7.3720809e+00
   2.4711189e+01   3.8000000e+01   7.3720809e+00
   2.4721189e+01   3.8000000e+01   7.3720809e+00
   2.4731189e+01   3.8000000e+01   7.3720809e+00
   2.4741189e+01   3.8000000e+01   7.3720809e+00
   2.4751189e+01   3.8000000e+01   7.3720809e+00
   2.4761189e+01   3.8000000e+01   7.3720809e+00
   2.4771189e+01   3.8000000e+01   7.3720809e+00
   2.4781189e+01   3.8000000e+01   7.3720809e+00
   2.4791189e+01   3.8000000e+01   7.3720809e+00
   2.4801189e+01   3.8000000e+01   7.3720809e+00
   2.4811189e+01   3.8000000e+01   7.3720809e+00
   2.4821189e+01   3.8000000e+01   7.3720809e+00
   2.4831189e+01   3.8000000e+01   7.3720809e+00
   2.4841189e+01   3.8000000e+01   7.3720809e+00
   2.4851189e+01   3.8000000e+01   7.3720809e+00
   2.4861189e+01   3.8000000e+01   7.3720809e+00
   2.4871189e+01   3.8000000e+01   7.3720809e+00
   2.4881189e+01   3.8000000e+01   7.3720809e+00
   2.4891189e+01   3.8000000e+01   7.3720809e+00
   2.4901189e+01   3.8000000e+01   7.3720809e+00
   2.4911189e+01   3.8000000e+01   7.3720809e+00
   2.4921189e+01   3.8000000e+01   7.3720809e+00
   2.4931189e+01   3.8000000e+01   7.3720809e+00
   2.4941189e+01   3.8000000e+01   7.3720809e+00
   2.4951189e+01   3.8000000e+01   7.3720809e+00
   2.4961189e+01   3.8000000e+01   7.3720809e+00
   2.4971189e+01   3.8000000e+01   7.3720809e+00
   2.4981189e+01   3.8000000e+01   7.3720809e+00
   2.4991189e+01   3.8000000e+01   7.3720809e+00
   2.5001189e+01   3.8000000e+01   7.3720809e+00
   2.5011189e+01   3.8000000e+01   7.3720809e+00
   2.5021189e+01   3.8000000e+01   7.3720809e+00
   2.5031189e+01   3.8000000e+01   7.3720809e+00
   2.5041189e+01   3.8000000e+01   7.3720809e+00
   2.5051189e+01   3.8000000e+01   7.3720809e+00
   2.5061189e+01   3.8000000e+01   7.3720809e+00
   2.5071189e+01   3.8000000e+01   7.3720809e+00
   2.5080610e+01   3.8000000e+01   7.3720809e+00
   2.5080610e+01   3.9000000e+01   7.4041179e+00
   2.5080610e+01   3.9000000e+01   7.4041179e+00
   2.5090610e+01   3.9000000e+01   7.4041179e+00
   2.5100610e+01   3.9000000e+01   7.4041179e+00
   2.5110610e+01   3.9000000e+01   7.4041179e+00
   2.5120610e+01   3.9000000e+01   7.4041179e+00
   2.5130610e+01   3.9000000e+01   7.4041179e+00
   2.5140610e+01   3.9000000e+01   7.4041179e+00
   2.5150610e+01   3.9000000e+01   7.4041179e+00
   2.5160610e+01   3.9000000e+01   7.4041179e+00
   2.5170610e+01   3.9000000e+01   7.4041179e+00
   2.5180610e+01   3.9000000e+01   7.4041179e+00
   2.5190610e+01   3.9000000e+01   7.4041179e+00
   2.5200610e+01   3.9000000e+01   7.4041179e+00
   2.5210610e+01   3.9000000e+01   7.4041179e+00
   2.5220610e+01   3.9000000e+01   7.4041179e+00
   2.5230610e+01   3.9000000e+01   7.4041179e+00
   2.5240610e+01   3.9000000e+01   7.4041179e+00
   2.5250610e+01   3.9000000e+01   7.4041179e+00
   2.5260610e+01   3.9000000e+01   7.4041179e+00
   2.5270610e+01   3.9000000e+01   7.4041179e+00
   2.5280610e+01   3.9000000e+01   7.4041179e+00
   2.5290610e+01   3.9000000e+01   7.4041179e+00
   2.5300610e+01   3.9000000e+01   7.4041179e+00
   2.5310610e+01   3.9000000e+01   7.4041179e+00
   2.5320610e+01   3.9000000e+01   7.4041179e+00
   2.5330610e+01   3.9000000e+01   7.4041179e+00
   2.5340610e+01   3.9000000e+01   7.4041179e+00
   2.5350610e+01   3.9000000e+01   7.4041179e+00
   2.5360610e+01   3.9000000e+01   7.4041179e+00
   2.5370610e+01   3.9000000e+01   7.4041179e+00
   2.5380610e+01   3.9000000e+01   7.4041179e+00
   2.5390610e+01   3.9000000e+01   7.4041179e+00
   2.5400610e+01   3.9000000e+01   7.4041179e+00
   2.5410610e+01   3.9000000e+01   7.4041179e+00
   2.5420610e+01   3.9000000e+01   7.4041179e+00
   2.5430610e+01   3.9000000e+01   7.4041179e+00
   2.5440610e+01   3.9000000e+01   7.4041179e+00
   2.5450610e+01   3.9000000e+01   7.4041179e+00
   2.5460610e+01   3.9000000e+01   7.4041179e+00
   2.5470610e+01   3.9000000e+01   7.4041179e+00
   2.5480610e+01   3.9000000e+01   7.4041179e+00
   2.5490610e+01   3.9000000e+01   7.4041179e+00
   2.5500610e+01   3.9000000e+01   7.4041179e+00
   2.5510610e+01   3.9000000e+01   7.4041179e+00
   2.5520610e+01   3.9000000e+01   7.4041179e+00
   2.5530610e+01   3.9000000e+01   7.4041179e+00
   2.5540610e+01   3.9000000e+01   7.4041179e+00
   2.5550610e+01   3.9000000e+01   7.4041179e+00
   2.5560610e+01   3.9000000e+01   7.4041179e+00
   2.5570610e+01   3.9000000e+01   7.4041179e+00
   2.5580610e+01   3.9000000e+01   7.4041179e+00
   2.5590610e+01   3.9000000e+01   7.4041179e+00
   2.5600610e+01   3.9000000e+01   7.4041179e+00
   2.5610610e+01   3.9000000e+01   7.4041179e+00
   2.5620610e+01   3.9000000e+01   7.4041179e+00
   2.5630610e+01   3.9000000e+01   7.4041179e+00
   2.5640610e+01   3.9000000e+01   7.4041179e+00
   2.5650610e+01   3.9000000e+01   7.4041179e+00
   2.5660610e+01   3.9000000e+01   7.4041179e+00
   2.5670610e+01   3.9000000e+01   7.4041179e+00
   2.5680610e+01   3.9000000e+01   7.4041179e+00
   2.5690610e+01   3.9000000e+01   7.4041179e+00
   2.5700610e+01   3.9000000e+01   7.4041179e+00
   2.5710610e+01   3.9000000e+01   7.4041179e+00
   2.5720610e+01   3.9000000e+01   7.4041179e+00
   2.5730610e+01   3.9000000e+01   7.4041179e+00
   2.5740610e+01   3.9000000e+01   7.4041179e+00
   2.5750610e+01   3.9000000e+01   7.4041179e+00
   2.5760610e+01   3.9000000e+01   7.4041179e+00
   2.5770610e+01   3.9000000e+01   7.4041179e+00
   2.5780610e+01   3.9000000e+01   7.4041179e+00
   2.5790610e+01   3.9000000e+01   7.4041179e+00
   2.5800610e+01   3.9000000e+01   7.4041179e+00
   2.5810610e+01   3.9000000e+01   7.4041179e+00
   2.5820610e+01   3.9000000e+01   7.4041179e+00
   2.5830610e+01   3.9000000e+01   7.4041179e+00
   2.5840610e+01   3.9000000e+01   7.4041179e+00
   2.5850610e+01   3.9000000e+01   7.4041179e+00
   2.5860610e+01   3.9000000e+01   7.4041179e+00
   2.5870610e+01   3.9000000e+01   7.4041179e+00
   2.5880610e+01   3.9000000e+01   7.4041179e+00
   2.5890610e+01   3.9000000e+01   7.4041179e+00
   2.5900610e+01   3.9000000e+01   7.4041179e+00
   2.5910610e+01   3.9000000e+01   7.4041179e+00
   2.5920610e+01   3.9000000e+01   7.4041179e+00
   2.5930610e+01   3.9000000e+01   7.4041179e+00
   2.5940610e+01   3.9000000e+01   7.4041179e+00
   2.5950610e+01   3.9000000e+01   7.4041179e+00
   2.5960610e+01   3.9000000e+01   7.4041179e+00
   2.5970610e+01   3.9000000e+01   7.4041179e+00
   2.5980610e+01   3.9000000e+01   7.4041179e+00
   2.5990610e+01   3.9000000e+01   7.4041179e+00
   2.6000610e+01   3.9000000e+01   7.4041179e+00
   2.6010610e+01   3.9000000e+01   7.4041179e+00
   2.6020610e+01   3.9000000e+01   7.4041179e+00
   2.6030610e+01   3.9000000e+01   7.4041179e+00
   2.6040610e+01   3.9000000e+01   7.4041179e+00
   2.6050610e+01   3.9000000e+01   7.4041179e+00
   2.6060610e+01   3.9000000e+01   7.4041179e+00
   2.6070610e+01   3.9000000e+01   7.4041179e+00
   2.6080610e+01   3.9000000e+01   7.4041179e+00
   2.6090610e+01   3.9000000e+01   7.4041179e+00
   2.6100610e+01   3.9000000e+01   7.4041179e+00
   2.6110610e+01   3.9000000e+01   7.4041179e+00
   2.6120610e+01   3.9000000e+01   7.4041179e+00
   2.6130610e+01   3.9000000e+01   7.4041179e+00
   2.6140610e+01   3.9000000e+01   7.4041179e+00
   2.6150610e+01   3.9000000e+01   7.4041179e+00
   2.6160610e+01   3.9000000e+01   7.4041179e+00
   2.6170610e+01   3.9000000e+01   7.4041179e+00
   2.6180610e+01   3.9000000e+01   7.4041179e+00
   2.6190610e+01   3.9000000e+01   7.4041179e+00
   2.6200610e+01   3.9000000e+01   7.4041179e+00
   2.6210610e+01   3.9000000e+01   7.4041179e+00
   2.6220610e+01   3.9000000e+01   7.4041179e+00
   2.6230610e+01   3.9000000e+01   7.4041179e+00
   2.6240610e+01   3.9000000e+01   7.4041179e+00
   2.6250610e+01   3.9000000e+01   7.4041179e+00
   2.6260610e+01   3.9000000e+01   7.4041179e+00
   2.6270610e+01   3.9000000e+01   7.4041179e+00
   2.6280610e+01   3.9000000e+01   7.4041179e+00
   2.6283768e+01   3.9000000e+01   7.4041179e+00
   2.6283768e+01   4.0000000e+01   7.4282278e+00
   2.6283768e+01   4.0000000e+01   7.4282278e+00
   2.6293768e+01   4.0000000e+01   7.4282278e+00
   2.6303768e+01   4.0000000e+01   7.4282278e+00
   2.6313768e+01   4.0000000e+01   7.4282278e+00
   2.6323768e+01   4.0000000e+01   7.4282278e+00
   2.6333768e+01   4.0000000e+01   7.4282278e+00
   2.6343768e+01   4.0000000e+01   7.4282278e+00
   2.6353768e+01   4.0000000e+01   7.4282278e+00
   2.6363768e+01   4.0000000e+01   7.4282278e+00
   2.6373768e+01   4.0000000e+01   7.4282278e+00
   2.6383768e+01   4.0000000e+01   7.4282278e+00
   2.6393768e+01   4.0000000e+01   7.4282278e+00
   2.6403768e+01   4.0000000e+01   7.4282278e+00
   2.6413768e+01   4.0000000e+01   7.4282278e+00
   2.6423768e+01   4.0000000e+01   7.4282278e+00
   2.6433768e+01   4.0000000e+01   7.4282278e+00
   2.6443768e+01   4.0000000e+01   7.4282278e+00
   2.6453768e+01   4.0000000e+01   7.4282278e+00
   2.6463768e+01   4.0000000e+01   7.4282278e+00
   2.6473768e+01   4.0000000e+01   7.4282278e+00
   2.6483768e+01   4.0000000e+01   7.4282278e+00
   2.6493768e+01   4.0000000e+01   7.4282278e+00
   2.6503768e+01   4.0000000e+01   7.4282278e+00
   2.6513768e+01   4.0000000e+01   7.4282278e+00
   2.6523768e+01   4.0000000e+01   7.4282278e+00
   2.6533768e+01   4.0000000e+01   7.4282278e+00
   2.6543768e+01   4.0000000e+01   7.4282278e+00
   2.6553768e+01   4.0000000e+01   7.4282278e+00
   2.6563768e+01   4.0000000e+01   7.4282278e+00
   2.6573768e+01   4.0000000e+01   7.4282278e+00
   2.6583768e+01   4.0000000e+01   7.4282278e+00
   2.6593768e+01   4.0000000e+01   7.4282278e+00
   2.6603768e+01   4.0000000e+01   7.4282278e+00
   2.6613768e+01   4.0000000e+01   7.4282278e+00
   2.6623768e+01   4.0000000e+01   7.4282278e+00
   2.6633768e+01   4.0000000e+01   7.4282278e+00
   2.6643768e+01   4.0000000e+01   7.4282278e+00
   2.6653768e+01   4.0000000e+01   7.4282278e+00
   2.6663768e+01   4.0000000e+01   7.4282278e+00
   2.6673768e+01   4.0000000e+01   7.4282278e+00
   2.6683768e+01   4.0000000e+01   7.4282278e+00
   2.6693768e+01   4.0000000e+01   7.4282278e+00
   2.6703768e+01   4.0000000e+01   7.4282278e+00
   2.6713768e+01   4.0000000e+01   7.4282278e+00
   2.6723768e+01   4.0000000e+01   7.4282278e+00
   2.6733768e+01   4.0000000e+01   7.4282278e+00
   2.6743768e+01   4.0000000e+01   7.4282278e+00
   2.6753768e+01   4.0000000e+01   7.4282278e+00
   2.6763768e+01   4.0000000e+01   7.4282278e+00
   2.6773768e+01   4.0000000e+01   7.4282278e+00
   2.6783768e+01   4.0000000e+01   7.4282278e+00
   2.6793768e+01   4.0000000e+01   7.4282278e+00
   2.6803768e+01   4.0000000e+01   7.4282278e+00
   2.6813768e+01   4.0000000e+01   7.4282278e+00
   2.6823768e+01   4.0000000e+01   7.4282278e+00
   2.6833768e+01   4.0000000e+01   7.4282278e+00
   2.6843768e+01   4.0000000e+01   7.4282278e+00
   2.6853768e+01   4.0000000e+01   7.4282278e+00
   2.6863768e+01   4.0000000e+01   7.4282278e+00
   2.6873768e+01   4.0000000e+01   7.4282278e+00
   2.6883768e+01   4.0000000e+01   7.4282278e+00
   2.6893768e+01   4.0000000e+01   7.4282278e+00
   2.6903768e+01   4.0000000e+01   7.4282278e+00
   2.6913768e+01   4.0000000e+01   7.4282278e+00
   2.6923768e+01   4.0000000e+01   7.4282278e+00
   2.6933768e+01   4.0000000e+01   7.4282278e+00
   2.6943768e+01   4.0000000e+01   7.4282278e+00
   2.6953768e+01   4.0000000e+01   7.4282278e+00
   2.6963768e+01   4.0000000e+01   7.4282278e+00
   2.6973768e+01   4.0000000e+01   7.4282278e+00
   2.6983768e+01   4.0000000e+01   7.4282278e+00
   2.6993768e+01   4.0000000e+01   7.4282278e+00
   2.7003768e+01   4.0000000e+01   7.4282278e+00
   2.7013768e+01   4.0000000e+01   7.4282278e+00
   2.7023768e+01   4.0000000e+01   7.4282278e+00
   2.7033768e+01   4.0000000e+01   7.4282278e+00
   2.7043768e+01   4.0000000e+01   7.4282278e+00
   2.7053768e+01   4.0000000e+01   7.4282278e+00
   2.7063768e+01   4.0000000e+01   7.4282278e+00
   2.7073768e+01   4.0000000e+01   7.4282278e+00
   2.7083768e+01   4.0000000e+01   7.4282278e+00
   2.7093768e+01   4.0000000e+01   7.4282278e+00
   2.7103768e+01   4.0000000e+01   7.4282278e+00
   2.7113768e+01   4.0000000e+01   7.4282278e+00
   2.7123768e+01   4.0000000e+01   7.4282278e+00
   2.7133768e+01   4.0000000e+01   7.4282278e+00
   2.7143768e+01   4.0000000e+01   7.4282278e+00
   2.7153768e+01   4.0000000e+01   7.4282278e+00
   2.7163768e+01   4.0000000e+01   7.4282278e+00
   2.7173768e+01   4.0000000e+01   7.4282278e+00
   2.7183768e+01   4.0000000e+01   7.4282278e+00
   2.7193768e+01   4.0000000e+01   7.4282278e+00
   2.7203768e+01   4.0000000e+01   7.4282278e+00
   2.7213768e+01   4.0000000e+01   7.4282278e+00
   2.7223768e+01   4.0000000e+01   7.4282278e+00
   2.7233768e+01   4.0000000e+01   7.4282278e+00
   2.7243768e+01   4.0000000e+01   7.4282278e+00
   2.7253768e+01   4.0000000e+01   7.4282278e+00
   2.7263768e+01   4.0000000e+01   7.4282278e+00
   2.7273768e+01   4.0000000e+01   7.4282278e+00
   2.7283768e+01   4.0000000e+01   7.4282278e+00
   2.7293768e+01   4.0000000e+01   7.4282278e+00
   2.7303768e+01   4.0000000e+01   7.4282278e+00
   2.7313768e+01   4.0000000e+01   7.4282278e+00
   2.7323768e+01   4.0000000e+01   7.4282278e+00
   2.7333768e+01   4.0000000e+01   7.4282278e+00
   2.7343768e+01   4.0000000e+01   7.4282278e+00
   2.7353768e+01   4.0000000e+01   7.4282278e+00
   2.7363768e+01   4.0000000e+01   7.4282278e+00
   2.7373768e+01   4.0000000e+01   7.4282278e+00
   2.7383768e+01   4.0000000e+01   7.4282278e+00
   2.7393768e+01   4.0000000e+01   7.4282278e+00
   2.7403768e+01   4.0000000e+01   7.4282278e+00
   2.7413768e+01   4.0000000e+01   7.4282278e+00
   2.7423768e+01   4.0000000e+01   7.4282278e+00
   2.7433768e+01   4.0000000e+01   7.4282278e+00
   2.7443768e+01   4.0000000e+01   7.4282278e+00
   2.7453768e+01   4.0000000e+01   7.4282278e+00
   2.7463768e+01   4.0000000e+01   7.4282278e+00
   2.7473768e+01   4.0000000e+01   7.4282278e+00
   2.7483768e+01   4.0000000e+01   7.4282278e+00
   2.7493768e+01   4.0000000e+01   7.4282278e+00
   2.7503768e+01   4.0000000e+01   7.4282278e+00
   2.7510296e+01   4.0000000e+01   7.4282278e+00
   2.7510296e+01   4.1000000e+01   7.4444461e+00
   2.7510296e+01   4.1000000e+01   7.4444461e+00
   2.7520296e+01   4.1000000e+01   7.4444461e+00
   2.7530296e+01   4.1000000e+01   7.4444461e+00
   2.7540296e+01   4.1000000e+01   7.4444461e+00
   2.7550296e+01   4.1000000e+01   7.4444461e+00
   2.7560296e+01   4.1000000e+01   7.4444461e+00
   2.7570296e+01   4.1000000e+01   7.4444461e+00
   2.7580296e+01   4.1000000e+01   7.4444461e+00
   2.7590296e+01   4.1000000e+01   7.4444461e+00
   2.7600296e+01   4.1000000e+01   7.4444461e+00
   2.7610296e+01   4.1000000e+01   7.4444461e+00
   2.7620296e+01   4.1000000e+01   7.4444461e+00
   2.7630296e+01   4.1000000e+01   7.4444461e+00
   2.7640296e+01   4.1000000e+01   7.4444461e+00
   2.7650296e+01   4.1000000e+01   7.4444461e+00
   2.7660296e+01   4.1000000e+01   7.4444461e+00
   2.7670296e+01   4.1000000e+01   7.4444461e+00
   2.7680296e+01   4.1000000e+01   7.4444461e+00
   2.7690296e+01   4.1000000e+01   7.4444461e+00
   2.7700296e+01   4.1000000e+01   7.4444461e+00
   2.7710296e+01   4.1000000e+01   7.4444461e+00
   2.7720296e+01   4.1000000e+01   7.4444461e+00
   2.7730296e+01   4.1000000e+01   7.4444461e+00
   2.7740296e+01   4.1000000e+01   7.4444461e+00
   2.7750296e+01   4.1000000e+01   7.4444461e+00
   2.7760296e+01   4.1000000e+01   7.4444461e+00
   2.7770296e+01   4.1000000e+01   7.4444461e+00
   2.7780296e+01   4.1000000e+01   7.4444461e+00
   2.7790296e+01   4.1000000e+01   7.4444461e+00
   2.7800296e+01   4.1000000e+01   7.4444461e+00
   2.7810296e+01   4.1000000e+01   7.4444461e+00
   2.7820296e+01   4.1000000e+01   7.4444461e+00
   2.7830296e+01   4.1000000e+01   7.4444461e+00
   2.7840296e+01   4.1000000e+01   7.4444461e+00
   2.7850296e+01   4.1000000e+01   7.4444461e+00
   2.7860296e+01   4.1000000e+01   7.4444461e+00
   2.7870296e+01   4.1000000e+01   7.4444461e+00
   2.7880296e+01   4.1000000e+01   7.4444461e+00
   2.7890296e+01   4.1000000e+01   7.4444461e+00
   2.7900296e+01   4.1000000e+01   7.4444461e+00
   2.7910296e+01   4.1000000e+01   7.4444461e+00
   2.7920296e+01   4.1000000e+01   7.4444461e+00
   2.7930296e+01   4.1000000e+01   7.4444461e+00
   2.7940296e+01   4.1000000e+01   7.4444461e+00
   2.7950296e+01   4.1000000e+01   7.4444461e+00
   2.7960296e+01   4.1000000e+01   7.4444461e+00
   2.7970296e+01   4.1000000e+01   7.4444461e+00
   2.7980296e+01   4.1000000e+01   7.4444461e+00
   2.7990296e+01   4.1000000e+01   7.4444461e+00
   2.8000296e+01   4.1000000e+01   7.4444461e+00
   2.8010296e+01   4.1000000e+01   7.4444461e+00
   2.8020296e+01   4.1000000e+01   7.4444461e+00
   2.8030296e+01   4.1000000e+01   7.4444461e+00
   2.8040296e+01   4.1000000e+01   7.4444461e+00
   2.8050296e+01   4.1000000e+01   7.4444461e+00
   2.8060296e+01   4.1000000e+01   7.4444461e+00
   2.8070296e+01   4.1000000e+01   7.4444461e+00
   2.8080296e+01   4.1000000e+01   7.4444461e+00
   2.8090296e+01   4.1000000e+01   7.4444461e+00
   2.8100296e+01   4.1000000e+01   7.4444461e+00
   2.8110296e+01   4.1000000e+01   7.4444461e+00
   2.8120296e+01   4.1000000e+01   7.4444461e+00
   2.8130296e+01   4.1000000e+01   7.4444461e+00
   2.8140296e+01   4.1000000e+01   7.4444461e+00
   2.8150296e+01   4.1000000e+01   7.4444461e+00
   2.8160296e+01   4.1000000e+01   7.4444461e+00
   2.8170296e+01   4.1000000e+01   7.4444461e+00
   2.8180296e+01   4.1000000e+01   7.4444461e+00
   2.8190296e+01   4.1000000e+01   7.4444461e+00
   2.8200296e+01   4.1000000e+01   7.4444461e+00
   2.8210296e+01   4.1000000e+01   7.4444461e+00
   2.8220296e+01   4.1000000e+01   7.4444461e+00
   2.8230296e+01   4.1000000e+01   7.4444461e+00
   2.8240296e+01   4.1000000e+01   7.4444461e+00
   2.8250296e+01   4.1000000e+01   7.4444461e+00
   2.8260296e+01   4.1000000e+01   7.4444461e+00
   2.8270296e+01   4.1000000e+01   7.4444461e+00
   2.8280296e+01   4.1000000e+01   7.4444461e+00
   2.8290296e+01   4.1000000e+01   7.4444461e+00
   2.8300296e+01   4.1000000e+01   7.4444461e+00
   2.8310296e+01   4.1000000e+01   7.4444461e+00
   2.8320296e+01   4.1000000e+01   7.4444461e+00
   2.8330296e+01   4.1000000e+01   7.4444461e+00
   2.8340296e+01   4.1000000e+01   7.4444461e+00
   2.8350296e+01   4.1000000e+01   7.4444461e+00
   2.8360296e+01   4.1000000e+01   7.4444461e+00
   2.8370296e+01   4.1000000e+01   7.4444461e+00
   2.8380296e+01   4.1000000e+01   7.4444461e+00
   2.8390296e+01   4.1000000e+01   7.4444461e+00
   2.8400296e+01   4.1000000e+01   7.4444461e+00
   2.8410296e+01   4.1000000e+01   7.4444461e+00
   2.8420296e+01   4.1000000e+01   7.4444461e+00
   2.8430296e+01   4.1000000e+01   7.4444461e+00
   2.8440296e+01   4.1000000e+01   7.4444461e+00
   2.8450296e+01   4.1000000e+01   7.4444461e+00
   2.8460296e+01   4.1000000e+01   7.4444461e+00
   2.8470296e+01   4.1000000e+01   7.4444461e+00
   2.8480296e+01   4.1000000e+01   7.4444461e+00
   2.8490296e+01   4.1000000e+01   7.4444461e+00
   2.8500296e+01   4.1000000e+01   7.4444461e+00
   2.8510296e+01   4.1000000e+01   7.4444461e+00
   2.8520296e+01   4.1000000e+01   7.4444461e+00
   2.8530296e+01   4.1000000e+01   7.4444461e+00
   2.8540296e+01   4.1000000e+01   7.4444461e+00
   2.8550296e+01   4.1000000e+01   7.4444461e+00
   2.8560296e+01   4.1000000e+01   7.4444461e+00
   2.8570296e+01   4.1000000e+01   7.4444461e+00
   2.8580296e+01   4.1000000e+01   7.4444461e+00
   2.8590296e+01   4.1000000e+01   7.4444461e+00
   2.8600296e+01   4.1000000e+01   7.4444461e+00
   2.8610296e+01   4.1000000e+01   7.4444461e+00
   2.8620296e+01   4.1000000e+01   7.4444461e+00
   2.8630296e+01   4.1000000e+01   7.4444461e+00
   2.8640296e+01   4.1000000e+01   7.4444461e+00
   2.8650296e+01   4.1000000e+01   7.4444461e+00
   2.8660296e+01   4.1000000e+01   7.4444461e+00
   2.8670296e+01   4.1000000e+01   7.4444461e+00
   2.8680296e+01   4.1000000e+01   7.4444461e+00
   2.8690296e+01   4.1000000e+01   7.4444461e+00
   2.8700296e+01   4.1000000e+01   7.4444461e+00
   2.8710296e+01   4.1000000e+01   7.4444461e+00
   2.8720296e+01   4.1000000e+01   7.4444461e+00
   2.8730296e+01   4.1000000e+01   7.4444461e+00
   2.8740296e+01   4.1000000e+01   7.4444461e+00
   2.8750296e+01   4.1000000e+01   7.4444461e+00
   2.8759820e+01   4.1000000e+01   7.4444461e+00
   2.8759820e+01   4.2000000e+01   7.4528094e+00
   2.8759820e+01   4.2000000e+01   7.4528094e+00
   2.8769820e+01   4.2000000e+01   7.4528094e+00
   2.8779820e+01   4.2000000e+01   7.4528094e+00
   2.8789820e+01   4.2000000e+01   7.4528094e+00
   2.8799820e+01   4.2000000e+01   7.4528094e+00
   2.8809820e+01   4.2000000e+01   7.4528094e+00
   2.8819820e+01   4.2000000e+01   7.4528094e+00
   2.8829820e+01   4.2000000e+01   7.4528094e+00
   2.8839820e+01   4.2000000e+01   7.4528094e+00
   2.8849820e+01   4.2000000e+01   7.4528094e+00
   2.8859820e+01   4.2000000e+01   7.4528094e+00
   2.8869820e+01   4.2000000e+01   7.4528094e+00
   2.8879820e+01   4.2000000e+01   7.4528094e+00
   2.8889820e+01   4.2000000e+01   7.4528094e+00
   2.8899820e+01   4.2000000e+01   7.4528094e+00
   2.8909820e+01   4.2000000e+01   7.4528094e+00
   2.8919820e+01   4.2000000e+01   7.4528094e+00
   2.8929820e+01   4.2000000e+01   7.4528094e+00
   2.8939820e+01   4.2000000e+01   7.4528094e+00
   2.8949820e+01   4.2000000e+01   7.4528094e+00
   2.8959820e+01   4.2000000e+01   7.4528094e+00
   2.8969820e+01   4.2000000e+01   7.4528094e+00
   2.8979820e+01   4.2000000e+01   7.4528094e+00
   2.8989820e+01   4.2000000e+01   7.4528094e+00
   2.8999820e+01   4.2000000e+01   7.4528094e+00
   2.9009820e+01   4.2000000e+01   7.4528094e+00
   2.9019820e+01   4.2000000e+01   7.4528094e+00
   2.9029820e+01   4.2000000e+01   7.4528094e+00
   2.9039820e+01   4.2000000e+01   7.4528094e+00
   2.9049820e+01   4.2000000e+01   7.4528094e+00
   2.9059820e+01   4.2000000e+01   7.4528094e+00
   2.9069820e+01   4.2000000e+01   7.4528094e+00
   2.9079820e+01   4.2000000e+01   7.4528094e+00
   2.9089820e+01   4.2000000e+01   7.4528094e+00
   2.9099820e+01   4.2000000e+01   7.4528094e+00
   2.9109820e+01   4.2000000e+01   7.4528094e+00
   2.9119820e+01   4.2000000e+01   7.4528094e+00
   2.9129820e+01   4.2000000e+01   7.4528094e+00
   2.9139820e+01   4.2000000e+01   7.4528094e+00
   2.9149820e+01   4.2000000e+01   7.4528094e+00
   2.9159820e+01   4.2000000e+01   7.4528094e+00
   2.9169820e+01   4.2000000e+01   7.4528094e+00
   2.9179820e+01   4.2000000e+01   7.4528094e+00
   2.9189820e+01   4.2000000e+01   7.4528094e+00
   2.9199820e+01   4.2000000e+01   7.4528094e+00
   2.9209820e+01   4.2000000e+01   7.4528094e+00
   2.9219820e+01   4.2000000e+01   7.4528094e+00
   2.9229820e+01   4.2000000e+01   7.4528094e+00
   2.9239820e+01   4.2000000e+01   7.4528094e+00
   2.9249820e+01   4.2000000e+01   7.4528094e+00
   2.9259820e+01   4.2000000e+01   7.4528094e+00
   2.9269820e+01   4.2000000e+01   7.4528094e+00
   2.9279820e+01   4.2000000e+01   7.4528094e+00
   2.9289820e+01   4.2000000e+01   7.4528094e+00
   2.9299820e+01   4.2000000e+01   7.4528094e+00
   2.9309820e+01   4.2000000e+01   7.4528094e+00
   2.9319820e+01   4.2000000e+01   7.4528094e+00
   2.9329820e+01   4.2000000e+01   7.4528094e+00
   2.9339820e+01   4.2000000e+01   7.4528094e+00
   2.9349820e+01   4.2000000e+01   7.4528094e+00
   2.9359820e+01   4.2000000e+01   7.4528094e+00
   2.9369820e+01   4.2000000e+01   7.4528094e+00
   2.9379820e+01   4.2000000e+01   7.4528094e+00
   2.9389820e+01   4.2000000e+01   7.4528094e+00
   2.9399820e+01   4.2000000e+01   7.4528094e+00
   2.9409820e+01   4.2000000e+01   7.4528094e+00
   2.9419820e+01   4.2000000e+01   7.4528094e+00
   2.9429820e+01   4.2000000e+01   7.4528094e+00
   2.9439820e+01   4.2000000e+01   7.4528094e+00
   2.9449820e+01   4.2000000e+01   7.4528094e+00
   2.9459820e+01   4.2000000e+01   7.4528094e+00
   2.9469820e+01   4.2000000e+01   7.4528094e+00
   2.9479820e+01   4.2000000e+01   7.4528094e+00
   2.9489820e+01   4.2000000e+01   7.4528094e+00
   2.9499820e+01   4.2000000e+01   7.4528094e+00
   2.9509820e+01   4.2000000e+01   7.4528094e+00
   2.9519820e+01   4.2000000e+01   7.4528094e+00
   2.9529820e+01   4.2000000e+01   7.4528094e+00
   2.9539820e+01   4.2000000e+01   7.4528094e+00
   2.9549820e+01   4.2000000e+01   7.4528094e+00
   2.9559820e+01   4.2000000e+01   7.4528094e+00
   2.9569820e+01   4.2000000e+01   7.4528094e+00
   2.9579820e+01   4.2000000e+01   7.4528094e+00
   2.9589820e+01   4.2000000e+01   7.4528094e+00
   2.9599820e+01   4.2000000e+01   7.4528094e+00
   2.9609820e+01   4.2000000e+01   7.4528094e+00
   2.9619820e+01   4.2000000e+01   7.4528094e+00
   2.9629820e+01   4.2000000e+01   7.4528094e+00
   2.9639820e+01   4.2000000e+01   7.4528094e+00
   2.9649820e+01   4.2000000e+01   7.4528094e+00
   2.9659820e+01   4.2000000e+01   7.4528094e+00
   2.9669820e+01   4.2000000e+01   7.4528094e+00
   2.9679820e+01   4.2000000e+01   7.4528094e+00
   2.9689820e+01   4.2000000e+01   7.4528094e+00
   2.9699820e+01   4.2000000e+01   7.4528094e+00
   2.9709820e+01   4.2000000e+01   7.4528094e+00
   2.9719820e+01   4.2000000e+01   7.4528094e+00
   2.9729820e+01   4.2000000e+01   7.4528094e+00
   2.9739820e+01   4.2000000e+01   7.4528094e+00
   2.9749820e+01   4.2000000e+01   7.4528094e+00
   2.9759820e+01   4.2000000e+01   7.4528094e+00
   2.9769820e+01   4.2000000e+01   7.4528094e+00
   2.9779820e+01   4.2000000e+01   7.4528094e+00
   2.9789820e+01   4.2000000e+01   7.4528094e+00
   2.9799820e+01   4.2000000e+01   7.4528094e+00
   2.9809820e+01   4.2000000e+01   7.4528094e+00
   2.9819820e+01   4.2000000e+01   7.4528094e+00
   2.9829820e+01   4.2000000e+01   7.4528094e+00
   2.9839820e+01   4.2000000e+01   7.4528094e+00
   2.9849820e+01   4.2000000e+01   7.4528094e+00
   2.9859820e+01   4.2000000e+01   7.4528094e+00
   2.9869820e+01   4.2000000e+01   7.4528094e+00
   2.9879820e+01   4.2000000e+01   7.4528094e+00
   2.9889820e+01   4.2000000e+01   7.4528094e+00
   2.9899820e+01   4.2000000e+01   7.4528094e+00
   2.9909820e+01   4.2000000e+01   7.4528094e+00
   2.9919820e+01   4.2000000e+01   7.4528094e+00
   2.9929820e+01   4.2000000e+01   7.4528094e+00
   2.9939820e+01   4.2000000e+01   7.4528094e+00
   2.9949820e+01   4.2000000e+01   7.4528094e+00
   2.9959820e+01   4.2000000e+01   7.4528094e+00
   2.9969820e+01   4.2000000e+01   7.4528094e+00
   2.9979820e+01   4.2000000e+01   7.4528094e+00
   2.9989820e+01   4.2000000e+01   7.4528094e+00
   2.9999820e+01   4.2000000e+01   7.4528094e+00
   3.0009820e+01   4.2000000e+01   7.4528094e+00
   3.0019820e+01   4.2000000e+01   7.4528094e+00
   3.0029820e+01   4.2000000e+01   7.4528094e+00
   3.0031963e+01   4.2000000e+01   7.4528094e+00
   3.0031963e+01   4.3000000e+01   7.4533551e+00
   3.0031963e+01   4.3000000e+01   7.4533551e+00
   3.0041963e+01   4.3000000e+01   7.4533551e+00
   3.0051963e+01   4.3000000e+01   7.4533551e+00
   3.0061963e+01   4.3000000e+01   7.4533551e+00
   3.0071963e+01   4.3000000e+01   7.4533551e+00
   3.0081963e+01   4.3000000e+01   7.4533551e+00
   3.0091963e+01   4.3000000e+01   7.4533551e+00
   3.0101963e+01   4.3000000e+01   7.4533551e+00
   3.0111963e+01   4.3000000e+01   7.4533551e+00
   3.0121963e+01   4.3000000e+01   7.4533551e+00
   3.0131963e+01   4.3000000e+01   7.4533551e+00
   3.0141963e+01   4.3000000e+01   7.4533551e+00
   3.0151963e+01   4.3000000e+01   7.4533551e+00
   3.0161963e+01   4.3000000e+01   7.4533551e+00
   3.0171963e+01   4.3000000e+01   7.4533551e+00
   3.0181963e+01   4.3000000e+01   7.4533551e+00
   3.0191963e+01   4.3000000e+01   7.4533551e+00
   3.0201963e+01   4.3000000e+01   7.4533551e+00
   3.0211963e+01   4.3000000e+01   7.4533551e+00
   3.0221963e+01   4.3000000e+01   7.4533551e+00
   3.0231963e+01   4.3000000e+01   7.4533551e+00
   3.0241963e+01   4.3000000e+01   7.4533551e+00
   3.0251963e+01   4.3000000e+01   7.4533551e+00
   3.0261963e+01   4.3000000e+01   7.4533551e+00
   3.0271963e+01   4.3000000e+01   7.4533551e+00
   3.0281963e+01   4.3000000e+01   7.4533551e+00
   3.0291963e+01   4.3000000e+01   7.4533551e+00
   3.0301963e+01   4.3000000e+01   7.4533551e+00
   3.0311963e+01   4.3000000e+01   7.4533551e+00
   3.0321963e+01   4.3000000e+01   7.4533551e+00
   3.0331963e+01   4.3000000e+01   7.4533551e+00
   3.0341963e+01   4.3000000e+01   7.4533551e+00
   3.0351963e+01   4.3000000e+01   7.4533551e+00
   3.0361963e+01   4.3000000e+01   7.4533551e+00
   3.0371963e+01   4.3000000e+01   7.4533551e+00
   3.0381963e+01   4.3000000e+01   7.4533551e+00
   3.0391963e+01   4.3000000e+01   7.4533551e+00
   3.0401963e+01   4.3000000e+01   7.4533551e+00
   3.0411963e+01   4.3000000e+01   7.4533551e+00
   3.0421963e+01   4.3000000e+01   7.4533551e+00
   3.0431963e+01   4.3000000e+01   7.4533551e+00
   3.0441963e+01   4.3000000e+01   7.4533551e+00
   3.0451963e+01   4.3000000e+01   7.4533551e+00
   3.0461963e+01   4.3000000e+01   7.4533551e+00
   3.0471963e+01   4.3000000e+01   7.4533551e+00
   3.0481963e+01   4.3000000e+01   7.4533551e+00
   3.0491963e+01   4.3000000e+01   7.4533551e+00
   3.0501963e+01   4.3000000e+01   7.4533551e+00
   3.0511963e+01   4.3000000e+01   7.4533551e+00
   3.0521963e+01   4.3000000e+01   7.4533551e+00
   3.0531963e+01   4.3000000e+01   7.4533551e+00
   3.0541963e+01   4.3000000e+01   7.4533551e+00
   3.0551963e+01   4.3000000e+01   7.4533551e+00
   3.0561963e+01   4.3000000e+01   7.4533551e+00
   3.0571963e+01   4.3000000e+01   7.4533551e+00
   3.0581963e+01   4.3000000e+01   7.4533551e+00
   3.0591963e+01   4.3000000e+01   7.4533551e+00
   3.0601963e+01   4.3000000e+01   7.4533551e+00
   3.0611963e+01   4.3000000e+01   7.4533551e+00
   3.0621963e+01   4.3000000e+01   7.4533551e+00
   3.0631963e+01   4.3000000e+01   7.4533551e+00
   3.0641963e+01   4.3000000e+01   7.4533551e+00
   3.0651963e+01   4.3000000e+01   7.4533551e+00
   3.0661963e+01   4.3000000e+01   7.4533551e+00
   3.0671963e+01   4.3000000e+01   7.4533551e+00
   3.0681963e+01   4.3000000e+01   7.4533551e+00
   3.0691963e+01   4.3000000e+01   7.4533551e+00
   3.0701963e+01   4.3000000e+01   7.4533551e+00
   3.0711963e+01   4.3000000e+01   7.4533551e+00
   3.0721963e+01   4.3000000e+01   7.4533551e+00
   3.0731963e+01   4.3000000e+01   7.4533551e+00
   3.0741963e+01   4.3000000e+01   7.4533551e+00
   3.0751963e+01   4.3000000e+01   7.4533551e+00
   3.0761963e+01   4.3000000e+01   7.4533551e+00
   3.0771963e+01   4.3000000e+01   7.4533551e+00
   3.0781963e+01   4.3000000e+01   7.4533551e+00
   3.0791963e+01   4.3000000e+01   7.4533551e+00
   3.0801963e+01   4.3000000e+01   7.4533551e+00
   3.0811963e+01   4.3000000e+01   7.4533551e+00
   3.0821963e+01   4.3000000e+01   7.4533551e+00
   3.0831963e+01   4.3000000e+01   7.4533551e+00
   3.0841963e+01   4.3000000e+01   7.4533551e+00
   3.0851963e+01   4.3000000e+01   7.4533551e+00
   3.0861963e+01   4.3000000e+01   7.4533551e+00
   3.0871963e+01   4.3000000e+01   7.4533551e+00
   3.0881963e+01   4.3000000e+01   7.4533551e+00
   3.0891963e+01   4.3000000e+01   7.4533551e+00
   3.0901963e+01   4.3000000e+01   7.4533551e+00
   3.0911963e+01   4.3000000e+01   7.4533551e+00
   3.0921963e+01   4.3000000e+01   7.4533551e+00
   3.0931963e+01   4.3000000e+01   7.4533551e+00
   3.0941963e+01   4.3000000e+01   7.4533551e+00
   3.0951963e+01   4.3000000e+01   7.4533551e+00
   3.0961963e+01   4.3000000e+01   7.4533551e+00
   3.0971963e+01   4.3000000e+01   7.4533551e+00
   3.0981963e+01   4.3000000e+01   7.4533551e+00
   3.0991963e+01   4.3000000e+01   7.4533551e+00
   3.1001963e+01   4.3000000e+01   7.4533551e+00
   3.1011963e+01   4.3000000e+01   7.4533551e+00
   3.1021963e+01   4.3000000e+01   7.4533551e+00
   3.1031963e+01   4.3000000e+01   7.4533551e+00
   3.1041963e+01   4.3000000e+01   7.4533551e+00
   3.1051963e+01   4.3000000e+01   7.4533551e+00
   3.1061963e+01   4.3000000e+01   7.4533551e+00
   3.1071963e+01   4.3000000e+01   7.4533551e+00
   3.1081963e+01   4.3000000e+01   7.4533551e+00
   3.1091963e+01   4.3000000e+01   7.4533551e+00
   3.1101963e+01   4.3000000e+01   7.4533551e+00
   3.1111963e+01   4.3000000e+01   7.4533551e+00
   3.1121963e+01   4.3000000e+01   7.4533551e+00
   3.1131963e+01   4.3000000e+01   7.4533551e+00
   3.1141963e+01   4.3000000e+01   7.4533551e+00
   3.1151963e+01   4.3000000e+01   7.4533551e+00
   3.1161963e+01   4.3000000e+01   7.4533551e+00
   3.1171963e+01   4.3000000e+01   7.4533551e+00
   3.1181963e+01   4.3000000e+01   7.4533551e+00
   3.1191963e+01   4.3000000e+01   7.4533551e+00
   3.1201963e+01   4.3000000e+01   7.4533551e+00
   3.1211963e+01   4.3000000e+01   7.4533551e+00
   3.1221963e+01   4.3000000e+01   7.4533551e+00
   3.1231963e+01   4.3000000e+01   7.4533551e+00
   3.1241963e+01   4.3000000e+01   7.4533551e+00
   3.1251963e+01   4.3000000e+01   7.4533551e+00
   3.1261963e+01   4.3000000e+01   7.4533551e+00
   3.1271963e+01   4.3000000e+01   7.4533551e+00
   3.1281963e+01   4.3000000e+01   7.4533551e+00
   3.1291963e+01   4.3000000e+01   7.4533551e+00
   3.1301963e+01   4.3000000e+01   7.4533551e+00
   3.1311963e+01   4.3000000e+01   7.4533551e+00
   3.1321963e+01   4.3000000e+01   7.4533551e+00
   3.1326347e+01   4.3000000e+01   7.4533551e+00
   3.1326347e+01   4.4000000e+01   7.4461221e+00
   3.1326347e+01   4.4000000e+01   7.4461221e+00
   3.1336347e+01   4.4000000e+01   7.4461221e+00
   3.1346347e+01   4.4000000e+01   7.4461221e+00
   3.1356347e+01   4.4000000e+01   7.4461221e+00
   3.1366347e+01   4.4000000e+01   7.4461221e+00
   3.1376347e+01   4.4000000e+01   7.4461221e+00
   3.1386347e+01   4.4000000e+01   7.4461221e+00
   3.1396347e+01   4.4000000e+01   7.4461221e+00
   3.1406347e+01   4.4000000e+01   7.4461221e+00
   3.1416347e+01   4.4000000e+01   7.4461221e+00
   3.1426347e+01   4.4000000e+01   7.4461221e+00
   3.1436347e+01   4.4000000e+01   7.4461221e+00
   3.1446347e+01   4.4000000e+01   7.4461221e+00
   3.1456347e+01   4.4000000e+01   7.4461221e+00
   3.1466347e+01   4.4000000e+01   7.4461221e+00
   3.1476347e+01   4.4000000e+01   7.4461221e+00
   3.1486347e+01   4.4000000e+01   7.4461221e+00
   3.1496347e+01   4.4000000e+01   7.4461221e+00
   3.1506347e+01   4.4000000e+01   7.4461221e+00
   3.1516347e+01   4.4000000e+01   7.4461221e+00
   3.1526347e+01   4.4000000e+01   7.4461221e+00
   3.1536347e+01   4.4000000e+01   7.4461221e+00
   3.1546347e+01   4.4000000e+01   7.4461221e+00
   3.1556347e+01   4.4000000e+01   7.4461221e+00
   3.1566347e+01   4.4000000e+01   7.4461221e+00
   3.1576347e+01   4.4000000e+01   7.4461221e+00
   3.1586347e+01   4.4000000e+01   7.4461221e+00
   3.1596347e+01   4.4000000e+01   7.4461221e+00
   3.1606347e+01   4.4000000e+01   7.4461221e+00
   3.1616347e+01   4.4000000e+01   7.4461221e+00
   3.1626347e+01   4.4000000e+01   7.4461221e+00
   3.1636347e+01   4.4000000e+01   7.4461221e+00
   3.1646347e+01   4.4000000e+01   7.4461221e+00
   3.1656347e+01   4.4000000e+01   7.4461221e+00
   3.1666347e+01   4.4000000e+01   7.4461221e+00
   3.1676347e+01   4.4000000e+01   7.4461221e+00
   3.1686347e+01   4.4000000e+01   7.4461221e+00
   3.1696347e+01   4.4000000e+01   7.4461221e+00
   3.1706347e+01   4.4000000e+01   7.4461221e+00
   3.1716347e+01   4.4000000e+01   7.4461221e+00
   3.1726347e+01   4.4000000e+01   7.4461221e+00
   3.1736347e+01   4.4000000e+01   7.4461221e+00
   3.1746347e+01   4.4000000e+01   7.4461221e+00
   3.1756347e+01   4.4000000e+01   7.4461221e+00
   3.1766347e+01   4.4000000e+01   7.4461221e+00
   3.1776347e+01   4.4000000e+01   7.4461221e+00
   3.1786347e+01   4.4000000e+01   7.4461221e+00
   3.1796347e+01   4.4000000e+01   7.4461221e+00
   3.1806347e+01   4.4000000e+01   7.4461221e+00
   3.1816347e+01   4.4000000e+01   7.4461221e+00
   3.1826347e+01   4.4000000e+01   7.4461221e+00
   3.1836347e+01   4.4000000e+01   7.4461221e+00
   3.1846347e+01   4.4000000e+01   7.4461221e+00
   3.1856347e+01   4.4000000e+01   7.4461221e+00
   3.1866347e+01   4.4000000e+01   7.4461221e+00
   3.1876347e+01   4.4000000e+01   7.4461221e+00
   3.1886347e+01   4.4000000e+01   7.4461221e+00
   3.1896347e+01   4.4000000e+01   7.4461221e+00
   3.1906347e+01   4.4000000e+01   7.4461221e+00
   3.1916347e+01   4.4000000e+01   7.4461221e+00
   3.1926347e+01   4.4000000e+01   7.4461221e+00
   3.1936347e+01   4.4000000e+01   7.4461221e+00
   3.1946347e+01   4.4000000e+01   7.4461221e+00
   3.1956347e+01   4.4000000e+01   7.4461221e+00
   3.1966347e+01   4.4000000e+01   7.4461221e+00
   3.1976347e+01   4.4000000e+01   7.4461221e+00
   3.1986347e+01   4.4000000e+01   7.4461221e+00
   3.1996347e+01   4.4000000e+01   7.4461221e+00
   3.2006347e+01   4.4000000e+01   7.4461221e+00
   3.2016347e+01   4.4000000e+01   7.4461221e+00
   3.2026347e+01   4.4000000e+01   7.4461221e+00
   3.2036347e+01   4.4000000e+01   7.4461221e+00
   3.2046347e+01   4.4000000e+01   7.4461221e+00
   3.2056347e+01   4.4000000e+01   7.4461221e+00
   3.2066347e+01   4.4000000e+01   7.4461221e+00
   3.2076347e+01   4.4000000e+01   7.4461221e+00
   3.2086347e+01   4.4000000e+01   7.4461221e+00
   3.2096347e+01   4.4000000e+01   7.4461221e+00
   3.2106347e+01   4.4000000e+01   7.4461221e+00
   3.2116347e+01   4.4000000e+01   7.4461221e+00
   3.2126347e+01   4.4000000e+01   7.4461221e+00
   3.2136347e+01   4.4000000e+01   7.4461221e+00
   3.2146347e+01   4.4000000e+01   7.4461221e+00
   3.2156347e+01   4.4000000e+01   7.4461221e+00
   3.2166347e+01   4.4000000e+01   7.4461221e+00
   3.2176347e+01   4.4000000e+01   7.4461221e+00
   3.2186347e+01   4.4000000e+01   7.4461221e+00
   3.2196347e+01   4.4000000e+01   7.4461221e+00
   3.2206347e+01   4.4000000e+01   7.4461221e+00
   3.2216347e+01   4.4000000e+01   7.4461221e+00
   3.2226347e+01   4.4000000e+01   7.4461221e+00
   3.2236347e+01   4.4000000e+01   7.4461221e+00
   3.2246347e+01   4.4000000e+01   7.4461221e+00
   3.2256347e+01   4.4000000e+01   7.4461221e+00
   3.2266347e+01   4.4000000e+01   7.4461221e+00
   3.2276347e+01   4.4000000e+01   7.4461221e+00
   3.2286347e+01   4.4000000e+01   7.4461221e+00
   3.2296347e+01   4.4000000e+01   7.4461221e+00
   3.2306347e+01   4.4000000e+01   7.4461221e+00
   3.2316347e+01   4.4000000e+01   7.4461221e+00
   3.2326347e+01   4.4000000e+01   7.4461221e+00
   3.2336347e+01   4.4000000e+01   7.4461221e+00
   3.2346347e+01   4.4000000e+01   7.4461221e+00
   3.2356347e+01   4.4000000e+01   7.4461221e+00
   3.2366347e+01   4.4000000e+01   7.4461221e+00
   3.2376347e+01   4.4000000e+01   7.4461221e+00
   3.2386347e+01   4.4000000e+01   7.4461221e+00
   3.2396347e+01   4.4000000e+01   7.4461221e+00
   3.2406347e+01   4.4000000e+01   7.4461221e+00
   3.2416347e+01   4.4000000e+01   7.4461221e+00
   3.2426347e+01   4.4000000e+01   7.4461221e+00
   3.2436347e+01   4.4000000e+01   7.4461221e+00
   3.2446347e+01   4.4000000e+01   7.4461221e+00
   3.2456347e+01   4.4000000e+01   7.4461221e+00
   3.2466347e+01   4.4000000e+01   7.4461221e+00
   3.2476347e+01   4.4000000e+01   7.4461221e+00
   3.2486347e+01   4.4000000e+01   7.4461221e+00
   3.2496347e+01   4.4000000e+01   7.4461221e+00
   3.2506347e+01   4.4000000e+01   7.4461221e+00
   3.2516347e+01   4.4000000e+01   7.4461221e+00
   3.2526347e+01   4.4000000e+01   7.4461221e+00
   3.2536347e+01   4.4000000e+01   7.4461221e+00
   3.2546347e+01   4.4000000e+01   7.4461221e+00
   3.2556347e+01   4.4000000e+01   7.4461221e+00
   3.2566347e+01   4.4000000e+01   7.4461221e+00
   3.2576347e+01   4.4000000e+01   7.4461221e+00
   3.2586347e+01   4.4000000e+01   7.4461221e+00
   3.2596347e+01   4.4000000e+01   7.4461221e+00
   3.2606347e+01   4.4000000e+01   7.4461221e+00
   3.2616347e+01   4.4000000e+01   7.4461221e+00
   3.2626347e+01   4.4000000e+01   7.4461221e+00
   3.2636347e+01   4.4000000e+01   7.4461221e+00
   3.2642587e+01   4.4000000e+01   7.4461221e+00
   3.2642587e+01   4.5000000e+01   7.4311502e+00
   3.2642587e+01   4.5000000e+01   7.4311502e+00
   3.2652587e+01   4.5000000e+01   7.4311502e+00
   3.2662587e+01   4.5000000e+01   7.4311502e+00
   3.2672587e+01   4.5000000e+01   7.4311502e+00
   3.2682587e+01   4.5000000e+01   7.4311502e+00
   3.2692587e+01   4.5000000e+01   7.4311502e+00
   3.2702587e+01   4.5000000e+01   7.4311502e+00
   3.2712587e+01   4.5000000e+01   7.4311502e+00
   3.2722587e+01   4.5000000e+01   7.4311502e+00
   3.2732587e+01   4.5000000e+01   7.4311502e+00
   3.2742587e+01   4.5000000e+01   7.4311502e+00
   3.2752587e+01   4.5000000e+01   7.4311502e+00
   3.2762587e+01   4.5000000e+01   7.4311502e+00
   3.2772587e+01   4.5000000e+01   7.4311502e+00
   3.2782587e+01   4.5000000e+01   7.4311502e+00
   3.2792587e+01   4.5000000e+01   7.4311502e+00
   3.2802587e+01   4.5000000e+01   7.4311502e+00
   3.2812587e+01   4.5000000e+01   7.4311502e+00
   3.2822587e+01   4.5000000e+01   7.4311502e+00
   3.2832587e+01   4.5000000e+01   7.4311502e+00
   3.2842587e+01   4.5000000e+01   7.4311502e+00
   3.2852587e+01   4.5000000e+01   7.4311502e+00
   3.2862587e+01   4.5000000e+01   7.4311502e+00
   3.2872587e+01   4.5000000e+01   7.4311502e+00
   3.2882587e+01   4.5000000e+01   7.4311502e+00
   3.2892587e+01   4.5000000e+01   7.4311502e+00
   3.2902587e+01   4.5000000e+01   7.4311502e+00
   3.2912587e+01   4.5000000e+01   7.4311502e+00
   3.2922587e+01   4.5000000e+01   7.4311502e+00
   3.2932587e+01   4.5000000e+01   7.4311502e+00
   3.2942587e+01   4.5000000e+01   7.4311502e+00
   3.2952587e+01   4.5000000e+01   7.4311502e+00
   3.2962587e+01   4.5000000e+01   7.4311502e+00
   3.2972587e+01   4.5000000e+01   7.4311502e+00
   3.2982587e+01   4.5000000e+01   7.4311502e+00
   3.2992587e+01   4.5000000e+01   7.4311502e+00
   3.3002587e+01   4.5000000e+01   7.4311502e+00
   3.3012587e+01   4.5000000e+01   7.4311502e+00
   3.3022587e+01   4.5000000e+01   7.4311502e+00
   3.3032587e+01   4.5000000e+01   7.4311502e+00
   3.3042587e+01   4.5000000e+01   7.4311502e+00
   3.3052587e+01   4.5000000e+01   7.4311502e+00
   3.3062587e+01   4.5000000e+01   7.4311502e+00
   3.3072587e+01   4.5000000e+01   7.4311502e+00
   3.3082587e+01   4.5000000e+01   7.4311502e+00
   3.3092587e+01   4.5000000e+01   7.4311502e+00
   3.3102587e+01   4.5000000e+01   7.4311502e+00
   3.3112587e+01   4.5000000e+01   7.4311502e+00
   3.3122587e+01   4.5000000e+01   7.4311502e+00
   3.3132587e+01   4.5000000e+01   7.4311502e+00
   3.3142587e+01   4.5000000e+01   7.4311502e+00
   3.3152587e+01   4.5000000e+01   7.4311502e+00
   3.3162587e+01   4.5000000e+01   7.4311502e+00
   3.3172587e+01   4.5000000e+01   7.4311502e+00
   3.3182587e+01   4.5000000e+01   7.4311502e+00
   3.3192587e+01   4.5000000e+01   7.4311502e+00
   3.3202587e+01   4.5000000e+01   7.4311502e+00
   3.3212587e+01   4.5000000e+01   7.4311502e+00
   3.3222587e+01   4.5000000e+01   7.4311502e+00
   3.3232587e+01   4.5000000e+01   7.4311502e+00
   3.3242587e+01   4.5000000e+01   7.4311502e+00
   3.3252587e+01   4.5000000e+01   7.4311502e+00
   3.3262587e+01   4.5000000e+01   7.4311502e+00
   3.3272587e+01   4.5000000e+01   7.4311502e+00
   3.3282587e+01   4.5000000e+01   7.4311502e+00
   3.3292587e+01   4.5000000e+01   7.4311502e+00
   3.3302587e+01   4.5000000e+01   7.4311502e+00
   3.3312587e+01   4.5000000e+01   7.4311502e+00
   3.3322587e+01   4.5000000e+01   7.4311502e+00
   3.3332587e+01   4.5000000e+01   7.4311502e+00
   3.3342587e+01   4.5000000e+01   7.4311502e+00
   3.3352587e+01   4.5000000e+01   7.4311502e+00
   3.3362587e+01   4.5000000e+01   7.4311502e+00
   3.3372587e+01   4.5000000e+01   7.4311502e+00
   3.3382587e+01   4.5000000e+01   7.4311502e+00
   3.3392587e+01   4.5000000e+01   7.4311502e+00
   3.3402587e+01   4.5000000e+01   7.4311502e+00
   3.3412587e+01   4.5000000e+01   7.4311502e+00
   3.3422587e+01   4.5000000e+01   7.4311502e+00
   3.3432587e+01   4.5000000e+01   7.4311502e+00
   3.3442587e+01   4.5000000e+01   7.4311502e+00
   3.3452587e+01   4.5000000e+01   7.4311502e+00
   3.3462587e+01   4.5000000e+01   7.4311502e+00
   3.3472587e+01   4.5000000e+01   7.4311502e+00
   3.3482587e+01   4.5000000e+01   7.4311502e+00
   3.3492587e+01   4.5000000e+01   7.4311502e+00
   3.3502587e+01   4.5000000e+01   7.4311502e+00
   3.3512587e+01   4.5000000e+01   7.4311502e+00
   3.3522587e+01   4.5000000e+01   7.4311502e+00
   3.3532587e+01   4.5000000e+01   7.4311502e+00
   3.3542587e+01   4.5000000e+01   7.4311502e+00
   3.3552587e+01   4.5000000e+01   7.4311502e+00
   3.3562587e+01   4.5000000e+01   7.4311502e+00
   3.3572587e+01   4.5000000e+01   7.4311502e+00
   3.3582587e+01   4.5000000e+01   7.4311502e+00
   3.3592587e+01   4.5000000e+01   7.4311502e+00
   3.3602587e+01   4.5000000e+01   7.4311502e+00
   3.3612587e+01   4.5000000e+01   7.4311502e+00
   3.3622587e+01   4.5000000e+01   7.4311502e+00
   3.3632587e+01   4.5000000e+01   7.4311502e+00
   3.3642587e+01   4.5000000e+01   7.4311502e+00
   3.3652587e+01   4.5000000e+01   7.4311502e+00
   3.3662587e+01   4.5000000e+01   7.4311502e+00
   3.3672587e+01   4.5000000e+01   7.4311502e+00
   3.3682587e+01   4.5000000e+01   7.4311502e+00
   3.3692587e+01   4.5000000e+01   7.4311502e+00
   3.3702587e+01   4.5000000e+01   7.4311502e+00
   3.3712587e+01   4.5000000e+01   7.4311502e+00
   3.3722587e+01   4.5000000e+01   7.4311502e+00
   3.3732587e+01   4.5000000e+01   7.4311502e+00
   3.3742587e+01   4.5000000e+01   7.4311502e+00
   3.3752587e+01   4.5000000e+01   7.4311502e+00
   3.3762587e+01   4.5000000e+01   7.4311502e+00
   3.3772587e+01   4.5000000e+01   7.4311502e+00
   3.3782587e+01   4.5000000e+01   7.4311502e+00
   3.3792587e+01   4.5000000e+01   7.4311502e+00
   3.3802587e+01   4.5000000e+01   7.4311502e+00
   3.3812587e+01   4.5000000e+01   7.4311502e+00
   3.3822587e+01   4.5000000e+01   7.4311502e+00
   3.3832587e+01   4.5000000e+01   7.4311502e+00
   3.3842587e+01   4.5000000e+01   7.4311502e+00
   3.3852587e+01   4.5000000e+01   7.4311502e+00
   3.3862587e+01   4.5000000e+01   7.4311502e+00
   3.3872587e+01   4.5000000e+01   7.4311502e+00
   3.3882587e+01   4.5000000e+01   7.4311502e+00
   3.3892587e+01   4.5000000e+01   7.4311502e+00
   3.3902587e+01   4.5000000e+01   7.4311502e+00
   3.3912587e+01   4.5000000e+01   7.4311502e+00
   3.3922587e+01   4.5000000e+01   7.4311502e+00
   3.3932587e+01   4.5000000e+01   7.4311502e+00
   3.3942587e+01   4.5000000e+01   7.4311502e+00
   3.3952587e+01   4.5000000e+01   7.4311502e+00
   3.3962587e+01   4.5000000e+01   7.4311502e+00
   3.3972587e+01   4.5000000e+01   7.4311502e+00
   3.3980296e+01   4.5000000e+01   7.4311502e+00
   3.3980296e+01   4.6000000e+01   7.4084808e+00
   3.3980296e+01   4.6000000e+01   7.4084808e+00
   3.3990296e+01   4.6000000e+01   7.4084808e+00
   3.4000296e+01   4.6000000e+01   7.4084808e+00
   3.4010296e+01   4.6000000e+01   7.4084808e+00
   3.4020296e+01   4.6000000e+01   7.4084808e+00
   3.4030296e+01   4.6000000e+01   7.4084808e+00
   3.4040296e+01   4.6000000e+01   7.4084808e+00
   3.4050296e+01   4.6000000e+01   7.4084808e+00
   3.4060296e+01   4.6000000e+01   7.4084808e+00
   3.4070296e+01   4.6000000e+01   7.4084808e+00
   3.4080296e+01   4.6000000e+01   7.4084808e+00
   3.4090296e+01   4.6000000e+01   7.4084808e+00
   3.4100296e+01   4.6000000e+01   7.4084808e+00
   3.4110296e+01   4.6000000e+01   7.4084808e+00
   3.4120296e+01   4.6000000e+01   7.4084808e+00
   3.4130296e+01   4.6000000e+01   7.4084808e+00
   3.4140296e+01   4.6000000e+01   7.4084808e+00
   3.4150296e+01   4.6000000e+01   7.4084808e+00
   3.4160296e+01   4.6000000e+01   7.4084808e+00
   3.4170296e+01   4.6000000e+01   7.4084808e+00
   3.4180296e+01   4.6000000e+01   7.4084808e+00
   3.4190296e+01   4.6000000e+01   7.4084808e+00
   3.4200296e+01   4.6000000e+01   7.4084808e+00
   3.4210296e+01   4.6000000e+01   7.4084808e+00
   3.4220296e+01   4.6000000e+01   7.4084808e+00
   3.4230296e+01   4.6000000e+01   7.4084808e+00
   3.4240296e+01   4.6000000e+01   7.4084808e+00
   3.4250296e+01   4.6000000e+01   7.4084808e+00
   3.4260296e+01   4.6000000e+01   7.4084808e+00
   3.4270296e+01   4.6000000e+01   7.4084808e+00
   3.4280296e+01   4.6000000e+01   7.4084808e+00
   3.4290296e+01   4.6000000e+01   7.4084808e+00
   3.4300296e+01   4.6000000e+01   7.4084808e+00
   3.4310296e+01   4.6000000e+01   7.4084808e+00
   3.4320296e+01   4.6000000e+01   7.4084808e+00
   3.4330296e+01   4.6000000e+01   7.4084808e+00
   3.4340296e+01   4.6000000e+01   7.4084808e+00
   3.4350296e+01   4.6000000e+01   7.4084808e+00
   3.4360296e+01   4.6000000e+01   7.4084808e+00
   3.4370296e+01   4.6000000e+01   7.4084808e+00
   3.4380296e+01   4.6000000e+01   7.4084808e+00
   3.4390296e+01   4.6000000e+01   7.4084808e+00
   3.4400296e+01   4.6000000e+01   7.4084808e+00
   3.4410296e+01   4.6000000e+01   7.4084808e+00
   3.4420296e+01   4.6000000e+01   7.4084808e+00
   3.4430296e+01   4.6000000e+01   7.4084808e+00
   3.4440296e+01   4.6000000e+01   7.4084808e+00
   3.4450296e+01   4.6000000e+01   7.4084808e+00
   3.4460296e+01   4.6000000e+01   7.4084808e+00
   3.4470296e+01   4.6000000e+01   7.4084808e+00
   3.4480296e+01   4.6000000e+01   7.4084808e+00
   3.4490296e+01   4.6000000e+01   7.4084808e+00
   3.4500296e+01   4.6000000e+01   7.4084808e+00
   3.4510296e+01   4.6000000e+01   7.4084808e+00
   3.4520296e+01   4.6000000e+01   7.4084808e+00
   3.4530296e+01   4.6000000e+01   7.4084808e+00
   3.4540296e+01   4.6000000e+01   7.4084808e+00
   3.4550296e+01   4.6000000e+01   7.4084808e+00
   3.4560296e+01   4.6000000e+01   7.4084808e+00
   3.4570296e+01   4.6000000e+01   7.4084808e+00
   3.4580296e+01   4.6000000e+01   7.4084808e+00
   3.4590296e+01   4.6000000e+01   7.4084808e+00
   3.4600296e+01   4.6000000e+01   7.4084808e+00
   3.4610296e+01   4.6000000e+01   7.4084808e+00
   3.4620296e+01   4.6000000e+01   7.4084808e+00
   3.4630296e+01   4.6000000e+01   7.4084808e+00
   3.4640296e+01   4.6000000e+01   7.4084808e+00
   3.4650296e+01   4.6000000e+01   7.4084808e+00
   3.4660296e+01   4.6000000e+01   7.4084808e+00
   3.4670296e+01   4.6000000e+01   7.4084808e+00
   3.4680296e+01   4.6000000e+01   7.4084808e+00
   3.4690296e+01   4.6000000e+01   7.4084808e+00
   3.4700296e+01   4.6000000e+01   7.4084808e+00
   3.4710296e+01   4.6000000e+01   7.4084808e+00
   3.4720296e+01   4.6000000e+01   7.4084808e+00
   3.4730296e+01   4.6000000e+01   7.4084808e+00
   3.4740296e+01   4.6000000e+01   7.4084808e+00
   3.4750296e+01   4.6000000e+01   7.4084808e+00
   3.4760296e+01   4.6000000e+01   7.4084808e+00
   3.4770296e+01   4.6000000e+01   7.4084808e+00
   3.4780296e+01   4.6000000e+01   7.4084808e+00
   3.4790296e+01   4.6000000e+01   7.4084808e+00
   3.4800296e+01   4.6000000e+01   7.4084808e+00
   3.4810296e+01   4.6000000e+01   7.4084808e+00
   3.4820296e+01   4.6000000e+01   7.4084808e+00
   3.4830296e+01   4.6000000e+01   7.4084808e+00
   3.4840296e+01   4.6000000e+01   7.4084808e+00
   3.4850296e+01   4.6000000e+01   7.4084808e+00
   3.4860296e+01   4.6000000e+01   7.4084808e+00
   3.4870296e+01   4.6000000e+01   7.4084808e+00
   3.4880296e+01   4.6000000e+01   7.4084808e+00
   3.4890296e+01   4.6000000e+01   7.4084808e+00
   3.4900296e+01   4.6000000e+01   7.4084808e+00
   3.4910296e+01   4.6000000e+01   7.4084808e+00
   3.4920296e+01   4.6000000e+01   7.4084808e+00
   3.4930296e+01   4.6000000e+01   7.4084808e+00
   3.4940296e+01   4.6000000e+01   7.4084808e+00
   3.4950296e+01   4.6000000e+01   7.4084808e+00
   3.4960296e+01   4.6000000e+01   7.4084808e+00
   3.4970296e+01   4.6000000e+01   7.4084808e+00
   3.4980296e+01   4.6000000e+01   7.4084808e+00
   3.4990296e+01   4.6000000e+01   7.4084808e+00
   3.5000296e+01   4.6000000e+01   7.4084808e+00
   3.5010296e+01   4.6000000e+01   7.4084808e+00
   3.5020296e+01   4.6000000e+01   7.4084808e+00
   3.5030296e+01   4.6000000e+01   7.4084808e+00
   3.5040296e+01   4.6000000e+01   7.4084808e+00
   3.5050296e+01   4.6000000e+01   7.4084808e+00
   3.5060296e+01   4.6000000e+01   7.4084808e+00
   3.5070296e+01   4.6000000e+01   7.4084808e+00
   3.5080296e+01   4.6000000e+01   7.4084808e+00
   3.5090296e+01   4.6000000e+01   7.4084808e+00
   3.5100296e+01   4.6000000e+01   7.4084808e+00
   3.5110296e+01   4.6000000e+01   7.4084808e+00
   3.5120296e+01   4.6000000e+01   7.4084808e+00
   3.5130296e+01   4.6000000e+01   7.4084808e+00
   3.5140296e+01   4.6000000e+01   7.4084808e+00
   3.5150296e+01   4.6000000e+01   7.4084808e+00
   3.5160296e+01   4.6000000e+01   7.4084808e+00
   3.5170296e+01   4.6000000e+01   7.4084808e+00
   3.5180296e+01   4.6000000e+01   7.4084808e+00
   3.5190296e+01   4.6000000e+01   7.4084808e+00
   3.5200296e+01   4.6000000e+01   7.4084808e+00
   3.5210296e+01   4.6000000e+01   7.4084808e+00
   3.5220296e+01   4.6000000e+01   7.4084808e+00
   3.5230296e+01   4.6000000e+01   7.4084808e+00
   3.5240296e+01   4.6000000e+01   7.4084808e+00
   3.5250296e+01   4.6000000e+01   7.4084808e+00
   3.5260296e+01   4.6000000e+01   7.4084808e+00
   3.5270296e+01   4.6000000e+01   7.4084808e+00
   3.5280296e+01   4.6000000e+01   7.4084808e+00
   3.5290296e+01   4.6000000e+01   7.4084808e+00
   3.5300296e+01   4.6000000e+01   7.4084808e+00
   3.5310296e+01   4.6000000e+01   7.4084808e+00
   3.5320296e+01   4.6000000e+01   7.4084808e+00
   3.5330296e+01   4.6000000e+01   7.4084808e+00
   3.5339084e+01   4.6000000e+01   7.4084808e+00
   3.5339084e+01   4.7000000e+01   7.3781568e+00
   3.5339084e+01   4.7000000e+01   7.3781568e+00
   3.5349084e+01   4.7000000e+01   7.3781568e+00
   3.5359084e+01   4.7000000e+01   7.3781568e+00
   3.5369084e+01   4.7000000e+01   7.3781568e+00
   3.5379084e+01   4.7000000e+01   7.3781568e+00
   3.5389084e+01   4.7000000e+01   7.3781568e+00
   3.5399084e+01   4.7000000e+01   7.3781568e+00
   3.5409084e+01   4.7000000e+01   7.3781568e+00
   3.5419084e+01   4.7000000e+01   7.3781568e+00
   3.5429084e+01   4.7000000e+01   7.3781568e+00
   3.5439084e+01   4.7000000e+01   7.3781568e+00
   3.5449084e+01   4.7000000e+01   7.3781568e+00
   3.5459084e+01   4.7000000e+01   7.3781568e+00
   3.5469084e+01   4.7000000e+01   7.3781568e+00
   3.5479084e+01   4.7000000e+01   7.3781568e+00
   3.5489084e+01   4.7000000e+01   7.3781568e+00
   3.5499084e+01   4.7000000e+01   7.3781568e+00
   3.5509084e+01   4.7000000e+01   7.3781568e+00
   3.5519084e+01   4.7000000e+01   7.3781568e+00
   3.5529084e+01   4.7000000e+01   7.3781568e+00
   3.5539084e+01   4.7000000e+01   7.3781568e+00
   3.5549084e+01   4.7000000e+01   7.3781568e+00
   3.5559084e+01   4.7000000e+01   7.3781568e+00
   3.5569084e+01   4.7000000e+01   7.3781568e+00
   3.5579084e+01   4.7000000e+01   7.3781568e+00
   3.5589084e+01   4.7000000e+01   7.3781568e+00
   3.5599084e+01   4.7000000e+01   7.3781568e+00
   3.5609084e+01   4.7000000e+01   7.3781568e+00
   3.5619084e+01   4.7000000e+01   7.3781568e+00
   3.5629084e+01   4.7000000e+01   7.3781568e+00
   3.5639084e+01   4.7000000e+01   7.3781568e+00
   3.5649084e+01   4.7000000e+01   7.3781568e+00
   3.5659084e+01   4.7000000e+01   7.3781568e+00
   3.5669084e+01   4.7000000e+01   7.3781568e+00
   3.5679084e+01   4.7000000e+01   7.3781568e+00
   3.5689084e+01   4.7000000e+01   7.3781568e+00
   3.5699084e+01   4.7000000e+01   7.3781568e+00
   3.5709084e+01   4.7000000e+01   7.3781568e+00
   3.5719084e+01   4.7000000e+01   7.3781568e+00
   3.5729084e+01   4.7000000e+01   7.3781568e+00
   3.5739084e+01   4.7000000e+01   7.3781568e+00
   3.5749084e+01   4.7000000e+01   7.3781568e+00
   3.5759084e+01   4.7000000e+01   7.3781568e+00
   3.5769084e+01   4.7000000e+01   7.3781568e+00
   3.5779084e+01   4.7000000e+01   7.3781568e+00
   3.5789084e+01   4.7000000e+01   7.3781568e+00
   3.5799084e+01   4.7000000e+01   7.3781568e+00
   3.5809084e+01   4.7000000e+01   7.3781568e+00
   3.5819084e+01   4.7000000e+01   7.3781568e+00
   3.5829084e+01   4.7000000e+01   7.3781568e+00
   3.5839084e+01   4.7000000e+01   7.3781568e+00
   3.5849084e+01   4.7000000e+01   7.3781568e+00
   3.5859084e+01   4.7000000e+01   7.3781568e+00
   3.5869084e+01   4.7000000e+01   7.3781568e+00
   3.5879084e+01   4.7000000e+01   7.3781568e+00
   3.5889084e+01   4.7000000e+01   7.3781568e+00
   3.5899084e+01   4.7000000e+01   7.3781568e+00
   3.5909084e+01   4.7000000e+01   7.3781568e+00
   3.5919084e+01   4.7000000e+01   7.3781568e+00
   3.5929084e+01   4.7000000e+01   7.3781568e+00
   3.5939084e+01   4.7000000e+01   7.3781568e+00
   3.5949084e+01   4.7000000e+01   7.3781568e+00
   3.5959084e+01   4.7000000e+01   7.3781568e+00
   3.5969084e+01   4.7000000e+01   7.3781568e+00
   3.5979084e+01   4.7000000e+01   7.3781568e+00
   3.5989084e+01   4.7000000e+01   7.3781568e+00
   3.5999084e+01   4.7000000e+01   7.3781568e+00
   3.6009084e+01   4.7000000e+01   7.3781568e+00
   3.6019084e+01   4.7000000e+01   7.3781568e+00
   3.6029084e+01   4.7000000e+01   7.3781568e+00
   3.6039084e+01   4.7000000e+01   7.3781568e+00
   3.6049084e+01   4.7000000e+01   7.3781568e+00
   3.6059084e+01   4.7000000e+01   7.3781568e+00
   3.6069084e+01   4.7000000e+01   7.3781568e+00
   3.6079084e+01   4.7000000e+01   7.3781568e+00
   3.6089084e+01   4.7000000e+01   7.3781568e+00
   3.6099084e+01   4.7000000e+01   7.3781568e+00
   3.6109084e+01   4.7000000e+01   7.3781568e+00
   3.6119084e+01   4.7000000e+01   7.3781568e+00
   3.6129084e+01   4.7000000e+01   7.3781568e+00
   3.6139084e+01   4.7000000e+01   7.3781568e+00
   3.6149084e+01   4.7000000e+01   7.3781568e+00
   3.6159084e+01   4.7000000e+01   7.3781568e+00
   3.6169084e+01   4.7000000e+01   7.3781568e+00
   3.6179084e+01   4.7000000e+01   7.3781568e+00
   3.6189084e+01   4.7000000e+01   7.3781568e+00
   3.6199084e+01   4.7000000e+01   7.3781568e+00
   3.6209084e+01   4.7000000e+01   7.3781568e+00
   3.6219084e+01   4.7000000e+01   7.3781568e+00
   3.6229084e+01   4.7000000e+01   7.3781568e+00
   3.6239084e+01   4.7000000e+01   7.3781568e+00
   3.6249084e+01   4.7000000e+01   7.3781568e+00
   3.6259084e+01   4.7000000e+01   7.3781568e+00
   3.6269084e+01   4.7000000e+01   7.3781568e+00
   3.6279084e+01   4.7000000e+01   7.3781568e+00
   3.6289084e+01   4.7000000e+01   7.3781568e+00
   3.6299084e+01   4.7000000e+01   7.3781568e+00
   3.6309084e+01   4.7000000e+01   7.3781568e+00
   3.6319084e+01   4.7000000e+01   7.3781568e+00
   3.6329084e+01   4.7000000e+01   7.3781568e+00
   3.6339084e+01   4.7000000e+01   7.3781568e+00
   3.6349084e+01   4.7000000e+01   7.3781568e+00
   3.6359084e+01   4.7000000e+01   7.3781568e+00
   3.6369084e+01   4.7000000e+01   7.3781568e+00
   3.6379084e+01   4.7000000e+01   7.3781568e+00
   3.6389084e+01   4.7000000e+01   7.3781568e+00
   3.6399084e+01   4.7000000e+01   7.3781568e+00
   3.6409084e+01   4.7000000e+01   7.3781568e+00
   3.6419084e+01   4.7000000e+01   7.3781568e+00
   3.6429084e+01   4.7000000e+01   7.3781568e+00
   3.6439084e+01   4.7000000e+01   7.3781568e+00
   3.6449084e+01   4.7000000e+01   7.3781568e+00
   3.6459084e+01   4.7000000e+01   7.3781568e+00
   3.6469084e+01   4.7000000e+01   7.3781568e+00
   3.6479084e+01   4.7000000e+01   7.3781568e+00
   3.6489084e+01   4.7000000e+01   7.3781568e+00
   3.6499084e+01   4.7000000e+01   7.3781568e+00
   3.6509084e+01   4.7000000e+01   7.3781568e+00
   3.6519084e+01   4.7000000e+01   7.3781568e+00
   3.6529084e+01   4.7000000e+01   7.3781568e+00
   3.6539084e+01   4.7000000e+01   7.3781568e+00
   3.6549084e+01   4.7000000e+01   7.3781568e+00
   3.6559084e+01   4.7000000e+01   7.3781568e+00
   3.6569084e+01   4.7000000e+01   7.3781568e+00
   3.6579084e+01   4.7000000e+01   7.3781568e+00
   3.6589084e+01   4.7000000e+01   7.3781568e+00
   3.6599084e+01   4.7000000e+01   7.3781568e+00
   3.6609084e+01   4.7000000e+01   7.3781568e+00
   3.6619084e+01   4.7000000e+01   7.3781568e+00
   3.6629084e+01   4.7000000e+01   7.3781568e+00
   3.6639084e+01   4.7000000e+01   7.3781568e+00
   3.6649084e+01   4.7000000e+01   7.3781568e+00
   3.6659084e+01   4.7000000e+01   7.3781568e+00
   3.6669084e+01   4.7000000e+01   7.3781568e+00
   3.6679084e+01   4.7000000e+01   7.3781568e+00
   3.6689084e+01   4.7000000e+01   7.3781568e+00
   3.6699084e+01   4.7000000e+01   7.3781568e+00
   3.6709084e+01   4.7000000e+01   7.3781568e+00
   3.6718556e+01   4.7000000e+01   7.3781568e+00
   3.6718556e+01   4.8000000e+01   7.3402226e+00
   3.6718556e+01   4.8000000e+01   7.3402226e+00
   3.6728556e+01   4.8000000e+01   7.3402226e+00
   3.6738556e+01   4.8000000e+01   7.3402226e+00
   3.6748556e+01   4.8000000e+01   7.3402226e+00
   3.6758556e+01   4.8000000e+01   7.3402226e+00
   3.6768556e+01   4.8000000e+01   7.3402226e+00
   3.6778556e+01   4.8000000e+01   7.3402226e+00
   3.6788556e+01   4.8000000e+01   7.3402226e+00
   3.6798556e+01   4.8000000e+01   7.3402226e+00
   3.6808556e+01   4.8000000e+01   7.3402226e+00
   3.6818556e+01   4.8000000e+01   7.3402226e+00
   3.6828556e+01   4.8000000e+01   7.3402226e+00
   3.6838556e+01   4.8000000e+01   7.3402226e+00
   3.6848556e+01   4.8000000e+01   7.3402226e+00
   3.6858556e+01   4.8000000e+01   7.3402226e+00
   3.6868556e+01   4.8000000e+01   7.3402226e+00
   3.6878556e+01   4.8000000e+01   7.3402226e+00
   3.6888556e+01   4.8000000e+01   7.3402226e+00
   3.6898556e+01   4.8000000e+01   7.3402226e+00
   3.6908556e+01   4.8000000e+01   7.3402226e+00
   3.6918556e+01   4.8000000e+01   7.3402226e+00
   3.6928556e+01   4.8000000e+01   7.3402226e+00
   3.6938556e+01   4.8000000e+01   7.3402226e+00
   3.6948556e+01   4.8000000e+01   7.3402226e+00
   3.6958556e+01   4.8000000e+01   7.3402226e+00
   3.6968556e+01   4.8000000e+01   7.3402226e+00
   3.6978556e+01   4.8000000e+01   7.3402226e+00
   3.6988556e+01   4.8000000e+01   7.3402226e+00
   3.6998556e+01   4.8000000e+01   7.3402226e+00
   3.7008556e+01   4.8000000e+01   7.3402226e+00
   3.7018556e+01   4.8000000e+01   7.3402226e+00
   3.7028556e+01   4.8000000e+01   7.3402226e+00
   3.7038556e+01   4.8000000e+01   7.3402226e+00
   3.7048556e+01   4.8000000e+01   7.3402226e+00
   3.7058556e+01   4.8000000e+01   7.3402226e+00
   3.7068556e+01   4.8000000e+01   7.3402226e+00
   3.7078556e+01   4.8000000e+01   7.3402226e+00
   3.7088556e+01   4.8000000e+01   7.3402226e+00
   3.7098556e+01   4.8000000e+01   7.3402226e+00
   3.7108556e+01   4.8000000e+01   7.3402226e+00
   3.7118556e+01   4.8000000e+01   7.3402226e+00
   3.7128556e+01   4.8000000e+01   7.3402226e+00
   3.7138556e+01   4.8000000e+01   7.3402226e+00
   3.7148556e+01   4.8000000e+01   7.3402226e+00
   3.7158556e+01   4.8000000e+01   7.3402226e+00
   3.7168556e+01   4.8000000e+01   7.3402226e+00
   3.7178556e+01   4.8000000e+01   7.3402226e+00
   3.7188556e+01   4.8000000e+01   7.3402226e+00
   3.7198556e+01   4.8000000e+01   7.3402226e+00
   3.7208556e+01   4.8000000e+01   7.3402226e+00
   3.7218556e+01   4.8000000e+01   7.3402226e+00
   3.7228556e+01   4.8000000e+01   7.3402226e+00
   3.7238556e+01   4.8000000e+01   7.3402226e+00
   3.7248556e+01   4.8000000e+01   7.3402226e+00
   3.7258556e+01   4.8000000e+01   7.3402226e+00
   3.7268556e+01   4.8000000e+01   7.3402226e+00
   3.7278556e+01   4.8000000e+01   7.3402226e+00
   3.7288556e+01   4.8000000e+01   7.3402226e+00
   3.7298556e+01   4.8000000e+01   7.3402226e+00
   3.7308556e+01   4.8000000e+01   7.3402226e+00
   3.7318556e+01   4.8000000e+01   7.3402226e+00
   3.7328556e+01   4.8000000e+01   7.3402226e+00
   3.7338556e+01   4.8000000e+01   7.3402226e+00
   3.7348556e+01   4.8000000e+01   7.3402226e+00
   3.7358556e+01   4.8000000e+01   7.3402226e+00
   3.7368556e+01   4.8000000e+01   7.3402226e+00
   3.7378556e+01   4.8000000e+01   7.3402226e+00
   3.7388556e+01   4.8000000e+01   7.3402226e+00
   3.7398556e+01   4.8000000e+01   7.3402226e+00
   3.7408556e+01   4.8000000e+01   7.3402226e+00
   3.7418556e+01   4.8000000e+01   7.3402226e+00
   3.7428556e+01   4.8000000e+01   7.3402226e+00
   3.7438556e+01   4.8000000e+01   7.3402226e+00
   3.7448556e+01   4.8000000e+01   7.3402226e+00
   3.7458556e+01   4.8000000e+01   7.3402226e+00
   3.7468556e+01   4.8000000e+01   7.3402226e+00
   3.7478556e+01   4.8000000e+01   7.3402226e+00
   3.7488556e+01   4.8000000e+01   7.3402226e+00
   3.7498556e+01   4.8000000e+01   7.3402226e+00
   3.7508556e+01   4.8000000e+01   7.3402226e+00
   3.7518556e+01   4.8000000e+01   7.3402226e+00
   3.7528556e+01   4.8000000e+01   7.3402226e+00
   3.7538556e+01   4.8000000e+01   7.3402226e+00
   3.7548556e+01   4.8000000e+01   7.3402226e+00
   3.7558556e+01   4.8000000e+01   7.3402226e+00
   3.7568556e+01   4.8000000e+01   7.3402226e+00
   3.7578556e+01   4.8000000e+01   7.3402226e+00
   3.7588556e+01   4.8000000e+01   7.3402226e+00
   3.7598556e+01   4.8000000e+01   7.3402226e+00
   3.7608556e+01   4.8000000e+01   7.3402226e+00
   3.7618556e+01   4.8000000e+01   7.3402226e+00
   3.7628556e+01   4.8000000e+01   7.3402226e+00
   3.7638556e+01   4.8000000e+01   7.3402226e+00
   3.7648556e+01   4.8000000e+01   7.3402226e+00
   3.7658556e+01   4.8000000e+01   7.3402226e+00
   3.7668556e+01   4.8000000e+01   7.3402226e+00
   3.7678556e+01   4.8000000e+01   7.3402226e+00
   3.7688556e+01   4.8000000e+01   7.3402226e+00
   3.7698556e+01   4.8000000e+01   7.3402226e+00
   3.7708556e+01   4.8000000e+01   7.3402226e+00
   3.7718556e+01   4.8000000e+01   7.3402226e+00
   3.7728556e+01   4.8000000e+01   7.3402226e+00
   3.7738556e+01   4.8000000e+01   7.3402226e+00
   3.7748556e+01   4.8000000e+01   7.3402226e+00
   3.7758556e+01   4.8000000e+01   7.3402226e+00
   3.7768556e+01   4.8000000e+01   7.3402226e+00
   3.7778556e+01   4.8000000e+01   7.3402226e+00
   3.7788556e+01   4.8000000e+01   7.3402226e+00
   3.7798556e+01   4.8000000e+01   7.3402226e+00
   3.7808556e+01   4.8000000e+01   7.3402226e+00
   3.7818556e+01   4.8000000e+01   7.3402226e+00
   3.7828556e+01   4.8000000e+01   7.3402226e+00
   3.7838556e+01   4.8000000e+01   7.3402226e+00
   3.7848556e+01   4.8000000e+01   7.3402226e+00
   3.7858556e+01   4.8000000e+01   7.3402226e+00
   3.7868556e+01   4.8000000e+01   7.3402226e+00
   3.7878556e+01   4.8000000e+01   7.3402226e+00
   3.7888556e+01   4.8000000e+01   7.3402226e+00
   3.7898556e+01   4.8000000e+01   7.3402226e+00
   3.7908556e+01   4.8000000e+01   7.3402226e+00
   3.7918556e+01   4.8000000e+01   7.3402226e+00
   3.7928556e+01   4.8000000e+01   7.3402226e+00
   3.7938556e+01   4.8000000e+01   7.3402226e+00
   3.7948556e+01   4.8000000e+01   7.3402226e+00
   3.7958556e+01   4.8000000e+01   7.3402226e+00
   3.7968556e+01   4.8000000e+01   7.3402226e+00
   3.7978556e+01   4.8000000e+01   7.3402226e+00
   3.7988556e+01   4.8000000e+01   7.3402226e+00
   3.7998556e+01   4.8000000e+01   7.3402226e+00
   3.8008556e+01   4.8000000e+01   7.3402226e+00
   3.8018556e+01   4.8000000e+01   7.3402226e+00
   3.8028556e+01   4.8000000e+01   7.3402226e+00
   3.8038556e+01   4.8000000e+01   7.3402226e+00
   3.8048556e+01   4.8000000e+01   7.3402226e+00
   3.8058556e+01   4.8000000e+01   7.3402226e+00
   3.8068556e+01   4.8000000e+01   7.3402226e+00
   3.8078556e+01   4.8000000e+01   7.3402226e+00
   3.8088556e+01   4.8000000e+01   7.3402226e+00
   3.8098556e+01   4.8000000e+01   7.3402226e+00
   3.8108556e+01   4.8000000e+01   7.3402226e+00
   3.8118313e+01   4.8000000e+01   7.3402226e+00
   3.8118313e+01   4.9000000e+01   7.2947244e+00
   3.8118313e+01   4.9000000e+01   7.2947244e+00
   3.8128313e+01   4.9000000e+01   7.2947244e+00
   3.8138313e+01   4.9000000e+01   7.2947244e+00
   3.8148313e+01   4.9000000e+01   7.2947244e+00
   3.8158313e+01   4.9000000e+01   7.2947244e+00
   3.8168313e+01   4.9000000e+01   7.2947244e+00
   3.8178313e+01   4.9000000e+01   7.2947244e+00
   3.8188313e+01   4.9000000e+01   7.2947244e+00
   3.8198313e+01   4.9000000e+01   7.2947244e+00
   3.8208313e+01   4.9000000e+01   7.2947244e+00
   3.8218313e+01   4.9000000e+01   7.2947244e+00
   3.8228313e+01   4.9000000e+01   7.2947244e+00
   3.8238313e+01   4.9000000e+01   7.2947244e+00
   3.8248313e+01   4.9000000e+01   7.2947244e+00
   3.8258313e+01   4.9000000e+01   7.2947244e+00
   3.8268313e+01   4.9000000e+01   7.2947244e+00
   3.8278313e+01   4.9000000e+01   7.2947244e+00
   3.8288313e+01   4.9000000e+01   7.2947244e+00
   3.8298313e+01   4.9000000e+01   7.2947244e+00
   3.8308313e+01   4.9000000e+01   7.2947244e+00
   3.8318313e+01   4.9000000e+01   7.2947244e+00
   3.8328313e+01   4.9000000e+01   7.2947244e+00
   3.8338313e+01   4.9000000e+01   7.2947244e+00
   3.8348313e+01   4.9000000e+01   7.2947244e+00
   3.8358313e+01   4.9000000e+01   7.2947244e+00
   3.8368313e+01   4.9000000e+01   7.2947244e+00
   3.8378313e+01   4.9000000e+01   7.2947244e+00
   3.8388313e+01   4.9000000e+01   7.2947244e+00
   3.8398313e+01   4.9000000e+01   7.2947244e+00
   3.8408313e+01   4.9000000e+01   7.2947244e+00
   3.8418313e+01   4.9000000e+01   7.2947244e+00
   3.8428313e+01   4.9000000e+01   7.2947244e+00
   3.8438313e+01   4.9000000e+01   7.2947244e+00
   3.8448313e+01   4.9000000e+01   7.2947244e+00
   3.8458313e+01   4.9000000e+01   7.2947244e+00
   3.8468313e+01   4.9000000e+01   7.2947244e+00
   3.8478313e+01   4.9000000e+01   7.2947244e+00
   3.8488313e+01   4.9000000e+01   7.2947244e+00
   3.8498313e+01   4.9000000e+01   7.2947244e+00
   3.8508313e+01   4.9000000e+01   7.2947244e+00
   3.8518313e+01   4.9000000e+01   7.2947244e+00
   3.8528313e+01   4.9000000e+01   7.2947244e+00
   3.8538313e+01   4.9000000e+01   7.2947244e+00
   3.8548313e+01   4.9000000e+01   7.2947244e+00
   3.8558313e+01   4.9000000e+01   7.2947244e+00
   3.8568313e+01   4.9000000e+01   7.2947244e+00
   3.8578313e+01   4.9000000e+01   7.2947244e+00
   3.8588313e+01   4.9000000e+01   7.2947244e+00
   3.8598313e+01   4.9000000e+01   7.2947244e+00
   3.8608313e+01   4.9000000e+01   7.2947244e+00
   3.8618313e+01   4.9000000e+01   7.2947244e+00
   3.8628313e+01   4.9000000e+01   7.2947244e+00
   3.8638313e+01   4.9000000e+01   7.2947244e+00
   3.8648313e+01   4.9000000e+01   7.2947244e+00
   3.8658313e+01   4.9000000e+01   7.2947244e+00
   3.8668313e+01   4.9000000e+01   7.2947244e+00
   3.8678313e+01   4.9000000e+01   7.2947244e+00
   3.8688313e+01   4.9000000e+01   7.2947244e+00
   3.8698313e+01   4.9000000e+01   7.2947244e+00
   3.8708313e+01   4.9000000e+01   7.2947244e+00
   3.8718313e+01   4.9000000e+01   7.2947244e+00
   3.8728313e+01   4.9000000e+01   7.2947244e+00
   3.8738313e+01   4.9000000e+01   7.2947244e+00
   3.8748313e+01   4.9000000e+01   7.2947244e+00
   3.8758313e+01   4.9000000e+01   7.2947244e+00
   3.8768313e+01   4.9000000e+01   7.2947244e+00
   3.8778313e+01   4.9000000e+01   7.2947244e+00
   3.8788313e+01   4.9000000e+01   7.2947244e+00
   3.8798313e+01   4.9000000e+01   7.2947244e+00
   3.8808313e+01   4.9000000e+01   7.2947244e+00
   3.8818313e+01   4.9000000e+01   7.2947244e+00
   3.8828313e+01   4.9000000e+01   7.2947244e+00
   3.8838313e+01   4.9000000e+01   7.2947244e+00
   3.8848313e+01   4.9000000e+01   7.2947244e+00
   3.8858313e+01   4.9000000e+01   7.2947244e+00
   3.8868313e+01   4.9000000e+01   7.2947244e+00
   3.8878313e+01   4.9000000e+01   7.2947244e+00
   3.8888313e+01   4.9000000e+01   7.2947244e+00
   3.8898313e+01   4.9000000e+01   7.2947244e+00
   3.8908313e+01   4.9000000e+01   7.2947244e+00
   3.8918313e+01   4.9000000e+01   7.2947244e+00
   3.8928313e+01   4.9000000e+01   7.2947244e+00
   3.8938313e+01   4.9000000e+01   7.2947244e+00
   3.8948313e+01   4.9000000e+01   7.2947244e+00
   3.8958313e+01   4.9000000e+01   7.2947244e+00
   3.8968313e+01   4.9000000e+01   7.2947244e+00
   3.8978313e+01   4.9000000e+01   7.2947244e+00
   3.8988313e+01   4.9000000e+01   7.2947244e+00
   3.8998313e+01   4.9000000e+01   7.2947244e+00
   3.9008313e+01   4.9000000e+01   7.2947244e+00
   3.9018313e+01   4.9000000e+01   7.2947244e+00
   3.9028313e+01   4.9000000e+01   7.2947244e+00
   3.9038313e+01   4.9000000e+01   7.2947244e+00
   3.9048313e+01   4.9000000e+01   7.2947244e+00
   3.9058313e+01   4.9000000e+01   7.2947244e+00
   3.9068313e+01   4.9000000e+01   7.2947244e+00
   3.9078313e+01   4.9000000e+01   7.2947244e+00
   3.9088313e+01   4.9000000e+01   7.2947244e+00
   3.9098313e+01   4.9000000e+01   7.2947244e+00
   3.9108313e+01   4.9000000e+01   7.2947244e+00
   3.9118313e+01   4.9000000e+01   7.2947244e+00
   3.9128313e+01   4.9000000e+01   7.2947244e+00
   3.9138313e+01   4.9000000e+01   7.2947244e+00
   3.9148313e+01   4.9000000e+01   7.2947244e+00
   3.9158313e+01   4.9000000e+01   7.2947244e+00
   3.9168313e+01   4.9000000e+01   7.2947244e+00
   3.9178313e+01   4.9000000e+01   7.2947244e+00
   3.9188313e+01   4.9000000e+01   7.2947244e+00
   3.9198313e+01   4.9000000e+01   7.2947244e+00
   3.9208313e+01   4.9000000e+01   7.2947244e+00
   3.9218313e+01   4.9000000e+01   7.2947244e+00
   3.9228313e+01   4.9000000e+01   7.2947244e+00
   3.9238313e+01   4.9000000e+01   7.2947244e+00
   3.9248313e+01   4.9000000e+01   7.2947244e+00
   3.9258313e+01   4.9000000e+01   7.2947244e+00
   3.9268313e+01   4.9000000e+01   7.2947244e+00
   3.9278313e+01   4.9000000e+01   7.2947244e+00
   3.9288313e+01   4.9000000e+01   7.2947244e+00
   3.9298313e+01   4.9000000e+01   7.2947244e+00
   3.9308313e+01   4.9000000e+01   7.2947244e+00
   3.9318313e+01   4.9000000e+01   7.2947244e+00
   3.9328313e+01   4.9000000e+01   7.2947244e+00
   3.9338313e+01   4.9000000e+01   7.2947244e+00
   3.9348313e+01   4.9000000e+01   7.2947244e+00
   3.9358313e+01   4.9000000e+01   7.2947244e+00
   3.9368313e+01   4.9000000e+01   7.2947244e+00
   3.9378313e+01   4.9000000e+01   7.2947244e+00
   3.9388313e+01   4.9000000e+01   7.2947244e+00
   3.9398313e+01   4.9000000e+01   7.2947244e+00
   3.9408313e+01   4.9000000e+01   7.2947244e+00
   3.9418313e+01   4.9000000e+01   7.2947244e+00
   3.9428313e+01   4.9000000e+01   7.2947244e+00
   3.9438313e+01   4.9000000e+01   7.2947244e+00
   3.9448313e+01   4.9000000e+01   7.2947244e+00
   3.9458313e+01   4.9000000e+01   7.2947244e+00
   3.9468313e+01   4.9000000e+01   7.2947244e+00
   3.9478313e+01   4.9000000e+01   7.2947244e+00
   3.9488313e+01   4.9000000e+01   7.2947244e+00
   3.9498313e+01   4.9000000e+01   7.2947244e+00
   3.9508313e+01   4.9000000e+01   7.2947244e+00
   3.9518313e+01   4.9000000e+01   7.2947244e+00
   3.9528313e+01   4.9000000e+01   7.2947244e+00
   3.9537954e+01   4.9000000e+01   7.2947244e+00
   3.9537954e+01   5.0000000e+01   7.2417103e+00
   3.9537954e+01   5.0000000e+01   7.2417103e+00
   3.9547954e+01   5.0000000e+01   7.2417103e+00
   3.9557954e+01   5.0000000e+01   7.2417103e+00
   3.9567954e+01   5.0000000e+01   7.2417103e+00
   3.9577954e+01   5.0000000e+01   7.2417103e+00
   3.9587954e+01   5.0000000e+01   7.2417103e+00
   3.9597954e+01   5.0000000e+01   7.2417103e+00
   3.9607954e+01   5.0000000e+01   7.2417103e+00
   3.9617954e+01   5.0000000e+01   7.2417103e+00
   3.9627954e+01   5.0000000e+01   7.2417103e+00
   3.9637954e+01   5.0000000e+01   7.2417103e+00
   3.9647954e+01   5.0000000e+01   7.2417103e+00
   3.9657954e+01   5.0000000e+01   7.2417103e+00
   3.9667954e+01   5.0000000e+01   7.2417103e+00
   3.9677954e+01   5.0000000e+01   7.2417103e+00
   3.9687954e+01   5.0000000e+01   7.2417103e+00
   3.9697954e+01   5.0000000e+01   7.2417103e+00
   3.9707954e+01   5.0000000e+01   7.2417103e+00
   3.9717954e+01   5.0000000e+01   7.2417103e+00
   3.9727954e+01   5.0000000e+01   7.2417103e+00
   3.9737954e+01   5.0000000e+01   7.2417103e+00
   3.9747954e+01   5.0000000e+01   7.2417103e+00
   3.9757954e+01   5.0000000e+01   7.2417103e+00
   3.9767954e+01   5.0000000e+01   7.2417103e+00
   3.9777954e+01   5.0000000e+01   7.2417103e+00
   3.9787954e+01   5.0000000e+01   7.2417103e+00
   3.9797954e+01   5.0000000e+01   7.2417103e+00
   3.9807954e+01   5.0000000e+01   7.2417103e+00
   3.9817954e+01   5.0000000e+01   7.2417103e+00
   3.9827954e+01   5.0000000e+01   7.2417103e+00
   3.9837954e+01   5.0000000e+01   7.2417103e+00
   3.9847954e+01   5.0000000e+01   7.2417103e+00
   3.9857954e+01   5.0000000e+01   7.2417103e+00
   3.9867954e+01   5.0000000e+01   7.2417103e+00
   3.9877954e+01   5.0000000e+01   7.2417103e+00
   3.9887954e+01   5.0000000e+01   7.2417103e+00
   3.9897954e+01   5.0000000e+01   7.2417103e+00
   3.9907954e+01   5.0000000e+01   7.2417103e+00
   3.9917954e+01   5.0000000e+01   7.2417103e+00
   3.9927954e+01   5.0000000e+01   7.2417103e+00
   3.9937954e+01   5.0000000e+01   7.2417103e+00
   3.9947954e+01   5.0000000e+01   7.2417103e+00
   3.9957954e+01   5.0000000e+01   7.2417103e+00
   3.9967954e+01   5.0000000e+01   7.2417103e+00
   3.9977954e+01   5.0000000e+01   7.2417103e+00
   3.9987954e+01   5.0000000e+01   7.2417103e+00
   3.9997954e+01   5.0000000e+01   7.2417103e+00
   4.0007954e+01   5.0000000e+01   7.2417103e+00
   4.0017954e+01   5.0000000e+01   7.2417103e+00
   4.0027954e+01   5.0000000e+01   7.2417103e+00
   4.0037954e+01   5.0000000e+01   7.2417103e+00
   4.0047954e+01   5.0000000e+01   7.2417103e+00
   4.0057954e+01   5.0000000e+01   7.2417103e+00
   4.0067954e+01   5.0000000e+01   7.2417103e+00
   4.0077954e+01   5.0000000e+01   7.2417103e+00
   4.0087954e+01   5.0000000e+01   7.2417103e+00
   4.0097954e+01   5.0000000e+01   7.2417103e+00
   4.0107954e+01   5.0000000e+01   7.2417103e+00
   4.0117954e+01   5.0000000e+01   7.2417103e+00
   4.0127954e+01   5.0000000e+01   7.2417103e+00
   4.0137954e+01   5.0000000e+01   7.2417103e+00
   4.0147954e+01   5.0000000e+01   7.2417103e+00
   4.0157954e+01   5.0000000e+01   7.2417103e+00
   4.0167954e+01   5.0000000e+01   7.2417103e+00
   4.0177954e+01   5.0000000e+01   7.2417103e+00
   4.0187954e+01   5.0000000e+01   7.2417103e+00
   4.0197954e+01   5.0000000e+01   7.2417103e+00
   4.0207954e+01   5.0000000e+01   7.2417103e+00
   4.0217954e+01   5.0000000e+01   7.2417103e+00
   4.0227954e+01   5.0000000e+01   7.2417103e+00
   4.0237954e+01   5.0000000e+01   7.2417103e+00
   4.0247954e+01   5.0000000e+01   7.2417103e+00
   4.0257954e+01   5.0000000e+01   7.2417103e+00
   4.0267954e+01   5.0000000e+01   7.2417103e+00
   4.0277954e+01   5.0000000e+01   7.2417103e+00
   4.0287954e+01   5.0000000e+01   7.2417103e+00
   4.0297954e+01   5.0000000e+01   7.2417103e+00
   4.0307954e+01   5.0000000e+01   7.2417103e+00
   4.0317954e+01   5.0000000e+01   7.2417103e+00
   4.0327954e+01   5.0000000e+01   7.2417103e+00
   4.0337954e+01   5.0000000e+01   7.2417103e+00
   4.0347954e+01   5.0000000e+01   7.2417103e+00
   4.0357954e+01   5.0000000e+01   7.2417103e+00
   4.0367954e+01   5.0000000e+01   7.2417103e+00
   4.0377954e+01   5.0000000e+01   7.2417103e+00
   4.0387954e+01   5.0000000e+01   7.2417103e+00
   4.0397954e+01   5.0000000e+01   7.2417103e+00
   4.0407954e+01   5.0000000e+01   7.2417103e+00
   4.0417954e+01   5.0000000e+01   7.2417103e+00
   4.0427954e+01   5.0000000e+01   7.2417103e+00
   4.0437954e+01   5.0000000e+01   7.2417103e+00
   4.0447954e+01   5.0000000e+01   7.2417103e+00
   4.0457954e+01   5.0000000e+01   7.2417103e+00
   4.0467954e+01   5.0000000e+01   7.2417103e+00
   4.0477954e+01   5.0000000e+01   7.2417103e+00
   4.0487954e+01   5.0000000e+01   7.2417103e+00
   4.0497954e+01   5.0000000e+01   7.2417103e+00
   4.0507954e+01   5.0000000e+01   7.2417103e+00
   4.0517954e+01   5.0000000e+01   7.2417103e+00
   4.0527954e+01   5.0000000e+01   7.2417103e+00
   4.0537954e+01   5.0000000e+01   7.2417103e+00
   4.0547954e+01   5.0000000e+01   7.2417103e+00
   4.0557954e+01   5.0000000e+01   7.2417103e+00
   4.0567954e+01   5.0000000e+01   7.2417103e+00
   4.0577954e+01   5.0000000e+01   7.2417103e+00
   4.0587954e+01   5.0000000e+01   7.2417103e+00
   4.0597954e+01   5.0000000e+01   7.2417103e+00
   4.0607954e+01   5.0000000e+01   7.2417103e+00
   4.0617954e+01   5.0000000e+01   7.2417103e+00
   4.0627954e+01   5.0000000e+01   7.2417103e+00
   4.0637954e+01   5.0000000e+01   7.2417103e+00
   4.0647954e+01   5.0000000e+01   7.2417103e+00
   4.0657954e+01   5.0000000e+01   7.2417103e+00
   4.0667954e+01   5.0000000e+01   7.2417103e+00
   4.0677954e+01   5.0000000e+01   7.2417103e+00
   4.0687954e+01   5.0000000e+01   7.2417103e+00
   4.0697954e+01   5.0000000e+01   7.2417103e+00
   4.0707954e+01   5.0000000e+01   7.2417103e+00
   4.0717954e+01   5.0000000e+01   7.2417103e+00
   4.0727954e+01   5.0000000e+01   7.2417103e+00
   4.0737954e+01   5.0000000e+01   7.2417103e+00
   4.0747954e+01   5.0000000e+01   7.2417103e+00
   4.0757954e+01   5.0000000e+01   7.2417103e+00
   4.0767954e+01   5.0000000e+01   7.2417103e+00
   4.0777954e+01   5.0000000e+01   7.2417103e+00
   4.0787954e+01   5.0000000e+01   7.2417103e+00
   4.0797954e+01   5.0000000e+01   7.2417103e+00
   4.0807954e+01   5.0000000e+01   7.2417103e+00
   4.0817954e+01   5.0000000e+01   7.2417103e+00
   4.0827954e+01   5.0000000e+01   7.2417103e+00
   4.0837954e+01   5.0000000e+01   7.2417103e+00
   4.0847954e+01   5.0000000e+01   7.2417103e+00
   4.0857954e+01   5.0000000e+01   7.2417103e+00
   4.0867954e+01   5.0000000e+01   7.2417103e+00
   4.0877954e+01   5.0000000e+01   7.2417103e+00
   4.0887954e+01   5.0000000e+01   7.2417103e+00
   4.0897954e+01   5.0000000e+01   7.2417103e+00
   4.0907954e+01   5.0000000e+01   7.2417103e+00
   4.0917954e+01   5.0000000e+01   7.2417103e+00
   4.0927954e+01   5.0000000e+01   7.2417103e+00
   4.0937954e+01   5.0000000e+01   7.2417103e+00
   4.0947954e+01   5.0000000e+01   7.2417103e+00
   4.0957954e+01   5.0000000e+01   7.2417103e+00
   4.0967954e+01   5.0000000e+01   7.2417103e+00
   4.0977072e+01   5.0000000e+01   7.2417103e+00
   4.0977072e+01   5.1000000e+01   7.1812305e+00
   4.0977072e+01   5.1000000e+01   7.1812305e+00
   4.0987072e+01   5.1000000e+01   7.1812305e+00
   4.0997072e+01   5.1000000e+01   7.1812305e+00
   4.1007072e+01   5.1000000e+01   7.1812305e+00
   4.1017072e+01   5.1000000e+01   7.1812305e+00
   4.1027072e+01   5.1000000e+01   7.1812305e+00
   4.1037072e+01   5.1000000e+01   7.1812305e+00
   4.1047072e+01   5.1000000e+01   7.1812305e+00
   4.1057072e+01   5.1000000e+01   7.1812305e+00
   4.1067072e+01   5.1000000e+01   7.1812305e+00
   4.1077072e+01   5.1000000e+01   7.1812305e+00
   4.1087072e+01   5.1000000e+01   7.1812305e+00
   4.1097072e+01   5.1000000e+01   7.1812305e+00
   4.1107072e+01   5.1000000e+01   7.1812305e+00
   4.1117072e+01   5.1000000e+01   7.1812305e+00
   4.1127072e+01   5.1000000e+01   7.1812305e+00
   4.1137072e+01   5.1000000e+01   7.1812305e+00
   4.1147072e+01   5.1000000e+01   7.1812305e+00
   4.1157072e+01   5.1000000e+01   7.1812305e+00
   4.1167072e+01   5.1000000e+01   7.1812305e+00
   4.1177072e+01   5.1000000e+01   7.1812305e+00
   4.1187072e+01   5.1000000e+01   7.1812305e+00
   4.1197072e+01   5.1000000e+01   7.1812305e+00
   4.1207072e+01   5.1000000e+01   7.1812305e+00
   4.1217072e+01   5.1000000e+01   7.1812305e+00
   4.1227072e+01   5.1000000e+01   7.1812305e+00
   4.1237072e+01   5.1000000e+01   7.1812305e+00
   4.1247072e+01   5.1000000e+01   7.1812305e+00
   4.1257072e+01   5.1000000e+01   7.1812305e+00
   4.1267072e+01   5.1000000e+01   7.1812305e+00
   4.1277072e+01   5.1000000e+01   7.1812305e+00
   4.1287072e+01   5.1000000e+01   7.1812305e+00
   4.1297072e+01   5.1000000e+01   7.1812305e+00
   4.1307072e+01   5.1000000e+01   7.1812305e+00
   4.1317072e+01   5.1000000e+01   7.1812305e+00
   4.1327072e+01   5.1000000e+01   7.1812305e+00
   4.1337072e+01   5.1000000e+01   7.1812305e+00
   4.1347072e+01   5.1000000e+01   7.1812305e+00
   4.1357072e+01   5.1000000e+01   7.1812305e+00
   4.1367072e+01   5.1000000e+01   7.1812305e+00
   4.1377072e+01   5.1000000e+01   7.1812305e+00
   4.1387072e+01   5.1000000e+01   7.1812305e+00
   4.1397072e+01   5.1000000e+01   7.1812305e+00
   4.1407072e+01   5.1000000e+01   7.1812305e+00
   4.1417072e+01   5.1000000e+01   7.1812305e+00
   4.1427072e+01   5.1000000e+01   7.1812305e+00
   4.1437072e+01   5.1000000e+01   7.1812305e+00
   4.1447072e+01   5.1000000e+01   7.1812305e+00
   4.1457072e+01   5.1000000e+01   7.1812305e+00
   4.1467072e+01   5.1000000e+01   7.1812305e+00
   4.1477072e+01   5.1000000e+01   7.1812305e+00
   4.1487072e+01   5.1000000e+01   7.1812305e+00
   4.1497072e+01   5.1000000e+01   7.1812305e+00
   4.1507072e+01   5.1000000e+01   7.1812305e+00
   4.1517072e+01   5.1000000e+01   7.1812305e+00
   4.1527072e+01   5.1000000e+01   7.1812305e+00
   4.1537072e+01   5.1000000e+01   7.1812305e+00
   4.1547072e+01   5.1000000e+01   7.1812305e+00
   4.1557072e+01   5.1000000e+01   7.1812305e+00
   4.1567072e+01   5.1000000e+01   7.1812305e+00
   4.1577072e+01   5.1000000e+01   7.1812305e+00
   4.1587072e+01   5.1000000e+01   7.1812305e+00
   4.1597072e+01   5.1000000e+01   7.1812305e+00
   4.1607072e+01   5.1000000e+01   7.1812305e+00
   4.1617072e+01   5.1000000e+01   7.1812305e+00
   4.1627072e+01   5.1000000e+01   7.1812305e+00
   4.1637072e+01   5.1000000e+01   7.1812305e+00
   4.1647072e+01   5.1000000e+01   7.1812305e+00
   4.1657072e+01   5.1000000e+01   7.1812305e+00
   4.1667072e+01   5.1000000e+01   7.1812305e+00
   4.1677072e+01   5.1000000e+01   7.1812305e+00
   4.1687072e+01   5.1000000e+01   7.1812305e+00
   4.1697072e+01   5.1000000e+01   7.1812305e+00
   4.1707072e+01   5.1000000e+01   7.1812305e+00
   4.1717072e+01   5.1000000e+01   7.1812305e+00
   4.1727072e+01   5.1000000e+01   7.1812305e+00
   4.1737072e+01   5.1000000e+01   7.1812305e+00
   4.1747072e+01   5.1000000e+01   7.1812305e+00
   4.1757072e+01   5.1000000e+01   7.1812305e+00
   4.1767072e+01   5.1000000e+01   7.1812305e+00
   4.1777072e+01   5.1000000e+01   7.1812305e+00
   4.1787072e+01   5.1000000e+01   7.1812305e+00
   4.1797072e+01   5.1000000e+01   7.1812305e+00
   4.1807072e+01   5.1000000e+01   7.1812305e+00
   4.1817072e+01   5.1000000e+01   7.1812305e+00
   4.1827072e+01   5.1000000e+01   7.1812305e+00
   4.1837072e+01   5.1000000e+01   7.1812305e+00
   4.1847072e+01   5.1000000e+01   7.1812305e+00
   4.1857072e+01   5.1000000e+01   7.1812305e+00
   4.1867072e+01   5.1000000e+01   7.1812305e+00
   4.1877072e+01   5.1000000e+01   7.1812305e+00
   4.1887072e+01   5.1000000e+01   7.1812305e+00
   4.1897072e+01   5.1000000e+01   7.1812305e+00
   4.1907072e+01   5.1000000e+01   7.1812305e+00
   4.1917072e+01   5.1000000e+01   7.1812305e+00
   4.1927072e+01   5.1000000e+01   7.1812305e+00
   4.1937072e+01   5.1000000e+01   7.1812305e+00
   4.1947072e+01   5.1000000e+01   7.1812305e+00
   4.1957072e+01   5.1000000e+01   7.1812305e+00
   4.1967072e+01   5.1000000e+01   7.1812305e+00
   4.1977072e+01   5.1000000e+01   7.1812305e+00
   4.1987072e+01   5.1000000e+01   7.1812305e+00
   4.1997072e+01   5.1000000e+01   7.1812305e+00
   4.2007072e+01   5.1000000e+01   7.1812305e+00
   4.2017072e+01   5.1000000e+01   7.1812305e+00
   4.2027072e+01   5.1000000e+01   7.1812305e+00
   4.2037072e+01   5.1000000e+01   7.1812305e+00
   4.2047072e+01   5.1000000e+01   7.1812305e+00
   4.2057072e+01   5.1000000e+01   7.1812305e+00
   4.2067072e+01   5.1000000e+01   7.1812305e+00
   4.2077072e+01   5.1000000e+01   7.1812305e+00
   4.2087072e+01   5.1000000e+01   7.1812305e+00
   4.2097072e+01   5.1000000e+01   7.1812305e+00
   4.2107072e+01   5.1000000e+01   7.1812305e+00
   4.2117072e+01   5.1000000e+01   7.1812305e+00
   4.2127072e+01   5.1000000e+01   7.1812305e+00
   4.2137072e+01   5.1000000e+01   7.1812305e+00
   4.2147072e+01   5.1000000e+01   7.1812305e+00
   4.2157072e+01   5.1000000e+01   7.1812305e+00
   4.2167072e+01   5.1000000e+01   7.1812305e+00
   4.2177072e+01   5.1000000e+01   7.1812305e+00
   4.2187072e+01   5.1000000e+01   7.1812305e+00
   4.2197072e+01   5.1000000e+01   7.1812305e+00
   4.2207072e+01   5.1000000e+01   7.1812305e+00
   4.2217072e+01   5.1000000e+01   7.1812305e+00
   4.2227072e+01   5.1000000e+01   7.1812305e+00
   4.2237072e+01   5.1000000e+01   7.1812305e+00
   4.2247072e+01   5.1000000e+01   7.1812305e+00
   4.2257072e+01   5.1000000e+01   7.1812305e+00
   4.2267072e+01   5.1000000e+01   7.1812305e+00
   4.2277072e+01   5.1000000e+01   7.1812305e+00
   4.2287072e+01   5.1000000e+01   7.1812305e+00
   4.2297072e+01   5.1000000e+01   7.1812305e+00
   4.2307072e+01   5.1000000e+01   7.1812305e+00
   4.2317072e+01   5.1000000e+01   7.1812305e+00
   4.2327072e+01   5.1000000e+01   7.1812305e+00
   4.2337072e+01   5.1000000e+01   7.1812305e+00
   4.2347072e+01   5.1000000e+01   7.1812305e+00
   4.2357072e+01   5.1000000e+01   7.1812305e+00
   4.2367072e+01   5.1000000e+01   7.1812305e+00
   4.2377072e+01   5.1000000e+01   7.1812305e+00
   4.2387072e+01   5.1000000e+01   7.1812305e+00
   4.2397072e+01   5.1000000e+01   7.1812305e+00
   4.2407072e+01   5.1000000e+01   7.1812305e+00
   4.2417072e+01   5.1000000e+01   7.1812305e+00
   4.2427072e+01   5.1000000e+01   7.1812305e+00
   4.2435257e+01   5.1000000e+01   7.1812305e+00
   4.2435257e+01   5.2000000e+01   7.1133372e+00
   4.2435257e+01   5.2000000e+01   7.1133372e+00
   4.2445257e+01   5.2000000e+01   7.1133372e+00
   4.2455257e+01   5.2000000e+01   7.1133372e+00
   4.2465257e+01   5.2000000e+01   7.1133372e+00
   4.2475257e+01   5.2000000e+01   7.1133372e+00
   4.2485257e+01   5.2000000e+01   7.1133372e+00
   4.2495257e+01   5.2000000e+01   7.1133372e+00
   4.2505257e+01   5.2000000e+01   7.1133372e+00
   4.2515257e+01   5.2000000e+01   7.1133372e+00
   4.2525257e+01   5.2000000e+01   7.1133372e+00
   4.2535257e+01   5.2000000e+01   7.1133372e+00
   4.2545257e+01   5.2000000e+01   7.1133372e+00
   4.2555257e+01   5.2000000e+01   7.1133372e+00
   4.2565257e+01   5.2000000e+01   7.1133372e+00
   4.2575257e+01   5.2000000e+01   7.1133372e+00
   4.2585257e+01   5.2000000e+01   7.1133372e+00
   4.2595257e+01   5.2000000e+01   7.1133372e+00
   4.2605257e+01   5.2000000e+01   7.1133372e+00
   4.2615257e+01   5.2000000e+01   7.1133372e+00
   4.2625257e+01   5.2000000e+01   7.1133372e+00
   4.2635257e+01   5.2000000e+01   7.1133372e+00
   4.2645257e+01   5.2000000e+01   7.1133372e+00
   4.2655257e+01   5.2000000e+01   7.1133372e+00
   4.2665257e+01   5.2000000e+01   7.1133372e+00
   4.2675257e+01   5.2000000e+01   7.1133372e+00
   4.2685257e+01   5.2000000e+01   7.1133372e+00
   4.2695257e+01   5.2000000e+01   7.1133372e+00
   4.2705257e+01   5.2000000e+01   7.1133372e+00
   4.2715257e+01   5.2000000e+01   7.1133372e+00
   4.2725257e+01   5.2000000e+01   7.1133372e+00
   4.2735257e+01   5.2000000e+01   7.1133372e+00
   4.2745257e+01   5.2000000e+01   7.1133372e+00
   4.2755257e+01   5.2000000e+01   7.1133372e+00
   4.2765257e+01   5.2000000e+01   7.1133372e+00
   4.2775257e+01   5.2000000e+01   7.1133372e+00
   4.2785257e+01   5.2000000e+01   7.1133372e+00
   4.2795257e+01   5.2000000e+01   7.1133372e+00
   4.2805257e+01   5.2000000e+01   7.1133372e+00
   4.2815257e+01   5.2000000e+01   7.1133372e+00
   4.2825257e+01   5.2000000e+01   7.1133372e+00
   4.2835257e+01   5.2000000e+01   7.1133372e+00
   4.2845257e+01   5.2000000e+01   7.1133372e+00
   4.2855257e+01   5.2000000e+01   7.1133372e+00
   4.2865257e+01   5.2000000e+01   7.1133372e+00
   4.2875257e+01   5.2000000e+01   7.1133372e+00
   4.2885257e+01   5.2000000e+01   7.1133372e+00
   4.2895257e+01   5.2000000e+01   7.1133372e+00
   4.2905257e+01   5.2000000e+01   7.1133372e+00
   4.2915257e+01   5.2000000e+01   7.1133372e+00
   4.2925257e+01   5.2000000e+01   7.1133372e+00
   4.2935257e+01   5.2000000e+01   7.1133372e+00
   4.2945257e+01   5.2000000e+01   7.1133372e+00
   4.2955257e+01   5.2000000e+01   7.1133372e+00
   4.2965257e+01   5.2000000e+01   7.1133372e+00
   4.2975257e+01   5.2000000e+01   7.1133372e+00
   4.2985257e+01   5.2000000e+01   7.1133372e+00
   4.2995257e+01   5.2000000e+01   7.1133372e+00
   4.3005257e+01   5.2000000e+01   7.1133372e+00
   4.3015257e+01   5.2000000e+01   7.1133372e+00
   4.3025257e+01   5.2000000e+01   7.1133372e+00
   4.3035257e+01   5.2000000e+01   7.1133372e+00
   4.3045257e+01   5.2000000e+01   7.1133372e+00
   4.3055257e+01   5.2000000e+01   7.1133372e+00
   4.3065257e+01   5.2000000e+01   7.1133372e+00
   4.3075257e+01   5.2000000e+01   7.1133372e+00
   4.3085257e+01   5.2000000e+01   7.1133372e+00
   4.3095257e+01   5.2000000e+01   7.1133372e+00
   4.3105257e+01   5.2000000e+01   7.1133372e+00
   4.3115257e+01   5.2000000e+01   7.1133372e+00
   4.3125257e+01   5.2000000e+01   7.1133372e+00
   4.3135257e+01   5.2000000e+01   7.1133372e+00
   4.3145257e+01   5.2000000e+01   7.1133372e+00
   4.3155257e+01   5.2000000e+01   7.1133372e+00
   4.3165257e+01   5.2000000e+01   7.1133372e+00
   4.3175257e+01   5.2000000e+01   7.1133372e+00
   4.3185257e+01   5.2000000e+01   7.1133372e+00
   4.3195257e+01   5.2000000e+01   7.1133372e+00
   4.3205257e+01   5.2000000e+01   7.1133372e+00
   4.3215257e+01   5.2000000e+01   7.1133372e+00
   4.3225257e+01   5.2000000e+01   7.1133372e+00
   4.3235257e+01   5.2000000e+01   7.1133372e+00
   4.3245257e+01   5.2000000e+01   7.1133372e+00
   4.3255257e+01   5.2000000e+01   7.1133372e+00
   4.3265257e+01   5.2000000e+01   7.1133372e+00
   4.3275257e+01   5.2000000e+01   7.1133372e+00
   4.3285257e+01   5.2000000e+01   7.1133372e+00
   4.3295257e+01   5.2000000e+01   7.1133372e+00
   4.3305257e+01   5.2000000e+01   7.1133372e+00
   4.3315257e+01   5.2000000e+01   7.1133372e+00
   4.3325257e+01   5.2000000e+01   7.1133372e+00
   4.3335257e+01   5.2000000e+01   7.1133372e+00
   4.3345257e+01   5.2000000e+01   7.1133372e+00
   4.3355257e+01   5.2000000e+01   7.1133372e+00
   4.3365257e+01   5.2000000e+01   7.1133372e+00
   4.3375257e+01   5.2000000e+01   7.1133372e+00
   4.3385257e+01   5.2000000e+01   7.1133372e+00
   4.3395257e+01   5.2000000e+01   7.1133372e+00
   4.3405257e+01   5.2000000e+01   7.1133372e+00
   4.3415257e+01   5.2000000e+01   7.1133372e+00
   4.3425257e+01   5.2000000e+01   7.1133372e+00
   4.3435257e+01   5.2000000e+01   7.1133372e+00
   4.3445257e+01   5.2000000e+01   7.1133372e+00
   4.3455257e+01   5.2000000e+01   7.1133372e+00
   4.3465257e+01   5.2000000e+01   7.1133372e+00
   4.3475257e+01   5.2000000e+01   7.1133372e+00
   4.3485257e+01   5.2000000e+01   7.1133372e+00
   4.3495257e+01   5.2000000e+01   7.1133372e+00
   4.3505257e+01   5.2000000e+01   7.1133372e+00
   4.3515257e+01   5.2000000e+01   7.1133372e+00
   4.3525257e+01   5.2000000e+01   7.1133372e+00
   4.3535257e+01   5.2000000e+01   7.1133372e+00
   4.3545257e+01   5.2000000e+01   7.1133372e+00
   4.3555257e+01   5.2000000e+01   7.1133372e+00
   4.3565257e+01   5.2000000e+01   7.1133372e+00
   4.3575257e+01   5.2000000e+01   7.1133372e+00
   4.3585257e+01   5.2000000e+01   7.1133372e+00
   4.3595257e+01   5.2000000e+01   7.1133372e+00
   4.3605257e+01   5.2000000e+01   7.1133372e+00
   4.3615257e+01   5.2000000e+01   7.1133372e+00
   4.3625257e+01   5.2000000e+01   7.1133372e+00
   4.3635257e+01   5.2000000e+01   7.1133372e+00
   4.3645257e+01   5.2000000e+01   7.1133372e+00
   4.3655257e+01   5.2000000e+01   7.1133372e+00
   4.3665257e+01   5.2000000e+01   7.1133372e+00
   4.3675257e+01   5.2000000e+01   7.1133372e+00
   4.3685257e+01   5.2000000e+01   7.1133372e+00
   4.3695257e+01   5.2000000e+01   7.1133372e+00
   4.3705257e+01   5.2000000e+01   7.1133372e+00
   4.3715257e+01   5.2000000e+01   7.1133372e+00
   4.3725257e+01   5.2000000e+01   7.1133372e+00
   4.3735257e+01   5.2000000e+01   7.1133372e+00
   4.3745257e+01   5.2000000e+01   7.1133372e+00
   4.3755257e+01   5.2000000e+01   7.1133372e+00
   4.3765257e+01   5.2000000e+01   7.1133372e+00
   4.3775257e+01   5.2000000e+01   7.1133372e+00
   4.3785257e+01   5.2000000e+01   7.1133372e+00
   4.3795257e+01   5.2000000e+01   7.1133372e+00
   4.3805257e+01   5.2000000e+01   7.1133372e+00
   4.3815257e+01   5.2000000e+01   7.1133372e+00
   4.3825257e+01   5.2000000e+01   7.1133372e+00
   4.3835257e+01   5.2000000e+01   7.1133372e+00
   4.3845257e+01   5.2000000e+01   7.1133372e+00
   4.3855257e+01   5.2000000e+01   7.1133372e+00
   4.3865257e+01   5.2000000e+01   7.1133372e+00
   4.3875257e+01   5.2000000e+01   7.1133372e+00
   4.3885257e+01   5.2000000e+01   7.1133372e+00
   4.3895257e+01   5.2000000e+01   7.1133372e+00
   4.3905257e+01   5.2000000e+01   7.1133372e+00
   4.3912093e+01   5.2000000e+01   7.1133372e+00
   4.3912093e+01   5.3000000e+01   7.0380852e+00
   4.3912093e+01   5.3000000e+01   7.0380852e+00
   4.3922093e+01   5.3000000e+01   7.0380852e+00
   4.3932093e+01   5.3000000e+01   7.0380852e+00
   4.3942093e+01   5.3000000e+01   7.0380852e+00
   4.3952093e+01   5.3000000e+01   7.0380852e+00
   4.3962093e+01   5.3000000e+01   7.0380852e+00
   4.3972093e+01   5.3000000e+01   7.0380852e+00
   4.3982093e+01   5.3000000e+01   7.0380852e+00
   4.3992093e+01   5.3000000e+01   7.0380852e+00
   4.4002093e+01   5.3000000e+01   7.0380852e+00
   4.4012093e+01   5.3000000e+01   7.0380852e+00
   4.4022093e+01   5.3000000e+01   7.0380852e+00
   4.4032093e+01   5.3000000e+01   7.0380852e+00
   4.4042093e+01   5.3000000e+01   7.0380852e+00
   4.4052093e+01   5.3000000e+01   7.0380852e+00
   4.4062093e+01   5.3000000e+01   7.0380852e+00
   4.4072093e+01   5.3000000e+01   7.0380852e+00
   4.4082093e+01   5.3000000e+01   7.0380852e+00
   4.4092093e+01   5.3000000e+01   7.0380852e+00
   4.4102093e+01   5.3000000e+01   7.0380852e+00
   4.4112093e+01   5.3000000e+01   7.0380852e+00
   4.4122093e+01   5.3000000e+01   7.0380852e+00
   4.4132093e+01   5.3000000e+01   7.0380852e+00
   4.4142093e+01   5.3000000e+01   7.0380852e+00
   4.4152093e+01   5.3000000e+01   7.0380852e+00
   4.4162093e+01   5.3000000e+01   7.0380852e+00
   4.4172093e+01   5.3000000e+01   7.0380852e+00
   4.4182093e+01   5.3000000e+01   7.0380852e+00
   4.4192093e+01   5.3000000e+01   7.0380852e+00
   4.4202093e+01   5.3000000e+01   7.0380852e+00
   4.4212093e+01   5.3000000e+01   7.0380852e+00
   4.4222093e+01   5.3000000e+01   7.0380852e+00
   4.4232093e+01   5.3000000e+01   7.0380852e+00
   4.4242093e+01   5.3000000e+01   7.0380852e+00
   4.4252093e+01   5.3000000e+01   7.0380852e+00
   4.4262093e+01   5.3000000e+01   7.0380852e+00
   4.4272093e+01   5.3000000e+01   7.0380852e+00
   4.4282093e+01   5.3000000e+01   7.0380852e+00
   4.4292093e+01   5.3000000e+01   7.0380852e+00
   4.4302093e+01   5.3000000e+01   7.0380852e+00
   4.4312093e+01   5.3000000e+01   7.0380852e+00
   4.4322093e+01   5.3000000e+01   7.0380852e+00
   4.4332093e+01   5.3000000e+01   7.0380852e+00
   4.4342093e+01   5.3000000e+01   7.0380852e+00
   4.4352093e+01   5.3000000e+01   7.0380852e+00
   4.4362093e+01   5.3000000e+01   7.0380852e+00
   4.4372093e+01   5.3000000e+01   7.0380852e+00
   4.4382093e+01   5.3000000e+01   7.0380852e+00
   4.4392093e+01   5.3000000e+01   7.0380852e+00
   4.4402093e+01   5.3000000e+01   7.0380852e+00
   4.4412093e+01   5.3000000e+01   7.0380852e+00
   4.4422093e+01   5.3000000e+01   7.0380852e+00
   4.4432093e+01   5.3000000e+01   7.0380852e+00
   4.4442093e+01   5.3000000e+01   7.0380852e+00
   4.4452093e+01   5.3000000e+01   7.0380852e+00
   4.4462093e+01   5.3000000e+01   7.0380852e+00
   4.4472093e+01   5.3000000e+01   7.0380852e+00
   4.4482093e+01   5.3000000e+01   7.0380852e+00
   4.4492093e+01   5.3000000e+01   7.0380852e+00
   4.4502093e+01   5.3000000e+01   7.0380852e+00
   4.4512093e+01   5.3000000e+01   7.0380852e+00
   4.4522093e+01   5.3000000e+01   7.0380852e+00
   4.4532093e+01   5.3000000e+01   7.0380852e+00
   4.4542093e+01   5.3000000e+01   7.0380852e+00
   4.4552093e+01   5.3000000e+01   7.0380852e+00
   4.4562093e+01   5.3000000e+01   7.0380852e+00
   4.4572093e+01   5.3000000e+01   7.0380852e+00
   4.4582093e+01   5.3000000e+01   7.0380852e+00
   4.4592093e+01   5.3000000e+01   7.0380852e+00
   4.4602093e+01   5.3000000e+01   7.0380852e+00
   4.4612093e+01   5.3000000e+01   7.0380852e+00
   4.4622093e+01   5.3000000e+01   7.0380852e+00
   4.4632093e+01   5.3000000e+01   7.0380852e+00
   4.4642093e+01   5.3000000e+01   7.0380852e+00
   4.4652093e+01   5.3000000e+01   7.0380852e+00
   4.4662093e+01   5.3000000e+01   7.0380852e+00
   4.4672093e+01   5.3000000e+01   7.0380852e+00
   4.4682093e+01   5.3000000e+01   7.0380852e+00
   4.4692093e+01   5.3000000e+01   7.0380852e+00
   4.4702093e+01   5.3000000e+01   7.0380852e+00
   4.4712093e+01   5.3000000e+01   7.0380852e+00
   4.4722093e+01   5.3000000e+01   7.0380852e+00
   4.4732093e+01   5.3000000e+01   7.0380852e+00
   4.4742093e+01   5.3000000e+01   7.0380852e+00
   4.4752093e+01   5.3000000e+01   7.0380852e+00
   4.4762093e+01   5.3000000e+01   7.0380852e+00
   4.4772093e+01   5.3000000e+01   7.0380852e+00
   4.4782093e+01   5.3000000e+01   7.0380852e+00
   4.4792093e+01   5.3000000e+01   7.0380852e+00
   4.4802093e+01   5.3000000e+01   7.0380852e+00
   4.4812093e+01   5.3000000e+01   7.0380852e+00
   4.4822093e+01   5.3000000e+01   7.0380852e+00
   4.4832093e+01   5.3000000e+01   7.0380852e+00
   4.4842093e+01   5.3000000e+01   7.0380852e+00
   4.4852093e+01   5.3000000e+01   7.0380852e+00
   4.4862093e+01   5.3000000e+01   7.0380852e+00
   4.4872093e+01   5.3000000e+01   7.0380852e+00
   4.4882093e+01   5.3000000e+01   7.0380852e+00
   4.4892093e+01   5.3000000e+01   7.0380852e+00
   4.4902093e+01   5.3000000e+01   7.0380852e+00
   4.4912093e+01   5.3000000e+01   7.0380852e+00
   4.4922093e+01   5.3000000e+01   7.0380852e+00
   4.4932093e+01   5.3000000e+01   7.0380852e+00
   4.4942093e+01   5.3000000e+01   7.0380852e+00
   4.4952093e+01   5.3000000e+01   7.0380852e+00
   4.4962093e+01   5.3000000e+01   7.0380852e+00
   4.4972093e+01   5.3000000e+01   7.0380852e+00
   4.4982093e+01   5.3000000e+01   7.0380852e+00
   4.4992093e+01   5.3000000e+01   7.0380852e+00
   4.5002093e+01   5.3000000e+01   7.0380852e+00
   4.5012093e+01   5.3000000e+01   7.0380852e+00
   4.5022093e+01   5.3000000e+01   7.0380852e+00
   4.5032093e+01   5.3000000e+01   7.0380852e+00
   4.5042093e+01   5.3000000e+01   7.0380852e+00
   4.5052093e+01   5.3000000e+01   7.0380852e+00
   4.5062093e+01   5.3000000e+01   7.0380852e+00
   4.5072093e+01   5.3000000e+01   7.0380852e+00
   4.5082093e+01   5.3000000e+01   7.0380852e+00
   4.5092093e+01   5.3000000e+01   7.0380852e+00
   4.5102093e+01   5.3000000e+01   7.0380852e+00
   4.5112093e+01   5.3000000e+01   7.0380852e+00
   4.5122093e+01   5.3000000e+01   7.0380852e+00
   4.5132093e+01   5.3000000e+01   7.0380852e+00
   4.5142093e+01   5.3000000e+01   7.0380852e+00
   4.5152093e+01   5.3000000e+01   7.0380852e+00
   4.5162093e+01   5.3000000e+01   7.0380852e+00
   4.5172093e+01   5.3000000e+01   7.0380852e+00
   4.5182093e+01   5.3000000e+01   7.0380852e+00
   4.5192093e+01   5.3000000e+01   7.0380852e+00
   4.5202093e+01   5.3000000e+01   7.0380852e+00
   4.5212093e+01   5.3000000e+01   7.0380852e+00
   4.5222093e+01   5.3000000e+01   7.0380852e+00
   4.5232093e+01   5.3000000e+01   7.0380852e+00
   4.5242093e+01   5.3000000e+01   7.0380852e+00
   4.5252093e+01   5.3000000e+01   7.0380852e+00
   4.5262093e+01   5.3000000e+01   7.0380852e+00
   4.5272093e+01   5.3000000e+01   7.0380852e+00
   4.5282093e+01   5.3000000e+01   7.0380852e+00
   4.5292093e+01   5.3000000e+01   7.0380852e+00
   4.5302093e+01   5.3000000e+01   7.0380852e+00
   4.5312093e+01   5.3000000e+01   7.0380852e+00
   4.5322093e+01   5.3000000e+01   7.0380852e+00
   4.5332093e+01   5.3000000e+01   7.0380852e+00
   4.5342093e+01   5.3000000e+01   7.0380852e+00
   4.5352093e+01   5.3000000e+01   7.0380852e+00
   4.5362093e+01   5.3000000e+01   7.0380852e+00
   4.5372093e+01   5.3000000e+01   7.0380852e+00
   4.5382093e+01   5.3000000e+01   7.0380852e+00
   4.5392093e+01   5.3000000e+01   7.0380852e+00
   4.5402093e+01   5.3000000e+01   7.0380852e+00
   4.5407163e+01   5.3000000e+01   7.0380852e+00
   4.5407163e+01   5.4000000e+01   6.9555318e+00
   4.5407163e+01   5.4000000e+01   6.9555318e+00
   4.5417163e+01   5.4000000e+01   6.9555318e+00
   4.5427163e+01   5.4000000e+01   6.9555318e+00
   4.5437163e+01   5.4000000e+01   6.9555318e+00
   4.5447163e+01   5.4000000e+01   6.9555318e+00
   4.5457163e+01   5.4000000e+01   6.9555318e+00
   4.5467163e+01   5.4000000e+01   6.9555318e+00
   4.5477163e+01   5.4000000e+01   6.9555318e+00
   4.5487163e+01   5.4000000e+01   6.9555318e+00
   4.5497163e+01   5.4000000e+01   6.9555318e+00
   4.5507163e+01   5.4000000e+01   6.9555318e+00
   4.5517163e+01   5.4000000e+01   6.9555318e+00
   4.5527163e+01   5.4000000e+01   6.9555318e+00
   4.5537163e+01   5.4000000e+01   6.9555318e+00
   4.5547163e+01   5.4000000e+01   6.9555318e+00
   4.5557163e+01   5.4000000e+01   6.9555318e+00
   4.5567163e+01   5.4000000e+01   6.9555318e+00
   4.5577163e+01   5.4000000e+01   6.9555318e+00
   4.5587163e+01   5.4000000e+01   6.9555318e+00
   4.5597163e+01   5.4000000e+01   6.9555318e+00
   4.5607163e+01   5.4000000e+01   6.9555318e+00
   4.5617163e+01   5.4000000e+01   6.9555318e+00
   4.5627163e+01   5.4000000e+01   6.9555318e+00
   4.5637163e+01   5.4000000e+01   6.9555318e+00
   4.5647163e+01   5.4000000e+01   6.9555318e+00
   4.5657163e+01   5.4000000e+01   6.9555318e+00
   4.5667163e+01   5.4000000e+01   6.9555318e+00
   4.5677163e+01   5.4000000e+01   6.9555318e+00
   4.5687163e+01   5.4000000e+01   6.9555318e+00
   4.5697163e+01   5.4000000e+01   6.9555318e+00
   4.5707163e+01   5.4000000e+01   6.9555318e+00
   4.5717163e+01   5.4000000e+01   6.9555318e+00
   4.5727163e+01   5.4000000e+01   6.9555318e+00
   4.5737163e+01   5.4000000e+01   6.9555318e+00
   4.5747163e+01   5.4000000e+01   6.9555318e+00
   4.5757163e+01   5.4000000e+01   6.9555318e+00
   4.5767163e+01   5.4000000e+01   6.9555318e+00
   4.5777163e+01   5.4000000e+01   6.9555318e+00
   4.5787163e+01   5.4000000e+01   6.9555318e+00
   4.5797163e+01   5.4000000e+01   6.9555318e+00
   4.5807163e+01   5.4000000e+01   6.9555318e+00
   4.5817163e+01   5.4000000e+01   6.9555318e+00
   4.5827163e+01   5.4000000e+01   6.9555318e+00
   4.5837163e+01   5.4000000e+01   6.9555318e+00
   4.5847163e+01   5.4000000e+01   6.9555318e+00
   4.5857163e+01   5.4000000e+01   6.9555318e+00
   4.5867163e+01   5.4000000e+01   6.9555318e+00
   4.5877163e+01   5.4000000e+01   6.9555318e+00
   4.5887163e+01   5.4000000e+01   6.9555318e+00
   4.5897163e+01   5.4000000e+01   6.9555318e+00
   4.5907163e+01   5.4000000e+01   6.9555318e+00
   4.5917163e+01   5.4000000e+01   6.9555318e+00
   4.5927163e+01   5.4000000e+01   6.9555318e+00
   4.5937163e+01   5.4000000e+01   6.9555318e+00
   4.5947163e+01   5.4000000e+01   6.9555318e+00
   4.5957163e+01   5.4000000e+01   6.9555318e+00
   4.5967163e+01   5.4000000e+01   6.9555318e+00
   4.5977163e+01   5.4000000e+01   6.9555318e+00
   4.5987163e+01   5.4000000e+01   6.9555318e+00
   4.5997163e+01   5.4000000e+01   6.9555318e+00
   4.6007163e+01   5.4000000e+01   6.9555318e+00
   4.6017163e+01   5.4000000e+01   6.9555318e+00
   4.6027163e+01   5.4000000e+01   6.9555318e+00
   4.6037163e+01   5.4000000e+01   6.9555318e+00
   4.6047163e+01   5.4000000e+01   6.9555318e+00
   4.6057163e+01   5.4000000e+01   6.9555318e+00
   4.6067163e+01   5.4000000e+01   6.9555318e+00
   4.6077163e+01   5.4000000e+01   6.9555318e+00
   4.6087163e+01   5.4000000e+01   6.9555318e+00
   4.6097163e+01   5.4000000e+01   6.9555318e+00
   4.6107163e+01   5.4000000e+01   6.9555318e+00
   4.6117163e+01   5.4000000e+01   6.9555318e+00
   4.6127163e+01   5.4000000e+01   6.9555318e+00
   4.6137163e+01   5.4000000e+01   6.9555318e+00
   4.6147163e+01   5.4000000e+01   6.9555318e+00
   4.6157163e+01   5.4000000e+01   6.9555318e+00
   4.6167163e+01   5.4000000e+01   6.9555318e+00
   4.6177163e+01   5.4000000e+01   6.9555318e+00
   4.6187163e+01   5.4000000e+01   6.9555318e+00
   4.6197163e+01   5.4000000e+01   6.9555318e+00
   4.6207163e+01   5.4000000e+01   6.9555318e+00
   4.6217163e+01   5.4000000e+01   6.9555318e+00
   4.6227163e+01   5.4000000e+01   6.9555318e+00
   4.6237163e+01   5.4000000e+01   6.9555318e+00
   4.6247163e+01   5.4000000e+01   6.9555318e+00
   4.6257163e+01   5.4000000e+01   6.9555318e+00
   4.6267163e+01   5.4000000e+01   6.9555318e+00
   4.6277163e+01   5.4000000e+01   6.9555318e+00
   4.6287163e+01   5.4000000e+01   6.9555318e+00
   4.6297163e+01   5.4000000e+01   6.9555318e+00
   4.6307163e+01   5.4000000e+01   6.9555318e+00
   4.6317163e+01   5.4000000e+01   6.9555318e+00
   4.6327163e+01   5.4000000e+01   6.9555318e+00
   4.6337163e+01   5.4000000e+01   6.9555318e+00
   4.6347163e+01   5.4000000e+01   6.9555318e+00
   4.6357163e+01   5.4000000e+01   6.9555318e+00
   4.6367163e+01   5.4000000e+01   6.9555318e+00
   4.6377163e+01   5.4000000e+01   6.9555318e+00
   4.6387163e+01   5.4000000e+01   6.9555318e+00
   4.6397163e+01   5.4000000e+01   6.9555318e+00
   4.6407163e+01   5.4000000e+01   6.9555318e+00
   4.6417163e+01   5.4000000e+01   6.9555318e+00
   4.6427163e+01   5.4000000e+01   6.9555318e+00
   4.6437163e+01   5.4000000e+01   6.9555318e+00
   4.6447163e+01   5.4000000e+01   6.9555318e+00
   4.6457163e+01   5.4000000e+01   6.9555318e+00
   4.6467163e+01   5.4000000e+01   6.9555318e+00
   4.6477163e+01   5.4000000e+01   6.9555318e+00
   4.6487163e+01   5.4000000e+01   6.9555318e+00
   4.6497163e+01   5.4000000e+01   6.9555318e+00
   4.6507163e+01   5.4000000e+01   6.9555318e+00
   4.6517163e+01   5.4000000e+01   6.9555318e+00
   4.6527163e+01   5.4000000e+01   6.9555318e+00
   4.6537163e+01   5.4000000e+01   6.9555318e+00
   4.6547163e+01   5.4000000e+01   6.9555318e+00
   4.6557163e+01   5.4000000e+01   6.9555318e+00
   4.6567163e+01   5.4000000e+01   6.9555318e+00
   4.6577163e+01   5.4000000e+01   6.9555318e+00
   4.6587163e+01   5.4000000e+01   6.9555318e+00
   4.6597163e+01   5.4000000e+01   6.9555318e+00
   4.6607163e+01   5.4000000e+01   6.9555318e+00
   4.6617163e+01   5.4000000e+01   6.9555318e+00
   4.6627163e+01   5.4000000e+01   6.9555318e+00
   4.6637163e+01   5.4000000e+01   6.9555318e+00
   4.6647163e+01   5.4000000e+01   6.9555318e+00
   4.6657163e+01   5.4000000e+01   6.9555318e+00
   4.6667163e+01   5.4000000e+01   6.9555318e+00
   4.6677163e+01   5.4000000e+01   6.9555318e+00
   4.6687163e+01   5.4000000e+01   6.9555318e+00
   4.6697163e+01   5.4000000e+01   6.9555318e+00
   4.6707163e+01   5.4000000e+01   6.9555318e+00
   4.6717163e+01   5.4000000e+01   6.9555318e+00
   4.6727163e+01   5.4000000e+01   6.9555318e+00
   4.6737163e+01   5.4000000e+01   6.9555318e+00
   4.6747163e+01   5.4000000e+01   6.9555318e+00
   4.6757163e+01   5.4000000e+01   6.9555318e+00
   4.6767163e+01   5.4000000e+01   6.9555318e+00
   4.6777163e+01   5.4000000e+01   6.9555318e+00
   4.6787163e+01   5.4000000e+01   6.9555318e+00
   4.6797163e+01   5.4000000e+01   6.9555318e+00
   4.6807163e+01   5.4000000e+01   6.9555318e+00
   4.6817163e+01   5.4000000e+01   6.9555318e+00
   4.6827163e+01   5.4000000e+01   6.9555318e+00
   4.6837163e+01   5.4000000e+01   6.9555318e+00
   4.6847163e+01   5.4000000e+01   6.9555318e+00
   4.6857163e+01   5.4000000e+01   6.9555318e+00
   4.6867163e+01   5.4000000e+01   6.9555318e+00
   4.6877163e+01   5.4000000e+01   6.9555318e+00
   4.6887163e+01   5.4000000e+01   6.9555318e+00
   4.6897163e+01   5.4000000e+01   6.9555318e+00
   4.6907163e+01   5.4000000e+01   6.9555318e+00
   4.6917163e+01   5.4000000e+01   6.9555318e+00
   4.6920044e+01   5.4000000e+01   6.9555318e+00
   4.6920044e+01   5.5000000e+01   6.8657371e+00
   4.6920044e+01   5.5000000e+01   6.8657371e+00
   4.6930044e+01   5.5000000e+01   6.8657371e+00
   4.6940044e+01   5.5000000e+01   6.8657371e+00
   4.6950044e+01   5.5000000e+01   6.8657371e+00
   4.6960044e+01   5.5000000e+01   6.8657371e+00
   4.6970044e+01   5.5000000e+01   6.8657371e+00
   4.6980044e+01   5.5000000e+01   6.8657371e+00
   4.6990044e+01   5.5000000e+01   6.8657371e+00
   4.7000044e+01   5.5000000e+01   6.8657371e+00
   4.7010044e+01   5.5000000e+01   6.8657371e+00
   4.7020044e+01   5.5000000e+01   6.8657371e+00
   4.7030044e+01   5.5000000e+01   6.8657371e+00
   4.7040044e+01   5.5000000e+01   6.8657371e+00
   4.7050044e+01   5.5000000e+01   6.8657371e+00
   4.7060044e+01   5.5000000e+01   6.8657371e+00
   4.7070044e+01   5.5000000e+01   6.8657371e+00
   4.7080044e+01   5.5000000e+01   6.8657371e+00
   4.7090044e+01   5.5000000e+01   6.8657371e+00
   4.7100044e+01   5.5000000e+01   6.8657371e+00
   4.7110044e+01   5.5000000e+01   6.8657371e+00
   4.7120044e+01   5.5000000e+01   6.8657371e+00
   4.7130044e+01   5.5000000e+01   6.8657371e+00
   4.7140044e+01   5.5000000e+01   6.8657371e+00
   4.7150044e+01   5.5000000e+01   6.8657371e+00
   4.7160044e+01   5.5000000e+01   6.8657371e+00
   4.7170044e+01   5.5000000e+01   6.8657371e+00
   4.7180044e+01   5.5000000e+01   6.8657371e+00
   4.7190044e+01   5.5000000e+01   6.8657371e+00
   4.7200044e+01   5.5000000e+01   6.8657371e+00
   4.7210044e+01   5.5000000e+01   6.8657371e+00
   4.7220044e+01   5.5000000e+01   6.8657371e+00
   4.7230044e+01   5.5000000e+01   6.8657371e+00
   4.7240044e+01   5.5000000e+01   6.8657371e+00
   4.7250044e+01   5.5000000e+01   6.8657371e+00
   4.7260044e+01   5.5000000e+01   6.8657371e+00
   4.7270044e+01   5.5000000e+01   6.8657371e+00
   4.7280044e+01   5.5000000e+01   6.8657371e+00
   4.7290044e+01   5.5000000e+01   6.8657371e+00
   4.7300044e+01   5.5000000e+01   6.8657371e+00
   4.7310044e+01   5.5000000e+01   6.8657371e+00
   4.7320044e+01   5.5000000e+01   6.8657371e+00
   4.7330044e+01   5.5000000e+01   6.8657371e+00
   4.7340044e+01   5.5000000e+01   6.8657371e+00
   4.7350044e+01   5.5000000e+01   6.8657371e+00
   4.7360044e+01   5.5000000e+01   6.8657371e+00
   4.7370044e+01   5.5000000e+01   6.8657371e+00
   4.7380044e+01   5.5000000e+01   6.8657371e+00
   4.7390044e+01   5.5000000e+01   6.8657371e+00
   4.7400044e+01   5.5000000e+01   6.8657371e+00
   4.7410044e+01   5.5000000e+01   6.8657371e+00
   4.7420044e+01   5.5000000e+01   6.8657371e+00
   4.7430044e+01   5.5000000e+01   6.8657371e+00
   4.7440044e+01   5.5000000e+01   6.8657371e+00
   4.7450044e+01   5.5000000e+01   6.8657371e+00
   4.7460044e+01   5.5000000e+01   6.8657371e+00
   4.7470044e+01   5.5000000e+01   6.8657371e+00
   4.7480044e+01   5.5000000e+01   6.8657371e+00
   4.7490044e+01   5.5000000e+01   6.8657371e+00
   4.7500044e+01   5.5000000e+01   6.8657371e+00
   4.7510044e+01   5.5000000e+01   6.8657371e+00
   4.7520044e+01   5.5000000e+01   6.8657371e+00
   4.7530044e+01   5.5000000e+01   6.8657371e+00
   4.7540044e+01   5.5000000e+01   6.8657371e+00
   4.7550044e+01   5.5000000e+01   6.8657371e+00
   4.7560044e+01   5.5000000e+01   6.8657371e+00
   4.7570044e+01   5.5000000e+01   6.8657371e+00
   4.7580044e+01   5.5000000e+01   6.8657371e+00
   4.7590044e+01   5.5000000e+01   6.8657371e+00
   4.7600044e+01   5.5000000e+01   6.8657371e+00
   4.7610044e+01   5.5000000e+01   6.8657371e+00
   4.7620044e+01   5.5000000e+01   6.8657371e+00
   4.7630044e+01   5.5000000e+01   6.8657371e+00
   4.7640044e+01   5.5000000e+01   6.8657371e+00
   4.7650044e+01   5.5000000e+01   6.8657371e+00
   4.7660044e+01   5.5000000e+01   6.8657371e+00
   4.7670044e+01   5.5000000e+01   6.8657371e+00
   4.7680044e+01   5.5000000e+01   6.8657371e+00
   4.7690044e+01   5.5000000e+01   6.8657371e+00
   4.7700044e+01   5.5000000e+01   6.8657371e+00
   4.7710044e+01   5.5000000e+01   6.8657371e+00
   4.7720044e+01   5.5000000e+01   6.8657371e+00
   4.7730044e+01   5.5000000e+01   6.8657371e+00
   4.7740044e+01   5.5000000e+01   6.8657371e+00
   4.7750044e+01   5.5000000e+01   6.8657371e+00
   4.7760044e+01   5.5000000e+01   6.8657371e+00
   4.7770044e+01   5.5000000e+01   6.8657371e+00
   4.7780044e+01   5.5000000e+01   6.8657371e+00
   4.7790044e+01   5.5000000e+01   6.8657371e+00
   4.7800044e+01   5.5000000e+01   6.8657371e+00
   4.7810044e+01   5.5000000e+01   6.8657371e+00
   4.7820044e+01   5.5000000e+01   6.8657371e+00
   4.7830044e+01   5.5000000e+01   6.8657371e+00
   4.7840044e+01   5.5000000e+01   6.8657371e+00
   4.7850044e+01   5.5000000e+01   6.8657371e+00
   4.7860044e+01   5.5000000e+01   6.8657371e+00
   4.7870044e+01   5.5000000e+01   6.8657371e+00
   4.7880044e+01   5.5000000e+01   6.8657371e+00
   4.7890044e+01   5.5000000e+01   6.8657371e+00
   4.7900044e+01   5.5000000e+01   6.8657371e+00
   4.7910044e+01   5.5000000e+01   6.8657371e+00
   4.7920044e+01   5.5000000e+01   6.8657371e+00
   4.7930044e+01   5.5000000e+01   6.8657371e+00
   4.7940044e+01   5.5000000e+01   6.8657371e+00
   4.7950044e+01   5.5000000e+01   6.8657371e+00
   4.7960044e+01   5.5000000e+01   6.8657371e+00
   4.7970044e+01   5.5000000e+01   6.8657371e+00
   4.7980044e+01   5.5000000e+01   6.8657371e+00
   4.7990044e+01   5.5000000e+01   6.8657371e+00
   4.8000044e+01   5.5000000e+01   6.8657371e+00
   4.8010044e+01   5.5000000e+01   6.8657371e+00
   4.8020044e+01   5.5000000e+01   6.8657371e+00
   4.8030044e+01   5.5000000e+01   6.8657371e+00
   4.8040044e+01   5.5000000e+01   6.8657371e+00
   4.8050044e+01   5.5000000e+01   6.8657371e+00
   4.8060044e+01   5.5000000e+01   6.8657371e+00
   4.8070044e+01   5.5000000e+01   6.8657371e+00
   4.8080044e+01   5.5000000e+01   6.8657371e+00
   4.8090044e+01   5.5000000e+01   6.8657371e+00
   4.8100044e+01   5.5000000e+01   6.8657371e+00
   4.8110044e+01   5.5000000e+01   6.8657371e+00
   4.8120044e+01   5.5000000e+01   6.8657371e+00
   4.8130044e+01   5.5000000e+01   6.8657371e+00
   4.8140044e+01   5.5000000e+01   6.8657371e+00
   4.8150044e+01   5.5000000e+01   6.8657371e+00
   4.8160044e+01   5.5000000e+01   6.8657371e+00
   4.8170044e+01   5.5000000e+01   6.8657371e+00
   4.8180044e+01   5.5000000e+01   6.8657371e+00
   4.8190044e+01   5.5000000e+01   6.8657371e+00
   4.8200044e+01   5.5000000e+01   6.8657371e+00
   4.8210044e+01   5.5000000e+01   6.8657371e+00
   4.8220044e+01   5.5000000e+01   6.8657371e+00
   4.8230044e+01   5.5000000e+01   6.8657371e+00
   4.8240044e+01   5.5000000e+01   6.8657371e+00
   4.8250044e+01   5.5000000e+01   6.8657371e+00
   4.8260044e+01   5.5000000e+01   6.8657371e+00
   4.8270044e+01   5.5000000e+01   6.8657371e+00
   4.8280044e+01   5.5000000e+01   6.8657371e+00
   4.8290044e+01   5.5000000e+01   6.8657371e+00
   4.8300044e+01   5.5000000e+01   6.8657371e+00
   4.8310044e+01   5.5000000e+01   6.8657371e+00
   4.8320044e+01   5.5000000e+01   6.8657371e+00
   4.8330044e+01   5.5000000e+01   6.8657371e+00
   4.8340044e+01   5.5000000e+01   6.8657371e+00
   4.8350044e+01   5.5000000e+01   6.8657371e+00
   4.8360044e+01   5.5000000e+01   6.8657371e+00
   4.8370044e+01   5.5000000e+01   6.8657371e+00
   4.8380044e+01   5.5000000e+01   6.8657371e+00
   4.8390044e+01   5.5000000e+01   6.8657371e+00
   4.8400044e+01   5.5000000e+01   6.8657371e+00
   4.8410044e+01   5.5000000e+01   6.8657371e+00
   4.8420044e+01   5.5000000e+01   6.8657371e+00
   4.8430044e+01   5.5000000e+01   6.8657371e+00
   4.8440044e+01   5.5000000e+01   6.8657371e+00
   4.8450044e+01   5.5000000e+01   6.8657371e+00
   4.8450308e+01   5.5000000e+01   6.8657371e+00
   4.8450308e+01   5.6000000e+01   6.7687639e+00
   4.8450308e+01   5.6000000e+01   6.7687639e+00
   4.8460308e+01   5.6000000e+01   6.7687639e+00
   4.8470308e+01   5.6000000e+01   6.7687639e+00
   4.8480308e+01   5.6000000e+01   6.7687639e+00
   4.8490308e+01   5.6000000e+01   6.7687639e+00
   4.8500308e+01   5.6000000e+01   6.7687639e+00
   4.8510308e+01   5.6000000e+01   6.7687639e+00
   4.8520308e+01   5.6000000e+01   6.7687639e+00
   4.8530308e+01   5.6000000e+01   6.7687639e+00
   4.8540308e+01   5.6000000e+01   6.7687639e+00
   4.8550308e+01   5.6000000e+01   6.7687639e+00
   4.8560308e+01   5.6000000e+01   6.7687639e+00
   4.8570308e+01   5.6000000e+01   6.7687639e+00
   4.8580308e+01   5.6000000e+01   6.7687639e+00
   4.8590308e+01   5.6000000e+01   6.7687639e+00
   4.8600308e+01   5.6000000e+01   6.7687639e+00
   4.8610308e+01   5.6000000e+01   6.7687639e+00
   4.8620308e+01   5.6000000e+01   6.7687639e+00
   4.8630308e+01   5.6000000e+01   6.7687639e+00
   4.8640308e+01   5.6000000e+01   6.7687639e+00
   4.8650308e+01   5.6000000e+01   6.7687639e+00
   4.8660308e+01   5.6000000e+01   6.7687639e+00
   4.8670308e+01   5.6000000e+01   6.7687639e+00
   4.8680308e+01   5.6000000e+01   6.7687639e+00
   4.8690308e+01   5.6000000e+01   6.7687639e+00
   4.8700308e+01   5.6000000e+01   6.7687639e+00
   4.8710308e+01   5.6000000e+01   6.7687639e+00
   4.8720308e+01   5.6000000e+01   6.7687639e+00
   4.8730308e+01   5.6000000e+01   6.7687639e+00
   4.8740308e+01   5.6000000e+01   6.7687639e+00
   4.8750308e+01   5.6000000e+01   6.7687639e+00
   4.8760308e+01   5.6000000e+01   6.7687639e+00
   4.8770308e+01   5.6000000e+01   6.7687639e+00
   4.8780308e+01   5.6000000e+01   6.7687639e+00
   4.8790308e+01   5.6000000e+01   6.7687639e+00
   4.8800308e+01   5.6000000e+01   6.7687639e+00
   4.8810308e+01   5.6000000e+01   6.7687639e+00
   4.8820308e+01   5.6000000e+01   6.7687639e+00
   4.8830308e+01   5.6000000e+01   6.7687639e+00
   4.8840308e+01   5.6000000e+01   6.7687639e+00
   4.8850308e+01   5.6000000e+01   6.7687639e+00
   4.8860308e+01   5.6000000e+01   6.7687639e+00
   4.8870308e+01   5.6000000e+01   6.7687639e+00
   4.8880308e+01   5.6000000e+01   6.7687639e+00
   4.8890308e+01   5.6000000e+01   6.7687639e+00
   4.8900308e+01   5.6000000e+01   6.7687639e+00
   4.8910308e+01   5.6000000e+01   6.7687639e+00
   4.8920308e+01   5.6000000e+01   6.7687639e+00
   4.8930308e+01   5.6000000e+01   6.7687639e+00
   4.8940308e+01   5.6000000e+01   6.7687639e+00
   4.8950308e+01   5.6000000e+01   6.7687639e+00
   4.8960308e+01   5.6000000e+01   6.7687639e+00
   4.8970308e+01   5.6000000e+01   6.7687639e+00
   4.8980308e+01   5.6000000e+01   6.7687639e+00
   4.8990308e+01   5.6000000e+01   6.7687639e+00
   4.9000308e+01   5.6000000e+01   6.7687639e+00
   4.9010308e+01   5.6000000e+01   6.7687639e+00
   4.9020308e+01   5.6000000e+01   6.7687639e+00
   4.9030308e+01   5.6000000e+01   6.7687639e+00
   4.9040308e+01   5.6000000e+01   6.7687639e+00
   4.9050308e+01   5.6000000e+01   6.7687639e+00
   4.9060308e+01   5.6000000e+01   6.7687639e+00
   4.9070308e+01   5.6000000e+01   6.7687639e+00
   4.9080308e+01   5.6000000e+01   6.7687639e+00
   4.9090308e+01   5.6000000e+01   6.7687639e+00
   4.9100308e+01   5.6000000e+01   6.7687639e+00
   4.9110308e+01   5.6000000e+01   6.7687639e+00
   4.9120308e+01   5.6000000e+01   6.7687639e+00
   4.9130308e+01   5.6000000e+01   6.7687639e+00
   4.9140308e+01   5.6000000e+01   6.7687639e+00
   4.9150308e+01   5.6000000e+01   6.7687639e+00
   4.9160308e+01   5.6000000e+01   6.7687639e+00
   4.9170308e+01   5.6000000e+01   6.7687639e+00
   4.9180308e+01   5.6000000e+01   6.7687639e+00
   4.9190308e+01   5.6000000e+01   6.7687639e+00
   4.9200308e+01   5.6000000e+01   6.7687639e+00
   4.9210308e+01   5.6000000e+01   6.7687639e+00
   4.9220308e+01   5.6000000e+01   6.7687639e+00
   4.9230308e+01   5.6000000e+01   6.7687639e+00
   4.9240308e+01   5.6000000e+01   6.7687639e+00
   4.9250308e+01   5.6000000e+01   6.7687639e+00
   4.9260308e+01   5.6000000e+01   6.7687639e+00
   4.9270308e+01   5.6000000e+01   6.7687639e+00
   4.9280308e+01   5.6000000e+01   6.7687639e+00
   4.9290308e+01   5.6000000e+01   6.7687639e+00
   4.9300308e+01   5.6000000e+01   6.7687639e+00
   4.9310308e+01   5.6000000e+01   6.7687639e+00
   4.9320308e+01   5.6000000e+01   6.7687639e+00
   4.9330308e+01   5.6000000e+01   6.7687639e+00
   4.9340308e+01   5.6000000e+01   6.7687639e+00
   4.9350308e+01   5.6000000e+01   6.7687639e+00
   4.9360308e+01   5.6000000e+01   6.7687639e+00
   4.9370308e+01   5.6000000e+01   6.7687639e+00
   4.9380308e+01   5.6000000e+01   6.7687639e+00
   4.9390308e+01   5.6000000e+01   6.7687639e+00
   4.9400308e+01   5.6000000e+01   6.7687639e+00
   4.9410308e+01   5.6000000e+01   6.7687639e+00
   4.9420308e+01   5.6000000e+01   6.7687639e+00
   4.9430308e+01   5.6000000e+01   6.7687639e+00
   4.9440308e+01   5.6000000e+01   6.7687639e+00
   4.9450308e+01   5.6000000e+01   6.7687639e+00
   4.9460308e+01   5.6000000e+01   6.7687639e+00
   4.9470308e+01   5.6000000e+01   6.7687639e+00
   4.9480308e+01   5.6000000e+01   6.7687639e+00
   4.9490308e+01   5.6000000e+01   6.7687639e+00
   4.9500308e+01   5.6000000e+01   6.7687639e+00
   4.9510308e+01   5.6000000e+01   6.7687639e+00
   4.9520308e+01   5.6000000e+01   6.7687639e+00
   4.9530308e+01   5.6000000e+01   6.7687639e+00
   4.9540308e+01   5.6000000e+01   6.7687639e+00
   4.9550308e+01   5.6000000e+01   6.7687639e+00
   4.9560308e+01   5.6000000e+01   6.7687639e+00
   4.9570308e+01   5.6000000e+01   6.7687639e+00
   4.9580308e+01   5.6000000e+01   6.7687639e+00
   4.9590308e+01   5.6000000e+01   6.7687639e+00
   4.9600308e+01   5.6000000e+01   6.7687639e+00
   4.9610308e+01   5.6000000e+01   6.7687639e+00
   4.9620308e+01   5.6000000e+01   6.7687639e+00
   4.9630308e+01   5.6000000e+01   6.7687639e+00
   4.9640308e+01   5.6000000e+01   6.7687639e+00
   4.9650308e+01   5.6000000e+01   6.7687639e+00
   4.9660308e+01   5.6000000e+01   6.7687639e+00
   4.9670308e+01   5.6000000e+01   6.7687639e+00
   4.9680308e+01   5.6000000e+01   6.7687639e+00
   4.9690308e+01   5.6000000e+01   6.7687639e+00
   4.9700308e+01   5.6000000e+01   6.7687639e+00
   4.9710308e+01   5.6000000e+01   6.7687639e+00
   4.9720308e+01   5.6000000e+01   6.7687639e+00
   4.9730308e+01   5.6000000e+01   6.7687639e+00
   4.9740308e+01   5.6000000e+01   6.7687639e+00
   4.9750308e+01   5.6000000e+01   6.7687639e+00
   4.9760308e+01   5.6000000e+01   6.7687639e+00
   4.9770308e+01   5.6000000e+01   6.7687639e+00
   4.9780308e+01   5.6000000e+01   6.7687639e+00
   4.9790308e+01   5.6000000e+01   6.7687639e+00
   4.9800308e+01   5.6000000e+01   6.7687639e+00
   4.9810308e+01   5.6000000e+01   6.7687639e+00
   4.9820308e+01   5.6000000e+01   6.7687639e+00
   4.9830308e+01   5.6000000e+01   6.7687639e+00
   4.9840308e+01   5.6000000e+01   6.7687639e+00
   4.9850308e+01   5.6000000e+01   6.7687639e+00
   4.9860308e+01   5.6000000e+01   6.7687639e+00
   4.9870308e+01   5.6000000e+01   6.7687639e+00
   4.9880308e+01   5.6000000e+01   6.7687639e+00
   4.9890308e+01   5.6000000e+01   6.7687639e+00
   4.9900308e+01   5.6000000e+01   6.7687639e+00
   4.9910308e+01   5.6000000e+01   6.7687639e+00
   4.9920308e+01   5.6000000e+01   6.7687639e+00
   4.9930308e+01   5.6000000e+01   6.7687639e+00
   4.9940308e+01   5.6000000e+01   6.7687639e+00
   4.9950308e+01   5.6000000e+01   6.7687639e+00
   4.9960308e+01   5.6000000e+01   6.7687639e+00
   4.9970308e+01   5.6000000e+01   6.7687639e+00
   4.9980308e+01   5.6000000e+01   6.7687639e+00
   4.9990308e+01   5.6000000e+01   6.7687639e+00
   4.9997524e+01   5.6000000e+01   6.7687639e+00
   4.9997524e+01   5.7000000e+01   6.6646786e+00
   4.9997524e+01   5.7000000e+01   6.6646786e+00
   5.0007524e+01   5.7000000e+01   6.6646786e+00
   5.0017524e+01   5.7000000e+01   6.6646786e+00
   5.0027524e+01   5.7000000e+01   6.6646786e+00
   5.0037524e+01   5.7000000e+01   6.6646786e+00
   5.0047524e+01   5.7000000e+01   6.6646786e+00
   5.0057524e+01   5.7000000e+01   6.6646786e+00
   5.0067524e+01   5.7000000e+01   6.6646786e+00
   5.0077524e+01   5.7000000e+01   6.6646786e+00
   5.0087524e+01   5.7000000e+01   6.6646786e+00
   5.0097524e+01   5.7000000e+01   6.6646786e+00
   5.0107524e+01   5.7000000e+01   6.6646786e+00
   5.0117524e+01   5.7000000e+01   6.6646786e+00
   5.0127524e+01   5.7000000e+01   6.6646786e+00
   5.0137524e+01   5.7000000e+01   6.6646786e+00
   5.0147524e+01   5.7000000e+01   6.6646786e+00
   5.0157524e+01   5.7000000e+01   6.6646786e+00
   5.0167524e+01   5.7000000e+01   6.6646786e+00
   5.0177524e+01   5.7000000e+01   6.6646786e+00
   5.0187524e+01   5.7000000e+01   6.6646786e+00
   5.0197524e+01   5.7000000e+01   6.6646786e+00
   5.0207524e+01   5.7000000e+01   6.6646786e+00
   5.0217524e+01   5.7000000e+01   6.6646786e+00
   5.0227524e+01   5.7000000e+01   6.6646786e+00
   5.0237524e+01   5.7000000e+01   6.6646786e+00
   5.0247524e+01   5.7000000e+01   6.6646786e+00
   5.0257524e+01   5.7000000e+01   6.6646786e+00
   5.0267524e+01   5.7000000e+01   6.6646786e+00
   5.0277524e+01   5.7000000e+01   6.6646786e+00
   5.0287524e+01   5.7000000e+01   6.6646786e+00
   5.0297524e+01   5.7000000e+01   6.6646786e+00
   5.0307524e+01   5.7000000e+01   6.6646786e+00
   5.0317524e+01   5.7000000e+01   6.6646786e+00
   5.0327524e+01   5.7000000e+01   6.6646786e+00
   5.0337524e+01   5.7000000e+01   6.6646786e+00
   5.0347524e+01   5.7000000e+01   6.6646786e+00
   5.0357524e+01   5.7000000e+01   6.6646786e+00
   5.0367524e+01   5.7000000e+01   6.6646786e+00
   5.0377524e+01   5.7000000e+01   6.6646786e+00
   5.0387524e+01   5.7000000e+01   6.6646786e+00
   5.0397524e+01   5.7000000e+01   6.6646786e+00
   5.0407524e+01   5.7000000e+01   6.6646786e+00
   5.0417524e+01   5.7000000e+01   6.6646786e+00
   5.0427524e+01   5.7000000e+01   6.6646786e+00
   5.0437524e+01   5.7000000e+01   6.6646786e+00
   5.0447524e+01   5.7000000e+01   6.6646786e+00
   5.0457524e+01   5.7000000e+01   6.6646786e+00
   5.0467524e+01   5.7000000e+01   6.6646786e+00
   5.0477524e+01   5.7000000e+01   6.6646786e+00
   5.0487524e+01   5.7000000e+01   6.6646786e+00
   5.0497524e+01   5.7000000e+01   6.6646786e+00
   5.0507524e+01   5.7000000e+01   6.6646786e+00
   5.0517524e+01   5.7000000e+01   6.6646786e+00
   5.0527524e+01   5.7000000e+01   6.6646786e+00
   5.0537524e+01   5.7000000e+01   6.6646786e+00
   5.0547524e+01   5.7000000e+01   6.6646786e+00
   5.0557524e+01   5.7000000e+01   6.6646786e+00
   5.0567524e+01   5.7000000e+01   6.6646786e+00
   5.0577524e+01   5.7000000e+01   6.6646786e+00
   5.0587524e+01   5.7000000e+01   6.6646786e+00
   5.0597524e+01   5.7000000e+01   6.6646786e+00
   5.0607524e+01   5.7000000e+01   6.6646786e+00
   5.0617524e+01   5.7000000e+01   6.6646786e+00
   5.0627524e+01   5.7000000e+01   6.6646786e+00
   5.0637524e+01   5.7000000e+01   6.6646786e+00
   5.0647524e+01   5.7000000e+01   6.6646786e+00
   5.0657524e+01   5.7000000e+01   6.6646786e+00
   5.0667524e+01   5.7000000e+01   6.6646786e+00
   5.0677524e+01   5.7000000e+01   6.6646786e+00
   5.0687524e+01   5.7000000e+01   6.6646786e+00
   5.0697524e+01   5.7000000e+01   6.6646786e+00
   5.0707524e+01   5.7000000e+01   6.6646786e+00
   5.0717524e+01   5.7000000e+01   6.6646786e+00
   5.0727524e+01   5.7000000e+01   6.6646786e+00
   5.0737524e+01   5.7000000e+01   6.6646786e+00
   5.0747524e+01   5.7000000e+01   6.6646786e+00
   5.0757524e+01   5.7000000e+01   6.6646786e+00
   5.0767524e+01   5.7000000e+01   6.6646786e+00
   5.0777524e+01   5.7000000e+01   6.6646786e+00
   5.0787524e+01   5.7000000e+01   6.6646786e+00
   5.0797524e+01   5.7000000e+01   6.6646786e+00
   5.0807524e+01   5.7000000e+01   6.6646786e+00
   5.0817524e+01   5.7000000e+01   6.6646786e+00
   5.0827524e+01   5.7000000e+01   6.6646786e+00
   5.0837524e+01   5.7000000e+01   6.6646786e+00
   5.0847524e+01   5.7000000e+01   6.6646786e+00
   5.0857524e+01   5.7000000e+01   6.6646786e+00
   5.0867524e+01   5.7000000e+01   6.6646786e+00
   5.0877524e+01   5.7000000e+01   6.6646786e+00
   5.0887524e+01   5.7000000e+01   6.6646786e+00
   5.0897524e+01   5.7000000e+01   6.6646786e+00
   5.0907524e+01   5.7000000e+01   6.6646786e+00
   5.0917524e+01   5.7000000e+01   6.6646786e+00
   5.0927524e+01   5.7000000e+01   6.6646786e+00
   5.0937524e+01   5.7000000e+01   6.6646786e+00
   5.0947524e+01   5.7000000e+01   6.6646786e+00
   5.0957524e+01   5.7000000e+01   6.6646786e+00
   5.0967524e+01   5.7000000e+01   6.6646786e+00
   5.0977524e+01   5.7000000e+01   6.6646786e+00
   5.0987524e+01   5.7000000e+01   6.6646786e+00
   5.0997524e+01   5.7000000e+01   6.6646786e+00
   5.1007524e+01   5.7000000e+01   6.6646786e+00
   5.1017524e+01   5.7000000e+01   6.6646786e+00
   5.1027524e+01   5.7000000e+01   6.6646786e+00
   5.1037524e+01   5.7000000e+01   6.6646786e+00
   5.1047524e+01   5.7000000e+01   6.6646786e+00
   5.1057524e+01   5.7000000e+01   6.6646786e+00
   5.1067524e+01   5.7000000e+01   6.6646786e+00
   5.1077524e+01   5.7000000e+01   6.6646786e+00
   5.1087524e+01   5.7000000e+01   6.6646786e+00
   5.1097524e+01   5.7000000e+01   6.6646786e+00
   5.1107524e+01   5.7000000e+01   6.6646786e+00
   5.1117524e+01   5.7000000e+01   6.6646786e+00
   5.1127524e+01   5.7000000e+01   6.6646786e+00
   5.1137524e+01   5.7000000e+01   6.6646786e+00
   5.1147524e+01   5.7000000e+01   6.6646786e+00
   5.1157524e+01   5.7000000e+01   6.6646786e+00
   5.1167524e+01   5.7000000e+01   6.6646786e+00
   5.1177524e+01   5.7000000e+01   6.6646786e+00
   5.1187524e+01   5.7000000e+01   6.6646786e+00
   5.1197524e+01   5.7000000e+01   6.6646786e+00
   5.1207524e+01   5.7000000e+01   6.6646786e+00
   5.1217524e+01   5.7000000e+01   6.6646786e+00
   5.1227524e+01   5.7000000e+01   6.6646786e+00
   5.1237524e+01   5.7000000e+01   6.6646786e+00
   5.1247524e+01   5.7000000e+01   6.6646786e+00
   5.1257524e+01   5.7000000e+01   6.6646786e+00
   5.1267524e+01   5.7000000e+01   6.6646786e+00
   5.1277524e+01   5.7000000e+01   6.6646786e+00
   5.1287524e+01   5.7000000e+01   6.6646786e+00
   5.1297524e+01   5.7000000e+01   6.6646786e+00
   5.1307524e+01   5.7000000e+01   6.6646786e+00
   5.1317524e+01   5.7000000e+01   6.6646786e+00
   5.1327524e+01   5.7000000e+01   6.6646786e+00
   5.1337524e+01   5.7000000e+01   6.6646786e+00
   5.1347524e+01   5.7000000e+01   6.6646786e+00
   5.1357524e+01   5.7000000e+01   6.6646786e+00
   5.1367524e+01   5.7000000e+01   6.6646786e+00
   5.1377524e+01   5.7000000e+01   6.6646786e+00
   5.1387524e+01   5.7000000e+01   6.6646786e+00
   5.1397524e+01   5.7000000e+01   6.6646786e+00
   5.1407524e+01   5.7000000e+01   6.6646786e+00
   5.1417524e+01   5.7000000e+01   6.6646786e+00
   5.1427524e+01   5.7000000e+01   6.6646786e+00
   5.1437524e+01   5.7000000e+01   6.6646786e+00
   5.1447524e+01   5.7000000e+01   6.6646786e+00
   5.1457524e+01   5.7000000e+01   6.6646786e+00
   5.1467524e+01   5.7000000e+01   6.6646786e+00
   5.1477524e+01   5.7000000e+01   6.6646786e+00
   5.1487524e+01   5.7000000e+01   6.6646786e+00
   5.1497524e+01   5.7000000e+01   6.6646786e+00
   5.1507524e+01   5.7000000e+01   6.6646786e+00
   5.1517524e+01   5.7000000e+01   6.6646786e+00
   5.1527524e+01   5.7000000e+01   6.6646786e+00
   5.1537524e+01   5.7000000e+01   6.6646786e+00
   5.1547524e+01   5.7000000e+01   6.6646786e+00
   5.1557524e+01   5.7000000e+01   6.6646786e+00
   5.1561256e+01   5.7000000e+01   6.6646786e+00
   5.1561256e+01   5.8000000e+01   6.5535507e+00
   5.1561256e+01   5.8000000e+01   6.5535507e+00
   5.1571256e+01   5.8000000e+01   6.5535507e+00
   5.1581256e+01   5.8000000e+01   6.5535507e+00
   5.1591256e+01   5.8000000e+01   6.5535507e+00
   5.1601256e+01   5.8000000e+01   6.5535507e+00
   5.1611256e+01   5.8000000e+01   6.5535507e+00
   5.1621256e+01   5.8000000e+01   6.5535507e+00
   5.1631256e+01   5.8000000e+01   6.5535507e+00
   5.1641256e+01   5.8000000e+01   6.5535507e+00
   5.1651256e+01   5.8000000e+01   6.5535507e+00
   5.1661256e+01   5.8000000e+01   6.5535507e+00
   5.1671256e+01   5.8000000e+01   6.5535507e+00
   5.1681256e+01   5.8000000e+01   6.5535507e+00
   5.1691256e+01   5.8000000e+01   6.5535507e+00
   5.1701256e+01   5.8000000e+01   6.5535507e+00
   5.1711256e+01   5.8000000e+01   6.5535507e+00
   5.1721256e+01   5.8000000e+01   6.5535507e+00
   5.1731256e+01   5.8000000e+01   6.5535507e+00
   5.1741256e+01   5.8000000e+01   6.5535507e+00
   5.1751256e+01   5.8000000e+01   6.5535507e+00
   5.1761256e+01   5.8000000e+01   6.5535507e+00
   5.1771256e+01   5.8000000e+01   6.5535507e+00
   5.1781256e+01   5.8000000e+01   6.5535507e+00
   5.1791256e+01   5.8000000e+01   6.5535507e+00
   5.1801256e+01   5.8000000e+01   6.5535507e+00
   5.1811256e+01   5.8000000e+01   6.5535507e+00
   5.1821256e+01   5.8000000e+01   6.5535507e+00
   5.1831256e+01   5.8000000e+01   6.5535507e+00
   5.1841256e+01   5.8000000e+01   6.5535507e+00
   5.1851256e+01   5.8000000e+01   6.5535507e+00
   5.1861256e+01   5.8000000e+01   6.5535507e+00
   5.1871256e+01   5.8000000e+01   6.5535507e+00
   5.1881256e+01   5.8000000e+01   6.5535507e+00
   5.1891256e+01   5.8000000e+01   6.5535507e+00
   5.1901256e+01   5.8000000e+01   6.5535507e+00
   5.1911256e+01   5.8000000e+01   6.5535507e+00
   5.1921256e+01   5.8000000e+01   6.5535507e+00
   5.1931256e+01   5.8000000e+01   6.5535507e+00
   5.1941256e+01   5.8000000e+01   6.5535507e+00
   5.1951256e+01   5.8000000e+01   6.5535507e+00
   5.1961256e+01   5.8000000e+01   6.5535507e+00
   5.1971256e+01   5.8000000e+01   6.5535507e+00
   5.1981256e+01   5.8000000e+01   6.5535507e+00
   5.1991256e+01   5.8000000e+01   6.5535507e+00
   5.2001256e+01   5.8000000e+01   6.5535507e+00
   5.2011256e+01   5.8000000e+01   6.5535507e+00
   5.2021256e+01   5.8000000e+01   6.5535507e+00
   5.2031256e+01   5.8000000e+01   6.5535507e+00
   5.2041256e+01   5.8000000e+01   6.5535507e+00
   5.2051256e+01   5.8000000e+01   6.5535507e+00
   5.2061256e+01   5.8000000e+01   6.5535507e+00
   5.2071256e+01   5.8000000e+01   6.5535507e+00
   5.2081256e+01   5.8000000e+01   6.5535507e+00
   5.2091256e+01   5.8000000e+01   6.5535507e+00
   5.2101256e+01   5.8000000e+01   6.5535507e+00
   5.2111256e+01   5.8000000e+01   6.5535507e+00
   5.2121256e+01   5.8000000e+01   6.5535507e+00
   5.2131256e+01   5.8000000e+01   6.5535507e+00
   5.2141256e+01   5.8000000e+01   6.5535507e+00
   5.2151256e+01   5.8000000e+01   6.5535507e+00
   5.2161256e+01   5.8000000e+01   6.5535507e+00
   5.2171256e+01   5.8000000e+01   6.5535507e+00
   5.2181256e+01   5.8000000e+01   6.5535507e+00
   5.2191256e+01   5.8000000e+01   6.5535507e+00
   5.2201256e+01   5.8000000e+01   6.5535507e+00
   5.2211256e+01   5.8000000e+01   6.5535507e+00
   5.2221256e+01   5.8000000e+01   6.5535507e+00
   5.2231256e+01   5.8000000e+01   6.5535507e+00
   5.2241256e+01   5.8000000e+01   6.5535507e+00
   5.2251256e+01   5.8000000e+01   6.5535507e+00
   5.2261256e+01   5.8000000e+01   6.5535507e+00
   5.2271256e+01   5.8000000e+01   6.5535507e+00
   5.2281256e+01   5.8000000e+01   6.5535507e+00
   5.2291256e+01   5.8000000e+01   6.5535507e+00
   5.2301256e+01   5.8000000e+01   6.5535507e+00
   5.2311256e+01   5.8000000e+01   6.5535507e+00
   5.2321256e+01   5.8000000e+01   6.5535507e+00
   5.2331256e+01   5.8000000e+01   6.5535507e+00
   5.2341256e+01   5.8000000e+01   6.5535507e+00
   5.2351256e+01   5.8000000e+01   6.5535507e+00
   5.2361256e+01   5.8000000e+01   6.5535507e+00
   5.2371256e+01   5.8000000e+01   6.5535507e+00
   5.2381256e+01   5.8000000e+01   6.5535507e+00
   5.2391256e+01   5.8000000e+01   6.5535507e+00
   5.2401256e+01   5.8000000e+01   6.5535507e+00
   5.2411256e+01   5.8000000e+01   6.5535507e+00
   5.2421256e+01   5.8000000e+01   6.5535507e+00
   5.2431256e+01   5.8000000e+01   6.5535507e+00
   5.2441256e+01   5.8000000e+01   6.5535507e+00
   5.2451256e+01   5.8000000e+01   6.5535507e+00
   5.2461256e+01   5.8000000e+01   6.5535507e+00
   5.2471256e+01   5.8000000e+01   6.5535507e+00
   5.2481256e+01   5.8000000e+01   6.5535507e+00
   5.2491256e+01   5.8000000e+01   6.5535507e+00
   5.2501256e+01   5.8000000e+01   6.5535507e+00
   5.2511256e+01   5.8000000e+01   6.5535507e+00
   5.2521256e+01   5.8000000e+01   6.5535507e+00
   5.2531256e+01   5.8000000e+01   6.5535507e+00
   5.2541256e+01   5.8000000e+01   6.5535507e+00
   5.2551256e+01   5.8000000e+01   6.5535507e+00
   5.2561256e+01   5.8000000e+01   6.5535507e+00
   5.2571256e+01   5.8000000e+01   6.5535507e+00
   5.2581256e+01   5.8000000e+01   6.5535507e+00
   5.2591256e+01   5.8000000e+01   6.5535507e+00
   5.2601256e+01   5.8000000e+01   6.5535507e+00
   5.2611256e+01   5.8000000e+01   6.5535507e+00
   5.2621256e+01   5.8000000e+01   6.5535507e+00
   5.2631256e+01   5.8000000e+01   6.5535507e+00
   5.2641256e+01   5.8000000e+01   6.5535507e+00
   5.2651256e+01   5.8000000e+01   6.5535507e+00
   5.2661256e+01   5.8000000e+01   6.5535507e+00
   5.2671256e+01   5.8000000e+01   6.5535507e+00
   5.2681256e+01   5.8000000e+01   6.5535507e+00
   5.2691256e+01   5.8000000e+01   6.5535507e+00
   5.2701256e+01   5.8000000e+01   6.5535507e+00
   5.2711256e+01   5.8000000e+01   6.5535507e+00
   5.2721256e+01   5.8000000e+01   6.5535507e+00
   5.2731256e+01   5.8000000e+01   6.5535507e+00
   5.2741256e+01   5.8000000e+01   6.5535507e+00
   5.2751256e+01   5.8000000e+01   6.5535507e+00
   5.2761256e+01   5.8000000e+01   6.5535507e+00
   5.2771256e+01   5.8000000e+01   6.5535507e+00
   5.2781256e+01   5.8000000e+01   6.5535507e+00
   5.2791256e+01   5.8000000e+01   6.5535507e+00
   5.2801256e+01   5.8000000e+01   6.5535507e+00
   5.2811256e+01   5.8000000e+01   6.5535507e+00
   5.2821256e+01   5.8000000e+01   6.5535507e+00
   5.2831256e+01   5.8000000e+01   6.5535507e+00
   5.2841256e+01   5.8000000e+01   6.5535507e+00
   5.2851256e+01   5.8000000e+01   6.5535507e+00
   5.2861256e+01   5.8000000e+01   6.5535507e+00
   5.2871256e+01   5.8000000e+01   6.5535507e+00
   5.2881256e+01   5.8000000e+01   6.5535507e+00
   5.2891256e+01   5.8000000e+01   6.5535507e+00
   5.2901256e+01   5.8000000e+01   6.5535507e+00
   5.2911256e+01   5.8000000e+01   6.5535507e+00
   5.2921256e+01   5.8000000e+01   6.5535507e+00
   5.2931256e+01   5.8000000e+01   6.5535507e+00
   5.2941256e+01   5.8000000e+01   6.5535507e+00
   5.2951256e+01   5.8000000e+01   6.5535507e+00
   5.2961256e+01   5.8000000e+01   6.5535507e+00
   5.2971256e+01   5.8000000e+01   6.5535507e+00
   5.2981256e+01   5.8000000e+01   6.5535507e+00
   5.2991256e+01   5.8000000e+01   6.5535507e+00
   5.3001256e+01   5.8000000e+01   6.5535507e+00
   5.3011256e+01   5.8000000e+01   6.5535507e+00
   5.3021256e+01   5.8000000e+01   6.5535507e+00
   5.3031256e+01   5.8000000e+01   6.5535507e+00
   5.3041256e+01   5.8000000e+01   6.5535507e+00
   5.3051256e+01   5.8000000e+01   6.5535507e+00
   5.3061256e+01   5.8000000e+01   6.5535507e+00
   5.3071256e+01   5.8000000e+01   6.5535507e+00
   5.3081256e+01   5.8000000e+01   6.5535507e+00
   5.3091256e+01   5.8000000e+01   6.5535507e+00
   5.3101256e+01   5.8000000e+01   6.5535507e+00
   5.3111256e+01   5.8000000e+01   6.5535507e+00
   5.3121256e+01   5.8000000e+01   6.5535507e+00
   5.3131256e+01   5.8000000e+01   6.5535507e+00
   5.3141062e+01   5.8000000e+01   6.5535507e+00
   5.3141062e+01   5.9000000e+01   6.4354535e+00
   5.3141062e+01   5.9000000e+01   6.4354535e+00
   5.3151062e+01   5.9000000e+01   6.4354535e+00
   5.3161062e+01   5.9000000e+01   6.4354535e+00
   5.3171062e+01   5.9000000e+01   6.4354535e+00
   5.3181062e+01   5.9000000e+01   6.4354535e+00
   5.3191062e+01   5.9000000e+01   6.4354535e+00
   5.3201062e+01   5.9000000e+01   6.4354535e+00
   5.3211062e+01   5.9000000e+01   6.4354535e+00
   5.3221062e+01   5.9000000e+01   6.4354535e+00
   5.3231062e+01   5.9000000e+01   6.4354535e+00
   5.3241062e+01   5.9000000e+01   6.4354535e+00
   5.3251062e+01   5.9000000e+01   6.4354535e+00
   5.3261062e+01   5.9000000e+01   6.4354535e+00
   5.3271062e+01   5.9000000e+01   6.4354535e+00
   5.3281062e+01   5.9000000e+01   6.4354535e+00
   5.3291062e+01   5.9000000e+01   6.4354535e+00
   5.3301062e+01   5.9000000e+01   6.4354535e+00
   5.3311062e+01   5.9000000e+01   6.4354535e+00
   5.3321062e+01   5.9000000e+01   6.4354535e+00
   5.3331062e+01   5.9000000e+01   6.4354535e+00
   5.3341062e+01   5.9000000e+01   6.4354535e+00
   5.3351062e+01   5.9000000e+01   6.4354535e+00
   5.3361062e+01   5.9000000e+01   6.4354535e+00
   5.3371062e+01   5.9000000e+01   6.4354535e+00
   5.3381062e+01   5.9000000e+01   6.4354535e+00
   5.3391062e+01   5.9000000e+01   6.4354535e+00
   5.3401062e+01   5.9000000e+01   6.4354535e+00
   5.3411062e+01   5.9000000e+01   6.4354535e+00
   5.3421062e+01   5.9000000e+01   6.4354535e+00
   5.3431062e+01   5.9000000e+01   6.4354535e+00
   5.3441062e+01   5.9000000e+01   6.4354535e+00
   5.3451062e+01   5.9000000e+01   6.4354535e+00
   5.3461062e+01   5.9000000e+01   6.4354535e+00
   5.3471062e+01   5.9000000e+01   6.4354535e+00
   5.3481062e+01   5.9000000e+01   6.4354535e+00
   5.3491062e+01   5.9000000e+01   6.4354535e+00
   5.3501062e+01   5.9000000e+01   6.4354535e+00
   5.3511062e+01   5.9000000e+01   6.4354535e+00
   5.3521062e+01   5.9000000e+01   6.4354535e+00
   5.3531062e+01   5.9000000e+01   6.4354535e+00
   5.3541062e+01   5.9000000e+01   6.4354535e+00
   5.3551062e+01   5.9000000e+01   6.4354535e+00
   5.3561062e+01   5.9000000e+01   6.4354535e+00
   5.3571062e+01   5.9000000e+01   6.4354535e+00
   5.3581062e+01   5.9000000e+01   6.4354535e+00
   5.3591062e+01   5.9000000e+01   6.4354535e+00
   5.3601062e+01   5.9000000e+01   6.4354535e+00
   5.3611062e+01   5.9000000e+01   6.4354535e+00
   5.3621062e+01   5.9000000e+01   6.4354535e+00
   5.3631062e+01   5.9000000e+01   6.4354535e+00
   5.3641062e+01   5.9000000e+01   6.4354535e+00
   5.3651062e+01   5.9000000e+01   6.4354535e+00
   5.3661062e+01   5.9000000e+01   6.4354535e+00
   5.3671062e+01   5.9000000e+01   6.4354535e+00
   5.3681062e+01   5.9000000e+01   6.4354535e+00
   5.3691062e+01   5.9000000e+01   6.4354535e+00
   5.3701062e+01   5.9000000e+01   6.4354535e+00
   5.3711062e+01   5.9000000e+01   6.4354535e+00
   5.3721062e+01   5.9000000e+01   6.4354535e+00
   5.3731062e+01   5.9000000e+01   6.4354535e+00
   5.3741062e+01   5.9000000e+01   6.4354535e+00
   5.3751062e+01   5.9000000e+01   6.4354535e+00
   5.3761062e+01   5.9000000e+01   6.4354535e+00
   5.3771062e+01   5.9000000e+01   6.4354535e+00
   5.3781062e+01   5.9000000e+01   6.4354535e+00
   5.3791062e+01   5.9000000e+01   6.4354535e+00
   5.3801062e+01   5.9000000e+01   6.4354535e+00
   5.3811062e+01   5.9000000e+01   6.4354535e+00
   5.3821062e+01   5.9000000e+01   6.4354535e+00
   5.3831062e+01   5.9000000e+01   6.4354535e+00
   5.3841062e+01   5.9000000e+01   6.4354535e+00
   5.3851062e+01   5.9000000e+01   6.4354535e+00
   5.3861062e+01   5.9000000e+01   6.4354535e+00
   5.3871062e+01   5.9000000e+01   6.4354535e+00
   5.3881062e+01   5.9000000e+01   6.4354535e+00
   5.3891062e+01   5.9000000e+01   6.4354535e+00
   5.3901062e+01   5.9000000e+01   6.4354535e+00
   5.3911062e+01   5.9000000e+01   6.4354535e+00
   5.3921062e+01   5.9000000e+01   6.4354535e+00
   5.3931062e+01   5.9000000e+01   6.4354535e+00
   5.3941062e+01   5.9000000e+01   6.4354535e+00
   5.3951062e+01   5.9000000e+01   6.4354535e+00
   5.3961062e+01   5.9000000e+01   6.4354535e+00
   5.3971062e+01   5.9000000e+01   6.4354535e+00
   5.3981062e+01   5.9000000e+01   6.4354535e+00
   5.3991062e+01   5.9000000e+01   6.4354535e+00
   5.4001062e+01   5.9000000e+01   6.4354535e+00
   5.4011062e+01   5.9000000e+01   6.4354535e+00
   5.4021062e+01   5.9000000e+01   6.4354535e+00
   5.4031062e+01   5.9000000e+01   6.4354535e+00
   5.4041062e+01   5.9000000e+01   6.4354535e+00
   5.4051062e+01   5.9000000e+01   6.4354535e+00
   5.4061062e+01   5.9000000e+01   6.4354535e+00
   5.4071062e+01   5.9000000e+01   6.4354535e+00
   5.4081062e+01   5.9000000e+01   6.4354535e+00
   5.4091062e+01   5.9000000e+01   6.4354535e+00
   5.4101062e+01   5.9000000e+01   6.4354535e+00
   5.4111062e+01   5.9000000e+01   6.4354535e+00
   5.4121062e+01   5.9000000e+01   6.4354535e+00
   5.4131062e+01   5.9000000e+01   6.4354535e+00
   5.4141062e+01   5.9000000e+01   6.4354535e+00
   5.4151062e+01   5.9000000e+01   6.4354535e+00
   5.4161062e+01   5.9000000e+01   6.4354535e+00
   5.4171062e+01   5.9000000e+01   6.4354535e+00
   5.4181062e+01   5.9000000e+01   6.4354535e+00
   5.4191062e+01   5.9000000e+01   6.4354535e+00
   5.4201062e+01   5.9000000e+01   6.4354535e+00
   5.4211062e+01   5.9000000e+01   6.4354535e+00
   5.4221062e+01   5.9000000e+01   6.4354535e+00
   5.4231062e+01   5.9000000e+01   6.4354535e+00
   5.4241062e+01   5.9000000e+01   6.4354535e+00
   5.4251062e+01   5.9000000e+01   6.4354535e+00
   5.4261062e+01   5.9000000e+01   6.4354535e+00
   5.4271062e+01   5.9000000e+01   6.4354535e+00
   5.4281062e+01   5.9000000e+01   6.4354535e+00
   5.4291062e+01   5.9000000e+01   6.4354535e+00
   5.4301062e+01   5.9000000e+01   6.4354535e+00
   5.4311062e+01   5.9000000e+01   6.4354535e+00
   5.4321062e+01   5.9000000e+01   6.4354535e+00
   5.4331062e+01   5.9000000e+01   6.4354535e+00
   5.4341062e+01   5.9000000e+01   6.4354535e+00
   5.4351062e+01   5.9000000e+01   6.4354535e+00
   5.4361062e+01   5.9000000e+01   6.4354535e+00
   5.4371062e+01   5.9000000e+01   6.4354535e+00
   5.4381062e+01   5.9000000e+01   6.4354535e+00
   5.4391062e+01   5.9000000e+01   6.4354535e+00
   5.4401062e+01   5.9000000e+01   6.4354535e+00
   5.4411062e+01   5.9000000e+01   6.4354535e+00
   5.4421062e+01   5.9000000e+01   6.4354535e+00
   5.4431062e+01   5.9000000e+01   6.4354535e+00
   5.4441062e+01   5.9000000e+01   6.4354535e+00
   5.4451062e+01   5.9000000e+01   6.4354535e+00
   5.4461062e+01   5.9000000e+01   6.4354535e+00
   5.4471062e+01   5.9000000e+01   6.4354535e+00
   5.4481062e+01   5.9000000e+01   6.4354535e+00
   5.4491062e+01   5.9000000e+01   6.4354535e+00
   5.4501062e+01   5.9000000e+01   6.4354535e+00
   5.4511062e+01   5.9000000e+01   6.4354535e+00
   5.4521062e+01   5.9000000e+01   6.4354535e+00
   5.4531062e+01   5.9000000e+01   6.4354535e+00
   5.4541062e+01   5.9000000e+01   6.4354535e+00
   5.4551062e+01   5.9000000e+01   6.4354535e+00
   5.4561062e+01   5.9000000e+01   6.4354535e+00
   5.4571062e+01   5.9000000e+01   6.4354535e+00
   5.4581062e+01   5.9000000e+01   6.4354535e+00
   5.4591062e+01   5.9000000e+01   6.4354535e+00
   5.4601062e+01   5.9000000e+01   6.4354535e+00
   5.4611062e+01   5.9000000e+01   6.4354535e+00
   5.4621062e+01   5.9000000e+01   6.4354535e+00
   5.4631062e+01   5.9000000e+01   6.4354535e+00
   5.4641062e+01   5.9000000e+01   6.4354535e+00
   5.4651062e+01   5.9000000e+01   6.4354535e+00
   5.4661062e+01   5.9000000e+01   6.4354535e+00
   5.4671062e+01   5.9000000e+01   6.4354535e+00
   5.4681062e+01   5.9000000e+01   6.4354535e+00
   5.4691062e+01   5.9000000e+01   6.4354535e+00
   5.4701062e+01   5.9000000e+01   6.4354535e+00
   5.4711062e+01   5.9000000e+01   6.4354535e+00
   5.4721062e+01   5.9000000e+01   6.4354535e+00
   5.4731062e+01   5.9000000e+01   6.4354535e+00
   5.4736499e+01   5.9000000e+01   6.4354535e+00
   5.4736499e+01   6.0000000e+01   6.3104640e+00
   5.4736499e+01   6.0000000e+01   6.3104640e+00
   5.4746499e+01   6.0000000e+01   6.3104640e+00
   5.4756499e+01   6.0000000e+01   6.3104640e+00
   5.4766499e+01   6.0000000e+01   6.3104640e+00
   5.4776499e+01   6.0000000e+01   6.3104640e+00
   5.4786499e+01   6.0000000e+01   6.3104640e+00
   5.4796499e+01   6.0000000e+01   6.3104640e+00
   5.4806499e+01   6.0000000e+01   6.3104640e+00
   5.4816499e+01   6.0000000e+01   6.3104640e+00
   5.4826499e+01   6.0000000e+01   6.3104640e+00
   5.4836499e+01   6.0000000e+01   6.3104640e+00
   5.4846499e+01   6.0000000e+01   6.3104640e+00
   5.4856499e+01   6.0000000e+01   6.3104640e+00
   5.4866499e+01   6.0000000e+01   6.3104640e+00
   5.4876499e+01   6.0000000e+01   6.3104640e+00
   5.4886499e+01   6.0000000e+01   6.3104640e+00
   5.4896499e+01   6.0000000e+01   6.3104640e+00
   5.4906499e+01   6.0000000e+01   6.3104640e+00
   5.4916499e+01   6.0000000e+01   6.3104640e+00
   5.4926499e+01   6.0000000e+01   6.3104640e+00
   5.4936499e+01   6.0000000e+01   6.3104640e+00
   5.4946499e+01   6.0000000e+01   6.3104640e+00
   5.4956499e+01   6.0000000e+01   6.3104640e+00
   5.4966499e+01   6.0000000e+01   6.3104640e+00
   5.4976499e+01   6.0000000e+01   6.3104640e+00
   5.4986499e+01   6.0000000e+01   6.3104640e+00
   5.4996499e+01   6.0000000e+01   6.3104640e+00
   5.5006499e+01   6.0000000e+01   6.3104640e+00
   5.5016499e+01   6.0000000e+01   6.3104640e+00
   5.5026499e+01   6.0000000e+01   6.3104640e+00
   5.5036499e+01   6.0000000e+01   6.3104640e+00
   5.5046499e+01   6.0000000e+01   6.3104640e+00
   5.5056499e+01   6.0000000e+01   6.3104640e+00
   5.5066499e+01   6.0000000e+01   6.3104640e+00
   5.5076499e+01   6.0000000e+01   6.3104640e+00
   5.5086499e+01   6.0000000e+01   6.3104640e+00
   5.5096499e+01   6.0000000e+01   6.3104640e+00
   5.5106499e+01   6.0000000e+01   6.3104640e+00
   5.5116499e+01   6.0000000e+01   6.3104640e+00
   5.5126499e+01   6.0000000e+01   6.3104640e+00
   5.5136499e+01   6.0000000e+01   6.3104640e+00
   5.5146499e+01   6.0000000e+01   6.3104640e+00
   5.5156499e+01   6.0000000e+01   6.3104640e+00
   5.5166499e+01   6.0000000e+01   6.3104640e+00
   5.5176499e+01   6.0000000e+01   6.3104640e+00
   5.5186499e+01   6.0000000e+01   6.3104640e+00
   5.5196499e+01   6.0000000e+01   6.3104640e+00
   5.5206499e+01   6.0000000e+01   6.3104640e+00
   5.5216499e+01   6.0000000e+01   6.3104640e+00
   5.5226499e+01   6.0000000e+01   6.3104640e+00
   5.5236499e+01   6.0000000e+01   6.3104640e+00
   5.5246499e+01   6.0000000e+01   6.3104640e+00
   5.5256499e+01   6.0000000e+01   6.3104640e+00
   5.5266499e+01   6.0000000e+01   6.3104640e+00
   5.5276499e+01   6.0000000e+01   6.3104640e+00
   5.5286499e+01   6.0000000e+01   6.3104640e+00
   5.5296499e+01   6.0000000e+01   6.3104640e+00
   5.5306499e+01   6.0000000e+01   6.3104640e+00
   5.5316499e+01   6.0000000e+01   6.3104640e+00
   5.5326499e+01   6.0000000e+01   6.3104640e+00
   5.5336499e+01   6.0000000e+01   6.3104640e+00
   5.5346499e+01   6.0000000e+01   6.3104640e+00
   5.5356499e+01   6.0000000e+01   6.3104640e+00
   5.5366499e+01   6.0000000e+01   6.3104640e+00
   5.5376499e+01   6.0000000e+01   6.3104640e+00
   5.5386499e+01   6.0000000e+01   6.3104640e+00
   5.5396499e+01   6.0000000e+01   6.3104640e+00
   5.5406499e+01   6.0000000e+01   6.3104640e+00
   5.5416499e+01   6.0000000e+01   6.3104640e+00
   5.5426499e+01   6.0000000e+01   6.3104640e+00
   5.5436499e+01   6.0000000e+01   6.3104640e+00
   5.5446499e+01   6.0000000e+01   6.3104640e+00
   5.5456499e+01   6.0000000e+01   6.3104640e+00
   5.5466499e+01   6.0000000e+01   6.3104640e+00
   5.5476499e+01   6.0000000e+01   6.3104640e+00
   5.5486499e+01   6.0000000e+01   6.3104640e+00
   5.5496499e+01   6.0000000e+01   6.3104640e+00
   5.5506499e+01   6.0000000e+01   6.3104640e+00
   5.5516499e+01   6.0000000e+01   6.3104640e+00
   5.5526499e+01   6.0000000e+01   6.3104640e+00
   5.5536499e+01   6.0000000e+01   6.3104640e+00
   5.5546499e+01   6.0000000e+01   6.3104640e+00
   5.5556499e+01   6.0000000e+01   6.3104640e+00
   5.5566499e+01   6.0000000e+01   6.3104640e+00
   5.5576499e+01   6.0000000e+01   6.3104640e+00
   5.5586499e+01   6.0000000e+01   6.3104640e+00
   5.5596499e+01   6.0000000e+01   6.3104640e+00
   5.5606499e+01   6.0000000e+01   6.3104640e+00
   5.5616499e+01   6.0000000e+01   6.3104640e+00
   5.5626499e+01   6.0000000e+01   6.3104640e+00
   5.5636499e+01   6.0000000e+01   6.3104640e+00
   5.5646499e+01   6.0000000e+01   6.3104640e+00
   5.5656499e+01   6.0000000e+01   6.3104640e+00
   5.5666499e+01   6.0000000e+01   6.3104640e+00
   5.5676499e+01   6.0000000e+01   6.3104640e+00
   5.5686499e+01   6.0000000e+01   6.3104640e+00
   5.5696499e+01   6.0000000e+01   6.3104640e+00
   5.5706499e+01   6.0000000e+01   6.3104640e+00
   5.5716499e+01   6.0000000e+01   6.3104640e+00
   5.5726499e+01   6.0000000e+01   6.3104640e+00
   5.5736499e+01   6.0000000e+01   6.3104640e+00
   5.5746499e+01   6.0000000e+01   6.3104640e+00
   5.5756499e+01   6.0000000e+01   6.3104640e+00
   5.5766499e+01   6.0000000e+01   6.3104640e+00
   5.5776499e+01   6.0000000e+01   6.3104640e+00
   5.5786499e+01   6.0000000e+01   6.3104640e+00
   5.5796499e+01   6.0000000e+01   6.3104640e+00
   5.5806499e+01   6.0000000e+01   6.3104640e+00
   5.5816499e+01   6.0000000e+01   6.3104640e+00
   5.5826499e+01   6.0000000e+01   6.3104640e+00
   5.5836499e+01   6.0000000e+01   6.3104640e+00
   5.5846499e+01   6.0000000e+01   6.3104640e+00
   5.5856499e+01   6.0000000e+01   6.3104640e+00
   5.5866499e+01   6.0000000e+01   6.3104640e+00
   5.5876499e+01   6.0000000e+01   6.3104640e+00
   5.5886499e+01   6.0000000e+01   6.3104640e+00
   5.5896499e+01   6.0000000e+01   6.3104640e+00
   5.5906499e+01   6.0000000e+01   6.3104640e+00
   5.5916499e+01   6.0000000e+01   6.3104640e+00
   5.5926499e+01   6.0000000e+01   6.3104640e+00
   5.5936499e+01   6.0000000e+01   6.3104640e+00
   5.5946499e+01   6.0000000e+01   6.3104640e+00
   5.5956499e+01   6.0000000e+01   6.3104640e+00
   5.5966499e+01   6.0000000e+01   6.3104640e+00
   5.5976499e+01   6.0000000e+01   6.3104640e+00
   5.5986499e+01   6.0000000e+01   6.3104640e+00
   5.5996499e+01   6.0000000e+01   6.3104640e+00
   5.6006499e+01   6.0000000e+01   6.3104640e+00
   5.6016499e+01   6.0000000e+01   6.3104640e+00
   5.6026499e+01   6.0000000e+01   6.3104640e+00
   5.6036499e+01   6.0000000e+01   6.3104640e+00
   5.6046499e+01   6.0000000e+01   6.3104640e+00
   5.6056499e+01   6.0000000e+01   6.3104640e+00
   5.6066499e+01   6.0000000e+01   6.3104640e+00
   5.6076499e+01   6.0000000e+01   6.3104640e+00
   5.6086499e+01   6.0000000e+01   6.3104640e+00
   5.6096499e+01   6.0000000e+01   6.3104640e+00
   5.6106499e+01   6.0000000e+01   6.3104640e+00
   5.6116499e+01   6.0000000e+01   6.3104640e+00
   5.6126499e+01   6.0000000e+01   6.3104640e+00
   5.6136499e+01   6.0000000e+01   6.3104640e+00
   5.6146499e+01   6.0000000e+01   6.3104640e+00
   5.6156499e+01   6.0000000e+01   6.3104640e+00
   5.6166499e+01   6.0000000e+01   6.3104640e+00
   5.6176499e+01   6.0000000e+01   6.3104640e+00
   5.6186499e+01   6.0000000e+01   6.3104640e+00
   5.6196499e+01   6.0000000e+01   6.3104640e+00
   5.6206499e+01   6.0000000e+01   6.3104640e+00
   5.6216499e+01   6.0000000e+01   6.3104640e+00
   5.6226499e+01   6.0000000e+01   6.3104640e+00
   5.6236499e+01   6.0000000e+01   6.3104640e+00
   5.6246499e+01   6.0000000e+01   6.3104640e+00
   5.6256499e+01   6.0000000e+01   6.3104640e+00
   5.6266499e+01   6.0000000e+01   6.3104640e+00
   5.6276499e+01   6.0000000e+01   6.3104640e+00
   5.6286499e+01   6.0000000e+01   6.3104640e+00
   5.6296499e+01   6.0000000e+01   6.3104640e+00
   5.6306499e+01   6.0000000e+01   6.3104640e+00
   5.6316499e+01   6.0000000e+01   6.3104640e+00
   5.6326499e+01   6.0000000e+01   6.3104640e+00
   5.6336499e+01   6.0000000e+01   6.3104640e+00
   5.6346499e+01   6.0000000e+01   6.3104640e+00
   5.6347117e+01   6.0000000e+01   6.3104640e+00
   5.6347117e+01   6.1000000e+01   6.1786637e+00
   5.6347117e+01   6.1000000e+01   6.1786637e+00
   5.6357117e+01   6.1000000e+01   6.1786637e+00
   5.6367117e+01   6.1000000e+01   6.1786637e+00
   5.6377117e+01   6.1000000e+01   6.1786637e+00
   5.6387117e+01   6.1000000e+01   6.1786637e+00
   5.6397117e+01   6.1000000e+01   6.1786637e+00
   5.6407117e+01   6.1000000e+01   6.1786637e+00
   5.6417117e+01   6.1000000e+01   6.1786637e+00
   5.6427117e+01   6.1000000e+01   6.1786637e+00
   5.6437117e+01   6.1000000e+01   6.1786637e+00
   5.6447117e+01   6.1000000e+01   6.1786637e+00
   5.6457117e+01   6.1000000e+01   6.1786637e+00
   5.6467117e+01   6.1000000e+01   6.1786637e+00
   5.6477117e+01   6.1000000e+01   6.1786637e+00
   5.6487117e+01   6.1000000e+01   6.1786637e+00
   5.6497117e+01   6.1000000e+01   6.1786637e+00
   5.6507117e+01   6.1000000e+01   6.1786637e+00
   5.6517117e+01   6.1000000e+01   6.1786637e+00
   5.6527117e+01   6.1000000e+01   6.1786637e+00
   5.6537117e+01   6.1000000e+01   6.1786637e+00
   5.6547117e+01   6.1000000e+01   6.1786637e+00
   5.6557117e+01   6.1000000e+01   6.1786637e+00
   5.6567117e+01   6.1000000e+01   6.1786637e+00
   5.6577117e+01   6.1000000e+01   6.1786637e+00
   5.6587117e+01   6.1000000e+01   6.1786637e+00
   5.6597117e+01   6.1000000e+01   6.1786637e+00
   5.6607117e+01   6.1000000e+01   6.1786637e+00
   5.6617117e+01   6.1000000e+01   6.1786637e+00
   5.6627117e+01   6.1000000e+01   6.1786637e+00
   5.6637117e+01   6.1000000e+01   6.1786637e+00
   5.6647117e+01   6.1000000e+01   6.1786637e+00
   5.6657117e+01   6.1000000e+01   6.1786637e+00
   5.6667117e+01   6.1000000e+01   6.1786637e+00
   5.6677117e+01   6.1000000e+01   6.1786637e+00
   5.6687117e+01   6.1000000e+01   6.1786637e+00
   5.6697117e+01   6.1000000e+01   6.1786637e+00
   5.6707117e+01   6.1000000e+01   6.1786637e+00
   5.6717117e+01   6.1000000e+01   6.1786637e+00
   5.6727117e+01   6.1000000e+01   6.1786637e+00
   5.6737117e+01   6.1000000e+01   6.1786637e+00
   5.6747117e+01   6.1000000e+01   6.1786637e+00
   5.6757117e+01   6.1000000e+01   6.1786637e+00
   5.6767117e+01   6.1000000e+01   6.1786637e+00
   5.6777117e+01   6.1000000e+01   6.1786637e+00
   5.6787117e+01   6.1000000e+01   6.1786637e+00
   5.6797117e+01   6.1000000e+01   6.1786637e+00
   5.6807117e+01   6.1000000e+01   6.1786637e+00
   5.6817117e+01   6.1000000e+01   6.1786637e+00
   5.6827117e+01   6.1000000e+01   6.1786637e+00
   5.6837117e+01   6.1000000e+01   6.1786637e+00
   5.6847117e+01   6.1000000e+01   6.1786637e+00
   5.6857117e+01   6.1000000e+01   6.1786637e+00
   5.6867117e+01   6.1000000e+01   6.1786637e+00
   5.6877117e+01   6.1000000e+01   6.1786637e+00
   5.6887117e+01   6.1000000e+01   6.1786637e+00
   5.6897117e+01   6.1000000e+01   6.1786637e+00
   5.6907117e+01   6.1000000e+01   6.1786637e+00
   5.6917117e+01   6.1000000e+01   6.1786637e+00
   5.6927117e+01   6.1000000e+01   6.1786637e+00
   5.6937117e+01   6.1000000e+01   6.1786637e+00
   5.6947117e+01   6.1000000e+01   6.1786637e+00
   5.6957117e+01   6.1000000e+01   6.1786637e+00
   5.6967117e+01   6.1000000e+01   6.1786637e+00
   5.6977117e+01   6.1000000e+01   6.1786637e+00
   5.6987117e+01   6.1000000e+01   6.1786637e+00
   5.6997117e+01   6.1000000e+01   6.1786637e+00
   5.7007117e+01   6.1000000e+01   6.1786637e+00
   5.7017117e+01   6.1000000e+01   6.1786637e+00
   5.7027117e+01   6.1000000e+01   6.1786637e+00
   5.7037117e+01   6.1000000e+01   6.1786637e+00
   5.7047117e+01   6.1000000e+01   6.1786637e+00
   5.7057117e+01   6.1000000e+01   6.1786637e+00
   5.7067117e+01   6.1000000e+01   6.1786637e+00
   5.7077117e+01   6.1000000e+01   6.1786637e+00
   5.7087117e+01   6.1000000e+01   6.1786637e+00
   5.7097117e+01   6.1000000e+01   6.1786637e+00
   5.7107117e+01   6.1000000e+01   6.1786637e+00
   5.7117117e+01   6.1000000e+01   6.1786637e+00
   5.7127117e+01   6.1000000e+01   6.1786637e+00
   5.7137117e+01   6.1000000e+01   6.1786637e+00
   5.7147117e+01   6.1000000e+01   6.1786637e+00
   5.7157117e+01   6.1000000e+01   6.1786637e+00
   5.7167117e+01   6.1000000e+01   6.1786637e+00
   5.7177117e+01   6.1000000e+01   6.1786637e+00
   5.7187117e+01   6.1000000e+01   6.1786637e+00
   5.7197117e+01   6.1000000e+01   6.1786637e+00
   5.7207117e+01   6.1000000e+01   6.1786637e+00
   5.7217117e+01   6.1000000e+01   6.1786637e+00
   5.7227117e+01   6.1000000e+01   6.1786637e+00
   5.7237117e+01   6.1000000e+01   6.1786637e+00
   5.7247117e+01   6.1000000e+01   6.1786637e+00
   5.7257117e+01   6.1000000e+01   6.1786637e+00
   5.7267117e+01   6.1000000e+01   6.1786637e+00
   5.7277117e+01   6.1000000e+01   6.1786637e+00
   5.7287117e+01   6.1000000e+01   6.1786637e+00
   5.7297117e+01   6.1000000e+01   6.1786637e+00
   5.7307117e+01   6.1000000e+01   6.1786637e+00
   5.7317117e+01   6.1000000e+01   6.1786637e+00
   5.7327117e+01   6.1000000e+01   6.1786637e+00
   5.7337117e+01   6.1000000e+01   6.1786637e+00
   5.7347117e+01   6.1000000e+01   6.1786637e+00
   5.7357117e+01   6.1000000e+01   6.1786637e+00
   5.7367117e+01   6.1000000e+01   6.1786637e+00
   5.7377117e+01   6.1000000e+01   6.1786637e+00
   5.7387117e+01   6.1000000e+01   6.1786637e+00
   5.7397117e+01   6.1000000e+01   6.1786637e+00
   5.7407117e+01   6.1000000e+01   6.1786637e+00
   5.7417117e+01   6.1000000e+01   6.1786637e+00
   5.7427117e+01   6.1000000e+01   6.1786637e+00
   5.7437117e+01   6.1000000e+01   6.1786637e+00
   5.7447117e+01   6.1000000e+01   6.1786637e+00
   5.7457117e+01   6.1000000e+01   6.1786637e+00
   5.7467117e+01   6.1000000e+01   6.1786637e+00
   5.7477117e+01   6.1000000e+01   6.1786637e+00
   5.7487117e+01   6.1000000e+01   6.1786637e+00
   5.7497117e+01   6.1000000e+01   6.1786637e+00
   5.7507117e+01   6.1000000e+01   6.1786637e+00
   5.7517117e+01   6.1000000e+01   6.1786637e+00
   5.7527117e+01   6.1000000e+01   6.1786637e+00
   5.7537117e+01   6.1000000e+01   6.1786637e+00
   5.7547117e+01   6.1000000e+01   6.1786637e+00
   5.7557117e+01   6.1000000e+01   6.1786637e+00
   5.7567117e+01   6.1000000e+01   6.1786637e+00
   5.7577117e+01   6.1000000e+01   6.1786637e+00
   5.7587117e+01   6.1000000e+01   6.1786637e+00
   5.7597117e+01   6.1000000e+01   6.1786637e+00
   5.7607117e+01   6.1000000e+01   6.1786637e+00
   5.7617117e+01   6.1000000e+01   6.1786637e+00
   5.7627117e+01   6.1000000e+01   6.1786637e+00
   5.7637117e+01   6.1000000e+01   6.1786637e+00
   5.7647117e+01   6.1000000e+01   6.1786637e+00
   5.7657117e+01   6.1000000e+01   6.1786637e+00
   5.7667117e+01   6.1000000e+01   6.1786637e+00
   5.7677117e+01   6.1000000e+01   6.1786637e+00
   5.7687117e+01   6.1000000e+01   6.1786637e+00
   5.7697117e+01   6.1000000e+01   6.1786637e+00
   5.7707117e+01   6.1000000e+01   6.1786637e+00
   5.7717117e+01   6.1000000e+01   6.1786637e+00
   5.7727117e+01   6.1000000e+01   6.1786637e+00
   5.7737117e+01   6.1000000e+01   6.1786637e+00
   5.7747117e+01   6.1000000e+01   6.1786637e+00
   5.7757117e+01   6.1000000e+01   6.1786637e+00
   5.7767117e+01   6.1000000e+01   6.1786637e+00
   5.7777117e+01   6.1000000e+01   6.1786637e+00
   5.7787117e+01   6.1000000e+01   6.1786637e+00
   5.7797117e+01   6.1000000e+01   6.1786637e+00
   5.7807117e+01   6.1000000e+01   6.1786637e+00
   5.7817117e+01   6.1000000e+01   6.1786637e+00
   5.7827117e+01   6.1000000e+01   6.1786637e+00
   5.7837117e+01   6.1000000e+01   6.1786637e+00
   5.7847117e+01   6.1000000e+01   6.1786637e+00
   5.7857117e+01   6.1000000e+01   6.1786637e+00
   5.7867117e+01   6.1000000e+01   6.1786637e+00
   5.7877117e+01   6.1000000e+01   6.1786637e+00
   5.7887117e+01   6.1000000e+01   6.1786637e+00
   5.7897117e+01   6.1000000e+01   6.1786637e+00
   5.7907117e+01   6.1000000e+01   6.1786637e+00
   5.7917117e+01   6.1000000e+01   6.1786637e+00
   5.7927117e+01   6.1000000e+01   6.1786637e+00
   5.7937117e+01   6.1000000e+01   6.1786637e+00
   5.7947117e+01   6.1000000e+01   6.1786637e+00
   5.7957117e+01   6.1000000e+01   6.1786637e+00
   5.7967117e+01   6.1000000e+01   6.1786637e+00
   5.7972461e+01   6.1000000e+01   6.1786637e+00
   5.7972461e+01   6.2000000e+01   6.0401384e+00
   5.7972461e+01   6.2000000e+01   6.0401384e+00
   5.7982461e+01   6.2000000e+01   6.0401384e+00
   5.7992461e+01   6.2000000e+01   6.0401384e+00
   5.8002461e+01   6.2000000e+01   6.0401384e+00
   5.8012461e+01   6.2000000e+01   6.0401384e+00
   5.8022461e+01   6.2000000e+01   6.0401384e+00
   5.8032461e+01   6.2000000e+01   6.0401384e+00
   5.8042461e+01   6.2000000e+01   6.0401384e+00
   5.8052461e+01   6.2000000e+01   6.0401384e+00
   5.8062461e+01   6.2000000e+01   6.0401384e+00
   5.8072461e+01   6.2000000e+01   6.0401384e+00
   5.8082461e+01   6.2000000e+01   6.0401384e+00
   5.8092461e+01   6.2000000e+01   6.0401384e+00
   5.8102461e+01   6.2000000e+01   6.0401384e+00
   5.8112461e+01   6.2000000e+01   6.0401384e+00
   5.8122461e+01   6.2000000e+01   6.0401384e+00
   5.8132461e+01   6.2000000e+01   6.0401384e+00
   5.8142461e+01   6.2000000e+01   6.0401384e+00
   5.8152461e+01   6.2000000e+01   6.0401384e+00
   5.8162461e+01   6.2000000e+01   6.0401384e+00
   5.8172461e+01   6.2000000e+01   6.0401384e+00
   5.8182461e+01   6.2000000e+01   6.0401384e+00
   5.8192461e+01   6.2000000e+01   6.0401384e+00
   5.8202461e+01   6.2000000e+01   6.0401384e+00
   5.8212461e+01   6.2000000e+01   6.0401384e+00
   5.8222461e+01   6.2000000e+01   6.0401384e+00
   5.8232461e+01   6.2000000e+01   6.0401384e+00
   5.8242461e+01   6.2000000e+01   6.0401384e+00
   5.8252461e+01   6.2000000e+01   6.0401384e+00
   5.8262461e+01   6.2000000e+01   6.0401384e+00
   5.8272461e+01   6.2000000e+01   6.0401384e+00
   5.8282461e+01   6.2000000e+01   6.0401384e+00
   5.8292461e+01   6.2000000e+01   6.0401384e+00
   5.8302461e+01   6.2000000e+01   6.0401384e+00
   5.8312461e+01   6.2000000e+01   6.0401384e+00
   5.8322461e+01   6.2000000e+01   6.0401384e+00
   5.8332461e+01   6.2000000e+01   6.0401384e+00
   5.8342461e+01   6.2000000e+01   6.0401384e+00
   5.8352461e+01   6.2000000e+01   6.0401384e+00
   5.8362461e+01   6.2000000e+01   6.0401384e+00
   5.8372461e+01   6.2000000e+01   6.0401384e+00
   5.8382461e+01   6.2000000e+01   6.0401384e+00
   5.8392461e+01   6.2000000e+01   6.0401384e+00
   5.8402461e+01   6.2000000e+01   6.0401384e+00
   5.8412461e+01   6.2000000e+01   6.0401384e+00
   5.8422461e+01   6.2000000e+01   6.0401384e+00
   5.8432461e+01   6.2000000e+01   6.0401384e+00
   5.8442461e+01   6.2000000e+01   6.0401384e+00
   5.8452461e+01   6.2000000e+01   6.0401384e+00
   5.8462461e+01   6.2000000e+01   6.0401384e+00
   5.8472461e+01   6.2000000e+01   6.0401384e+00
   5.8482461e+01   6.2000000e+01   6.0401384e+00
   5.8492461e+01   6.2000000e+01   6.0401384e+00
   5.8502461e+01   6.2000000e+01   6.0401384e+00
   5.8512461e+01   6.2000000e+01   6.0401384e+00
   5.8522461e+01   6.2000000e+01   6.0401384e+00
   5.8532461e+01   6.2000000e+01   6.0401384e+00
   5.8542461e+01   6.2000000e+01   6.0401384e+00
   5.8552461e+01   6.2000000e+01   6.0401384e+00
   5.8562461e+01   6.2000000e+01   6.0401384e+00
   5.8572461e+01   6.2000000e+01   6.0401384e+00
   5.8582461e+01   6.2000000e+01   6.0401384e+00
   5.8592461e+01   6.2000000e+01   6.0401384e+00
   5.8602461e+01   6.2000000e+01   6.0401384e+00
   5.8612461e+01   6.2000000e+01   6.0401384e+00
   5.8622461e+01   6.2000000e+01   6.0401384e+00
   5.8632461e+01   6.2000000e+01   6.0401384e+00
   5.8642461e+01   6.2000000e+01   6.0401384e+00
   5.8652461e+01   6.2000000e+01   6.0401384e+00
   5.8662461e+01   6.2000000e+01   6.0401384e+00
   5.8672461e+01   6.2000000e+01   6.0401384e+00
   5.8682461e+01   6.2000000e+01   6.0401384e+00
   5.8692461e+01   6.2000000e+01   6.0401384e+00
   5.8702461e+01   6.2000000e+01   6.0401384e+00
   5.8712461e+01   6.2000000e+01   6.0401384e+00
   5.8722461e+01   6.2000000e+01   6.0401384e+00
   5.8732461e+01   6.2000000e+01   6.0401384e+00
   5.8742461e+01   6.2000000e+01   6.0401384e+00
   5.8752461e+01   6.2000000e+01   6.0401384e+00
   5.8762461e+01   6.2000000e+01   6.0401384e+00
   5.8772461e+01   6.2000000e+01   6.0401384e+00
   5.8782461e+01   6.2000000e+01   6.0401384e+00
   5.8792461e+01   6.2000000e+01   6.0401384e+00
   5.8802461e+01   6.2000000e+01   6.0401384e+00
   5.8812461e+01   6.2000000e+01   6.0401384e+00
   5.8822461e+01   6.2000000e+01   6.0401384e+00
   5.8832461e+01   6.2000000e+01   6.0401384e+00
   5.8842461e+01   6.2000000e+01   6.0401384e+00
   5.8852461e+01   6.2000000e+01   6.0401384e+00
   5.8862461e+01   6.2000000e+01   6.0401384e+00
   5.8872461e+01   6.2000000e+01   6.0401384e+00
   5.8882461e+01   6.2000000e+01   6.0401384e+00
   5.8892461e+01   6.2000000e+01   6.0401384e+00
   5.8902461e+01   6.2000000e+01   6.0401384e+00
   5.8912461e+01   6.2000000e+01   6.0401384e+00
   5.8922461e+01   6.2000000e+01   6.0401384e+00
   5.8932461e+01   6.2000000e+01   6.0401384e+00
   5.8942461e+01   6.2000000e+01   6.0401384e+00
   5.8952461e+01   6.2000000e+01   6.0401384e+00
   5.8962461e+01   6.2000000e+01   6.0401384e+00
   5.8972461e+01   6.2000000e+01   6.0401384e+00
   5.8982461e+01   6.2000000e+01   6.0401384e+00
   5.8992461e+01   6.2000000e+01   6.0401384e+00
   5.9002461e+01   6.2000000e+01   6.0401384e+00
   5.9012461e+01   6.2000000e+01   6.0401384e+00
   5.9022461e+01   6.2000000e+01   6.0401384e+00
   5.9032461e+01   6.2000000e+01   6.0401384e+00
   5.9042461e+01   6.2000000e+01   6.0401384e+00
   5.9052461e+01   6.2000000e+01   6.0401384e+00
   5.9062461e+01   6.2000000e+01   6.0401384e+00
   5.9072461e+01   6.2000000e+01   6.0401384e+00
   5.9082461e+01   6.2000000e+01   6.0401384e+00
   5.9092461e+01   6.2000000e+01   6.0401384e+00
   5.9102461e+01   6.2000000e+01   6.0401384e+00
   5.9112461e+01   6.2000000e+01   6.0401384e+00
   5.9122461e+01   6.2000000e+01   6.0401384e+00
   5.9132461e+01   6.2000000e+01   6.0401384e+00
   5.9142461e+01   6.2000000e+01   6.0401384e+00
   5.9152461e+01   6.2000000e+01   6.0401384e+00
   5.9162461e+01   6.2000000e+01   6.0401384e+00
   5.9172461e+01   6.2000000e+01   6.0401384e+00
   5.9182461e+01   6.2000000e+01   6.0401384e+00
   5.9192461e+01   6.2000000e+01   6.0401384e+00
   5.9202461e+01   6.2000000e+01   6.0401384e+00
   5.9212461e+01   6.2000000e+01   6.0401384e+00
   5.9222461e+01   6.2000000e+01   6.0401384e+00
   5.9232461e+01   6.2000000e+01   6.0401384e+00
   5.9242461e+01   6.2000000e+01   6.0401384e+00
   5.9252461e+01   6.2000000e+01   6.0401384e+00
   5.9262461e+01   6.2000000e+01   6.0401384e+00
   5.9272461e+01   6.2000000e+01   6.0401384e+00
   5.9282461e+01   6.2000000e+01   6.0401384e+00
   5.9292461e+01   6.2000000e+01   6.0401384e+00
   5.9302461e+01   6.2000000e+01   6.0401384e+00
   5.9312461e+01   6.2000000e+01   6.0401384e+00
   5.9322461e+01   6.2000000e+01   6.0401384e+00
   5.9332461e+01   6.2000000e+01   6.0401384e+00
   5.9342461e+01   6.2000000e+01   6.0401384e+00
   5.9352461e+01   6.2000000e+01   6.0401384e+00
   5.9362461e+01   6.2000000e+01   6.0401384e+00
   5.9372461e+01   6.2000000e+01   6.0401384e+00
   5.9382461e+01   6.2000000e+01   6.0401384e+00
   5.9392461e+01   6.2000000e+01   6.0401384e+00
   5.9402461e+01   6.2000000e+01   6.0401384e+00
   5.9412461e+01   6.2000000e+01   6.0401384e+00
   5.9422461e+01   6.2000000e+01   6.0401384e+00
   5.9432461e+01   6.2000000e+01   6.0401384e+00
   5.9442461e+01   6.2000000e+01   6.0401384e+00
   5.9452461e+01   6.2000000e+01   6.0401384e+00
   5.9462461e+01   6.2000000e+01   6.0401384e+00
   5.9472461e+01   6.2000000e+01   6.0401384e+00
   5.9482461e+01   6.2000000e+01   6.0401384e+00
   5.9492461e+01   6.2000000e+01   6.0401384e+00
   5.9502461e+01   6.2000000e+01   6.0401384e+00
   5.9512461e+01   6.2000000e+01   6.0401384e+00
   5.9522461e+01   6.2000000e+01   6.0401384e+00
   5.9532461e+01   6.2000000e+01   6.0401384e+00
   5.9542461e+01   6.2000000e+01   6.0401384e+00
   5.9552461e+01   6.2000000e+01   6.0401384e+00
   5.9562461e+01   6.2000000e+01   6.0401384e+00
   5.9572461e+01   6.2000000e+01   6.0401384e+00
   5.9582461e+01   6.2000000e+01   6.0401384e+00
   5.9592461e+01   6.2000000e+01   6.0401384e+00
   5.9602461e+01   6.2000000e+01   6.0401384e+00
   5.9612072e+01   6.2000000e+01   6.0401384e+00
   5.9612072e+01   6.3000000e+01   5.8949786e+00
   5.9612072e+01   6.3000000e+01   5.8949786e+00
   5.9622072e+01   6.3000000e+01   5.8949786e+00
   5.9632072e+01   6.3000000e+01   5.8949786e+00
   5.9642072e+01   6.3000000e+01   5.8949786e+00
   5.9652072e+01   6.3000000e+01   5.8949786e+00
   5.9662072e+01   6.3000000e+01   5.8949786e+00
   5.9672072e+01   6.3000000e+01   5.8949786e+00
   5.9682072e+01   6.3000000e+01   5.8949786e+00
   5.9692072e+01   6.3000000e+01   5.8949786e+00
   5.9702072e+01   6.3000000e+01   5.8949786e+00
   5.9712072e+01   6.3000000e+01   5.8949786e+00
   5.9722072e+01   6.3000000e+01   5.8949786e+00
   5.9732072e+01   6.3000000e+01   5.8949786e+00
   5.9742072e+01   6.3000000e+01   5.8949786e+00
   5.9752072e+01   6.3000000e+01   5.8949786e+00
   5.9762072e+01   6.3000000e+01   5.8949786e+00
   5.9772072e+01   6.3000000e+01   5.8949786e+00
   5.9782072e+01   6.3000000e+01   5.8949786e+00
   5.9792072e+01   6.3000000e+01   5.8949786e+00
   5.9802072e+01   6.3000000e+01   5.8949786e+00
   5.9812072e+01   6.3000000e+01   5.8949786e+00
   5.9822072e+01   6.3000000e+01   5.8949786e+00
   5.9832072e+01   6.3000000e+01   5.8949786e+00
   5.9842072e+01   6.3000000e+01   5.8949786e+00
   5.9852072e+01   6.3000000e+01   5.8949786e+00
   5.9862072e+01   6.3000000e+01   5.8949786e+00
   5.9872072e+01   6.3000000e+01   5.8949786e+00
   5.9882072e+01   6.3000000e+01   5.8949786e+00
   5.9892072e+01   6.3000000e+01   5.8949786e+00
   5.9902072e+01   6.3000000e+01   5.8949786e+00
   5.9912072e+01   6.3000000e+01   5.8949786e+00
   5.9922072e+01   6.3000000e+01   5.8949786e+00
   5.9932072e+01   6.3000000e+01   5.8949786e+00
   5.9942072e+01   6.3000000e+01   5.8949786e+00
   5.9952072e+01   6.3000000e+01   5.8949786e+00
   5.9962072e+01   6.3000000e+01   5.8949786e+00
   5.9972072e+01   6.3000000e+01   5.8949786e+00
   5.9982072e+01   6.3000000e+01   5.8949786e+00
   5.9992072e+01   6.3000000e+01   5.8949786e+00
   6.0002072e+01   6.3000000e+01   5.8949786e+00
   6.0012072e+01   6.3000000e+01   5.8949786e+00
   6.0022072e+01   6.3000000e+01   5.8949786e+00
   6.0032072e+01   6.3000000e+01   5.8949786e+00
   6.0042072e+01   6.3000000e+01   5.8949786e+00
   6.0052072e+01   6.3000000e+01   5.8949786e+00
   6.0062072e+01   6.3000000e+01   5.8949786e+00
   6.0072072e+01   6.3000000e+01   5.8949786e+00
   6.0082072e+01   6.3000000e+01   5.8949786e+00
   6.0092072e+01   6.3000000e+01   5.8949786e+00
   6.0102072e+01   6.3000000e+01   5.8949786e+00
   6.0112072e+01   6.3000000e+01   5.8949786e+00
   6.0122072e+01   6.3000000e+01   5.8949786e+00
   6.0132072e+01   6.3000000e+01   5.8949786e+00
   6.0142072e+01   6.3000000e+01   5.8949786e+00
   6.0152072e+01   6.3000000e+01   5.8949786e+00
   6.0162072e+01   6.3000000e+01   5.8949786e+00
   6.0172072e+01   6.3000000e+01   5.8949786e+00
   6.0182072e+01   6.3000000e+01   5.8949786e+00
   6.0192072e+01   6.3000000e+01   5.8949786e+00
   6.0202072e+01   6.3000000e+01   5.8949786e+00
   6.0212072e+01   6.3000000e+01   5.8949786e+00
   6.0222072e+01   6.3000000e+01   5.8949786e+00
   6.0232072e+01   6.3000000e+01   5.8949786e+00
   6.0242072e+01   6.3000000e+01   5.8949786e+00
   6.0252072e+01   6.3000000e+01   5.8949786e+00
   6.0262072e+01   6.3000000e+01   5.8949786e+00
   6.0272072e+01   6.3000000e+01   5.8949786e+00
   6.0282072e+01   6.3000000e+01   5.8949786e+00
   6.0292072e+01   6.3000000e+01   5.8949786e+00
   6.0302072e+01   6.3000000e+01   5.8949786e+00
   6.0312072e+01   6.3000000e+01   5.8949786e+00
   6.0322072e+01   6.3000000e+01   5.8949786e+00
   6.0332072e+01   6.3000000e+01   5.8949786e+00
   6.0342072e+01   6.3000000e+01   5.8949786e+00
   6.0352072e+01   6.3000000e+01   5.8949786e+00
   6.0362072e+01   6.3000000e+01   5.8949786e+00
   6.0372072e+01   6.3000000e+01   5.8949786e+00
   6.0382072e+01   6.3000000e+01   5.8949786e+00
   6.0392072e+01   6.3000000e+01   5.8949786e+00
   6.0402072e+01   6.3000000e+01   5.8949786e+00
   6.0412072e+01   6.3000000e+01   5.8949786e+00
   6.0422072e+01   6.3000000e+01   5.8949786e+00
   6.0432072e+01   6.3000000e+01   5.8949786e+00
   6.0442072e+01   6.3000000e+01   5.8949786e+00
   6.0452072e+01   6.3000000e+01   5.8949786e+00
   6.0462072e+01   6.3000000e+01   5.8949786e+00
   6.0472072e+01   6.3000000e+01   5.8949786e+00
   6.0482072e+01   6.3000000e+01   5.8949786e+00
   6.0492072e+01   6.3000000e+01   5.8949786e+00
   6.0502072e+01   6.3000000e+01   5.8949786e+00
   6.0512072e+01   6.3000000e+01   5.8949786e+00
   6.0522072e+01   6.3000000e+01   5.8949786e+00
   6.0532072e+01   6.3000000e+01   5.8949786e+00
   6.0542072e+01   6.3000000e+01   5.8949786e+00
   6.0552072e+01   6.3000000e+01   5.8949786e+00
   6.0562072e+01   6.3000000e+01   5.8949786e+00
   6.0572072e+01   6.3000000e+01   5.8949786e+00
   6.0582072e+01   6.3000000e+01   5.8949786e+00
   6.0592072e+01   6.3000000e+01   5.8949786e+00
   6.0602072e+01   6.3000000e+01   5.8949786e+00
   6.0612072e+01   6.3000000e+01   5.8949786e+00
   6.0622072e+01   6.3000000e+01   5.8949786e+00
   6.0632072e+01   6.3000000e+01   5.8949786e+00
   6.0642072e+01   6.3000000e+01   5.8949786e+00
   6.0652072e+01   6.3000000e+01   5.8949786e+00
   6.0662072e+01   6.3000000e+01   5.8949786e+00
   6.0672072e+01   6.3000000e+01   5.8949786e+00
   6.0682072e+01   6.3000000e+01   5.8949786e+00
   6.0692072e+01   6.3000000e+01   5.8949786e+00
   6.0702072e+01   6.3000000e+01   5.8949786e+00
   6.0712072e+01   6.3000000e+01   5.8949786e+00
   6.0722072e+01   6.3000000e+01   5.8949786e+00
   6.0732072e+01   6.3000000e+01   5.8949786e+00
   6.0742072e+01   6.3000000e+01   5.8949786e+00
   6.0752072e+01   6.3000000e+01   5.8949786e+00
   6.0762072e+01   6.3000000e+01   5.8949786e+00
   6.0772072e+01   6.3000000e+01   5.8949786e+00
   6.0782072e+01   6.3000000e+01   5.8949786e+00
   6.0792072e+01   6.3000000e+01   5.8949786e+00
   6.0802072e+01   6.3000000e+01   5.8949786e+00
   6.0812072e+01   6.3000000e+01   5.8949786e+00
   6.0822072e+01   6.3000000e+01   5.8949786e+00
   6.0832072e+01   6.3000000e+01   5.8949786e+00
   6.0842072e+01   6.3000000e+01   5.8949786e+00
   6.0852072e+01   6.3000000e+01   5.8949786e+00
   6.0862072e+01   6.3000000e+01   5.8949786e+00
   6.0872072e+01   6.3000000e+01   5.8949786e+00
   6.0882072e+01   6.3000000e+01   5.8949786e+00
   6.0892072e+01   6.3000000e+01   5.8949786e+00
   6.0902072e+01   6.3000000e+01   5.8949786e+00
   6.0912072e+01   6.3000000e+01   5.8949786e+00
   6.0922072e+01   6.3000000e+01   5.8949786e+00
   6.0932072e+01   6.3000000e+01   5.8949786e+00
   6.0942072e+01   6.3000000e+01   5.8949786e+00
   6.0952072e+01   6.3000000e+01   5.8949786e+00
   6.0962072e+01   6.3000000e+01   5.8949786e+00
   6.0972072e+01   6.3000000e+01   5.8949786e+00
   6.0982072e+01   6.3000000e+01   5.8949786e+00
   6.0992072e+01   6.3000000e+01   5.8949786e+00
   6.1002072e+01   6.3000000e+01   5.8949786e+00
   6.1012072e+01   6.3000000e+01   5.8949786e+00
   6.1022072e+01   6.3000000e+01   5.8949786e+00
   6.1032072e+01   6.3000000e+01   5.8949786e+00
   6.1042072e+01   6.3000000e+01   5.8949786e+00
   6.1052072e+01   6.3000000e+01   5.8949786e+00
   6.1062072e+01   6.3000000e+01   5.8949786e+00
   6.1072072e+01   6.3000000e+01   5.8949786e+00
   6.1082072e+01   6.3000000e+01   5.8949786e+00
   6.1092072e+01   6.3000000e+01   5.8949786e+00
   6.1102072e+01   6.3000000e+01   5.8949786e+00
   6.1112072e+01   6.3000000e+01   5.8949786e+00
   6.1122072e+01   6.3000000e+01   5.8949786e+00
   6.1132072e+01   6.3000000e+01   5.8949786e+00
   6.1142072e+01   6.3000000e+01   5.8949786e+00
   6.1152072e+01   6.3000000e+01   5.8949786e+00
   6.1162072e+01   6.3000000e+01   5.8949786e+00
   6.1172072e+01   6.3000000e+01   5.8949786e+00
   6.1182072e+01   6.3000000e+01   5.8949786e+00
   6.1192072e+01   6.3000000e+01   5.8949786e+00
   6.1202072e+01   6.3000000e+01   5.8949786e+00
   6.1212072e+01   6.3000000e+01   5.8949786e+00
   6.1222072e+01   6.3000000e+01   5.8949786e+00
   6.1232072e+01   6.3000000e+01   5.8949786e+00
   6.1242072e+01   6.3000000e+01   5.8949786e+00
   6.1252072e+01   6.3000000e+01   5.8949786e+00
   6.1262072e+01   6.3000000e+01   5.8949786e+00
   6.1265488e+01   6.3000000e+01   5.8949786e+00
   6.1265488e+01   6.4000000e+01   5.7432799e+00
   6.1265488e+01   6.4000000e+01   5.7432799e+00
   6.1275488e+01   6.4000000e+01   5.7432799e+00
   6.1285488e+01   6.4000000e+01   5.7432799e+00
   6.1295488e+01   6.4000000e+01   5.7432799e+00
   6.1305488e+01   6.4000000e+01   5.7432799e+00
   6.1315488e+01   6.4000000e+01   5.7432799e+00
   6.1325488e+01   6.4000000e+01   5.7432799e+00
   6.1335488e+01   6.4000000e+01   5.7432799e+00
   6.1345488e+01   6.4000000e+01   5.7432799e+00
   6.1355488e+01   6.4000000e+01   5.7432799e+00
   6.1365488e+01   6.4000000e+01   5.7432799e+00
   6.1375488e+01   6.4000000e+01   5.7432799e+00
   6.1385488e+01   6.4000000e+01   5.7432799e+00
   6.1395488e+01   6.4000000e+01   5.7432799e+00
   6.1405488e+01   6.4000000e+01   5.7432799e+00
   6.1415488e+01   6.4000000e+01   5.7432799e+00
   6.1425488e+01   6.4000000e+01   5.7432799e+00
   6.1435488e+01   6.4000000e+01   5.7432799e+00
   6.1445488e+01   6.4000000e+01   5.7432799e+00
   6.1455488e+01   6.4000000e+01   5.7432799e+00
   6.1465488e+01   6.4000000e+01   5.7432799e+00
   6.1475488e+01   6.4000000e+01   5.7432799e+00
   6.1485488e+01   6.4000000e+01   5.7432799e+00
   6.1495488e+01   6.4000000e+01   5.7432799e+00
   6.1505488e+01   6.4000000e+01   5.7432799e+00
   6.1515488e+01   6.4000000e+01   5.7432799e+00
   6.1525488e+01   6.4000000e+01   5.7432799e+00
   6.1535488e+01   6.4000000e+01   5.7432799e+00
   6.1545488e+01   6.4000000e+01   5.7432799e+00
   6.1555488e+01   6.4000000e+01   5.7432799e+00
   6.1565488e+01   6.4000000e+01   5.7432799e+00
   6.1575488e+01   6.4000000e+01   5.7432799e+00
   6.1585488e+01   6.4000000e+01   5.7432799e+00
   6.1595488e+01   6.4000000e+01   5.7432799e+00
   6.1605488e+01   6.4000000e+01   5.7432799e+00
   6.1615488e+01   6.4000000e+01   5.7432799e+00
   6.1625488e+01   6.4000000e+01   5.7432799e+00
   6.1635488e+01   6.4000000e+01   5.7432799e+00
   6.1645488e+01   6.4000000e+01   5.7432799e+00
   6.1655488e+01   6.4000000e+01   5.7432799e+00
   6.1665488e+01   6.4000000e+01   5.7432799e+00
   6.1675488e+01   6.4000000e+01   5.7432799e+00
   6.1685488e+01   6.4000000e+01   5.7432799e+00
   6.1695488e+01   6.4000000e+01   5.7432799e+00
   6.1705488e+01   6.4000000e+01   5.7432799e+00
   6.1715488e+01   6.4000000e+01   5.7432799e+00
   6.1725488e+01   6.4000000e+01   5.7432799e+00
   6.1735488e+01   6.4000000e+01   5.7432799e+00
   6.1745488e+01   6.4000000e+01   5.7432799e+00
   6.1755488e+01   6.4000000e+01   5.7432799e+00
   6.1765488e+01   6.4000000e+01   5.7432799e+00
   6.1775488e+01   6.4000000e+01   5.7432799e+00
   6.1785488e+01   6.4000000e+01   5.7432799e+00
   6.1795488e+01   6.4000000e+01   5.7432799e+00
   6.1805488e+01   6.4000000e+01   5.7432799e+00
   6.1815488e+01   6.4000000e+01   5.7432799e+00
   6.1825488e+01   6.4000000e+01   5.7432799e+00
   6.1835488e+01   6.4000000e+01   5.7432799e+00
   6.1845488e+01   6.4000000e+01   5.7432799e+00
   6.1855488e+01   6.4000000e+01   5.7432799e+00
   6.1865488e+01   6.4000000e+01   5.7432799e+00
   6.1875488e+01   6.4000000e+01   5.7432799e+00
   6.1885488e+01   6.4000000e+01   5.7432799e+00
   6.1895488e+01   6.4000000e+01   5.7432799e+00
   6.1905488e+01   6.4000000e+01   5.7432799e+00
   6.1915488e+01   6.4000000e+01   5.7432799e+00
   6.1925488e+01   6.4000000e+01   5.7432799e+00
   6.1935488e+01   6.4000000e+01   5.7432799e+00
   6.1945488e+01   6.4000000e+01   5.7432799e+00
   6.1955488e+01   6.4000000e+01   5.7432799e+00
   6.1965488e+01   6.4000000e+01   5.7432799e+00
   6.1975488e+01   6.4000000e+01   5.7432799e+00
   6.1985488e+01   6.4000000e+01   5.7432799e+00
   6.1995488e+01   6.4000000e+01   5.7432799e+00
   6.2005488e+01   6.4000000e+01   5.7432799e+00
   6.2015488e+01   6.4000000e+01   5.7432799e+00
   6.2025488e+01   6.4000000e+01   5.7432799e+00
   6.2035488e+01   6.4000000e+01   5.7432799e+00
   6.2045488e+01   6.4000000e+01   5.7432799e+00
   6.2055488e+01   6.4000000e+01   5.7432799e+00
   6.2065488e+01   6.4000000e+01   5.7432799e+00
   6.2075488e+01   6.4000000e+01   5.7432799e+00
   6.2085488e+01   6.4000000e+01   5.7432799e+00
   6.2095488e+01   6.4000000e+01   5.7432799e+00
   6.2105488e+01   6.4000000e+01   5.7432799e+00
   6.2115488e+01   6.4000000e+01   5.7432799e+00
   6.2125488e+01   6.4000000e+01   5.7432799e+00
   6.2135488e+01   6.4000000e+01   5.7432799e+00
   6.2145488e+01   6.4000000e+01   5.7432799e+00
   6.2155488e+01   6.4000000e+01   5.7432799e+00
   6.2165488e+01   6.4000000e+01   5.7432799e+00
   6.2175488e+01   6.4000000e+01   5.7432799e+00
   6.2185488e+01   6.4000000e+01   5.7432799e+00
   6.2195488e+01   6.4000000e+01   5.7432799e+00
   6.2205488e+01   6.4000000e+01   5.7432799e+00
   6.2215488e+01   6.4000000e+01   5.7432799e+00
   6.2225488e+01   6.4000000e+01   5.7432799e+00
   6.2235488e+01   6.4000000e+01   5.7432799e+00
   6.2245488e+01   6.4000000e+01   5.7432799e+00
   6.2255488e+01   6.4000000e+01   5.7432799e+00
   6.2265488e+01   6.4000000e+01   5.7432799e+00
   6.2275488e+01   6.4000000e+01   5.7432799e+00
   6.2285488e+01   6.4000000e+01   5.7432799e+00
   6.2295488e+01   6.4000000e+01   5.7432799e+00
   6.2305488e+01   6.4000000e+01   5.7432799e+00
   6.2315488e+01   6.4000000e+01   5.7432799e+00
   6.2325488e+01   6.4000000e+01   5.7432799e+00
   6.2335488e+01   6.4000000e+01   5.7432799e+00
   6.2345488e+01   6.4000000e+01   5.7432799e+00
   6.2355488e+01   6.4000000e+01   5.7432799e+00
   6.2365488e+01   6.4000000e+01   5.7432799e+00
   6.2375488e+01   6.4000000e+01   5.7432799e+00
   6.2385488e+01   6.4000000e+01   5.7432799e+00
   6.2395488e+01   6.4000000e+01   5.7432799e+00
   6.2405488e+01   6.4000000e+01   5.7432799e+00
   6.2415488e+01   6.4000000e+01   5.7432799e+00
   6.2425488e+01   6.4000000e+01   5.7432799e+00
   6.2435488e+01   6.4000000e+01   5.7432799e+00
   6.2445488e+01   6.4000000e+01   5.7432799e+00
   6.2455488e+01   6.4000000e+01   5.7432799e+00
   6.2465488e+01   6.4000000e+01   5.7432799e+00
   6.2475488e+01   6.4000000e+01   5.7432799e+00
   6.2485488e+01   6.4000000e+01   5.7432799e+00
   6.2495488e+01   6.4000000e+01   5.7432799e+00
   6.2505488e+01   6.4000000e+01   5.7432799e+00
   6.2515488e+01   6.4000000e+01   5.7432799e+00
   6.2525488e+01   6.4000000e+01   5.7432799e+00
   6.2535488e+01   6.4000000e+01   5.7432799e+00
   6.2545488e+01   6.4000000e+01   5.7432799e+00
   6.2555488e+01   6.4000000e+01   5.7432799e+00
   6.2565488e+01   6.4000000e+01   5.7432799e+00
   6.2575488e+01   6.4000000e+01   5.7432799e+00
   6.2585488e+01   6.4000000e+01   5.7432799e+00
   6.2595488e+01   6.4000000e+01   5.7432799e+00
   6.2605488e+01   6.4000000e+01   5.7432799e+00
   6.2615488e+01   6.4000000e+01   5.7432799e+00
   6.2625488e+01   6.4000000e+01   5.7432799e+00
   6.2635488e+01   6.4000000e+01   5.7432799e+00
   6.2645488e+01   6.4000000e+01   5.7432799e+00
   6.2655488e+01   6.4000000e+01   5.7432799e+00
   6.2665488e+01   6.4000000e+01   5.7432799e+00
   6.2675488e+01   6.4000000e+01   5.7432799e+00
   6.2685488e+01   6.4000000e+01   5.7432799e+00
   6.2695488e+01   6.4000000e+01   5.7432799e+00
   6.2705488e+01   6.4000000e+01   5.7432799e+00
   6.2715488e+01   6.4000000e+01   5.7432799e+00
   6.2725488e+01   6.4000000e+01   5.7432799e+00
   6.2735488e+01   6.4000000e+01   5.7432799e+00
   6.2745488e+01   6.4000000e+01   5.7432799e+00
   6.2755488e+01   6.4000000e+01   5.7432799e+00
   6.2765488e+01   6.4000000e+01   5.7432799e+00
   6.2775488e+01   6.4000000e+01   5.7432799e+00
   6.2785488e+01   6.4000000e+01   5.7432799e+00
   6.2795488e+01   6.4000000e+01   5.7432799e+00
   6.2805488e+01   6.4000000e+01   5.7432799e+00
   6.2815488e+01   6.4000000e+01   5.7432799e+00
   6.2825488e+01   6.4000000e+01   5.7432799e+00
   6.2835488e+01   6.4000000e+01   5.7432799e+00
   6.2845488e+01   6.4000000e+01   5.7432799e+00
   6.2855488e+01   6.4000000e+01   5.7432799e+00
   6.2865488e+01   6.4000000e+01   5.7432799e+00
   6.2875488e+01   6.4000000e+01   5.7432799e+00
   6.2885488e+01   6.4000000e+01   5.7432799e+00
   6.2895488e+01   6.4000000e+01   5.7432799e+00
   6.2905488e+01   6.4000000e+01   5.7432799e+00
   6.2915488e+01   6.4000000e+01   5.7432799e+00
   6.2925488e+01   6.4000000e+01   5.7432799e+00
   6.2932240e+01   6.4000000e+01   5.7432799e+00
   6.2932240e+01   6.5000000e+01   5.5851437e+00
   6.2932240e+01   6.5000000e+01   5.5851437e+00
   6.2942240e+01   6.5000000e+01   5.5851437e+00
   6.2952240e+01   6.5000000e+01   5.5851437e+00
   6.2962240e+01   6.5000000e+01   5.5851437e+00
   6.2972240e+01   6.5000000e+01   5.5851437e+00
   6.2982240e+01   6.5000000e+01   5.5851437e+00
   6.2992240e+01   6.5000000e+01   5.5851437e+00
   6.3002240e+01   6.5000000e+01   5.5851437e+00
   6.3012240e+01   6.5000000e+01   5.5851437e+00
   6.3022240e+01   6.5000000e+01   5.5851437e+00
   6.3032240e+01   6.5000000e+01   5.5851437e+00
   6.3042240e+01   6.5000000e+01   5.5851437e+00
   6.3052240e+01   6.5000000e+01   5.5851437e+00
   6.3062240e+01   6.5000000e+01   5.5851437e+00
   6.3072240e+01   6.5000000e+01   5.5851437e+00
   6.3082240e+01   6.5000000e+01   5.5851437e+00
   6.3092240e+01   6.5000000e+01   5.5851437e+00
   6.3102240e+01   6.5000000e+01   5.5851437e+00
   6.3112240e+01   6.5000000e+01   5.5851437e+00
   6.3122240e+01   6.5000000e+01   5.5851437e+00
   6.3132240e+01   6.5000000e+01   5.5851437e+00
   6.3142240e+01   6.5000000e+01   5.5851437e+00
   6.3152240e+01   6.5000000e+01   5.5851437e+00
   6.3162240e+01   6.5000000e+01   5.5851437e+00
   6.3172240e+01   6.5000000e+01   5.5851437e+00
   6.3182240e+01   6.5000000e+01   5.5851437e+00
   6.3192240e+01   6.5000000e+01   5.5851437e+00
   6.3202240e+01   6.5000000e+01   5.5851437e+00
   6.3212240e+01   6.5000000e+01   5.5851437e+00
   6.3222240e+01   6.5000000e+01   5.5851437e+00
   6.3232240e+01   6.5000000e+01   5.5851437e+00
   6.3242240e+01   6.5000000e+01   5.5851437e+00
   6.3252240e+01   6.5000000e+01   5.5851437e+00
   6.3262240e+01   6.5000000e+01   5.5851437e+00
   6.3272240e+01   6.5000000e+01   5.5851437e+00
   6.3282240e+01   6.5000000e+01   5.5851437e+00
   6.3292240e+01   6.5000000e+01   5.5851437e+00
   6.3302240e+01   6.5000000e+01   5.5851437e+00
   6.3312240e+01   6.5000000e+01   5.5851437e+00
   6.3322240e+01   6.5000000e+01   5.5851437e+00
   6.3332240e+01   6.5000000e+01   5.5851437e+00
   6.3342240e+01   6.5000000e+01   5.5851437e+00
   6.3352240e+01   6.5000000e+01   5.5851437e+00
   6.3362240e+01   6.5000000e+01   5.5851437e+00
   6.3372240e+01   6.5000000e+01   5.5851437e+00
   6.3382240e+01   6.5000000e+01   5.5851437e+00
   6.3392240e+01   6.5000000e+01   5.5851437e+00
   6.3402240e+01   6.5000000e+01   5.5851437e+00
   6.3412240e+01   6.5000000e+01   5.5851437e+00
   6.3422240e+01   6.5000000e+01   5.5851437e+00
   6.3432240e+01   6.5000000e+01   5.5851437e+00
   6.3442240e+01   6.5000000e+01   5.5851437e+00
   6.3452240e+01   6.5000000e+01   5.5851437e+00
   6.3462240e+01   6.5000000e+01   5.5851437e+00
   6.3472240e+01   6.5000000e+01   5.5851437e+00
   6.3482240e+01   6.5000000e+01   5.5851437e+00
   6.3492240e+01   6.5000000e+01   5.5851437e+00
   6.3502240e+01   6.5000000e+01   5.5851437e+00
   6.3512240e+01   6.5000000e+01   5.5851437e+00
   6.3522240e+01   6.5000000e+01   5.5851437e+00
   6.3532240e+01   6.5000000e+01   5.5851437e+00
   6.3542240e+01   6.5000000e+01   5.5851437e+00
   6.3552240e+01   6.5000000e+01   5.5851437e+00
   6.3562240e+01   6.5000000e+01   5.5851437e+00
   6.3572240e+01   6.5000000e+01   5.5851437e+00
   6.3582240e+01   6.5000000e+01   5.5851437e+00
   6.3592240e+01   6.5000000e+01   5.5851437e+00
   6.3602240e+01   6.5000000e+01   5.5851437e+00
   6.3612240e+01   6.5000000e+01   5.5851437e+00
   6.3622240e+01   6.5000000e+01   5.5851437e+00
   6.3632240e+01   6.5000000e+01   5.5851437e+00
   6.3642240e+01   6.5000000e+01   5.5851437e+00
   6.3652240e+01   6.5000000e+01   5.5851437e+00
   6.3662240e+01   6.5000000e+01   5.5851437e+00
   6.3672240e+01   6.5000000e+01   5.5851437e+00
   6.3682240e+01   6.5000000e+01   5.5851437e+00
   6.3692240e+01   6.5000000e+01   5.5851437e+00
   6.3702240e+01   6.5000000e+01   5.5851437e+00
   6.3712240e+01   6.5000000e+01   5.5851437e+00
   6.3722240e+01   6.5000000e+01   5.5851437e+00
   6.3732240e+01   6.5000000e+01   5.5851437e+00
   6.3742240e+01   6.5000000e+01   5.5851437e+00
   6.3752240e+01   6.5000000e+01   5.5851437e+00
   6.3762240e+01   6.5000000e+01   5.5851437e+00
   6.3772240e+01   6.5000000e+01   5.5851437e+00
   6.3782240e+01   6.5000000e+01   5.5851437e+00
   6.3792240e+01   6.5000000e+01   5.5851437e+00
   6.3802240e+01   6.5000000e+01   5.5851437e+00
   6.3812240e+01   6.5000000e+01   5.5851437e+00
   6.3822240e+01   6.5000000e+01   5.5851437e+00
   6.3832240e+01   6.5000000e+01   5.5851437e+00
   6.3842240e+01   6.5000000e+01   5.5851437e+00
   6.3852240e+01   6.5000000e+01   5.5851437e+00
   6.3862240e+01   6.5000000e+01   5.5851437e+00
   6.3872240e+01   6.5000000e+01   5.5851437e+00
   6.3882240e+01   6.5000000e+01   5.5851437e+00
   6.3892240e+01   6.5000000e+01   5.5851437e+00
   6.3902240e+01   6.5000000e+01   5.5851437e+00
   6.3912240e+01   6.5000000e+01   5.5851437e+00
   6.3922240e+01   6.5000000e+01   5.5851437e+00
   6.3932240e+01   6.5000000e+01   5.5851437e+00
   6.3942240e+01   6.5000000e+01   5.5851437e+00
   6.3952240e+01   6.5000000e+01   5.5851437e+00
   6.3962240e+01   6.5000000e+01   5.5851437e+00
   6.3972240e+01   6.5000000e+01   5.5851437e+00
   6.3982240e+01   6.5000000e+01   5.5851437e+00
   6.3992240e+01   6.5000000e+01   5.5851437e+00
   6.4002240e+01   6.5000000e+01   5.5851437e+00
   6.4012240e+01   6.5000000e+01   5.5851437e+00
   6.4022240e+01   6.5000000e+01   5.5851437e+00
   6.4032240e+01   6.5000000e+01   5.5851437e+00
   6.4042240e+01   6.5000000e+01   5.5851437e+00
   6.4052240e+01   6.5000000e+01   5.5851437e+00
   6.4062240e+01   6.5000000e+01   5.5851437e+00
   6.4072240e+01   6.5000000e+01   5.5851437e+00
   6.4082240e+01   6.5000000e+01   5.5851437e+00
   6.4092240e+01   6.5000000e+01   5.5851437e+00
   6.4102240e+01   6.5000000e+01   5.5851437e+00
   6.4112240e+01   6.5000000e+01   5.5851437e+00
   6.4122240e+01   6.5000000e+01   5.5851437e+00
   6.4132240e+01   6.5000000e+01   5.5851437e+00
   6.4142240e+01   6.5000000e+01   5.5851437e+00
   6.4152240e+01   6.5000000e+01   5.5851437e+00
   6.4162240e+01   6.5000000e+01   5.5851437e+00
   6.4172240e+01   6.5000000e+01   5.5851437e+00
   6.4182240e+01   6.5000000e+01   5.5851437e+00
   6.4192240e+01   6.5000000e+01   5.5851437e+00
   6.4202240e+01   6.5000000e+01   5.5851437e+00
   6.4212240e+01   6.5000000e+01   5.5851437e+00
   6.4222240e+01   6.5000000e+01   5.5851437e+00
   6.4232240e+01   6.5000000e+01   5.5851437e+00
   6.4242240e+01   6.5000000e+01   5.5851437e+00
   6.4252240e+01   6.5000000e+01   5.5851437e+00
   6.4262240e+01   6.5000000e+01   5.5851437e+00
   6.4272240e+01   6.5000000e+01   5.5851437e+00
   6.4282240e+01   6.5000000e+01   5.5851437e+00
   6.4292240e+01   6.5000000e+01   5.5851437e+00
   6.4302240e+01   6.5000000e+01   5.5851437e+00
   6.4312240e+01   6.5000000e+01   5.5851437e+00
   6.4322240e+01   6.5000000e+01   5.5851437e+00
   6.4332240e+01   6.5000000e+01   5.5851437e+00
   6.4342240e+01   6.5000000e+01   5.5851437e+00
   6.4352240e+01   6.5000000e+01   5.5851437e+00
   6.4362240e+01   6.5000000e+01   5.5851437e+00
   6.4372240e+01   6.5000000e+01   5.5851437e+00
   6.4382240e+01   6.5000000e+01   5.5851437e+00
   6.4392240e+01   6.5000000e+01   5.5851437e+00
   6.4402240e+01   6.5000000e+01   5.5851437e+00
   6.4412240e+01   6.5000000e+01   5.5851437e+00
   6.4422240e+01   6.5000000e+01   5.5851437e+00
   6.4432240e+01   6.5000000e+01   5.5851437e+00
   6.4442240e+01   6.5000000e+01   5.5851437e+00
   6.4452240e+01   6.5000000e+01   5.5851437e+00
   6.4462240e+01   6.5000000e+01   5.5851437e+00
   6.4472240e+01   6.5000000e+01   5.5851437e+00
   6.4482240e+01   6.5000000e+01   5.5851437e+00
   6.4492240e+01   6.5000000e+01   5.5851437e+00
   6.4502240e+01   6.5000000e+01   5.5851437e+00
   6.4512240e+01   6.5000000e+01   5.5851437e+00
   6.4522240e+01   6.5000000e+01   5.5851437e+00
   6.4532240e+01   6.5000000e+01   5.5851437e+00
   6.4542240e+01   6.5000000e+01   5.5851437e+00
   6.4552240e+01   6.5000000e+01   5.5851437e+00
   6.4562240e+01   6.5000000e+01   5.5851437e+00
   6.4572240e+01   6.5000000e+01   5.5851437e+00
   6.4582240e+01   6.5000000e+01   5.5851437e+00
   6.4592240e+01   6.5000000e+01   5.5851437e+00
   6.4602240e+01   6.5000000e+01   5.5851437e+00
   6.4611854e+01   6.5000000e+01   5.5851437e+00
   6.4611854e+01   6.6000000e+01   5.4206766e+00
   6.4611854e+01   6.6000000e+01   5.4206766e+00
   6.4621854e+01   6.6000000e+01   5.4206766e+00
   6.4631854e+01   6.6000000e+01   5.4206766e+00
   6.4641854e+01   6.6000000e+01   5.4206766e+00
   6.4651854e+01   6.6000000e+01   5.4206766e+00
   6.4661854e+01   6.6000000e+01   5.4206766e+00
   6.4671854e+01   6.6000000e+01   5.4206766e+00
   6.4681854e+01   6.6000000e+01   5.4206766e+00
   6.4691854e+01   6.6000000e+01   5.4206766e+00
   6.4701854e+01   6.6000000e+01   5.4206766e+00
   6.4711854e+01   6.6000000e+01   5.4206766e+00
   6.4721854e+01   6.6000000e+01   5.4206766e+00
   6.4731854e+01   6.6000000e+01   5.4206766e+00
   6.4741854e+01   6.6000000e+01   5.4206766e+00
   6.4751854e+01   6.6000000e+01   5.4206766e+00
   6.4761854e+01   6.6000000e+01   5.4206766e+00
   6.4771854e+01   6.6000000e+01   5.4206766e+00
   6.4781854e+01   6.6000000e+01   5.4206766e+00
   6.4791854e+01   6.6000000e+01   5.4206766e+00
   6.4801854e+01   6.6000000e+01   5.4206766e+00
   6.4811854e+01   6.6000000e+01   5.4206766e+00
   6.4821854e+01   6.6000000e+01   5.4206766e+00
   6.4831854e+01   6.6000000e+01   5.4206766e+00
   6.4841854e+01   6.6000000e+01   5.4206766e+00
   6.4851854e+01   6.6000000e+01   5.4206766e+00
   6.4861854e+01   6.6000000e+01   5.4206766e+00
   6.4871854e+01   6.6000000e+01   5.4206766e+00
   6.4881854e+01   6.6000000e+01   5.4206766e+00
   6.4891854e+01   6.6000000e+01   5.4206766e+00
   6.4901854e+01   6.6000000e+01   5.4206766e+00
   6.4911854e+01   6.6000000e+01   5.4206766e+00
   6.4921854e+01   6.6000000e+01   5.4206766e+00
   6.4931854e+01   6.6000000e+01   5.4206766e+00
   6.4941854e+01   6.6000000e+01   5.4206766e+00
   6.4951854e+01   6.6000000e+01   5.4206766e+00
   6.4961854e+01   6.6000000e+01   5.4206766e+00
   6.4971854e+01   6.6000000e+01   5.4206766e+00
   6.4981854e+01   6.6000000e+01   5.4206766e+00
   6.4991854e+01   6.6000000e+01   5.4206766e+00
   6.5001854e+01   6.6000000e+01   5.4206766e+00
   6.5011854e+01   6.6000000e+01   5.4206766e+00
   6.5021854e+01   6.6000000e+01   5.4206766e+00
   6.5031854e+01   6.6000000e+01   5.4206766e+00
   6.5041854e+01   6.6000000e+01   5.4206766e+00
   6.5051854e+01   6.6000000e+01   5.4206766e+00
   6.5061854e+01   6.6000000e+01   5.4206766e+00
   6.5071854e+01   6.6000000e+01   5.4206766e+00
   6.5081854e+01   6.6000000e+01   5.4206766e+00
   6.5091854e+01   6.6000000e+01   5.4206766e+00
   6.5101854e+01   6.6000000e+01   5.4206766e+00
   6.5111854e+01   6.6000000e+01   5.4206766e+00
   6.5121854e+01   6.6000000e+01   5.4206766e+00
   6.5131854e+01   6.6000000e+01   5.4206766e+00
   6.5141854e+01   6.6000000e+01   5.4206766e+00
   6.5151854e+01   6.6000000e+01   5.4206766e+00
   6.5161854e+01   6.6000000e+01   5.4206766e+00
   6.5171854e+01   6.6000000e+01   5.4206766e+00
   6.5181854e+01   6.6000000e+01   5.4206766e+00
   6.5191854e+01   6.6000000e+01   5.4206766e+00
   6.5201854e+01   6.6000000e+01   5.4206766e+00
   6.5211854e+01   6.6000000e+01   5.4206766e+00
   6.5221854e+01   6.6000000e+01   5.4206766e+00
   6.5231854e+01   6.6000000e+01   5.4206766e+00
   6.5241854e+01   6.6000000e+01   5.4206766e+00
   6.5251854e+01   6.6000000e+01   5.4206766e+00
   6.5261854e+01   6.6000000e+01   5.4206766e+00
   6.5271854e+01   6.6000000e+01   5.4206766e+00
   6.5281854e+01   6.6000000e+01   5.4206766e+00
   6.5291854e+01   6.6000000e+01   5.4206766e+00
   6.5301854e+01   6.6000000e+01   5.4206766e+00
   6.5311854e+01   6.6000000e+01   5.4206766e+00
   6.5321854e+01   6.6000000e+01   5.4206766e+00
   6.5331854e+01   6.6000000e+01   5.4206766e+00
   6.5341854e+01   6.6000000e+01   5.4206766e+00
   6.5351854e+01   6.6000000e+01   5.4206766e+00
   6.5361854e+01   6.6000000e+01   5.4206766e+00
   6.5371854e+01   6.6000000e+01   5.4206766e+00
   6.5381854e+01   6.6000000e+01   5.4206766e+00
   6.5391854e+01   6.6000000e+01   5.4206766e+00
   6.5401854e+01   6.6000000e+01   5.4206766e+00
   6.5411854e+01   6.6000000e+01   5.4206766e+00
   6.5421854e+01   6.6000000e+01   5.4206766e+00
   6.5431854e+01   6.6000000e+01   5.4206766e+00
   6.5441854e+01   6.6000000e+01   5.4206766e+00
   6.5451854e+01   6.6000000e+01   5.4206766e+00
   6.5461854e+01   6.6000000e+01   5.4206766e+00
   6.5471854e+01   6.6000000e+01   5.4206766e+00
   6.5481854e+01   6.6000000e+01   5.4206766e+00
   6.5491854e+01   6.6000000e+01   5.4206766e+00
   6.5501854e+01   6.6000000e+01   5.4206766e+00
   6.5511854e+01   6.6000000e+01   5.4206766e+00
   6.5521854e+01   6.6000000e+01   5.4206766e+00
   6.5531854e+01   6.6000000e+01   5.4206766e+00
   6.5541854e+01   6.6000000e+01   5.4206766e+00
   6.5551854e+01   6.6000000e+01   5.4206766e+00
   6.5561854e+01   6.6000000e+01   5.4206766e+00
   6.5571854e+01   6.6000000e+01   5.4206766e+00
   6.5581854e+01   6.6000000e+01   5.4206766e+00
   6.5591854e+01   6.6000000e+01   5.4206766e+00
   6.5601854e+01   6.6000000e+01   5.4206766e+00
   6.5611854e+01   6.6000000e+01   5.4206766e+00
   6.5621854e+01   6.6000000e+01   5.4206766e+00
   6.5631854e+01   6.6000000e+01   5.4206766e+00
   6.5641854e+01   6.6000000e+01   5.4206766e+00
   6.5651854e+01   6.6000000e+01   5.4206766e+00
   6.5661854e+01   6.6000000e+01   5.4206766e+00
   6.5671854e+01   6.6000000e+01   5.4206766e+00
   6.5681854e+01   6.6000000e+01   5.4206766e+00
   6.5691854e+01   6.6000000e+01   5.4206766e+00
   6.5701854e+01   6.6000000e+01   5.4206766e+00
   6.5711854e+01   6.6000000e+01   5.4206766e+00
   6.5721854e+01   6.6000000e+01   5.4206766e+00
   6.5731854e+01   6.6000000e+01   5.4206766e+00
   6.5741854e+01   6.6000000e+01   5.4206766e+00
   6.5751854e+01   6.6000000e+01   5.4206766e+00
   6.5761854e+01   6.6000000e+01   5.4206766e+00
   6.5771854e+01   6.6000000e+01   5.4206766e+00
   6.5781854e+01   6.6000000e+01   5.4206766e+00
   6.5791854e+01   6.6000000e+01   5.4206766e+00
   6.5801854e+01   6.6000000e+01   5.4206766e+00
   6.5811854e+01   6.6000000e+01   5.4206766e+00
   6.5821854e+01   6.6000000e+01   5.4206766e+00
   6.5831854e+01   6.6000000e+01   5.4206766e+00
   6.5841854e+01   6.6000000e+01   5.4206766e+00
   6.5851854e+01   6.6000000e+01   5.4206766e+00
   6.5861854e+01   6.6000000e+01   5.4206766e+00
   6.5871854e+01   6.6000000e+01   5.4206766e+00
   6.5881854e+01   6.6000000e+01   5.4206766e+00
   6.5891854e+01   6.6000000e+01   5.4206766e+00
   6.5901854e+01   6.6000000e+01   5.4206766e+00
   6.5911854e+01   6.6000000e+01   5.4206766e+00
   6.5921854e+01   6.6000000e+01   5.4206766e+00
   6.5931854e+01   6.6000000e+01   5.4206766e+00
   6.5941854e+01   6.6000000e+01   5.4206766e+00
   6.5951854e+01   6.6000000e+01   5.4206766e+00
   6.5961854e+01   6.6000000e+01   5.4206766e+00
   6.5971854e+01   6.6000000e+01   5.4206766e+00
   6.5981854e+01   6.6000000e+01   5.4206766e+00
   6.5991854e+01   6.6000000e+01   5.4206766e+00
   6.6001854e+01   6.6000000e+01   5.4206766e+00
   6.6011854e+01   6.6000000e+01   5.4206766e+00
   6.6021854e+01   6.6000000e+01   5.4206766e+00
   6.6031854e+01   6.6000000e+01   5.4206766e+00
   6.6041854e+01   6.6000000e+01   5.4206766e+00
   6.6051854e+01   6.6000000e+01   5.4206766e+00
   6.6061854e+01   6.6000000e+01   5.4206766e+00
   6.6071854e+01   6.6000000e+01   5.4206766e+00
   6.6081854e+01   6.6000000e+01   5.4206766e+00
   6.6091854e+01   6.6000000e+01   5.4206766e+00
   6.6101854e+01   6.6000000e+01   5.4206766e+00
   6.6111854e+01   6.6000000e+01   5.4206766e+00
   6.6121854e+01   6.6000000e+01   5.4206766e+00
   6.6131854e+01   6.6000000e+01   5.4206766e+00
   6.6141854e+01   6.6000000e+01   5.4206766e+00
   6.6151854e+01   6.6000000e+01   5.4206766e+00
   6.6161854e+01   6.6000000e+01   5.4206766e+00
   6.6171854e+01   6.6000000e+01   5.4206766e+00
   6.6181854e+01   6.6000000e+01   5.4206766e+00
   6.6191854e+01   6.6000000e+01   5.4206766e+00
   6.6201854e+01   6.6000000e+01   5.4206766e+00
   6.6211854e+01   6.6000000e+01   5.4206766e+00
   6.6221854e+01   6.6000000e+01   5.4206766e+00
   6.6231854e+01   6.6000000e+01   5.4206766e+00
   6.6241854e+01   6.6000000e+01   5.4206766e+00
   6.6251854e+01   6.6000000e+01   5.4206766e+00
   6.6261854e+01   6.6000000e+01   5.4206766e+00
   6.6271854e+01   6.6000000e+01   5.4206766e+00
   6.6281854e+01   6.6000000e+01   5.4206766e+00
   6.6291854e+01   6.6000000e+01   5.4206766e+00
   6.6301854e+01   6.6000000e+01   5.4206766e+00
   6.6303854e+01   6.6000000e+01   5.4206766e+00
   6.6303854e+01   6.7000000e+01   5.2499919e+00
   6.6303854e+01   6.7000000e+01   5.2499919e+00
   6.6313854e+01   6.7000000e+01   5.2499919e+00
   6.6323854e+01   6.7000000e+01   5.2499919e+00
   6.6333854e+01   6.7000000e+01   5.2499919e+00
   6.6343854e+01   6.7000000e+01   5.2499919e+00
   6.6353854e+01   6.7000000e+01   5.2499919e+00
   6.6363854e+01   6.7000000e+01   5.2499919e+00
   6.6373854e+01   6.7000000e+01   5.2499919e+00
   6.6383854e+01   6.7000000e+01   5.2499919e+00
   6.6393854e+01   6.7000000e+01   5.2499919e+00
   6.6403854e+01   6.7000000e+01   5.2499919e+00
   6.6413854e+01   6.7000000e+01   5.2499919e+00
   6.6423854e+01   6.7000000e+01   5.2499919e+00
   6.6433854e+01   6.7000000e+01   5.2499919e+00
   6.6443854e+01   6.7000000e+01   5.2499919e+00
   6.6453854e+01   6.7000000e+01   5.2499919e+00
   6.6463854e+01   6.7000000e+01   5.2499919e+00
   6.6473854e+01   6.7000000e+01   5.2499919e+00
   6.6483854e+01   6.7000000e+01   5.2499919e+00
   6.6493854e+01   6.7000000e+01   5.2499919e+00
   6.6503854e+01   6.7000000e+01   5.2499919e+00
   6.6513854e+01   6.7000000e+01   5.2499919e+00
   6.6523854e+01   6.7000000e+01   5.2499919e+00
   6.6533854e+01   6.7000000e+01   5.2499919e+00
   6.6543854e+01   6.7000000e+01   5.2499919e+00
   6.6553854e+01   6.7000000e+01   5.2499919e+00
   6.6563854e+01   6.7000000e+01   5.2499919e+00
   6.6573854e+01   6.7000000e+01   5.2499919e+00
   6.6583854e+01   6.7000000e+01   5.2499919e+00
   6.6593854e+01   6.7000000e+01   5.2499919e+00
   6.6603854e+01   6.7000000e+01   5.2499919e+00
   6.6613854e+01   6.7000000e+01   5.2499919e+00
   6.6623854e+01   6.7000000e+01   5.2499919e+00
   6.6633854e+01   6.7000000e+01   5.2499919e+00
   6.6643854e+01   6.7000000e+01   5.2499919e+00
   6.6653854e+01   6.7000000e+01   5.2499919e+00
   6.6663854e+01   6.7000000e+01   5.2499919e+00
   6.6673854e+01   6.7000000e+01   5.2499919e+00
   6.6683854e+01   6.7000000e+01   5.2499919e+00
   6.6693854e+01   6.7000000e+01   5.2499919e+00
   6.6703854e+01   6.7000000e+01   5.2499919e+00
   6.6713854e+01   6.7000000e+01   5.2499919e+00
   6.6723854e+01   6.7000000e+01   5.2499919e+00
   6.6733854e+01   6.7000000e+01   5.2499919e+00
   6.6743854e+01   6.7000000e+01   5.2499919e+00
   6.6753854e+01   6.7000000e+01   5.2499919e+00
   6.6763854e+01   6.7000000e+01   5.2499919e+00
   6.6773854e+01   6.7000000e+01   5.2499919e+00
   6.6783854e+01   6.7000000e+01   5.2499919e+00
   6.6793854e+01   6.7000000e+01   5.2499919e+00
   6.6803854e+01   6.7000000e+01   5.2499919e+00
   6.6813854e+01   6.7000000e+01   5.2499919e+00
   6.6823854e+01   6.7000000e+01   5.2499919e+00
   6.6833854e+01   6.7000000e+01   5.2499919e+00
   6.6843854e+01   6.7000000e+01   5.2499919e+00
   6.6853854e+01   6.7000000e+01   5.2499919e+00
   6.6863854e+01   6.7000000e+01   5.2499919e+00
   6.6873854e+01   6.7000000e+01   5.2499919e+00
   6.6883854e+01   6.7000000e+01   5.2499919e+00
   6.6893854e+01   6.7000000e+01   5.2499919e+00
   6.6903854e+01   6.7000000e+01   5.2499919e+00
   6.6913854e+01   6.7000000e+01   5.2499919e+00
   6.6923854e+01   6.7000000e+01   5.2499919e+00
   6.6933854e+01   6.7000000e+01   5.2499919e+00
   6.6943854e+01   6.7000000e+01   5.2499919e+00
   6.6953854e+01   6.7000000e+01   5.2499919e+00
   6.6963854e+01   6.7000000e+01   5.2499919e+00
   6.6973854e+01   6.7000000e+01   5.2499919e+00
   6.6983854e+01   6.7000000e+01   5.2499919e+00
   6.6993854e+01   6.7000000e+01   5.2499919e+00
   6.7003854e+01   6.7000000e+01   5.2499919e+00
   6.7013854e+01   6.7000000e+01   5.2499919e+00
   6.7023854e+01   6.7000000e+01   5.2499919e+00
   6.7033854e+01   6.7000000e+01   5.2499919e+00
   6.7043854e+01   6.7000000e+01   5.2499919e+00
   6.7053854e+01   6.7000000e+01   5.2499919e+00
   6.7063854e+01   6.7000000e+01   5.2499919e+00
   6.7073854e+01   6.7000000e+01   5.2499919e+00
   6.7083854e+01   6.7000000e+01   5.2499919e+00
   6.7093854e+01   6.7000000e+01   5.2499919e+00
   6.7103854e+01   6.7000000e+01   5.2499919e+00
   6.7113854e+01   6.7000000e+01   5.2499919e+00
   6.7123854e+01   6.7000000e+01   5.2499919e+00
   6.7133854e+01   6.7000000e+01   5.2499919e+00
   6.7143854e+01   6.7000000e+01   5.2499919e+00
   6.7153854e+01   6.7000000e+01   5.2499919e+00
   6.7163854e+01   6.7000000e+01   5.2499919e+00
   6.7173854e+01   6.7000000e+01   5.2499919e+00
   6.7183854e+01   6.7000000e+01   5.2499919e+00
   6.7193854e+01   6.7000000e+01   5.2499919e+00
   6.7203854e+01   6.7000000e+01   5.2499919e+00
   6.7213854e+01   6.7000000e+01   5.2499919e+00
   6.7223854e+01   6.7000000e+01   5.2499919e+00
   6.7233854e+01   6.7000000e+01   5.2499919e+00
   6.7243854e+01   6.7000000e+01   5.2499919e+00
   6.7253854e+01   6.7000000e+01   5.2499919e+00
   6.7263854e+01   6.7000000e+01   5.2499919e+00
   6.7273854e+01   6.7000000e+01   5.2499919e+00
   6.7283854e+01   6.7000000e+01   5.2499919e+00
   6.7293854e+01   6.7000000e+01   5.2499919e+00
   6.7303854e+01   6.7000000e+01   5.2499919e+00
   6.7313854e+01   6.7000000e+01   5.2499919e+00
   6.7323854e+01   6.7000000e+01   5.2499919e+00
   6.7333854e+01   6.7000000e+01   5.2499919e+00
   6.7343854e+01   6.7000000e+01   5.2499919e+00
   6.7353854e+01   6.7000000e+01   5.2499919e+00
   6.7363854e+01   6.7000000e+01   5.2499919e+00
   6.7373854e+01   6.7000000e+01   5.2499919e+00
   6.7383854e+01   6.7000000e+01   5.2499919e+00
   6.7393854e+01   6.7000000e+01   5.2499919e+00
   6.7403854e+01   6.7000000e+01   5.2499919e+00
   6.7413854e+01   6.7000000e+01   5.2499919e+00
   6.7423854e+01   6.7000000e+01   5.2499919e+00
   6.7433854e+01   6.7000000e+01   5.2499919e+00
   6.7443854e+01   6.7000000e+01   5.2499919e+00
   6.7453854e+01   6.7000000e+01   5.2499919e+00
   6.7463854e+01   6.7000000e+01   5.2499919e+00
   6.7473854e+01   6.7000000e+01   5.2499919e+00
   6.7483854e+01   6.7000000e+01   5.2499919e+00
   6.7493854e+01   6.7000000e+01   5.2499919e+00
   6.7503854e+01   6.7000000e+01   5.2499919e+00
   6.7513854e+01   6.7000000e+01   5.2499919e+00
   6.7523854e+01   6.7000000e+01   5.2499919e+00
   6.7533854e+01   6.7000000e+01   5.2499919e+00
   6.7543854e+01   6.7000000e+01   5.2499919e+00
   6.7553854e+01   6.7000000e+01   5.2499919e+00
   6.7563854e+01   6.7000000e+01   5.2499919e+00
   6.7573854e+01   6.7000000e+01   5.2499919e+00
   6.7583854e+01   6.7000000e+01   5.2499919e+00
   6.7593854e+01   6.7000000e+01   5.2499919e+00
   6.7603854e+01   6.7000000e+01   5.2499919e+00
   6.7613854e+01   6.7000000e+01   5.2499919e+00
   6.7623854e+01   6.7000000e+01   5.2499919e+00
   6.7633854e+01   6.7000000e+01   5.2499919e+00
   6.7643854e+01   6.7000000e+01   5.2499919e+00
   6.7653854e+01   6.7000000e+01   5.2499919e+00
   6.7663854e+01   6.7000000e+01   5.2499919e+00
   6.7673854e+01   6.7000000e+01   5.2499919e+00
   6.7683854e+01   6.7000000e+01   5.2499919e+00
   6.7693854e+01   6.7000000e+01   5.2499919e+00
   6.7703854e+01   6.7000000e+01   5.2499919e+00
   6.7713854e+01   6.7000000e+01   5.2499919e+00
   6.7723854e+01   6.7000000e+01   5.2499919e+00
   6.7733854e+01   6.7000000e+01   5.2499919e+00
   6.7743854e+01   6.7000000e+01   5.2499919e+00
   6.7753854e+01   6.7000000e+01   5.2499919e+00
   6.7763854e+01   6.7000000e+01   5.2499919e+00
   6.7773854e+01   6.7000000e+01   5.2499919e+00
   6.7783854e+01   6.7000000e+01   5.2499919e+00
   6.7793854e+01   6.7000000e+01   5.2499919e+00
   6.7803854e+01   6.7000000e+01   5.2499919e+00
   6.7813854e+01   6.7000000e+01   5.2499919e+00
   6.7823854e+01   6.7000000e+01   5.2499919e+00
   6.7833854e+01   6.7000000e+01   5.2499919e+00
   6.7843854e+01   6.7000000e+01   5.2499919e+00
   6.7853854e+01   6.7000000e+01   5.2499919e+00
   6.7863854e+01   6.7000000e+01   5.2499919e+00
   6.7873854e+01   6.7000000e+01   5.2499919e+00
   6.7883854e+01   6.7000000e+01   5.2499919e+00
   6.7893854e+01   6.7000000e+01   5.2499919e+00
   6.7903854e+01   6.7000000e+01   5.2499919e+00
   6.7913854e+01   6.7000000e+01   5.2499919e+00
   6.7923854e+01   6.7000000e+01   5.2499919e+00
   6.7933854e+01   6.7000000e+01   5.2499919e+00
   6.7943854e+01   6.7000000e+01   5.2499919e+00
   6.7953854e+01   6.7000000e+01   5.2499919e+00
   6.7963854e+01   6.7000000e+01   5.2499919e+00
   6.7973854e+01   6.7000000e+01   5.2499919e+00
   6.7983854e+01   6.7000000e+01   5.2499919e+00
   6.7993854e+01   6.7000000e+01   5.2499919e+00
   6.8003854e+01   6.7000000e+01   5.2499919e+00
   6.8007757e+01   6.7000000e+01   5.2499919e+00
   6.8007757e+01   6.8000000e+01   5.0732091e+00
   6.8007757e+01   6.8000000e+01   5.0732091e+00
   6.8017757e+01   6.8000000e+01   5.0732091e+00
   6.8027757e+01   6.8000000e+01   5.0732091e+00
   6.8037757e+01   6.8000000e+01   5.0732091e+00
   6.8047757e+01   6.8000000e+01   5.0732091e+00
   6.8057757e+01   6.8000000e+01   5.0732091e+00
   6.8067757e+01   6.8000000e+01   5.0732091e+00
   6.8077757e+01   6.8000000e+01   5.0732091e+00
   6.8087757e+01   6.8000000e+01   5.0732091e+00
   6.8097757e+01   6.8000000e+01   5.0732091e+00
   6.8107757e+01   6.8000000e+01   5.0732091e+00
   6.8117757e+01   6.8000000e+01   5.0732091e+00
   6.8127757e+01   6.8000000e+01   5.0732091e+00
   6.8137757e+01   6.8000000e+01   5.0732091e+00
   6.8147757e+01   6.8000000e+01   5.0732091e+00
   6.8157757e+01   6.8000000e+01   5.0732091e+00
   6.8167757e+01   6.8000000e+01   5.0732091e+00
   6.8177757e+01   6.8000000e+01   5.0732091e+00
   6.8187757e+01   6.8000000e+01   5.0732091e+00
   6.8197757e+01   6.8000000e+01   5.0732091e+00
   6.8207757e+01   6.8000000e+01   5.0732091e+00
   6.8217757e+01   6.8000000e+01   5.0732091e+00
   6.8227757e+01   6.8000000e+01   5.0732091e+00
   6.8237757e+01   6.8000000e+01   5.0732091e+00
   6.8247757e+01   6.8000000e+01   5.0732091e+00
   6.8257757e+01   6.8000000e+01   5.0732091e+00
   6.8267757e+01   6.8000000e+01   5.0732091e+00
   6.8277757e+01   6.8000000e+01   5.0732091e+00
   6.8287757e+01   6.8000000e+01   5.0732091e+00
   6.8297757e+01   6.8000000e+01   5.0732091e+00
   6.8307757e+01   6.8000000e+01   5.0732091e+00
   6.8317757e+01   6.8000000e+01   5.0732091e+00
   6.8327757e+01   6.8000000e+01   5.0732091e+00
   6.8337757e+01   6.8000000e+01   5.0732091e+00
   6.8347757e+01   6.8000000e+01   5.0732091e+00
   6.8357757e+01   6.8000000e+01   5.0732091e+00
   6.8367757e+01   6.8000000e+01   5.0732091e+00
   6.8377757e+01   6.8000000e+01   5.0732091e+00
   6.8387757e+01   6.8000000e+01   5.0732091e+00
   6.8397757e+01   6.8000000e+01   5.0732091e+00
   6.8407757e+01   6.8000000e+01   5.0732091e+00
   6.8417757e+01   6.8000000e+01   5.0732091e+00
   6.8427757e+01   6.8000000e+01   5.0732091e+00
   6.8437757e+01   6.8000000e+01   5.0732091e+00
   6.8447757e+01   6.8000000e+01   5.0732091e+00
   6.8457757e+01   6.8000000e+01   5.0732091e+00
   6.8467757e+01   6.8000000e+01   5.0732091e+00
   6.8477757e+01   6.8000000e+01   5.0732091e+00
   6.8487757e+01   6.8000000e+01   5.0732091e+00
   6.8497757e+01   6.8000000e+01   5.0732091e+00
   6.8507757e+01   6.8000000e+01   5.0732091e+00
   6.8517757e+01   6.8000000e+01   5.0732091e+00
   6.8527757e+01   6.8000000e+01   5.0732091e+00
   6.8537757e+01   6.8000000e+01   5.0732091e+00
   6.8547757e+01   6.8000000e+01   5.0732091e+00
   6.8557757e+01   6.8000000e+01   5.0732091e+00
   6.8567757e+01   6.8000000e+01   5.0732091e+00
   6.8577757e+01   6.8000000e+01   5.0732091e+00
   6.8587757e+01   6.8000000e+01   5.0732091e+00
   6.8597757e+01   6.8000000e+01   5.0732091e+00
   6.8607757e+01   6.8000000e+01   5.0732091e+00
   6.8617757e+01   6.8000000e+01   5.0732091e+00
   6.8627757e+01   6.8000000e+01   5.0732091e+00
   6.8637757e+01   6.8000000e+01   5.0732091e+00
   6.8647757e+01   6.8000000e+01   5.0732091e+00
   6.8657757e+01   6.8000000e+01   5.0732091e+00
   6.8667757e+01   6.8000000e+01   5.0732091e+00
   6.8677757e+01   6.8000000e+01   5.0732091e+00
   6.8687757e+01   6.8000000e+01   5.0732091e+00
   6.8697757e+01   6.8000000e+01   5.0732091e+00
   6.8707757e+01   6.8000000e+01   5.0732091e+00
   6.8717757e+01   6.8000000e+01   5.0732091e+00
   6.8727757e+01   6.8000000e+01   5.0732091e+00
   6.8737757e+01   6.8000000e+01   5.0732091e+00
   6.8747757e+01   6.8000000e+01   5.0732091e+00
   6.8757757e+01   6.8000000e+01   5.0732091e+00
   6.8767757e+01   6.8000000e+01   5.0732091e+00
   6.8777757e+01   6.8000000e+01   5.0732091e+00
   6.8787757e+01   6.8000000e+01   5.0732091e+00
   6.8797757e+01   6.8000000e+01   5.0732091e+00
   6.8807757e+01   6.8000000e+01   5.0732091e+00
   6.8817757e+01   6.8000000e+01   5.0732091e+00
   6.8827757e+01   6.8000000e+01   5.0732091e+00
   6.8837757e+01   6.8000000e+01   5.0732091e+00
   6.8847757e+01   6.8000000e+01   5.0732091e+00
   6.8857757e+01   6.8000000e+01   5.0732091e+00
   6.8867757e+01   6.8000000e+01   5.0732091e+00
   6.8877757e+01   6.8000000e+01   5.0732091e+00
   6.8887757e+01   6.8000000e+01   5.0732091e+00
   6.8897757e+01   6.8000000e+01   5.0732091e+00
   6.8907757e+01   6.8000000e+01   5.0732091e+00
   6.8917757e+01   6.8000000e+01   5.0732091e+00
   6.8927757e+01   6.8000000e+01   5.0732091e+00
   6.8937757e+01   6.8000000e+01   5.0732091e+00
   6.8947757e+01   6.8000000e+01   5.0732091e+00
   6.8957757e+01   6.8000000e+01   5.0732091e+00
   6.8967757e+01   6.8000000e+01   5.0732091e+00
   6.8977757e+01   6.8000000e+01   5.0732091e+00
   6.8987757e+01   6.8000000e+01   5.0732091e+00
   6.8997757e+01   6.8000000e+01   5.0732091e+00
   6.9007757e+01   6.8000000e+01   5.0732091e+00
   6.9017757e+01   6.8000000e+01   5.0732091e+00
   6.9027757e+01   6.8000000e+01   5.0732091e+00
   6.9037757e+01   6.8000000e+01   5.0732091e+00
   6.9047757e+01   6.8000000e+01   5.0732091e+00
   6.9057757e+01   6.8000000e+01   5.0732091e+00
   6.9067757e+01   6.8000000e+01   5.0732091e+00
   6.9077757e+01   6.8000000e+01   5.0732091e+00
   6.9087757e+01   6.8000000e+01   5.0732091e+00
   6.9097757e+01   6.8000000e+01   5.0732091e+00
   6.9107757e+01   6.8000000e+01   5.0732091e+00
   6.9117757e+01   6.8000000e+01   5.0732091e+00
   6.9127757e+01   6.8000000e+01   5.0732091e+00
   6.9137757e+01   6.8000000e+01   5.0732091e+00
   6.9147757e+01   6.8000000e+01   5.0732091e+00
   6.9157757e+01   6.8000000e+01   5.0732091e+00
   6.9167757e+01   6.8000000e+01   5.0732091e+00
   6.9177757e+01   6.8000000e+01   5.0732091e+00
   6.9187757e+01   6.8000000e+01   5.0732091e+00
   6.9197757e+01   6.8000000e+01   5.0732091e+00
   6.9207757e+01   6.8000000e+01   5.0732091e+00
   6.9217757e+01   6.8000000e+01   5.0732091e+00
   6.9227757e+01   6.8000000e+01   5.0732091e+00
   6.9237757e+01   6.8000000e+01   5.0732091e+00
   6.9247757e+01   6.8000000e+01   5.0732091e+00
   6.9257757e+01   6.8000000e+01   5.0732091e+00
   6.9267757e+01   6.8000000e+01   5.0732091e+00
   6.9277757e+01   6.8000000e+01   5.0732091e+00
   6.9287757e+01   6.8000000e+01   5.0732091e+00
   6.9297757e+01   6.8000000e+01   5.0732091e+00
   6.9307757e+01   6.8000000e+01   5.0732091e+00
   6.9317757e+01   6.8000000e+01   5.0732091e+00
   6.9327757e+01   6.8000000e+01   5.0732091e+00
   6.9337757e+01   6.8000000e+01   5.0732091e+00
   6.9347757e+01   6.8000000e+01   5.0732091e+00
   6.9357757e+01   6.8000000e+01   5.0732091e+00
   6.9367757e+01   6.8000000e+01   5.0732091e+00
   6.9377757e+01   6.8000000e+01   5.0732091e+00
   6.9387757e+01   6.8000000e+01   5.0732091e+00
   6.9397757e+01   6.8000000e+01   5.0732091e+00
   6.9407757e+01   6.8000000e+01   5.0732091e+00
   6.9417757e+01   6.8000000e+01   5.0732091e+00
   6.9427757e+01   6.8000000e+01   5.0732091e+00
   6.9437757e+01   6.8000000e+01   5.0732091e+00
   6.9447757e+01   6.8000000e+01   5.0732091e+00
   6.9457757e+01   6.8000000e+01   5.0732091e+00
   6.9467757e+01   6.8000000e+01   5.0732091e+00
   6.9477757e+01   6.8000000e+01   5.0732091e+00
   6.9487757e+01   6.8000000e+01   5.0732091e+00
   6.9497757e+01   6.8000000e+01   5.0732091e+00
   6.9507757e+01   6.8000000e+01   5.0732091e+00
   6.9517757e+01   6.8000000e+01   5.0732091e+00
   6.9527757e+01   6.8000000e+01   5.0732091e+00
   6.9537757e+01   6.8000000e+01   5.0732091e+00
   6.9547757e+01   6.8000000e+01   5.0732091e+00
   6.9557757e+01   6.8000000e+01   5.0732091e+00
   6.9567757e+01   6.8000000e+01   5.0732091e+00
   6.9577757e+01   6.8000000e+01   5.0732091e+00
   6.9587757e+01   6.8000000e+01   5.0732091e+00
   6.9597757e+01   6.8000000e+01   5.0732091e+00
   6.9607757e+01   6.8000000e+01   5.0732091e+00
   6.9617757e+01   6.8000000e+01   5.0732091e+00
   6.9627757e+01   6.8000000e+01   5.0732091e+00
   6.9637757e+01   6.8000000e+01   5.0732091e+00
   6.9647757e+01   6.8000000e+01   5.0732091e+00
   6.9657757e+01   6.8000000e+01   5.0732091e+00
   6.9667757e+01   6.8000000e+01   5.0732091e+00
   6.9677757e+01   6.8000000e+01   5.0732091e+00
   6.9687757e+01   6.8000000e+01   5.0732091e+00
   6.9697757e+01   6.8000000e+01   5.0732091e+00
   6.9707757e+01   6.8000000e+01   5.0732091e+00
   6.9717757e+01   6.8000000e+01   5.0732091e+00
   6.9723076e+01   6.8000000e+01   5.0732091e+00
   6.9723076e+01   6.9000000e+01   4.8904549e+00
   6.9723076e+01   6.9000000e+01   4.8904549e+00
   6.9733076e+01   6.9000000e+01   4.8904549e+00
   6.9743076e+01   6.9000000e+01   4.8904549e+00
   6.9753076e+01   6.9000000e+01   4.8904549e+00
   6.9763076e+01   6.9000000e+01   4.8904549e+00
   6.9773076e+01   6.9000000e+01   4.8904549e+00
   6.9783076e+01   6.9000000e+01   4.8904549e+00
   6.9793076e+01   6.9000000e+01   4.8904549e+00
   6.9803076e+01   6.9000000e+01   4.8904549e+00
   6.9813076e+01   6.9000000e+01   4.8904549e+00
   6.9823076e+01   6.9000000e+01   4.8904549e+00
   6.9833076e+01   6.9000000e+01   4.8904549e+00
   6.9843076e+01   6.9000000e+01   4.8904549e+00
   6.9853076e+01   6.9000000e+01   4.8904549e+00
   6.9863076e+01   6.9000000e+01   4.8904549e+00
   6.9873076e+01   6.9000000e+01   4.8904549e+00
   6.9883076e+01   6.9000000e+01   4.8904549e+00
   6.9893076e+01   6.9000000e+01   4.8904549e+00
   6.9903076e+01   6.9000000e+01   4.8904549e+00
   6.9913076e+01   6.9000000e+01   4.8904549e+00
   6.9923076e+01   6.9000000e+01   4.8904549e+00
   6.9933076e+01   6.9000000e+01   4.8904549e+00
   6.9943076e+01   6.9000000e+01   4.8904549e+00
   6.9953076e+01   6.9000000e+01   4.8904549e+00
   6.9963076e+01   6.9000000e+01   4.8904549e+00
   6.9973076e+01   6.9000000e+01   4.8904549e+00
   6.9983076e+01   6.9000000e+01   4.8904549e+00
   6.9993076e+01   6.9000000e+01   4.8904549e+00
   7.0003076e+01   6.9000000e+01   4.8904549e+00
   7.0013076e+01   6.9000000e+01   4.8904549e+00
   7.0023076e+01   6.9000000e+01   4.8904549e+00
   7.0033076e+01   6.9000000e+01   4.8904549e+00
   7.0043076e+01   6.9000000e+01   4.8904549e+00
   7.0053076e+01   6.9000000e+01   4.8904549e+00
   7.0063076e+01   6.9000000e+01   4.8904549e+00
   7.0073076e+01   6.9000000e+01   4.8904549e+00
   7.0083076e+01   6.9000000e+01   4.8904549e+00
   7.0093076e+01   6.9000000e+01   4.8904549e+00
   7.0103076e+01   6.9000000e+01   4.8904549e+00
   7.0113076e+01   6.9000000e+01   4.8904549e+00
   7.0123076e+01   6.9000000e+01   4.8904549e+00
   7.0133076e+01   6.9000000e+01   4.8904549e+00
   7.0143076e+01   6.9000000e+01   4.8904549e+00
   7.0153076e+01   6.9000000e+01   4.8904549e+00
   7.0163076e+01   6.9000000e+01   4.8904549e+00
   7.0173076e+01   6.9000000e+01   4.8904549e+00
   7.0183076e+01   6.9000000e+01   4.8904549e+00
   7.0193076e+01   6.9000000e+01   4.8904549e+00
   7.0203076e+01   6.9000000e+01   4.8904549e+00
   7.0213076e+01   6.9000000e+01   4.8904549e+00
   7.0223076e+01   6.9000000e+01   4.8904549e+00
   7.0233076e+01   6.9000000e+01   4.8904549e+00
   7.0243076e+01   6.9000000e+01   4.8904549e+00
   7.0253076e+01   6.9000000e+01   4.8904549e+00
   7.0263076e+01   6.9000000e+01   4.8904549e+00
   7.0273076e+01   6.9000000e+01   4.8904549e+00
   7.0283076e+01   6.9000000e+01   4.8904549e+00
   7.0293076e+01   6.9000000e+01   4.8904549e+00
   7.0303076e+01   6.9000000e+01   4.8904549e+00
   7.0313076e+01   6.9000000e+01   4.8904549e+00
   7.0323076e+01   6.9000000e+01   4.8904549e+00
   7.0333076e+01   6.9000000e+01   4.8904549e+00
   7.0343076e+01   6.9000000e+01   4.8904549e+00
   7.0353076e+01   6.9000000e+01   4.8904549e+00
   7.0363076e+01   6.9000000e+01   4.8904549e+00
   7.0373076e+01   6.9000000e+01   4.8904549e+00
   7.0383076e+01   6.9000000e+01   4.8904549e+00
   7.0393076e+01   6.9000000e+01   4.8904549e+00
   7.0403076e+01   6.9000000e+01   4.8904549e+00
   7.0413076e+01   6.9000000e+01   4.8904549e+00
   7.0423076e+01   6.9000000e+01   4.8904549e+00
   7.0433076e+01   6.9000000e+01   4.8904549e+00
   7.0443076e+01   6.9000000e+01   4.8904549e+00
   7.0453076e+01   6.9000000e+01   4.8904549e+00
   7.0463076e+01   6.9000000e+01   4.8904549e+00
   7.0473076e+01   6.9000000e+01   4.8904549e+00
   7.0483076e+01   6.9000000e+01   4.8904549e+00
   7.0493076e+01   6.9000000e+01   4.8904549e+00
   7.0503076e+01   6.9000000e+01   4.8904549e+00
   7.0513076e+01   6.9000000e+01   4.8904549e+00
   7.0523076e+01   6.9000000e+01   4.8904549e+00
   7.0533076e+01   6.9000000e+01   4.8904549e+00
   7.0543076e+01   6.9000000e+01   4.8904549e+00
   7.0553076e+01   6.9000000e+01   4.8904549e+00
   7.0563076e+01   6.9000000e+01   4.8904549e+00
   7.0573076e+01   6.9000000e+01   4.8904549e+00
   7.0583076e+01   6.9000000e+01   4.8904549e+00
   7.0593076e+01   6.9000000e+01   4.8904549e+00
   7.0603076e+01   6.9000000e+01   4.8904549e+00
   7.0613076e+01   6.9000000e+01   4.8904549e+00
   7.0623076e+01   6.9000000e+01   4.8904549e+00
   7.0633076e+01   6.9000000e+01   4.8904549e+00
   7.0643076e+01   6.9000000e+01   4.8904549e+00
   7.0653076e+01   6.9000000e+01   4.8904549e+00
   7.0663076e+01   6.9000000e+01   4.8904549e+00
   7.0673076e+01   6.9000000e+01   4.8904549e+00
   7.0683076e+01   6.9000000e+01   4.8904549e+00
   7.0693076e+01   6.9000000e+01   4.8904549e+00
   7.0703076e+01   6.9000000e+01   4.8904549e+00
   7.0713076e+01   6.9000000e+01   4.8904549e+00
   7.0723076e+01   6.9000000e+01   4.8904549e+00
   7.0733076e+01   6.9000000e+01   4.8904549e+00
   7.0743076e+01   6.9000000e+01   4.8904549e+00
   7.0753076e+01   6.9000000e+01   4.8904549e+00
   7.0763076e+01   6.9000000e+01   4.8904549e+00
   7.0773076e+01   6.9000000e+01   4.8904549e+00
   7.0783076e+01   6.9000000e+01   4.8904549e+00
   7.0793076e+01   6.9000000e+01   4.8904549e+00
   7.0803076e+01   6.9000000e+01   4.8904549e+00
   7.0813076e+01   6.9000000e+01   4.8904549e+00
   7.0823076e+01   6.9000000e+01   4.8904549e+00
   7.0833076e+01   6.9000000e+01   4.8904549e+00
   7.0843076e+01   6.9000000e+01   4.8904549e+00
   7.0853076e+01   6.9000000e+01   4.8904549e+00
   7.0863076e+01   6.9000000e+01   4.8904549e+00
   7.0873076e+01   6.9000000e+01   4.8904549e+00
   7.0883076e+01   6.9000000e+01   4.8904549e+00
   7.0893076e+01   6.9000000e+01   4.8904549e+00
   7.0903076e+01   6.9000000e+01   4.8904549e+00
   7.0913076e+01   6.9000000e+01   4.8904549e+00
   7.0923076e+01   6.9000000e+01   4.8904549e+00
   7.0933076e+01   6.9000000e+01   4.8904549e+00
   7.0943076e+01   6.9000000e+01   4.8904549e+00
   7.0953076e+01   6.9000000e+01   4.8904549e+00
   7.0963076e+01   6.9000000e+01   4.8904549e+00
   7.0973076e+01   6.9000000e+01   4.8904549e+00
   7.0983076e+01   6.9000000e+01   4.8904549e+00
   7.0993076e+01   6.9000000e+01   4.8904549e+00
   7.1003076e+01   6.9000000e+01   4.8904549e+00
   7.1013076e+01   6.9000000e+01   4.8904549e+00
   7.1023076e+01   6.9000000e+01   4.8904549e+00
   7.1033076e+01   6.9000000e+01   4.8904549e+00
   7.1043076e+01   6.9000000e+01   4.8904549e+00
   7.1053076e+01   6.9000000e+01   4.8904549e+00
   7.1063076e+01   6.9000000e+01   4.8904549e+00
   7.1073076e+01   6.9000000e+01   4.8904549e+00
   7.1083076e+01   6.9000000e+01   4.8904549e+00
   7.1093076e+01   6.9000000e+01   4.8904549e+00
   7.1103076e+01   6.9000000e+01   4.8904549e+00
   7.1113076e+01   6.9000000e+01   4.8904549e+00
   7.1123076e+01   6.9000000e+01   4.8904549e+00
   7.1133076e+01   6.9000000e+01   4.8904549e+00
   7.1143076e+01   6.9000000e+01   4.8904549e+00
   7.1153076e+01   6.9000000e+01   4.8904549e+00
   7.1163076e+01   6.9000000e+01   4.8904549e+00
   7.1173076e+01   6.9000000e+01   4.8904549e+00
   7.1183076e+01   6.9000000e+01   4.8904549e+00
   7.1193076e+01   6.9000000e+01   4.8904549e+00
   7.1203076e+01   6.9000000e+01   4.8904549e+00
   7.1213076e+01   6.9000000e+01   4.8904549e+00
   7.1223076e+01   6.9000000e+01   4.8904549e+00
   7.1233076e+01   6.9000000e+01   4.8904549e+00
   7.1243076e+01   6.9000000e+01   4.8904549e+00
   7.1253076e+01   6.9000000e+01   4.8904549e+00
   7.1263076e+01   6.9000000e+01   4.8904549e+00
   7.1273076e+01   6.9000000e+01   4.8904549e+00
   7.1283076e+01   6.9000000e+01   4.8904549e+00
   7.1293076e+01   6.9000000e+01   4.8904549e+00
   7.1303076e+01   6.9000000e+01   4.8904549e+00
   7.1313076e+01   6.9000000e+01   4.8904549e+00
   7.1323076e+01   6.9000000e+01   4.8904549e+00
   7.1333076e+01   6.9000000e+01   4.8904549e+00
   7.1343076e+01   6.9000000e+01   4.8904549e+00
   7.1353076e+01   6.9000000e+01   4.8904549e+00
   7.1363076e+01   6.9000000e+01   4.8904549e+00
   7.1373076e+01   6.9000000e+01   4.8904549e+00
   7.1383076e+01   6.9000000e+01   4.8904549e+00
   7.1393076e+01   6.9000000e+01   4.8904549e+00
   7.1403076e+01   6.9000000e+01   4.8904549e+00
   7.1413076e+01   6.9000000e+01   4.8904549e+00
   7.1423076e+01   6.9000000e+01   4.8904549e+00
   7.1433076e+01   6.9000000e+01   4.8904549e+00
   7.1443076e+01   6.9000000e+01   4.8904549e+00
   7.1449319e+01   6.9000000e+01   4.8904549e+00
   7.1449319e+01   7.0000000e+01   4.7018633e+00
   7.1449319e+01   7.0000000e+01   4.7018633e+00
   7.1459319e+01   7.0000000e+01   4.7018633e+00
   7.1469319e+01   7.0000000e+01   4.7018633e+00
   7.1479319e+01   7.0000000e+01   4.7018633e+00
   7.1489319e+01   7.0000000e+01   4.7018633e+00
   7.1499319e+01   7.0000000e+01   4.7018633e+00
   7.1509319e+01   7.0000000e+01   4.7018633e+00
   7.1519319e+01   7.0000000e+01   4.7018633e+00
   7.1529319e+01   7.0000000e+01   4.7018633e+00
   7.1539319e+01   7.0000000e+01   4.7018633e+00
   7.1549319e+01   7.0000000e+01   4.7018633e+00
   7.1559319e+01   7.0000000e+01   4.7018633e+00
   7.1569319e+01   7.0000000e+01   4.7018633e+00
   7.1579319e+01   7.0000000e+01   4.7018633e+00
   7.1589319e+01   7.0000000e+01   4.7018633e+00
   7.1599319e+01   7.0000000e+01   4.7018633e+00
   7.1609319e+01   7.0000000e+01   4.7018633e+00
   7.1619319e+01   7.0000000e+01   4.7018633e+00
   7.1629319e+01   7.0000000e+01   4.7018633e+00
   7.1639319e+01   7.0000000e+01   4.7018633e+00
   7.1649319e+01   7.0000000e+01   4.7018633e+00
   7.1659319e+01   7.0000000e+01   4.7018633e+00
   7.1669319e+01   7.0000000e+01   4.7018633e+00
   7.1679319e+01   7.0000000e+01   4.7018633e+00
   7.1689319e+01   7.0000000e+01   4.7018633e+00
   7.1699319e+01   7.0000000e+01   4.7018633e+00
   7.1709319e+01   7.0000000e+01   4.7018633e+00
   7.1719319e+01   7.0000000e+01   4.7018633e+00
   7.1729319e+01   7.0000000e+01   4.7018633e+00
   7.1739319e+01   7.0000000e+01   4.7018633e+00
   7.1749319e+01   7.0000000e+01   4.7018633e+00
   7.1759319e+01   7.0000000e+01   4.7018633e+00
   7.1769319e+01   7.0000000e+01   4.7018633e+00
   7.1779319e+01   7.0000000e+01   4.7018633e+00
   7.1789319e+01   7.0000000e+01   4.7018633e+00
   7.1799319e+01   7.0000000e+01   4.7018633e+00
   7.1809319e+01   7.0000000e+01   4.7018633e+00
   7.1819319e+01   7.0000000e+01   4.7018633e+00
   7.1829319e+01   7.0000000e+01   4.7018633e+00
   7.1839319e+01   7.0000000e+01   4.7018633e+00
   7.1849319e+01   7.0000000e+01   4.7018633e+00
   7.1859319e+01   7.0000000e+01   4.7018633e+00
   7.1869319e+01   7.0000000e+01   4.7018633e+00
   7.1879319e+01   7.0000000e+01   4.7018633e+00
   7.1889319e+01   7.0000000e+01   4.7018633e+00
   7.1899319e+01   7.0000000e+01   4.7018633e+00
   7.1909319e+01   7.0000000e+01   4.7018633e+00
   7.1919319e+01   7.0000000e+01   4.7018633e+00
   7.1929319e+01   7.0000000e+01   4.7018633e+00
   7.1939319e+01   7.0000000e+01   4.7018633e+00
   7.1949319e+01   7.0000000e+01   4.7018633e+00
   7.1959319e+01   7.0000000e+01   4.7018633e+00
   7.1969319e+01   7.0000000e+01   4.7018633e+00
   7.1979319e+01   7.0000000e+01   4.7018633e+00
   7.1989319e+01   7.0000000e+01   4.7018633e+00
   7.1999319e+01   7.0000000e+01   4.7018633e+00
   7.2009319e+01   7.0000000e+01   4.7018633e+00
   7.2019319e+01   7.0000000e+01   4.7018633e+00
   7.2029319e+01   7.0000000e+01   4.7018633e+00
   7.2039319e+01   7.0000000e+01   4.7018633e+00
   7.2049319e+01   7.0000000e+01   4.7018633e+00
   7.2059319e+01   7.0000000e+01   4.7018633e+00
   7.2069319e+01   7.0000000e+01   4.7018633e+00
   7.2079319e+01   7.0000000e+01   4.7018633e+00
   7.2089319e+01   7.0000000e+01   4.7018633e+00
   7.2099319e+01   7.0000000e+01   4.7018633e+00
   7.2109319e+01   7.0000000e+01   4.7018633e+00
   7.2119319e+01   7.0000000e+01   4.7018633e+00
   7.2129319e+01   7.0000000e+01   4.7018633e+00
   7.2139319e+01   7.0000000e+01   4.7018633e+00
   7.2149319e+01   7.0000000e+01   4.7018633e+00
   7.2159319e+01   7.0000000e+01   4.7018633e+00
   7.2169319e+01   7.0000000e+01   4.7018633e+00
   7.2179319e+01   7.0000000e+01   4.7018633e+00
   7.2189319e+01   7.0000000e+01   4.7018633e+00
   7.2199319e+01   7.0000000e+01   4.7018633e+00
   7.2209319e+01   7.0000000e+01   4.7018633e+00
   7.2219319e+01   7.0000000e+01   4.7018633e+00
   7.2229319e+01   7.0000000e+01   4.7018633e+00
   7.2239319e+01   7.0000000e+01   4.7018633e+00
   7.2249319e+01   7.0000000e+01   4.7018633e+00
   7.2259319e+01   7.0000000e+01   4.7018633e+00
   7.2269319e+01   7.0000000e+01   4.7018633e+00
   7.2279319e+01   7.0000000e+01   4.7018633e+00
   7.2289319e+01   7.0000000e+01   4.7018633e+00
   7.2299319e+01   7.0000000e+01   4.7018633e+00
   7.2309319e+01   7.0000000e+01   4.7018633e+00
   7.2319319e+01   7.0000000e+01   4.7018633e+00
   7.2329319e+01   7.0000000e+01   4.7018633e+00
   7.2339319e+01   7.0000000e+01   4.7018633e+00
   7.2349319e+01   7.0000000e+01   4.7018633e+00
   7.2359319e+01   7.0000000e+01   4.7018633e+00
   7.2369319e+01   7.0000000e+01   4.7018633e+00
   7.2379319e+01   7.0000000e+01   4.7018633e+00
   7.2389319e+01   7.0000000e+01   4.7018633e+00
   7.2399319e+01   7.0000000e+01   4.7018633e+00
   7.2409319e+01   7.0000000e+01   4.7018633e+00
   7.2419319e+01   7.0000000e+01   4.7018633e+00
   7.2429319e+01   7.0000000e+01   4.7018633e+00
   7.2439319e+01   7.0000000e+01   4.7018633e+00
   7.2449319e+01   7.0000000e+01   4.7018633e+00
   7.2459319e+01   7.0000000e+01   4.7018633e+00
   7.2469319e+01   7.0000000e+01   4.7018633e+00
   7.2479319e+01   7.0000000e+01   4.7018633e+00
   7.2489319e+01   7.0000000e+01   4.7018633e+00
   7.2499319e+01   7.0000000e+01   4.7018633e+00
   7.2509319e+01   7.0000000e+01   4.7018633e+00
   7.2519319e+01   7.0000000e+01   4.7018633e+00
   7.2529319e+01   7.0000000e+01   4.7018633e+00
   7.2539319e+01   7.0000000e+01   4.7018633e+00
   7.2549319e+01   7.0000000e+01   4.7018633e+00
   7.2559319e+01   7.0000000e+01   4.7018633e+00
   7.2569319e+01   7.0000000e+01   4.7018633e+00
   7.2579319e+01   7.0000000e+01   4.7018633e+00
   7.2589319e+01   7.0000000e+01   4.7018633e+00
   7.2599319e+01   7.0000000e+01   4.7018633e+00
   7.2609319e+01   7.0000000e+01   4.7018633e+00
   7.2619319e+01   7.0000000e+01   4.7018633e+00
   7.2629319e+01   7.0000000e+01   4.7018633e+00
   7.2639319e+01   7.0000000e+01   4.7018633e+00
   7.2649319e+01   7.0000000e+01   4.7018633e+00
   7.2659319e+01   7.0000000e+01   4.7018633e+00
   7.2669319e+01   7.0000000e+01   4.7018633e+00
   7.2679319e+01   7.0000000e+01   4.7018633e+00
   7.2689319e+01   7.0000000e+01   4.7018633e+00
   7.2699319e+01   7.0000000e+01   4.7018633e+00
   7.2709319e+01   7.0000000e+01   4.7018633e+00
   7.2719319e+01   7.0000000e+01   4.7018633e+00
   7.2729319e+01   7.0000000e+01   4.7018633e+00
   7.2739319e+01   7.0000000e+01   4.7018633e+00
   7.2749319e+01   7.0000000e+01   4.7018633e+00
   7.2759319e+01   7.0000000e+01   4.7018633e+00
   7.2769319e+01   7.0000000e+01   4.7018633e+00
   7.2779319e+01   7.0000000e+01   4.7018633e+00
   7.2789319e+01   7.0000000e+01   4.7018633e+00
   7.2799319e+01   7.0000000e+01   4.7018633e+00
   7.2809319e+01   7.0000000e+01   4.7018633e+00
   7.2819319e+01   7.0000000e+01   4.7018633e+00
   7.2829319e+01   7.0000000e+01   4.7018633e+00
   7.2839319e+01   7.0000000e+01   4.7018633e+00
   7.2849319e+01   7.0000000e+01   4.7018633e+00
   7.2859319e+01   7.0000000e+01   4.7018633e+00
   7.2869319e+01   7.0000000e+01   4.7018633e+00
   7.2879319e+01   7.0000000e+01   4.7018633e+00
   7.2889319e+01   7.0000000e+01   4.7018633e+00
   7.2899319e+01   7.0000000e+01   4.7018633e+00
   7.2909319e+01   7.0000000e+01   4.7018633e+00
   7.2919319e+01   7.0000000e+01   4.7018633e+00
   7.2929319e+01   7.0000000e+01   4.7018633e+00
   7.2939319e+01   7.0000000e+01   4.7018633e+00
   7.2949319e+01   7.0000000e+01   4.7018633e+00
   7.2959319e+01   7.0000000e+01   4.7018633e+00
   7.2969319e+01   7.0000000e+01   4.7018633e+00
   7.2979319e+01   7.0000000e+01   4.7018633e+00
   7.2989319e+01   7.0000000e+01   4.7018633e+00
   7.2999319e+01   7.0000000e+01   4.7018633e+00
   7.3009319e+01   7.0000000e+01   4.7018633e+00
   7.3019319e+01   7.0000000e+01   4.7018633e+00
   7.3029319e+01   7.0000000e+01   4.7018633e+00
   7.3039319e+01   7.0000000e+01   4.7018633e+00
   7.3049319e+01   7.0000000e+01   4.7018633e+00
   7.3059319e+01   7.0000000e+01   4.7018633e+00
   7.3069319e+01   7.0000000e+01   4.7018633e+00
   7.3079319e+01   7.0000000e+01   4.7018633e+00
   7.3089319e+01   7.0000000e+01   4.7018633e+00
   7.3099319e+01   7.0000000e+01   4.7018633e+00
   7.3109319e+01   7.0000000e+01   4.7018633e+00
   7.3119319e+01   7.0000000e+01   4.7018633e+00
   7.3129319e+01   7.0000000e+01   4.7018633e+00
   7.3139319e+01   7.0000000e+01   4.7018633e+00
   7.3149319e+01   7.0000000e+01   4.7018633e+00
   7.3159319e+01   7.0000000e+01   4.7018633e+00
   7.3169319e+01   7.0000000e+01   4.7018633e+00
   7.3179319e+01   7.0000000e+01   4.7018633e+00
   7.3185991e+01   7.0000000e+01   4.7018633e+00
   7.3185991e+01   7.1000000e+01   4.5075762e+00
   7.3185991e+01   7.1000000e+01   4.5075762e+00
   7.3195991e+01   7.1000000e+01   4.5075762e+00
   7.3205991e+01   7.1000000e+01   4.5075762e+00
   7.3215991e+01   7.1000000e+01   4.5075762e+00
   7.3225991e+01   7.1000000e+01   4.5075762e+00
   7.3235991e+01   7.1000000e+01   4.5075762e+00
   7.3245991e+01   7.1000000e+01   4.5075762e+00
   7.3255991e+01   7.1000000e+01   4.5075762e+00
   7.3265991e+01   7.1000000e+01   4.5075762e+00
   7.3275991e+01   7.1000000e+01   4.5075762e+00
   7.3285991e+01   7.1000000e+01   4.5075762e+00
   7.3295991e+01   7.1000000e+01   4.5075762e+00
   7.3305991e+01   7.1000000e+01   4.5075762e+00
   7.3315991e+01   7.1000000e+01   4.5075762e+00
   7.3325991e+01   7.1000000e+01   4.5075762e+00
   7.3335991e+01   7.1000000e+01   4.5075762e+00
   7.3345991e+01   7.1000000e+01   4.5075762e+00
   7.3355991e+01   7.1000000e+01   4.5075762e+00
   7.3365991e+01   7.1000000e+01   4.5075762e+00
   7.3375991e+01   7.1000000e+01   4.5075762e+00
   7.3385991e+01   7.1000000e+01   4.5075762e+00
   7.3395991e+01   7.1000000e+01   4.5075762e+00
   7.3405991e+01   7.1000000e+01   4.5075762e+00
   7.3415991e+01   7.1000000e+01   4.5075762e+00
   7.3425991e+01   7.1000000e+01   4.5075762e+00
   7.3435991e+01   7.1000000e+01   4.5075762e+00
   7.3445991e+01   7.1000000e+01   4.5075762e+00
   7.3455991e+01   7.1000000e+01   4.5075762e+00
   7.3465991e+01   7.1000000e+01   4.5075762e+00
   7.3475991e+01   7.1000000e+01   4.5075762e+00
   7.3485991e+01   7.1000000e+01   4.5075762e+00
   7.3495991e+01   7.1000000e+01   4.5075762e+00
   7.3505991e+01   7.1000000e+01   4.5075762e+00
   7.3515991e+01   7.1000000e+01   4.5075762e+00
   7.3525991e+01   7.1000000e+01   4.5075762e+00
   7.3535991e+01   7.1000000e+01   4.5075762e+00
   7.3545991e+01   7.1000000e+01   4.5075762e+00
   7.3555991e+01   7.1000000e+01   4.5075762e+00
   7.3565991e+01   7.1000000e+01   4.5075762e+00
   7.3575991e+01   7.1000000e+01   4.5075762e+00
   7.3585991e+01   7.1000000e+01   4.5075762e+00
   7.3595991e+01   7.1000000e+01   4.5075762e+00
   7.3605991e+01   7.1000000e+01   4.5075762e+00
   7.3615991e+01   7.1000000e+01   4.5075762e+00
   7.3625991e+01   7.1000000e+01   4.5075762e+00
   7.3635991e+01   7.1000000e+01   4.5075762e+00
   7.3645991e+01   7.1000000e+01   4.5075762e+00
   7.3655991e+01   7.1000000e+01   4.5075762e+00
   7.3665991e+01   7.1000000e+01   4.5075762e+00
   7.3675991e+01   7.1000000e+01   4.5075762e+00
   7.3685991e+01   7.1000000e+01   4.5075762e+00
   7.3695991e+01   7.1000000e+01   4.5075762e+00
   7.3705991e+01   7.1000000e+01   4.5075762e+00
   7.3715991e+01   7.1000000e+01   4.5075762e+00
   7.3725991e+01   7.1000000e+01   4.5075762e+00
   7.3735991e+01   7.1000000e+01   4.5075762e+00
   7.3745991e+01   7.1000000e+01   4.5075762e+00
   7.3755991e+01   7.1000000e+01   4.5075762e+00
   7.3765991e+01   7.1000000e+01   4.5075762e+00
   7.3775991e+01   7.1000000e+01   4.5075762e+00
   7.3785991e+01   7.1000000e+01   4.5075762e+00
   7.3795991e+01   7.1000000e+01   4.5075762e+00
   7.3805991e+01   7.1000000e+01   4.5075762e+00
   7.3815991e+01   7.1000000e+01   4.5075762e+00
   7.3825991e+01   7.1000000e+01   4.5075762e+00
   7.3835991e+01   7.1000000e+01   4.5075762e+00
   7.3845991e+01   7.1000000e+01   4.5075762e+00
   7.3855991e+01   7.1000000e+01   4.5075762e+00
   7.3865991e+01   7.1000000e+01   4.5075762e+00
   7.3875991e+01   7.1000000e+01   4.5075762e+00
   7.3885991e+01   7.1000000e+01   4.5075762e+00
   7.3895991e+01   7.1000000e+01   4.5075762e+00
   7.3905991e+01   7.1000000e+01   4.5075762e+00
   7.3915991e+01   7.1000000e+01   4.5075762e+00
   7.3925991e+01   7.1000000e+01   4.5075762e+00
   7.3935991e+01   7.1000000e+01   4.5075762e+00
   7.3945991e+01   7.1000000e+01   4.5075762e+00
   7.3955991e+01   7.1000000e+01   4.5075762e+00
   7.3965991e+01   7.1000000e+01   4.5075762e+00
   7.3975991e+01   7.1000000e+01   4.5075762e+00
   7.3985991e+01   7.1000000e+01   4.5075762e+00
   7.3995991e+01   7.1000000e+01   4.5075762e+00
   7.4005991e+01   7.1000000e+01   4.5075762e+00
   7.4015991e+01   7.1000000e+01   4.5075762e+00
   7.4025991e+01   7.1000000e+01   4.5075762e+00
   7.4035991e+01   7.1000000e+01   4.5075762e+00
   7.4045991e+01   7.1000000e+01   4.5075762e+00
   7.4055991e+01   7.1000000e+01   4.5075762e+00
   7.4065991e+01   7.1000000e+01   4.5075762e+00
   7.4075991e+01   7.1000000e+01   4.5075762e+00
   7.4085991e+01   7.1000000e+01   4.5075762e+00
   7.4095991e+01   7.1000000e+01   4.5075762e+00
   7.4105991e+01   7.1000000e+01   4.5075762e+00
   7.4115991e+01   7.1000000e+01   4.5075762e+00
   7.4125991e+01   7.1000000e+01   4.5075762e+00
   7.4135991e+01   7.1000000e+01   4.5075762e+00
   7.4145991e+01   7.1000000e+01   4.5075762e+00
   7.4155991e+01   7.1000000e+01   4.5075762e+00
   7.4165991e+01   7.1000000e+01   4.5075762e+00
   7.4175991e+01   7.1000000e+01   4.5075762e+00
   7.4185991e+01   7.1000000e+01   4.5075762e+00
   7.4195991e+01   7.1000000e+01   4.5075762e+00
   7.4205991e+01   7.1000000e+01   4.5075762e+00
   7.4215991e+01   7.1000000e+01   4.5075762e+00
   7.4225991e+01   7.1000000e+01   4.5075762e+00
   7.4235991e+01   7.1000000e+01   4.5075762e+00
   7.4245991e+01   7.1000000e+01   4.5075762e+00
   7.4255991e+01   7.1000000e+01   4.5075762e+00
   7.4265991e+01   7.1000000e+01   4.5075762e+00
   7.4275991e+01   7.1000000e+01   4.5075762e+00
   7.4285991e+01   7.1000000e+01   4.5075762e+00
   7.4295991e+01   7.1000000e+01   4.5075762e+00
   7.4305991e+01   7.1000000e+01   4.5075762e+00
   7.4315991e+01   7.1000000e+01   4.5075762e+00
   7.4325991e+01   7.1000000e+01   4.5075762e+00
   7.4335991e+01   7.1000000e+01   4.5075762e+00
   7.4345991e+01   7.1000000e+01   4.5075762e+00
   7.4355991e+01   7.1000000e+01   4.5075762e+00
   7.4365991e+01   7.1000000e+01   4.5075762e+00
   7.4375991e+01   7.1000000e+01   4.5075762e+00
   7.4385991e+01   7.1000000e+01   4.5075762e+00
   7.4395991e+01   7.1000000e+01   4.5075762e+00
   7.4405991e+01   7.1000000e+01   4.5075762e+00
   7.4415991e+01   7.1000000e+01   4.5075762e+00
   7.4425991e+01   7.1000000e+01   4.5075762e+00
   7.4435991e+01   7.1000000e+01   4.5075762e+00
   7.4445991e+01   7.1000000e+01   4.5075762e+00
   7.4455991e+01   7.1000000e+01   4.5075762e+00
   7.4465991e+01   7.1000000e+01   4.5075762e+00
   7.4475991e+01   7.1000000e+01   4.5075762e+00
   7.4485991e+01   7.1000000e+01   4.5075762e+00
   7.4495991e+01   7.1000000e+01   4.5075762e+00
   7.4505991e+01   7.1000000e+01   4.5075762e+00
   7.4515991e+01   7.1000000e+01   4.5075762e+00
   7.4525991e+01   7.1000000e+01   4.5075762e+00
   7.4535991e+01   7.1000000e+01   4.5075762e+00
   7.4545991e+01   7.1000000e+01   4.5075762e+00
   7.4555991e+01   7.1000000e+01   4.5075762e+00
   7.4565991e+01   7.1000000e+01   4.5075762e+00
   7.4575991e+01   7.1000000e+01   4.5075762e+00
   7.4585991e+01   7.1000000e+01   4.5075762e+00
   7.4595991e+01   7.1000000e+01   4.5075762e+00
   7.4605991e+01   7.1000000e+01   4.5075762e+00
   7.4615991e+01   7.1000000e+01   4.5075762e+00
   7.4625991e+01   7.1000000e+01   4.5075762e+00
   7.4635991e+01   7.1000000e+01   4.5075762e+00
   7.4645991e+01   7.1000000e+01   4.5075762e+00
   7.4655991e+01   7.1000000e+01   4.5075762e+00
   7.4665991e+01   7.1000000e+01   4.5075762e+00
   7.4675991e+01   7.1000000e+01   4.5075762e+00
   7.4685991e+01   7.1000000e+01   4.5075762e+00
   7.4695991e+01   7.1000000e+01   4.5075762e+00
   7.4705991e+01   7.1000000e+01   4.5075762e+00
   7.4715991e+01   7.1000000e+01   4.5075762e+00
   7.4725991e+01   7.1000000e+01   4.5075762e+00
   7.4735991e+01   7.1000000e+01   4.5075762e+00
   7.4745991e+01   7.1000000e+01   4.5075762e+00
   7.4755991e+01   7.1000000e+01   4.5075762e+00
   7.4765991e+01   7.1000000e+01   4.5075762e+00
   7.4775991e+01   7.1000000e+01   4.5075762e+00
   7.4785991e+01   7.1000000e+01   4.5075762e+00
   7.4795991e+01   7.1000000e+01   4.5075762e+00
   7.4805991e+01   7.1000000e+01   4.5075762e+00
   7.4815991e+01   7.1000000e+01   4.5075762e+00
   7.4825991e+01   7.1000000e+01   4.5075762e+00
   7.4835991e+01   7.1000000e+01   4.5075762e+00
   7.4845991e+01   7.1000000e+01   4.5075762e+00
   7.4855991e+01   7.1000000e+01   4.5075762e+00
   7.4865991e+01   7.1000000e+01   4.5075762e+00
   7.4875991e+01   7.1000000e+01   4.5075762e+00
   7.4885991e+01   7.1000000e+01   4.5075762e+00
   7.4895991e+01   7.1000000e+01   4.5075762e+00
   7.4905991e+01   7.1000000e+01   4.5075762e+00
   7.4915991e+01   7.1000000e+01   4.5075762e+00
   7.4925991e+01   7.1000000e+01   4.5075762e+00
   7.4932589e+01   7.1000000e+01   4.5075762e+00
   7.4932589e+01   7.2000000e+01   4.3077440e+00
   7.4932589e+01   7.2000000e+01   4.3077440e+00
   7.4942589e+01   7.2000000e+01   4.3077440e+00
   7.4952589e+01   7.2000000e+01   4.3077440e+00
   7.4962589e+01   7.2000000e+01   4.3077440e+00
   7.4972589e+01   7.2000000e+01   4.3077440e+00
   7.4982589e+01   7.2000000e+01   4.3077440e+00
   7.4992589e+01   7.2000000e+01   4.3077440e+00
   7.5002589e+01   7.2000000e+01   4.3077440e+00
   7.5012589e+01   7.2000000e+01   4.3077440e+00
   7.5022589e+01   7.2000000e+01   4.3077440e+00
   7.5032589e+01   7.2000000e+01   4.3077440e+00
   7.5042589e+01   7.2000000e+01   4.3077440e+00
   7.5052589e+01   7.2000000e+01   4.3077440e+00
   7.5062589e+01   7.2000000e+01   4.3077440e+00
   7.5072589e+01   7.2000000e+01   4.3077440e+00
   7.5082589e+01   7.2000000e+01   4.3077440e+00
   7.5092589e+01   7.2000000e+01   4.3077440e+00
   7.5102589e+01   7.2000000e+01   4.3077440e+00
   7.5112589e+01   7.2000000e+01   4.3077440e+00
   7.5122589e+01   7.2000000e+01   4.3077440e+00
   7.5132589e+01   7.2000000e+01   4.3077440e+00
   7.5142589e+01   7.2000000e+01   4.3077440e+00
   7.5152589e+01   7.2000000e+01   4.3077440e+00
   7.5162589e+01   7.2000000e+01   4.3077440e+00
   7.5172589e+01   7.2000000e+01   4.3077440e+00
   7.5182589e+01   7.2000000e+01   4.3077440e+00
   7.5192589e+01   7.2000000e+01   4.3077440e+00
   7.5202589e+01   7.2000000e+01   4.3077440e+00
   7.5212589e+01   7.2000000e+01   4.3077440e+00
   7.5222589e+01   7.2000000e+01   4.3077440e+00
   7.5232589e+01   7.2000000e+01   4.3077440e+00
   7.5242589e+01   7.2000000e+01   4.3077440e+00
   7.5252589e+01   7.2000000e+01   4.3077440e+00
   7.5262589e+01   7.2000000e+01   4.3077440e+00
   7.5272589e+01   7.2000000e+01   4.3077440e+00
   7.5282589e+01   7.2000000e+01   4.3077440e+00
   7.5292589e+01   7.2000000e+01   4.3077440e+00
   7.5302589e+01   7.2000000e+01   4.3077440e+00
   7.5312589e+01   7.2000000e+01   4.3077440e+00
   7.5322589e+01   7.2000000e+01   4.3077440e+00
   7.5332589e+01   7.2000000e+01   4.3077440e+00
   7.5342589e+01   7.2000000e+01   4.3077440e+00
   7.5352589e+01   7.2000000e+01   4.3077440e+00
   7.5362589e+01   7.2000000e+01   4.3077440e+00
   7.5372589e+01   7.2000000e+01   4.3077440e+00
   7.5382589e+01   7.2000000e+01   4.3077440e+00
   7.5392589e+01   7.2000000e+01   4.3077440e+00
   7.5402589e+01   7.2000000e+01   4.3077440e+00
   7.5412589e+01   7.2000000e+01   4.3077440e+00
   7.5422589e+01   7.2000000e+01   4.3077440e+00
   7.5432589e+01   7.2000000e+01   4.3077440e+00
   7.5442589e+01   7.2000000e+01   4.3077440e+00
   7.5452589e+01   7.2000000e+01   4.3077440e+00
   7.5462589e+01   7.2000000e+01   4.3077440e+00
   7.5472589e+01   7.2000000e+01   4.3077440e+00
   7.5482589e+01   7.2000000e+01   4.3077440e+00
   7.5492589e+01   7.2000000e+01   4.3077440e+00
   7.5502589e+01   7.2000000e+01   4.3077440e+00
   7.5512589e+01   7.2000000e+01   4.3077440e+00
   7.5522589e+01   7.2000000e+01   4.3077440e+00
   7.5532589e+01   7.2000000e+01   4.3077440e+00
   7.5542589e+01   7.2000000e+01   4.3077440e+00
   7.5552589e+01   7.2000000e+01   4.3077440e+00
   7.5562589e+01   7.2000000e+01   4.3077440e+00
   7.5572589e+01   7.2000000e+01   4.3077440e+00
   7.5582589e+01   7.2000000e+01   4.3077440e+00
   7.5592589e+01   7.2000000e+01   4.3077440e+00
   7.5602589e+01   7.2000000e+01   4.3077440e+00
   7.5612589e+01   7.2000000e+01   4.3077440e+00
   7.5622589e+01   7.2000000e+01   4.3077440e+00
   7.5632589e+01   7.2000000e+01   4.3077440e+00
   7.5642589e+01   7.2000000e+01   4.3077440e+00
   7.5652589e+01   7.2000000e+01   4.3077440e+00
   7.5662589e+01   7.2000000e+01   4.3077440e+00
   7.5672589e+01   7.2000000e+01   4.3077440e+00
   7.5682589e+01   7.2000000e+01   4.3077440e+00
   7.5692589e+01   7.2000000e+01   4.3077440e+00
   7.5702589e+01   7.2000000e+01   4.3077440e+00
   7.5712589e+01   7.2000000e+01   4.3077440e+00
   7.5722589e+01   7.2000000e+01   4.3077440e+00
   7.5732589e+01   7.2000000e+01   4.3077440e+00
   7.5742589e+01   7.2000000e+01   4.3077440e+00
   7.5752589e+01   7.2000000e+01   4.3077440e+00
   7.5762589e+01   7.2000000e+01   4.3077440e+00
   7.5772589e+01   7.2000000e+01   4.3077440e+00
   7.5782589e+01   7.2000000e+01   4.3077440e+00
   7.5792589e+01   7.2000000e+01   4.3077440e+00
   7.5802589e+01   7.2000000e+01   4.3077440e+00
   7.5812589e+01   7.2000000e+01   4.3077440e+00
   7.5822589e+01   7.2000000e+01   4.3077440e+00
   7.5832589e+01   7.2000000e+01   4.3077440e+00
   7.5842589e+01   7.2000000e+01   4.3077440e+00
   7.5852589e+01   7.2000000e+01   4.3077440e+00
   7.5862589e+01   7.2000000e+01   4.3077440e+00
   7.5872589e+01   7.2000000e+01   4.3077440e+00
   7.5882589e+01   7.2000000e+01   4.3077440e+00
   7.5892589e+01   7.2000000e+01   4.3077440e+00
   7.5902589e+01   7.2000000e+01   4.3077440e+00
   7.5912589e+01   7.2000000e+01   4.3077440e+00
   7.5922589e+01   7.2000000e+01   4.3077440e+00
   7.5932589e+01   7.2000000e+01   4.3077440e+00
   7.5942589e+01   7.2000000e+01   4.3077440e+00
   7.5952589e+01   7.2000000e+01   4.3077440e+00
   7.5962589e+01   7.2000000e+01   4.3077440e+00
   7.5972589e+01   7.2000000e+01   4.3077440e+00
   7.5982589e+01   7.2000000e+01   4.3077440e+00
   7.5992589e+01   7.2000000e+01   4.3077440e+00
   7.6002589e+01   7.2000000e+01   4.3077440e+00
   7.6012589e+01   7.2000000e+01   4.3077440e+00
   7.6022589e+01   7.2000000e+01   4.3077440e+00
   7.6032589e+01   7.2000000e+01   4.3077440e+00
   7.6042589e+01   7.2000000e+01   4.3077440e+00
   7.6052589e+01   7.2000000e+01   4.3077440e+00
   7.6062589e+01   7.2000000e+01   4.3077440e+00
   7.6072589e+01   7.2000000e+01   4.3077440e+00
   7.6082589e+01   7.2000000e+01   4.3077440e+00
   7.6092589e+01   7.2000000e+01   4.3077440e+00
   7.6102589e+01   7.2000000e+01   4.3077440e+00
   7.6112589e+01   7.2000000e+01   4.3077440e+00
   7.6122589e+01   7.2000000e+01   4.3077440e+00
   7.6132589e+01   7.2000000e+01   4.3077440e+00
   7.6142589e+01   7.2000000e+01   4.3077440e+00
   7.6152589e+01   7.2000000e+01   4.3077440e+00
   7.6162589e+01   7.2000000e+01   4.3077440e+00
   7.6172589e+01   7.2000000e+01   4.3077440e+00
   7.6182589e+01   7.2000000e+01   4.3077440e+00
   7.6192589e+01   7.2000000e+01   4.3077440e+00
   7.6202589e+01   7.2000000e+01   4.3077440e+00
   7.6212589e+01   7.2000000e+01   4.3077440e+00
   7.6222589e+01   7.2000000e+01   4.3077440e+00
   7.6232589e+01   7.2000000e+01   4.3077440e+00
   7.6242589e+01   7.2000000e+01   4.3077440e+00
   7.6252589e+01   7.2000000e+01   4.3077440e+00
   7.6262589e+01   7.2000000e+01   4.3077440e+00
   7.6272589e+01   7.2000000e+01   4.3077440e+00
   7.6282589e+01   7.2000000e+01   4.3077440e+00
   7.6292589e+01   7.2000000e+01   4.3077440e+00
   7.6302589e+01   7.2000000e+01   4.3077440e+00
   7.6312589e+01   7.2000000e+01   4.3077440e+00
   7.6322589e+01   7.2000000e+01   4.3077440e+00
   7.6332589e+01   7.2000000e+01   4.3077440e+00
   7.6342589e+01   7.2000000e+01   4.3077440e+00
   7.6352589e+01   7.2000000e+01   4.3077440e+00
   7.6362589e+01   7.2000000e+01   4.3077440e+00
   7.6372589e+01   7.2000000e+01   4.3077440e+00
   7.6382589e+01   7.2000000e+01   4.3077440e+00
   7.6392589e+01   7.2000000e+01   4.3077440e+00
   7.6402589e+01   7.2000000e+01   4.3077440e+00
   7.6412589e+01   7.2000000e+01   4.3077440e+00
   7.6422589e+01   7.2000000e+01   4.3077440e+00
   7.6432589e+01   7.2000000e+01   4.3077440e+00
   7.6442589e+01   7.2000000e+01   4.3077440e+00
   7.6452589e+01   7.2000000e+01   4.3077440e+00
   7.6462589e+01   7.2000000e+01   4.3077440e+00
   7.6472589e+01   7.2000000e+01   4.3077440e+00
   7.6482589e+01   7.2000000e+01   4.3077440e+00
   7.6492589e+01   7.2000000e+01   4.3077440e+00
   7.6502589e+01   7.2000000e+01   4.3077440e+00
   7.6512589e+01   7.2000000e+01   4.3077440e+00
   7.6522589e+01   7.2000000e+01   4.3077440e+00
   7.6532589e+01   7.2000000e+01   4.3077440e+00
   7.6542589e+01   7.2000000e+01   4.3077440e+00
   7.6552589e+01   7.2000000e+01   4.3077440e+00
   7.6562589e+01   7.2000000e+01   4.3077440e+00
   7.6572589e+01   7.2000000e+01   4.3077440e+00
   7.6582589e+01   7.2000000e+01   4.3077440e+00
   7.6592589e+01   7.2000000e+01   4.3077440e+00
   7.6602589e+01   7.2000000e+01   4.3077440e+00
   7.6612589e+01   7.2000000e+01   4.3077440e+00
   7.6622589e+01   7.2000000e+01   4.3077440e+00
   7.6632589e+01   7.2000000e+01   4.3077440e+00
   7.6642589e+01   7.2000000e+01   4.3077440e+00
   7.6652589e+01   7.2000000e+01   4.3077440e+00
   7.6662589e+01   7.2000000e+01   4.3077440e+00
   7.6672589e+01   7.2000000e+01   4.3077440e+00
   7.6682589e+01   7.2000000e+01   4.3077440e+00
   7.6688610e+01   7.2000000e+01   4.3077440e+00
   7.6688610e+01   7.3000000e+01   4.1025257e+00
   7.6688610e+01   7.3000000e+01   4.1025257e+00
   7.6698610e+01   7.3000000e+01   4.1025257e+00
   7.6708610e+01   7.3000000e+01   4.1025257e+00
   7.6718610e+01   7.3000000e+01   4.1025257e+00
   7.6728610e+01   7.3000000e+01   4.1025257e+00
   7.6738610e+01   7.3000000e+01   4.1025257e+00
   7.6748610e+01   7.3000000e+01   4.1025257e+00
   7.6758610e+01   7.3000000e+01   4.1025257e+00
   7.6768610e+01   7.3000000e+01   4.1025257e+00
   7.6778610e+01   7.3000000e+01   4.1025257e+00
   7.6788610e+01   7.3000000e+01   4.1025257e+00
   7.6798610e+01   7.3000000e+01   4.1025257e+00
   7.6808610e+01   7.3000000e+01   4.1025257e+00
   7.6818610e+01   7.3000000e+01   4.1025257e+00
   7.6828610e+01   7.3000000e+01   4.1025257e+00
   7.6838610e+01   7.3000000e+01   4.1025257e+00
   7.6848610e+01   7.3000000e+01   4.1025257e+00
   7.6858610e+01   7.3000000e+01   4.1025257e+00
   7.6868610e+01   7.3000000e+01   4.1025257e+00
   7.6878610e+01   7.3000000e+01   4.1025257e+00
   7.6888610e+01   7.3000000e+01   4.1025257e+00
   7.6898610e+01   7.3000000e+01   4.1025257e+00
   7.6908610e+01   7.3000000e+01   4.1025257e+00
   7.6918610e+01   7.3000000e+01   4.1025257e+00
   7.6928610e+01   7.3000000e+01   4.1025257e+00
   7.6938610e+01   7.3000000e+01   4.1025257e+00
   7.6948610e+01   7.3000000e+01   4.1025257e+00
   7.6958610e+01   7.3000000e+01   4.1025257e+00
   7.6968610e+01   7.3000000e+01   4.1025257e+00
   7.6978610e+01   7.3000000e+01   4.1025257e+00
   7.6988610e+01   7.3000000e+01   4.1025257e+00
   7.6998610e+01   7.3000000e+01   4.1025257e+00
   7.7008610e+01   7.3000000e+01   4.1025257e+00
   7.7018610e+01   7.3000000e+01   4.1025257e+00
   7.7028610e+01   7.3000000e+01   4.1025257e+00
   7.7038610e+01   7.3000000e+01   4.1025257e+00
   7.7048610e+01   7.3000000e+01   4.1025257e+00
   7.7058610e+01   7.3000000e+01   4.1025257e+00
   7.7068610e+01   7.3000000e+01   4.1025257e+00
   7.7078610e+01   7.3000000e+01   4.1025257e+00
   7.7088610e+01   7.3000000e+01   4.1025257e+00
   7.7098610e+01   7.3000000e+01   4.1025257e+00
   7.7108610e+01   7.3000000e+01   4.1025257e+00
   7.7118610e+01   7.3000000e+01   4.1025257e+00
   7.7128610e+01   7.3000000e+01   4.1025257e+00
   7.7138610e+01   7.3000000e+01   4.1025257e+00
   7.7148610e+01   7.3000000e+01   4.1025257e+00
   7.7158610e+01   7.3000000e+01   4.1025257e+00
   7.7168610e+01   7.3000000e+01   4.1025257e+00
   7.7178610e+01   7.3000000e+01   4.1025257e+00
   7.7188610e+01   7.3000000e+01   4.1025257e+00
   7.7198610e+01   7.3000000e+01   4.1025257e+00
   7.7208610e+01   7.3000000e+01   4.1025257e+00
   7.7218610e+01   7.3000000e+01   4.1025257e+00
   7.7228610e+01   7.3000000e+01   4.1025257e+00
   7.7238610e+01   7.3000000e+01   4.1025257e+00
   7.7248610e+01   7.3000000e+01   4.1025257e+00
   7.7258610e+01   7.3000000e+01   4.1025257e+00
   7.7268610e+01   7.3000000e+01   4.1025257e+00
   7.7278610e+01   7.3000000e+01   4.1025257e+00
   7.7288610e+01   7.3000000e+01   4.1025257e+00
   7.7298610e+01   7.3000000e+01   4.1025257e+00
   7.7308610e+01   7.3000000e+01   4.1025257e+00
   7.7318610e+01   7.3000000e+01   4.1025257e+00
   7.7328610e+01   7.3000000e+01   4.1025257e+00
   7.7338610e+01   7.3000000e+01   4.1025257e+00
   7.7348610e+01   7.3000000e+01   4.1025257e+00
   7.7358610e+01   7.3000000e+01   4.1025257e+00
   7.7368610e+01   7.3000000e+01   4.1025257e+00
   7.7378610e+01   7.3000000e+01   4.1025257e+00
   7.7388610e+01   7.3000000e+01   4.1025257e+00
   7.7398610e+01   7.3000000e+01   4.1025257e+00
   7.7408610e+01   7.3000000e+01   4.1025257e+00
   7.7418610e+01   7.3000000e+01   4.1025257e+00
   7.7428610e+01   7.3000000e+01   4.1025257e+00
   7.7438610e+01   7.3000000e+01   4.1025257e+00
   7.7448610e+01   7.3000000e+01   4.1025257e+00
   7.7458610e+01   7.3000000e+01   4.1025257e+00
   7.7468610e+01   7.3000000e+01   4.1025257e+00
   7.7478610e+01   7.3000000e+01   4.1025257e+00
   7.7488610e+01   7.3000000e+01   4.1025257e+00
   7.7498610e+01   7.3000000e+01   4.1025257e+00
   7.7508610e+01   7.3000000e+01   4.1025257e+00
   7.7518610e+01   7.3000000e+01   4.1025257e+00
   7.7528610e+01   7.3000000e+01   4.1025257e+00
   7.7538610e+01   7.3000000e+01   4.1025257e+00
   7.7548610e+01   7.3000000e+01   4.1025257e+00
   7.7558610e+01   7.3000000e+01   4.1025257e+00
   7.7568610e+01   7.3000000e+01   4.1025257e+00
   7.7578610e+01   7.3000000e+01   4.1025257e+00
   7.7588610e+01   7.3000000e+01   4.1025257e+00
   7.7598610e+01   7.3000000e+01   4.1025257e+00
   7.7608610e+01   7.3000000e+01   4.1025257e+00
   7.7618610e+01   7.3000000e+01   4.1025257e+00
   7.7628610e+01   7.3000000e+01   4.1025257e+00
   7.7638610e+01   7.3000000e+01   4.1025257e+00
   7.7648610e+01   7.3000000e+01   4.1025257e+00
   7.7658610e+01   7.3000000e+01   4.1025257e+00
   7.7668610e+01   7.3000000e+01   4.1025257e+00
   7.7678610e+01   7.3000000e+01   4.1025257e+00
   7.7688610e+01   7.3000000e+01   4.1025257e+00
   7.7698610e+01   7.3000000e+01   4.1025257e+00
   7.7708610e+01   7.3000000e+01   4.1025257e+00
   7.7718610e+01   7.3000000e+01   4.1025257e+00
   7.7728610e+01   7.3000000e+01   4.1025257e+00
   7.7738610e+01   7.3000000e+01   4.1025257e+00
   7.7748610e+01   7.3000000e+01   4.1025257e+00
   7.7758610e+01   7.3000000e+01   4.1025257e+00
   7.7768610e+01   7.3000000e+01   4.1025257e+00
   7.7778610e+01   7.3000000e+01   4.1025257e+00
   7.7788610e+01   7.3000000e+01   4.1025257e+00
   7.7798610e+01   7.3000000e+01   4.1025257e+00
   7.7808610e+01   7.3000000e+01   4.1025257e+00
   7.7818610e+01   7.3000000e+01   4.1025257e+00
   7.7828610e+01   7.3000000e+01   4.1025257e+00
   7.7838610e+01   7.3000000e+01   4.1025257e+00
   7.7848610e+01   7.3000000e+01   4.1025257e+00
   7.7858610e+01   7.3000000e+01   4.1025257e+00
   7.7868610e+01   7.3000000e+01   4.1025257e+00
   7.7878610e+01   7.3000000e+01   4.1025257e+00
   7.7888610e+01   7.3000000e+01   4.1025257e+00
   7.7898610e+01   7.3000000e+01   4.1025257e+00
   7.7908610e+01   7.3000000e+01   4.1025257e+00
   7.7918610e+01   7.3000000e+01   4.1025257e+00
   7.7928610e+01   7.3000000e+01   4.1025257e+00
   7.7938610e+01   7.3000000e+01   4.1025257e+00
   7.7948610e+01   7.3000000e+01   4.1025257e+00
   7.7958610e+01   7.3000000e+01   4.1025257e+00
   7.7968610e+01   7.3000000e+01   4.1025257e+00
   7.7978610e+01   7.3000000e+01   4.1025257e+00
   7.7988610e+01   7.3000000e+01   4.1025257e+00
   7.7998610e+01   7.3000000e+01   4.1025257e+00
   7.8008610e+01   7.3000000e+01   4.1025257e+00
   7.8018610e+01   7.3000000e+01   4.1025257e+00
   7.8028610e+01   7.3000000e+01   4.1025257e+00
   7.8038610e+01   7.3000000e+01   4.1025257e+00
   7.8048610e+01   7.3000000e+01   4.1025257e+00
   7.8058610e+01   7.3000000e+01   4.1025257e+00
   7.8068610e+01   7.3000000e+01   4.1025257e+00
   7.8078610e+01   7.3000000e+01   4.1025257e+00
   7.8088610e+01   7.3000000e+01   4.1025257e+00
   7.8098610e+01   7.3000000e+01   4.1025257e+00
   7.8108610e+01   7.3000000e+01   4.1025257e+00
   7.8118610e+01   7.3000000e+01   4.1025257e+00
   7.8128610e+01   7.3000000e+01   4.1025257e+00
   7.8138610e+01   7.3000000e+01   4.1025257e+00
   7.8148610e+01   7.3000000e+01   4.1025257e+00
   7.8158610e+01   7.3000000e+01   4.1025257e+00
   7.8168610e+01   7.3000000e+01   4.1025257e+00
   7.8178610e+01   7.3000000e+01   4.1025257e+00
   7.8188610e+01   7.3000000e+01   4.1025257e+00
   7.8198610e+01   7.3000000e+01   4.1025257e+00
   7.8208610e+01   7.3000000e+01   4.1025257e+00
   7.8218610e+01   7.3000000e+01   4.1025257e+00
   7.8228610e+01   7.3000000e+01   4.1025257e+00
   7.8238610e+01   7.3000000e+01   4.1025257e+00
   7.8248610e+01   7.3000000e+01   4.1025257e+00
   7.8258610e+01   7.3000000e+01   4.1025257e+00
   7.8268610e+01   7.3000000e+01   4.1025257e+00
   7.8278610e+01   7.3000000e+01   4.1025257e+00
   7.8288610e+01   7.3000000e+01   4.1025257e+00
   7.8298610e+01   7.3000000e+01   4.1025257e+00
   7.8308610e+01   7.3000000e+01   4.1025257e+00
   7.8318610e+01   7.3000000e+01   4.1025257e+00
   7.8328610e+01   7.3000000e+01   4.1025257e+00
   7.8338610e+01   7.3000000e+01   4.1025257e+00
   7.8348610e+01   7.3000000e+01   4.1025257e+00
   7.8358610e+01   7.3000000e+01   4.1025257e+00
   7.8368610e+01   7.3000000e+01   4.1025257e+00
   7.8378610e+01   7.3000000e+01   4.1025257e+00
   7.8388610e+01   7.3000000e+01   4.1025257e+00
   7.8398610e+01   7.3000000e+01   4.1025257e+00
   7.8408610e+01   7.3000000e+01   4.1025257e+00
   7.8418610e+01   7.3000000e+01   4.1025257e+00
   7.8428610e+01   7.3000000e+01   4.1025257e+00
   7.8438610e+01   7.3000000e+01   4.1025257e+00
   7.8448610e+01   7.3000000e+01   4.1025257e+00
   7.8453542e+01   7.3000000e+01   4.1025257e+00
   7.8453542e+01   7.4000000e+01   3.8920899e+00
   7.8453542e+01   7.4000000e+01   3.8920899e+00
   7.8463542e+01   7.4000000e+01   3.8920899e+00
   7.8473542e+01   7.4000000e+01   3.8920899e+00
   7.8483542e+01   7.4000000e+01   3.8920899e+00
   7.8493542e+01   7.4000000e+01   3.8920899e+00
   7.8503542e+01   7.4000000e+01   3.8920899e+00
   7.8513542e+01   7.4000000e+01   3.8920899e+00
   7.8523542e+01   7.4000000e+01   3.8920899e+00
   7.8533542e+01   7.4000000e+01   3.8920899e+00
   7.8543542e+01   7.4000000e+01   3.8920899e+00
   7.8553542e+01   7.4000000e+01   3.8920899e+00
   7.8563542e+01   7.4000000e+01   3.8920899e+00
   7.8573542e+01   7.4000000e+01   3.8920899e+00
   7.8583542e+01   7.4000000e+01   3.8920899e+00
   7.8593542e+01   7.4000000e+01   3.8920899e+00
   7.8603542e+01   7.4000000e+01   3.8920899e+00
   7.8613542e+01   7.4000000e+01   3.8920899e+00
   7.8623542e+01   7.4000000e+01   3.8920899e+00
   7.8633542e+01   7.4000000e+01   3.8920899e+00
   7.8643542e+01   7.4000000e+01   3.8920899e+00
   7.8653542e+01   7.4000000e+01   3.8920899e+00
   7.8663542e+01   7.4000000e+01   3.8920899e+00
   7.8673542e+01   7.4000000e+01   3.8920899e+00
   7.8683542e+01   7.4000000e+01   3.8920899e+00
   7.8693542e+01   7.4000000e+01   3.8920899e+00
   7.8703542e+01   7.4000000e+01   3.8920899e+00
   7.8713542e+01   7.4000000e+01   3.8920899e+00
   7.8723542e+01   7.4000000e+01   3.8920899e+00
   7.8733542e+01   7.4000000e+01   3.8920899e+00
   7.8743542e+01   7.4000000e+01   3.8920899e+00
   7.8753542e+01   7.4000000e+01   3.8920899e+00
   7.8763542e+01   7.4000000e+01   3.8920899e+00
   7.8773542e+01   7.4000000e+01   3.8920899e+00
   7.8783542e+01   7.4000000e+01   3.8920899e+00
   7.8793542e+01   7.4000000e+01   3.8920899e+00
   7.8803542e+01   7.4000000e+01   3.8920899e+00
   7.8813542e+01   7.4000000e+01   3.8920899e+00
   7.8823542e+01   7.4000000e+01   3.8920899e+00
   7.8833542e+01   7.4000000e+01   3.8920899e+00
   7.8843542e+01   7.4000000e+01   3.8920899e+00
   7.8853542e+01   7.4000000e+01   3.8920899e+00
   7.8863542e+01   7.4000000e+01   3.8920899e+00
   7.8873542e+01   7.4000000e+01   3.8920899e+00
   7.8883542e+01   7.4000000e+01   3.8920899e+00
   7.8893542e+01   7.4000000e+01   3.8920899e+00
   7.8903542e+01   7.4000000e+01   3.8920899e+00
   7.8913542e+01   7.4000000e+01   3.8920899e+00
   7.8923542e+01   7.4000000e+01   3.8920899e+00
   7.8933542e+01   7.4000000e+01   3.8920899e+00
   7.8943542e+01   7.4000000e+01   3.8920899e+00
   7.8953542e+01   7.4000000e+01   3.8920899e+00
   7.8963542e+01   7.4000000e+01   3.8920899e+00
   7.8973542e+01   7.4000000e+01   3.8920899e+00
   7.8983542e+01   7.4000000e+01   3.8920899e+00
   7.8993542e+01   7.4000000e+01   3.8920899e+00
   7.9003542e+01   7.4000000e+01   3.8920899e+00
   7.9013542e+01   7.4000000e+01   3.8920899e+00
   7.9023542e+01   7.4000000e+01   3.8920899e+00
   7.9033542e+01   7.4000000e+01   3.8920899e+00
   7.9043542e+01   7.4000000e+01   3.8920899e+00
   7.9053542e+01   7.4000000e+01   3.8920899e+00
   7.9063542e+01   7.4000000e+01   3.8920899e+00
   7.9073542e+01   7.4000000e+01   3.8920899e+00
   7.9083542e+01   7.4000000e+01   3.8920899e+00
   7.9093542e+01   7.4000000e+01   3.8920899e+00
   7.9103542e+01   7.4000000e+01   3.8920899e+00
   7.9113542e+01   7.4000000e+01   3.8920899e+00
   7.9123542e+01   7.4000000e+01   3.8920899e+00
   7.9133542e+01   7.4000000e+01   3.8920899e+00
   7.9143542e+01   7.4000000e+01   3.8920899e+00
   7.9153542e+01   7.4000000e+01   3.8920899e+00
   7.9163542e+01   7.4000000e+01   3.8920899e+00
   7.9173542e+01   7.4000000e+01   3.8920899e+00
   7.9183542e+01   7.4000000e+01   3.8920899e+00
   7.9193542e+01   7.4000000e+01   3.8920899e+00
   7.9203542e+01   7.4000000e+01   3.8920899e+00
   7.9213542e+01   7.4000000e+01   3.8920899e+00
   7.9223542e+01   7.4000000e+01   3.8920899e+00
   7.9233542e+01   7.4000000e+01   3.8920899e+00
   7.9243542e+01   7.4000000e+01   3.8920899e+00
   7.9253542e+01   7.4000000e+01   3.8920899e+00
   7.9263542e+01   7.4000000e+01   3.8920899e+00
   7.9273542e+01   7.4000000e+01   3.8920899e+00
   7.9283542e+01   7.4000000e+01   3.8920899e+00
   7.9293542e+01   7.4000000e+01   3.8920899e+00
   7.9303542e+01   7.4000000e+01   3.8920899e+00
   7.9313542e+01   7.4000000e+01   3.8920899e+00
   7.9323542e+01   7.4000000e+01   3.8920899e+00
   7.9333542e+01   7.4000000e+01   3.8920899e+00
   7.9343542e+01   7.4000000e+01   3.8920899e+00
   7.9353542e+01   7.4000000e+01   3.8920899e+00
   7.9363542e+01   7.4000000e+01   3.8920899e+00
   7.9373542e+01   7.4000000e+01   3.8920899e+00
   7.9383542e+01   7.4000000e+01   3.8920899e+00
   7.9393542e+01   7.4000000e+01   3.8920899e+00
   7.9403542e+01   7.4000000e+01   3.8920899e+00
   7.9413542e+01   7.4000000e+01   3.8920899e+00
   7.9423542e+01   7.4000000e+01   3.8920899e+00
   7.9433542e+01   7.4000000e+01   3.8920899e+00
   7.9443542e+01   7.4000000e+01   3.8920899e+00
   7.9453542e+01   7.4000000e+01   3.8920899e+00
   7.9463542e+01   7.4000000e+01   3.8920899e+00
   7.9473542e+01   7.4000000e+01   3.8920899e+00
   7.9483542e+01   7.4000000e+01   3.8920899e+00
   7.9493542e+01   7.4000000e+01   3.8920899e+00
   7.9503542e+01   7.4000000e+01   3.8920899e+00
   7.9513542e+01   7.4000000e+01   3.8920899e+00
   7.9523542e+01   7.4000000e+01   3.8920899e+00
   7.9533542e+01   7.4000000e+01   3.8920899e+00
   7.9543542e+01   7.4000000e+01   3.8920899e+00
   7.9553542e+01   7.4000000e+01   3.8920899e+00
   7.9563542e+01   7.4000000e+01   3.8920899e+00
   7.9573542e+01   7.4000000e+01   3.8920899e+00
   7.9583542e+01   7.4000000e+01   3.8920899e+00
   7.9593542e+01   7.4000000e+01   3.8920899e+00
   7.9603542e+01   7.4000000e+01   3.8920899e+00
   7.9613542e+01   7.4000000e+01   3.8920899e+00
   7.9623542e+01   7.4000000e+01   3.8920899e+00
   7.9633542e+01   7.4000000e+01   3.8920899e+00
   7.9643542e+01   7.4000000e+01   3.8920899e+00
   7.9653542e+01   7.4000000e+01   3.8920899e+00
   7.9663542e+01   7.4000000e+01   3.8920899e+00
   7.9673542e+01   7.4000000e+01   3.8920899e+00
   7.9683542e+01   7.4000000e+01   3.8920899e+00
   7.9693542e+01   7.4000000e+01   3.8920899e+00
   7.9703542e+01   7.4000000e+01   3.8920899e+00
   7.9713542e+01   7.4000000e+01   3.8920899e+00
   7.9723542e+01   7.4000000e+01   3.8920899e+00
   7.9733542e+01   7.4000000e+01   3.8920899e+00
   7.9743542e+01   7.4000000e+01   3.8920899e+00
   7.9753542e+01   7.4000000e+01   3.8920899e+00
   7.9763542e+01   7.4000000e+01   3.8920899e+00
   7.9773542e+01   7.4000000e+01   3.8920899e+00
   7.9783542e+01   7.4000000e+01   3.8920899e+00
   7.9793542e+01   7.4000000e+01   3.8920899e+00
   7.9803542e+01   7.4000000e+01   3.8920899e+00
   7.9813542e+01   7.4000000e+01   3.8920899e+00
   7.9823542e+01   7.4000000e+01   3.8920899e+00
   7.9833542e+01   7.4000000e+01   3.8920899e+00
   7.9843542e+01   7.4000000e+01   3.8920899e+00
   7.9853542e+01   7.4000000e+01   3.8920899e+00
   7.9863542e+01   7.4000000e+01   3.8920899e+00
   7.9873542e+01   7.4000000e+01   3.8920899e+00
   7.9883542e+01   7.4000000e+01   3.8920899e+00
   7.9893542e+01   7.4000000e+01   3.8920899e+00
   7.9903542e+01   7.4000000e+01   3.8920899e+00
   7.9913542e+01   7.4000000e+01   3.8920899e+00
   7.9923542e+01   7.4000000e+01   3.8920899e+00
   7.9933542e+01   7.4000000e+01   3.8920899e+00
   7.9943542e+01   7.4000000e+01   3.8920899e+00
   7.9953542e+01   7.4000000e+01   3.8920899e+00
   7.9963542e+01   7.4000000e+01   3.8920899e+00
   7.9973542e+01   7.4000000e+01   3.8920899e+00
   7.9983542e+01   7.4000000e+01   3.8920899e+00
   7.9993542e+01   7.4000000e+01   3.8920899e+00
   8.0003542e+01   7.4000000e+01   3.8920899e+00
   8.0013542e+01   7.4000000e+01   3.8920899e+00
   8.0023542e+01   7.4000000e+01   3.8920899e+00
   8.0033542e+01   7.4000000e+01   3.8920899e+00
   8.0043542e+01   7.4000000e+01   3.8920899e+00
   8.0053542e+01   7.4000000e+01   3.8920899e+00
   8.0063542e+01   7.4000000e+01   3.8920899e+00
   8.0073542e+01   7.4000000e+01   3.8920899e+00
   8.0083542e+01   7.4000000e+01   3.8920899e+00
   8.0093542e+01   7.4000000e+01   3.8920899e+00
   8.0103542e+01   7.4000000e+01   3.8920899e+00
   8.0113542e+01   7.4000000e+01   3.8920899e+00
   8.0123542e+01   7.4000000e+01   3.8920899e+00
   8.0133542e+01   7.4000000e+01   3.8920899e+00
   8.0143542e+01   7.4000000e+01   3.8920899e+00
   8.0153542e+01   7.4000000e+01   3.8920899e+00
   8.0163542e+01   7.4000000e+01   3.8920899e+00
   8.0173542e+01   7.4000000e+01   3.8920899e+00
   8.0183542e+01   7.4000000e+01   3.8920899e+00
   8.0193542e+01   7.4000000e+01   3.8920899e+00
   8.0203542e+01   7.4000000e+01   3.8920899e+00
   8.0213542e+01   7.4000000e+01   3.8920899e+00
   8.0223542e+01   7.4000000e+01   3.8920899e+00
   8.0226873e+01   7.4000000e+01   3.8920899e+00
   8.0226873e+01   7.5000000e+01   3.6766152e+00
   8.0226873e+01   7.5000000e+01   3.6766152e+00
   8.0236873e+01   7.5000000e+01   3.6766152e+00
   8.0246873e+01   7.5000000e+01   3.6766152e+00
   8.0256873e+01   7.5000000e+01   3.6766152e+00
   8.0266873e+01   7.5000000e+01   3.6766152e+00
   8.0276873e+01   7.5000000e+01   3.6766152e+00
   8.0286873e+01   7.5000000e+01   3.6766152e+00
   8.0296873e+01   7.5000000e+01   3.6766152e+00
   8.0306873e+01   7.5000000e+01   3.6766152e+00
   8.0316873e+01   7.5000000e+01   3.6766152e+00
   8.0326873e+01   7.5000000e+01   3.6766152e+00
   8.0336873e+01   7.5000000e+01   3.6766152e+00
   8.0346873e+01   7.5000000e+01   3.6766152e+00
   8.0356873e+01   7.5000000e+01   3.6766152e+00
   8.0366873e+01   7.5000000e+01   3.6766152e+00
   8.0376873e+01   7.5000000e+01   3.6766152e+00
   8.0386873e+01   7.5000000e+01   3.6766152e+00
   8.0396873e+01   7.5000000e+01   3.6766152e+00
   8.0406873e+01   7.5000000e+01   3.6766152e+00
   8.0416873e+01   7.5000000e+01   3.6766152e+00
   8.0426873e+01   7.5000000e+01   3.6766152e+00
   8.0436873e+01   7.5000000e+01   3.6766152e+00
   8.0446873e+01   7.5000000e+01   3.6766152e+00
   8.0456873e+01   7.5000000e+01   3.6766152e+00
   8.0466873e+01   7.5000000e+01   3.6766152e+00
   8.0476873e+01   7.5000000e+01   3.6766152e+00
   8.0486873e+01   7.5000000e+01   3.6766152e+00
   8.0496873e+01   7.5000000e+01   3.6766152e+00
   8.0506873e+01   7.5000000e+01   3.6766152e+00
   8.0516873e+01   7.5000000e+01   3.6766152e+00
   8.0526873e+01   7.5000000e+01   3.6766152e+00
   8.0536873e+01   7.5000000e+01   3.6766152e+00
   8.0546873e+01   7.5000000e+01   3.6766152e+00
   8.0556873e+01   7.5000000e+01   3.6766152e+00
   8.0566873e+01   7.5000000e+01   3.6766152e+00
   8.0576873e+01   7.5000000e+01   3.6766152e+00
   8.0586873e+01   7.5000000e+01   3.6766152e+00
   8.0596873e+01   7.5000000e+01   3.6766152e+00
   8.0606873e+01   7.5000000e+01   3.6766152e+00
   8.0616873e+01   7.5000000e+01   3.6766152e+00
   8.0626873e+01   7.5000000e+01   3.6766152e+00
   8.0636873e+01   7.5000000e+01   3.6766152e+00
   8.0646873e+01   7.5000000e+01   3.6766152e+00
   8.0656873e+01   7.5000000e+01   3.6766152e+00
   8.0666873e+01   7.5000000e+01   3.6766152e+00
   8.0676873e+01   7.5000000e+01   3.6766152e+00
   8.0686873e+01   7.5000000e+01   3.6766152e+00
   8.0696873e+01   7.5000000e+01   3.6766152e+00
   8.0706873e+01   7.5000000e+01   3.6766152e+00
   8.0716873e+01   7.5000000e+01   3.6766152e+00
   8.0726873e+01   7.5000000e+01   3.6766152e+00
   8.0736873e+01   7.5000000e+01   3.6766152e+00
   8.0746873e+01   7.5000000e+01   3.6766152e+00
   8.0756873e+01   7.5000000e+01   3.6766152e+00
   8.0766873e+01   7.5000000e+01   3.6766152e+00
   8.0776873e+01   7.5000000e+01   3.6766152e+00
   8.0786873e+01   7.5000000e+01   3.6766152e+00
   8.0796873e+01   7.5000000e+01   3.6766152e+00
   8.0806873e+01   7.5000000e+01   3.6766152e+00
   8.0816873e+01   7.5000000e+01   3.6766152e+00
   8.0826873e+01   7.5000000e+01   3.6766152e+00
   8.0836873e+01   7.5000000e+01   3.6766152e+00
   8.0846873e+01   7.5000000e+01   3.6766152e+00
   8.0856873e+01   7.5000000e+01   3.6766152e+00
   8.0866873e+01   7.5000000e+01   3.6766152e+00
   8.0876873e+01   7.5000000e+01   3.6766152e+00
   8.0886873e+01   7.5000000e+01   3.6766152e+00
   8.0896873e+01   7.5000000e+01   3.6766152e+00
   8.0906873e+01   7.5000000e+01   3.6766152e+00
   8.0916873e+01   7.5000000e+01   3.6766152e+00
   8.0926873e+01   7.5000000e+01   3.6766152e+00
   8.0936873e+01   7.5000000e+01   3.6766152e+00
   8.0946873e+01   7.5000000e+01   3.6766152e+00
   8.0956873e+01   7.5000000e+01   3.6766152e+00
   8.0966873e+01   7.5000000e+01   3.6766152e+00
   8.0976873e+01   7.5000000e+01   3.6766152e+00
   8.0986873e+01   7.5000000e+01   3.6766152e+00
   8.0996873e+01   7.5000000e+01   3.6766152e+00
   8.1006873e+01   7.5000000e+01   3.6766152e+00
   8.1016873e+01   7.5000000e+01   3.6766152e+00
   8.1026873e+01   7.5000000e+01   3.6766152e+00
   8.1036873e+01   7.5000000e+01   3.6766152e+00
   8.1046873e+01   7.5000000e+01   3.6766152e+00
   8.1056873e+01   7.5000000e+01   3.6766152e+00
   8.1066873e+01   7.5000000e+01   3.6766152e+00
   8.1076873e+01   7.5000000e+01   3.6766152e+00
   8.1086873e+01   7.5000000e+01   3.6766152e+00
   8.1096873e+01   7.5000000e+01   3.6766152e+00
   8.1106873e+01   7.5000000e+01   3.6766152e+00
   8.1116873e+01   7.5000000e+01   3.6766152e+00
   8.1126873e+01   7.5000000e+01   3.6766152e+00
   8.1136873e+01   7.5000000e+01   3.6766152e+00
   8.1146873e+01   7.5000000e+01   3.6766152e+00
   8.1156873e+01   7.5000000e+01   3.6766152e+00
   8.1166873e+01   7.5000000e+01   3.6766152e+00
   8.1176873e+01   7.5000000e+01   3.6766152e+00
   8.1186873e+01   7.5000000e+01   3.6766152e+00
   8.1196873e+01   7.5000000e+01   3.6766152e+00
   8.1206873e+01   7.5000000e+01   3.6766152e+00
   8.1216873e+01   7.5000000e+01   3.6766152e+00
   8.1226873e+01   7.5000000e+01   3.6766152e+00
   8.1236873e+01   7.5000000e+01   3.6766152e+00
   8.1246873e+01   7.5000000e+01   3.6766152e+00
   8.1256873e+01   7.5000000e+01   3.6766152e+00
   8.1266873e+01   7.5000000e+01   3.6766152e+00
   8.1276873e+01   7.5000000e+01   3.6766152e+00
   8.1286873e+01   7.5000000e+01   3.6766152e+00
   8.1296873e+01   7.5000000e+01   3.6766152e+00
   8.1306873e+01   7.5000000e+01   3.6766152e+00
   8.1316873e+01   7.5000000e+01   3.6766152e+00
   8.1326873e+01   7.5000000e+01   3.6766152e+00
   8.1336873e+01   7.5000000e+01   3.6766152e+00
   8.1346873e+01   7.5000000e+01   3.6766152e+00
   8.1356873e+01   7.5000000e+01   3.6766152e+00
   8.1366873e+01   7.5000000e+01   3.6766152e+00
   8.1376873e+01   7.5000000e+01   3.6766152e+00
   8.1386873e+01   7.5000000e+01   3.6766152e+00
   8.1396873e+01   7.5000000e+01   3.6766152e+00
   8.1406873e+01   7.5000000e+01   3.6766152e+00
   8.1416873e+01   7.5000000e+01   3.6766152e+00
   8.1426873e+01   7.5000000e+01   3.6766152e+00
   8.1436873e+01   7.5000000e+01   3.6766152e+00
   8.1446873e+01   7.5000000e+01   3.6766152e+00
   8.1456873e+01   7.5000000e+01   3.6766152e+00
   8.1466873e+01   7.5000000e+01   3.6766152e+00
   8.1476873e+01   7.5000000e+01   3.6766152e+00
   8.1486873e+01   7.5000000e+01   3.6766152e+00
   8.1496873e+01   7.5000000e+01   3.6766152e+00
   8.1506873e+01   7.5000000e+01   3.6766152e+00
   8.1516873e+01   7.5000000e+01   3.6766152e+00
   8.1526873e+01   7.5000000e+01   3.6766152e+00
   8.1536873e+01   7.5000000e+01   3.6766152e+00
   8.1546873e+01   7.5000000e+01   3.6766152e+00
   8.1556873e+01   7.5000000e+01   3.6766152e+00
   8.1566873e+01   7.5000000e+01   3.6766152e+00
   8.1576873e+01   7.5000000e+01   3.6766152e+00
   8.1586873e+01   7.5000000e+01   3.6766152e+00
   8.1596873e+01   7.5000000e+01   3.6766152e+00
   8.1606873e+01   7.5000000e+01   3.6766152e+00
   8.1616873e+01   7.5000000e+01   3.6766152e+00
   8.1626873e+01   7.5000000e+01   3.6766152e+00
   8.1636873e+01   7.5000000e+01   3.6766152e+00
   8.1646873e+01   7.5000000e+01   3.6766152e+00
   8.1656873e+01   7.5000000e+01   3.6766152e+00
   8.1666873e+01   7.5000000e+01   3.6766152e+00
   8.1676873e+01   7.5000000e+01   3.6766152e+00
   8.1686873e+01   7.5000000e+01   3.6766152e+00
   8.1696873e+01   7.5000000e+01   3.6766152e+00
   8.1706873e+01   7.5000000e+01   3.6766152e+00
   8.1716873e+01   7.5000000e+01   3.6766152e+00
   8.1726873e+01   7.5000000e+01   3.6766152e+00
   8.1736873e+01   7.5000000e+01   3.6766152e+00
   8.1746873e+01   7.5000000e+01   3.6766152e+00
   8.1756873e+01   7.5000000e+01   3.6766152e+00
   8.1766873e+01   7.5000000e+01   3.6766152e+00
   8.1776873e+01   7.5000000e+01   3.6766152e+00
   8.1786873e+01   7.5000000e+01   3.6766152e+00
   8.1796873e+01   7.5000000e+01   3.6766152e+00
   8.1806873e+01   7.5000000e+01   3.6766152e+00
   8.1816873e+01   7.5000000e+01   3.6766152e+00
   8.1826873e+01   7.5000000e+01   3.6766152e+00
   8.1836873e+01   7.5000000e+01   3.6766152e+00
   8.1846873e+01   7.5000000e+01   3.6766152e+00
   8.1856873e+01   7.5000000e+01   3.6766152e+00
   8.1866873e+01   7.5000000e+01   3.6766152e+00
   8.1876873e+01   7.5000000e+01   3.6766152e+00
   8.1886873e+01   7.5000000e+01   3.6766152e+00
   8.1896873e+01   7.5000000e+01   3.6766152e+00
   8.1906873e+01   7.5000000e+01   3.6766152e+00
   8.1916873e+01   7.5000000e+01   3.6766152e+00
   8.1926873e+01   7.5000000e+01   3.6766152e+00
   8.1936873e+01   7.5000000e+01   3.6766152e+00
   8.1946873e+01   7.5000000e+01   3.6766152e+00
   8.1956873e+01   7.5000000e+01   3.6766152e+00
   8.1966873e+01   7.5000000e+01   3.6766152e+00
   8.1976873e+01   7.5000000e+01   3.6766152e+00
   8.1986873e+01   7.5000000e+01   3.6766152e+00
   8.1996873e+01   7.5000000e+01   3.6766152e+00
   8.2006873e+01   7.5000000e+01   3.6766152e+00
   8.2008083e+01   7.5000000e+01   3.6766152e+00
   8.2008083e+01   7.6000000e+01   3.4562905e+00
   8.2008083e+01   7.6000000e+01   3.4562905e+00
   8.2018083e+01   7.6000000e+01   3.4562905e+00
   8.2028083e+01   7.6000000e+01   3.4562905e+00
   8.2038083e+01   7.6000000e+01   3.4562905e+00
   8.2048083e+01   7.6000000e+01   3.4562905e+00
   8.2058083e+01   7.6000000e+01   3.4562905e+00
   8.2068083e+01   7.6000000e+01   3.4562905e+00
   8.2078083e+01   7.6000000e+01   3.4562905e+00
   8.2088083e+01   7.6000000e+01   3.4562905e+00
   8.2098083e+01   7.6000000e+01   3.4562905e+00
   8.2108083e+01   7.6000000e+01   3.4562905e+00
   8.2118083e+01   7.6000000e+01   3.4562905e+00
   8.2128083e+01   7.6000000e+01   3.4562905e+00
   8.2138083e+01   7.6000000e+01   3.4562905e+00
   8.2148083e+01   7.6000000e+01   3.4562905e+00
   8.2158083e+01   7.6000000e+01   3.4562905e+00
   8.2168083e+01   7.6000000e+01   3.4562905e+00
   8.2178083e+01   7.6000000e+01   3.4562905e+00
   8.2188083e+01   7.6000000e+01   3.4562905e+00
   8.2198083e+01   7.6000000e+01   3.4562905e+00
   8.2208083e+01   7.6000000e+01   3.4562905e+00
   8.2218083e+01   7.6000000e+01   3.4562905e+00
   8.2228083e+01   7.6000000e+01   3.4562905e+00
   8.2238083e+01   7.6000000e+01   3.4562905e+00
   8.2248083e+01   7.6000000e+01   3.4562905e+00
   8.2258083e+01   7.6000000e+01   3.4562905e+00
   8.2268083e+01   7.6000000e+01   3.4562905e+00
   8.2278083e+01   7.6000000e+01   3.4562905e+00
   8.2288083e+01   7.6000000e+01   3.4562905e+00
   8.2298083e+01   7.6000000e+01   3.4562905e+00
   8.2308083e+01   7.6000000e+01   3.4562905e+00
   8.2318083e+01   7.6000000e+01   3.4562905e+00
   8.2328083e+01   7.6000000e+01   3.4562905e+00
   8.2338083e+01   7.6000000e+01   3.4562905e+00
   8.2348083e+01   7.6000000e+01   3.4562905e+00
   8.2358083e+01   7.6000000e+01   3.4562905e+00
   8.2368083e+01   7.6000000e+01   3.4562905e+00
   8.2378083e+01   7.6000000e+01   3.4562905e+00
   8.2388083e+01   7.6000000e+01   3.4562905e+00
   8.2398083e+01   7.6000000e+01   3.4562905e+00
   8.2408083e+01   7.6000000e+01   3.4562905e+00
   8.2418083e+01   7.6000000e+01   3.4562905e+00
   8.2428083e+01   7.6000000e+01   3.4562905e+00
   8.2438083e+01   7.6000000e+01   3.4562905e+00
   8.2448083e+01   7.6000000e+01   3.4562905e+00
   8.2458083e+01   7.6000000e+01   3.4562905e+00
   8.2468083e+01   7.6000000e+01   3.4562905e+00
   8.2478083e+01   7.6000000e+01   3.4562905e+00
   8.2488083e+01   7.6000000e+01   3.4562905e+00
   8.2498083e+01   7.6000000e+01   3.4562905e+00
   8.2508083e+01   7.6000000e+01   3.4562905e+00
   8.2518083e+01   7.6000000e+01   3.4562905e+00
   8.2528083e+01   7.6000000e+01   3.4562905e+00
   8.2538083e+01   7.6000000e+01   3.4562905e+00
   8.2548083e+01   7.6000000e+01   3.4562905e+00
   8.2558083e+01   7.6000000e+01   3.4562905e+00
   8.2568083e+01   7.6000000e+01   3.4562905e+00
   8.2578083e+01   7.6000000e+01   3.4562905e+00
   8.2588083e+01   7.6000000e+01   3.4562905e+00
   8.2598083e+01   7.6000000e+01   3.4562905e+00
   8.2608083e+01   7.6000000e+01   3.4562905e+00
   8.2618083e+01   7.6000000e+01   3.4562905e+00
   8.2628083e+01   7.6000000e+01   3.4562905e+00
   8.2638083e+01   7.6000000e+01   3.4562905e+00
   8.2648083e+01   7.6000000e+01   3.4562905e+00
   8.2658083e+01   7.6000000e+01   3.4562905e+00
   8.2668083e+01   7.6000000e+01   3.4562905e+00
   8.2678083e+01   7.6000000e+01   3.4562905e+00
   8.2688083e+01   7.6000000e+01   3.4562905e+00
   8.2698083e+01   7.6000000e+01   3.4562905e+00
   8.2708083e+01   7.6000000e+01   3.4562905e+00
   8.2718083e+01   7.6000000e+01   3.4562905e+00
   8.2728083e+01   7.6000000e+01   3.4562905e+00
   8.2738083e+01   7.6000000e+01   3.4562905e+00
   8.2748083e+01   7.6000000e+01   3.4562905e+00
   8.2758083e+01   7.6000000e+01   3.4562905e+00
   8.2768083e+01   7.6000000e+01   3.4562905e+00
   8.2778083e+01   7.6000000e+01   3.4562905e+00
   8.2788083e+01   7.6000000e+01   3.4562905e+00
   8.2798083e+01   7.6000000e+01   3.4562905e+00
   8.2808083e+01   7.6000000e+01   3.4562905e+00
   8.2818083e+01   7.6000000e+01   3.4562905e+00
   8.2828083e+01   7.6000000e+01   3.4562905e+00
   8.2838083e+01   7.6000000e+01   3.4562905e+00
   8.2848083e+01   7.6000000e+01   3.4562905e+00
   8.2858083e+01   7.6000000e+01   3.4562905e+00
   8.2868083e+01   7.6000000e+01   3.4562905e+00
   8.2878083e+01   7.6000000e+01   3.4562905e+00
   8.2888083e+01   7.6000000e+01   3.4562905e+00
   8.2898083e+01   7.6000000e+01   3.4562905e+00
   8.2908083e+01   7.6000000e+01   3.4562905e+00
   8.2918083e+01   7.6000000e+01   3.4562905e+00
   8.2928083e+01   7.6000000e+01   3.4562905e+00
   8.2938083e+01   7.6000000e+01   3.4562905e+00
   8.2948083e+01   7.6000000e+01   3.4562905e+00
   8.2958083e+01   7.6000000e+01   3.4562905e+00
   8.2968083e+01   7.6000000e+01   3.4562905e+00
   8.2978083e+01   7.6000000e+01   3.4562905e+00
   8.2988083e+01   7.6000000e+01   3.4562905e+00
   8.2998083e+01   7.6000000e+01   3.4562905e+00
   8.3008083e+01   7.6000000e+01   3.4562905e+00
   8.3018083e+01   7.6000000e+01   3.4562905e+00
   8.3028083e+01   7.6000000e+01   3.4562905e+00
   8.3038083e+01   7.6000000e+01   3.4562905e+00
   8.3048083e+01   7.6000000e+01   3.4562905e+00
   8.3058083e+01   7.6000000e+01   3.4562905e+00
   8.3068083e+01   7.6000000e+01   3.4562905e+00
   8.3078083e+01   7.6000000e+01   3.4562905e+00
   8.3088083e+01   7.6000000e+01   3.4562905e+00
   8.3098083e+01   7.6000000e+01   3.4562905e+00
   8.3108083e+01   7.6000000e+01   3.4562905e+00
   8.3118083e+01   7.6000000e+01   3.4562905e+00
   8.3128083e+01   7.6000000e+01   3.4562905e+00
   8.3138083e+01   7.6000000e+01   3.4562905e+00
   8.3148083e+01   7.6000000e+01   3.4562905e+00
   8.3158083e+01   7.6000000e+01   3.4562905e+00
   8.3168083e+01   7.6000000e+01   3.4562905e+00
   8.3178083e+01   7.6000000e+01   3.4562905e+00
   8.3188083e+01   7.6000000e+01   3.4562905e+00
   8.3198083e+01   7.6000000e+01   3.4562905e+00
   8.3208083e+01   7.6000000e+01   3.4562905e+00
   8.3218083e+01   7.6000000e+01   3.4562905e+00
   8.3228083e+01   7.6000000e+01   3.4562905e+00
   8.3238083e+01   7.6000000e+01   3.4562905e+00
   8.3248083e+01   7.6000000e+01   3.4562905e+00
   8.3258083e+01   7.6000000e+01   3.4562905e+00
   8.3268083e+01   7.6000000e+01   3.4562905e+00
   8.3278083e+01   7.6000000e+01   3.4562905e+00
   8.3288083e+01   7.6000000e+01   3.4562905e+00
   8.3298083e+01   7.6000000e+01   3.4562905e+00
   8.3308083e+01   7.6000000e+01   3.4562905e+00
   8.3318083e+01   7.6000000e+01   3.4562905e+00
   8.3328083e+01   7.6000000e+01   3.4562905e+00
   8.3338083e+01   7.6000000e+01   3.4562905e+00
   8.3348083e+01   7.6000000e+01   3.4562905e+00
   8.3358083e+01   7.6000000e+01   3.4562905e+00
   8.3368083e+01   7.6000000e+01   3.4562905e+00
   8.3378083e+01   7.6000000e+01   3.4562905e+00
   8.3388083e+01   7.6000000e+01   3.4562905e+00
   8.3398083e+01   7.6000000e+01   3.4562905e+00
   8.3408083e+01   7.6000000e+01   3.4562905e+00
   8.3418083e+01   7.6000000e+01   3.4562905e+00
   8.3428083e+01   7.6000000e+01   3.4562905e+00
   8.3438083e+01   7.6000000e+01   3.4562905e+00
   8.3448083e+01   7.6000000e+01   3.4562905e+00
   8.3458083e+01   7.6000000e+01   3.4562905e+00
   8.3468083e+01   7.6000000e+01   3.4562905e+00
   8.3478083e+01   7.6000000e+01   3.4562905e+00
   8.3488083e+01   7.6000000e+01   3.4562905e+00
   8.3498083e+01   7.6000000e+01   3.4562905e+00
   8.3508083e+01   7.6000000e+01   3.4562905e+00
   8.3518083e+01   7.6000000e+01   3.4562905e+00
   8.3528083e+01   7.6000000e+01   3.4562905e+00
   8.3538083e+01   7.6000000e+01   3.4562905e+00
   8.3548083e+01   7.6000000e+01   3.4562905e+00
   8.3558083e+01   7.6000000e+01   3.4562905e+00
   8.3568083e+01   7.6000000e+01   3.4562905e+00
   8.3578083e+01   7.6000000e+01   3.4562905e+00
   8.3588083e+01   7.6000000e+01   3.4562905e+00
   8.3598083e+01   7.6000000e+01   3.4562905e+00
   8.3608083e+01   7.6000000e+01   3.4562905e+00
   8.3618083e+01   7.6000000e+01   3.4562905e+00
   8.3628083e+01   7.6000000e+01   3.4562905e+00
   8.3638083e+01   7.6000000e+01   3.4562905e+00
   8.3648083e+01   7.6000000e+01   3.4562905e+00
   8.3658083e+01   7.6000000e+01   3.4562905e+00
   8.3668083e+01   7.6000000e+01   3.4562905e+00
   8.3678083e+01   7.6000000e+01   3.4562905e+00
   8.3688083e+01   7.6000000e+01   3.4562905e+00
   8.3698083e+01   7.6000000e+01   3.4562905e+00
   8.3708083e+01   7.6000000e+01   3.4562905e+00
   8.3718083e+01   7.6000000e+01   3.4562905e+00
   8.3728083e+01   7.6000000e+01   3.4562905e+00
   8.3738083e+01   7.6000000e+01   3.4562905e+00
   8.3748083e+01   7.6000000e+01   3.4562905e+00
   8.3758083e+01   7.6000000e+01   3.4562905e+00
   8.3768083e+01   7.6000000e+01   3.4562905e+00
   8.3778083e+01   7.6000000e+01   3.4562905e+00
   8.3788083e+01   7.6000000e+01   3.4562905e+00
   8.3796650e+01   7.6000000e+01   3.4562905e+00
   8.3796650e+01   7.7000000e+01   3.2313162e+00
   8.3796650e+01   7.7000000e+01   3.2313162e+00
   8.3806650e+01   7.7000000e+01   3.2313162e+00
   8.3816650e+01   7.7000000e+01   3.2313162e+00
   8.3826650e+01   7.7000000e+01   3.2313162e+00
   8.3836650e+01   7.7000000e+01   3.2313162e+00
   8.3846650e+01   7.7000000e+01   3.2313162e+00
   8.3856650e+01   7.7000000e+01   3.2313162e+00
   8.3866650e+01   7.7000000e+01   3.2313162e+00
   8.3876650e+01   7.7000000e+01   3.2313162e+00
   8.3886650e+01   7.7000000e+01   3.2313162e+00
   8.3896650e+01   7.7000000e+01   3.2313162e+00
   8.3906650e+01   7.7000000e+01   3.2313162e+00
   8.3916650e+01   7.7000000e+01   3.2313162e+00
   8.3926650e+01   7.7000000e+01   3.2313162e+00
   8.3936650e+01   7.7000000e+01   3.2313162e+00
   8.3946650e+01   7.7000000e+01   3.2313162e+00
   8.3956650e+01   7.7000000e+01   3.2313162e+00
   8.3966650e+01   7.7000000e+01   3.2313162e+00
   8.3976650e+01   7.7000000e+01   3.2313162e+00
   8.3986650e+01   7.7000000e+01   3.2313162e+00
   8.3996650e+01   7.7000000e+01   3.2313162e+00
   8.4006650e+01   7.7000000e+01   3.2313162e+00
   8.4016650e+01   7.7000000e+01   3.2313162e+00
   8.4026650e+01   7.7000000e+01   3.2313162e+00
   8.4036650e+01   7.7000000e+01   3.2313162e+00
   8.4046650e+01   7.7000000e+01   3.2313162e+00
   8.4056650e+01   7.7000000e+01   3.2313162e+00
   8.4066650e+01   7.7000000e+01   3.2313162e+00
   8.4076650e+01   7.7000000e+01   3.2313162e+00
   8.4086650e+01   7.7000000e+01   3.2313162e+00
   8.4096650e+01   7.7000000e+01   3.2313162e+00
   8.4106650e+01   7.7000000e+01   3.2313162e+00
   8.4116650e+01   7.7000000e+01   3.2313162e+00
   8.4126650e+01   7.7000000e+01   3.2313162e+00
   8.4136650e+01   7.7000000e+01   3.2313162e+00
   8.4146650e+01   7.7000000e+01   3.2313162e+00
   8.4156650e+01   7.7000000e+01   3.2313162e+00
   8.4166650e+01   7.7000000e+01   3.2313162e+00
   8.4176650e+01   7.7000000e+01   3.2313162e+00
   8.4186650e+01   7.7000000e+01   3.2313162e+00
   8.4196650e+01   7.7000000e+01   3.2313162e+00
   8.4206650e+01   7.7000000e+01   3.2313162e+00
   8.4216650e+01   7.7000000e+01   3.2313162e+00
   8.4226650e+01   7.7000000e+01   3.2313162e+00
   8.4236650e+01   7.7000000e+01   3.2313162e+00
   8.4246650e+01   7.7000000e+01   3.2313162e+00
   8.4256650e+01   7.7000000e+01   3.2313162e+00
   8.4266650e+01   7.7000000e+01   3.2313162e+00
   8.4276650e+01   7.7000000e+01   3.2313162e+00
   8.4286650e+01   7.7000000e+01   3.2313162e+00
   8.4296650e+01   7.7000000e+01   3.2313162e+00
   8.4306650e+01   7.7000000e+01   3.2313162e+00
   8.4316650e+01   7.7000000e+01   3.2313162e+00
   8.4326650e+01   7.7000000e+01   3.2313162e+00
   8.4336650e+01   7.7000000e+01   3.2313162e+00
   8.4346650e+01   7.7000000e+01   3.2313162e+00
   8.4356650e+01   7.7000000e+01   3.2313162e+00
   8.4366650e+01   7.7000000e+01   3.2313162e+00
   8.4376650e+01   7.7000000e+01   3.2313162e+00
   8.4386650e+01   7.7000000e+01   3.2313162e+00
   8.4396650e+01   7.7000000e+01   3.2313162e+00
   8.4406650e+01   7.7000000e+01   3.2313162e+00
   8.4416650e+01   7.7000000e+01   3.2313162e+00
   8.4426650e+01   7.7000000e+01   3.2313162e+00
   8.4436650e+01   7.7000000e+01   3.2313162e+00
   8.4446650e+01   7.7000000e+01   3.2313162e+00
   8.4456650e+01   7.7000000e+01   3.2313162e+00
   8.4466650e+01   7.7000000e+01   3.2313162e+00
   8.4476650e+01   7.7000000e+01   3.2313162e+00
   8.4486650e+01   7.7000000e+01   3.2313162e+00
   8.4496650e+01   7.7000000e+01   3.2313162e+00
   8.4506650e+01   7.7000000e+01   3.2313162e+00
   8.4516650e+01   7.7000000e+01   3.2313162e+00
   8.4526650e+01   7.7000000e+01   3.2313162e+00
   8.4536650e+01   7.7000000e+01   3.2313162e+00
   8.4546650e+01   7.7000000e+01   3.2313162e+00
   8.4556650e+01   7.7000000e+01   3.2313162e+00
   8.4566650e+01   7.7000000e+01   3.2313162e+00
   8.4576650e+01   7.7000000e+01   3.2313162e+00
   8.4586650e+01   7.7000000e+01   3.2313162e+00
   8.4596650e+01   7.7000000e+01   3.2313162e+00
   8.4606650e+01   7.7000000e+01   3.2313162e+00
   8.4616650e+01   7.7000000e+01   3.2313162e+00
   8.4626650e+01   7.7000000e+01   3.2313162e+00
   8.4636650e+01   7.7000000e+01   3.2313162e+00
   8.4646650e+01   7.7000000e+01   3.2313162e+00
   8.4656650e+01   7.7000000e+01   3.2313162e+00
   8.4666650e+01   7.7000000e+01   3.2313162e+00
   8.4676650e+01   7.7000000e+01   3.2313162e+00
   8.4686650e+01   7.7000000e+01   3.2313162e+00
   8.4696650e+01   7.7000000e+01   3.2313162e+00
   8.4706650e+01   7.7000000e+01   3.2313162e+00
   8.4716650e+01   7.7000000e+01   3.2313162e+00
   8.4726650e+01   7.7000000e+01   3.2313162e+00
   8.4736650e+01   7.7000000e+01   3.2313162e+00
   8.4746650e+01   7.7000000e+01   3.2313162e+00
   8.4756650e+01   7.7000000e+01   3.2313162e+00
   8.4766650e+01   7.7000000e+01   3.2313162e+00
   8.4776650e+01   7.7000000e+01   3.2313162e+00
   8.4786650e+01   7.7000000e+01   3.2313162e+00
   8.4796650e+01   7.7000000e+01   3.2313162e+00
   8.4806650e+01   7.7000000e+01   3.2313162e+00
   8.4816650e+01   7.7000000e+01   3.2313162e+00
   8.4826650e+01   7.7000000e+01   3.2313162e+00
   8.4836650e+01   7.7000000e+01   3.2313162e+00
   8.4846650e+01   7.7000000e+01   3.2313162e+00
   8.4856650e+01   7.7000000e+01   3.2313162e+00
   8.4866650e+01   7.7000000e+01   3.2313162e+00
   8.4876650e+01   7.7000000e+01   3.2313162e+00
   8.4886650e+01   7.7000000e+01   3.2313162e+00
   8.4896650e+01   7.7000000e+01   3.2313162e+00
   8.4906650e+01   7.7000000e+01   3.2313162e+00
   8.4916650e+01   7.7000000e+01   3.2313162e+00
   8.4926650e+01   7.7000000e+01   3.2313162e+00
   8.4936650e+01   7.7000000e+01   3.2313162e+00
   8.4946650e+01   7.7000000e+01   3.2313162e+00
   8.4956650e+01   7.7000000e+01   3.2313162e+00
   8.4966650e+01   7.7000000e+01   3.2313162e+00
   8.4976650e+01   7.7000000e+01   3.2313162e+00
   8.4986650e+01   7.7000000e+01   3.2313162e+00
   8.4996650e+01   7.7000000e+01   3.2313162e+00
   8.5006650e+01   7.7000000e+01   3.2313162e+00
   8.5016650e+01   7.7000000e+01   3.2313162e+00
   8.5026650e+01   7.7000000e+01   3.2313162e+00
   8.5036650e+01   7.7000000e+01   3.2313162e+00
   8.5046650e+01   7.7000000e+01   3.2313162e+00
   8.5056650e+01   7.7000000e+01   3.2313162e+00
   8.5066650e+01   7.7000000e+01   3.2313162e+00
   8.5076650e+01   7.7000000e+01   3.2313162e+00
   8.5086650e+01   7.7000000e+01   3.2313162e+00
   8.5096650e+01   7.7000000e+01   3.2313162e+00
   8.5106650e+01   7.7000000e+01   3.2313162e+00
   8.5116650e+01   7.7000000e+01   3.2313162e+00
   8.5126650e+01   7.7000000e+01   3.2313162e+00
   8.5136650e+01   7.7000000e+01   3.2313162e+00
   8.5146650e+01   7.7000000e+01   3.2313162e+00
   8.5156650e+01   7.7000000e+01   3.2313162e+00
   8.5166650e+01   7.7000000e+01   3.2313162e+00
   8.5176650e+01   7.7000000e+01   3.2313162e+00
   8.5186650e+01   7.7000000e+01   3.2313162e+00
   8.5196650e+01   7.7000000e+01   3.2313162e+00
   8.5206650e+01   7.7000000e+01   3.2313162e+00
   8.5216650e+01   7.7000000e+01   3.2313162e+00
   8.5226650e+01   7.7000000e+01   3.2313162e+00
   8.5236650e+01   7.7000000e+01   3.2313162e+00
   8.5246650e+01   7.7000000e+01   3.2313162e+00
   8.5256650e+01   7.7000000e+01   3.2313162e+00
   8.5266650e+01   7.7000000e+01   3.2313162e+00
   8.5276650e+01   7.7000000e+01   3.2313162e+00
   8.5286650e+01   7.7000000e+01   3.2313162e+00
   8.5296650e+01   7.7000000e+01   3.2313162e+00
   8.5306650e+01   7.7000000e+01   3.2313162e+00
   8.5316650e+01   7.7000000e+01   3.2313162e+00
   8.5326650e+01   7.7000000e+01   3.2313162e+00
   8.5336650e+01   7.7000000e+01   3.2313162e+00
   8.5346650e+01   7.7000000e+01   3.2313162e+00
   8.5356650e+01   7.7000000e+01   3.2313162e+00
   8.5366650e+01   7.7000000e+01   3.2313162e+00
   8.5376650e+01   7.7000000e+01   3.2313162e+00
   8.5386650e+01   7.7000000e+01   3.2313162e+00
   8.5396650e+01   7.7000000e+01   3.2313162e+00
   8.5406650e+01   7.7000000e+01   3.2313162e+00
   8.5416650e+01   7.7000000e+01   3.2313162e+00
   8.5426650e+01   7.7000000e+01   3.2313162e+00
   8.5436650e+01   7.7000000e+01   3.2313162e+00
   8.5446650e+01   7.7000000e+01   3.2313162e+00
   8.5456650e+01   7.7000000e+01   3.2313162e+00
   8.5466650e+01   7.7000000e+01   3.2313162e+00
   8.5476650e+01   7.7000000e+01   3.2313162e+00
   8.5486650e+01   7.7000000e+01   3.2313162e+00
   8.5496650e+01   7.7000000e+01   3.2313162e+00
   8.5506650e+01   7.7000000e+01   3.2313162e+00
   8.5516650e+01   7.7000000e+01   3.2313162e+00
   8.5526650e+01   7.7000000e+01   3.2313162e+00
   8.5536650e+01   7.7000000e+01   3.2313162e+00
   8.5546650e+01   7.7000000e+01   3.2313162e+00
   8.5556650e+01   7.7000000e+01   3.2313162e+00
   8.5566650e+01   7.7000000e+01   3.2313162e+00
   8.5576650e+01   7.7000000e+01   3.2313162e+00
   8.5586650e+01   7.7000000e+01   3.2313162e+00
   8.5592047e+01   7.7000000e+01   3.2313162e+00
   8.5592047e+01   7.8000000e+01   3.0019042e+00
   8.5592047e+01   7.8000000e+01   3.0019042e+00
   8.5602047e+01   7.8000000e+01   3.0019042e+00
   8.5612047e+01   7.8000000e+01   3.0019042e+00
   8.5622047e+01   7.8000000e+01   3.0019042e+00
   8.5632047e+01   7.8000000e+01   3.0019042e+00
   8.5642047e+01   7.8000000e+01   3.0019042e+00
   8.5652047e+01   7.8000000e+01   3.0019042e+00
   8.5662047e+01   7.8000000e+01   3.0019042e+00
   8.5672047e+01   7.8000000e+01   3.0019042e+00
   8.5682047e+01   7.8000000e+01   3.0019042e+00
   8.5692047e+01   7.8000000e+01   3.0019042e+00
   8.5702047e+01   7.8000000e+01   3.0019042e+00
   8.5712047e+01   7.8000000e+01   3.0019042e+00
   8.5722047e+01   7.8000000e+01   3.0019042e+00
   8.5732047e+01   7.8000000e+01   3.0019042e+00
   8.5742047e+01   7.8000000e+01   3.0019042e+00
   8.5752047e+01   7.8000000e+01   3.0019042e+00
   8.5762047e+01   7.8000000e+01   3.0019042e+00
   8.5772047e+01   7.8000000e+01   3.0019042e+00
   8.5782047e+01   7.8000000e+01   3.0019042e+00
   8.5792047e+01   7.8000000e+01   3.0019042e+00
   8.5802047e+01   7.8000000e+01   3.0019042e+00
   8.5812047e+01   7.8000000e+01   3.0019042e+00
   8.5822047e+01   7.8000000e+01   3.0019042e+00
   8.5832047e+01   7.8000000e+01   3.0019042e+00
   8.5842047e+01   7.8000000e+01   3.0019042e+00
   8.5852047e+01   7.8000000e+01   3.0019042e+00
   8.5862047e+01   7.8000000e+01   3.0019042e+00
   8.5872047e+01   7.8000000e+01   3.0019042e+00
   8.5882047e+01   7.8000000e+01   3.0019042e+00
   8.5892047e+01   7.8000000e+01   3.0019042e+00
   8.5902047e+01   7.8000000e+01   3.0019042e+00
   8.5912047e+01   7.8000000e+01   3.0019042e+00
   8.5922047e+01   7.8000000e+01   3.0019042e+00
   8.5932047e+01   7.8000000e+01   3.0019042e+00
   8.5942047e+01   7.8000000e+01   3.0019042e+00
   8.5952047e+01   7.8000000e+01   3.0019042e+00
   8.5962047e+01   7.8000000e+01   3.0019042e+00
   8.5972047e+01   7.8000000e+01   3.0019042e+00
   8.5982047e+01   7.8000000e+01   3.0019042e+00
   8.5992047e+01   7.8000000e+01   3.0019042e+00
   8.6002047e+01   7.8000000e+01   3.0019042e+00
   8.6012047e+01   7.8000000e+01   3.0019042e+00
   8.6022047e+01   7.8000000e+01   3.0019042e+00
   8.6032047e+01   7.8000000e+01   3.0019042e+00
   8.6042047e+01   7.8000000e+01   3.0019042e+00
   8.6052047e+01   7.8000000e+01   3.0019042e+00
   8.6062047e+01   7.8000000e+01   3.0019042e+00
   8.6072047e+01   7.8000000e+01   3.0019042e+00
   8.6082047e+01   7.8000000e+01   3.0019042e+00
   8.6092047e+01   7.8000000e+01   3.0019042e+00
   8.6102047e+01   7.8000000e+01   3.0019042e+00
   8.6112047e+01   7.8000000e+01   3.0019042e+00
   8.6122047e+01   7.8000000e+01   3.0019042e+00
   8.6132047e+01   7.8000000e+01   3.0019042e+00
   8.6142047e+01   7.8000000e+01   3.0019042e+00
   8.6152047e+01   7.8000000e+01   3.0019042e+00
   8.6162047e+01   7.8000000e+01   3.0019042e+00
   8.6172047e+01   7.8000000e+01   3.0019042e+00
   8.6182047e+01   7.8000000e+01   3.0019042e+00
   8.6192047e+01   7.8000000e+01   3.0019042e+00
   8.6202047e+01   7.8000000e+01   3.0019042e+00
   8.6212047e+01   7.8000000e+01   3.0019042e+00
   8.6222047e+01   7.8000000e+01   3.0019042e+00
   8.6232047e+01   7.8000000e+01   3.0019042e+00
   8.6242047e+01   7.8000000e+01   3.0019042e+00
   8.6252047e+01   7.8000000e+01   3.0019042e+00
   8.6262047e+01   7.8000000e+01   3.0019042e+00
   8.6272047e+01   7.8000000e+01   3.0019042e+00
   8.6282047e+01   7.8000000e+01   3.0019042e+00
   8.6292047e+01   7.8000000e+01   3.0019042e+00
   8.6302047e+01   7.8000000e+01   3.0019042e+00
   8.6312047e+01   7.8000000e+01   3.0019042e+00
   8.6322047e+01   7.8000000e+01   3.0019042e+00
   8.6332047e+01   7.8000000e+01   3.0019042e+00
   8.6342047e+01   7.8000000e+01   3.0019042e+00
   8.6352047e+01   7.8000000e+01   3.0019042e+00
   8.6362047e+01   7.8000000e+01   3.0019042e+00
   8.6372047e+01   7.8000000e+01   3.0019042e+00
   8.6382047e+01   7.8000000e+01   3.0019042e+00
   8.6392047e+01   7.8000000e+01   3.0019042e+00
   8.6402047e+01   7.8000000e+01   3.0019042e+00
   8.6412047e+01   7.8000000e+01   3.0019042e+00
   8.6422047e+01   7.8000000e+01   3.0019042e+00
   8.6432047e+01   7.8000000e+01   3.0019042e+00
   8.6442047e+01   7.8000000e+01   3.0019042e+00
   8.6452047e+01   7.8000000e+01   3.0019042e+00
   8.6462047e+01   7.8000000e+01   3.0019042e+00
   8.6472047e+01   7.8000000e+01   3.0019042e+00
   8.6482047e+01   7.8000000e+01   3.0019042e+00
   8.6492047e+01   7.8000000e+01   3.0019042e+00
   8.6502047e+01   7.8000000e+01   3.0019042e+00
   8.6512047e+01   7.8000000e+01   3.0019042e+00
   8.6522047e+01   7.8000000e+01   3.0019042e+00
   8.6532047e+01   7.8000000e+01   3.0019042e+00
   8.6542047e+01   7.8000000e+01   3.0019042e+00
   8.6552047e+01   7.8000000e+01   3.0019042e+00
   8.6562047e+01   7.8000000e+01   3.0019042e+00
   8.6572047e+01   7.8000000e+01   3.0019042e+00
   8.6582047e+01   7.8000000e+01   3.0019042e+00
   8.6592047e+01   7.8000000e+01   3.0019042e+00
   8.6602047e+01   7.8000000e+01   3.0019042e+00
   8.6612047e+01   7.8000000e+01   3.0019042e+00
   8.6622047e+01   7.8000000e+01   3.0019042e+00
   8.6632047e+01   7.8000000e+01   3.0019042e+00
   8.6642047e+01   7.8000000e+01   3.0019042e+00
   8.6652047e+01   7.8000000e+01   3.0019042e+00
   8.6662047e+01   7.8000000e+01   3.0019042e+00
   8.6672047e+01   7.8000000e+01   3.0019042e+00
   8.6682047e+01   7.8000000e+01   3.0019042e+00
   8.6692047e+01   7.8000000e+01   3.0019042e+00
   8.6702047e+01   7.8000000e+01   3.0019042e+00
   8.6712047e+01   7.8000000e+01   3.0019042e+00
   8.6722047e+01   7.8000000e+01   3.0019042e+00
   8.6732047e+01   7.8000000e+01   3.0019042e+00
   8.6742047e+01   7.8000000e+01   3.0019042e+00
   8.6752047e+01   7.8000000e+01   3.0019042e+00
   8.6762047e+01   7.8000000e+01   3.0019042e+00
   8.6772047e+01   7.8000000e+01   3.0019042e+00
   8.6782047e+01   7.8000000e+01   3.0019042e+00
   8.6792047e+01   7.8000000e+01   3.0019042e+00
   8.6802047e+01   7.8000000e+01   3.0019042e+00
   8.6812047e+01   7.8000000e+01   3.0019042e+00
   8.6822047e+01   7.8000000e+01   3.0019042e+00
   8.6832047e+01   7.8000000e+01   3.0019042e+00
   8.6842047e+01   7.8000000e+01   3.0019042e+00
   8.6852047e+01   7.8000000e+01   3.0019042e+00
   8.6862047e+01   7.8000000e+01   3.0019042e+00
   8.6872047e+01   7.8000000e+01   3.0019042e+00
   8.6882047e+01   7.8000000e+01   3.0019042e+00
   8.6892047e+01   7.8000000e+01   3.0019042e+00
   8.6902047e+01   7.8000000e+01   3.0019042e+00
   8.6912047e+01   7.8000000e+01   3.0019042e+00
   8.6922047e+01   7.8000000e+01   3.0019042e+00
   8.6932047e+01   7.8000000e+01   3.0019042e+00
   8.6942047e+01   7.8000000e+01   3.0019042e+00
   8.6952047e+01   7.8000000e+01   3.0019042e+00
   8.6962047e+01   7.8000000e+01   3.0019042e+00
   8.6972047e+01   7.8000000e+01   3.0019042e+00
   8.6982047e+01   7.8000000e+01   3.0019042e+00
   8.6992047e+01   7.8000000e+01   3.0019042e+00
   8.7002047e+01   7.8000000e+01   3.0019042e+00
   8.7012047e+01   7.8000000e+01   3.0019042e+00
   8.7022047e+01   7.8000000e+01   3.0019042e+00
   8.7032047e+01   7.8000000e+01   3.0019042e+00
   8.7042047e+01   7.8000000e+01   3.0019042e+00
   8.7052047e+01   7.8000000e+01   3.0019042e+00
   8.7062047e+01   7.8000000e+01   3.0019042e+00
   8.7072047e+01   7.8000000e+01   3.0019042e+00
   8.7082047e+01   7.8000000e+01   3.0019042e+00
   8.7092047e+01   7.8000000e+01   3.0019042e+00
   8.7102047e+01   7.8000000e+01   3.0019042e+00
   8.7112047e+01   7.8000000e+01   3.0019042e+00
   8.7122047e+01   7.8000000e+01   3.0019042e+00
   8.7132047e+01   7.8000000e+01   3.0019042e+00
   8.7142047e+01   7.8000000e+01   3.0019042e+00
   8.7152047e+01   7.8000000e+01   3.0019042e+00
   8.7162047e+01   7.8000000e+01   3.0019042e+00
   8.7172047e+01   7.8000000e+01   3.0019042e+00
   8.7182047e+01   7.8000000e+01   3.0019042e+00
   8.7192047e+01   7.8000000e+01   3.0019042e+00
   8.7202047e+01   7.8000000e+01   3.0019042e+00
   8.7212047e+01   7.8000000e+01   3.0019042e+00
   8.7222047e+01   7.8000000e+01   3.0019042e+00
   8.7232047e+01   7.8000000e+01   3.0019042e+00
   8.7242047e+01   7.8000000e+01   3.0019042e+00
   8.7252047e+01   7.8000000e+01   3.0019042e+00
   8.7262047e+01   7.8000000e+01   3.0019042e+00
   8.7272047e+01   7.8000000e+01   3.0019042e+00
   8.7282047e+01   7.8000000e+01   3.0019042e+00
   8.7292047e+01   7.8000000e+01   3.0019042e+00
   8.7302047e+01   7.8000000e+01   3.0019042e+00
   8.7312047e+01   7.8000000e+01   3.0019042e+00
   8.7322047e+01   7.8000000e+01   3.0019042e+00
   8.7332047e+01   7.8000000e+01   3.0019042e+00
   8.7342047e+01   7.8000000e+01   3.0019042e+00
   8.7352047e+01   7.8000000e+01   3.0019042e+00
   8.7362047e+01   7.8000000e+01   3.0019042e+00
   8.7372047e+01   7.8000000e+01   3.0019042e+00
   8.7382047e+01   7.8000000e+01   3.0019042e+00
   8.7392047e+01   7.8000000e+01   3.0019042e+00
   8.7393744e+01   7.8000000e+01   3.0019042e+00
   8.7393744e+01   7.9000000e+01   2.7682793e+00
   8.7393744e+01   7.9000000e+01   2.7682793e+00
   8.7403744e+01   7.9000000e+01   2.7682793e+00
   8.7413744e+01   7.9000000e+01   2.7682793e+00
   8.7423744e+01   7.9000000e+01   2.7682793e+00
   8.7433744e+01   7.9000000e+01   2.7682793e+00
   8.7443744e+01   7.9000000e+01   2.7682793e+00
   8.7453744e+01   7.9000000e+01   2.7682793e+00
   8.7463744e+01   7.9000000e+01   2.7682793e+00
   8.7473744e+01   7.9000000e+01   2.7682793e+00
   8.7483744e+01   7.9000000e+01   2.7682793e+00
   8.7493744e+01   7.9000000e+01   2.7682793e+00
   8.7503744e+01   7.9000000e+01   2.7682793e+00
   8.7513744e+01   7.9000000e+01   2.7682793e+00
   8.7523744e+01   7.9000000e+01   2.7682793e+00
   8.7533744e+01   7.9000000e+01   2.7682793e+00
   8.7543744e+01   7.9000000e+01   2.7682793e+00
   8.7553744e+01   7.9000000e+01   2.7682793e+00
   8.7563744e+01   7.9000000e+01   2.7682793e+00
   8.7573744e+01   7.9000000e+01   2.7682793e+00
   8.7583744e+01   7.9000000e+01   2.7682793e+00
   8.7593744e+01   7.9000000e+01   2.7682793e+00
   8.7603744e+01   7.9000000e+01   2.7682793e+00
   8.7613744e+01   7.9000000e+01   2.7682793e+00
   8.7623744e+01   7.9000000e+01   2.7682793e+00
   8.7633744e+01   7.9000000e+01   2.7682793e+00
   8.7643744e+01   7.9000000e+01   2.7682793e+00
   8.7653744e+01   7.9000000e+01   2.7682793e+00
   8.7663744e+01   7.9000000e+01   2.7682793e+00
   8.7673744e+01   7.9000000e+01   2.7682793e+00
   8.7683744e+01   7.9000000e+01   2.7682793e+00
   8.7693744e+01   7.9000000e+01   2.7682793e+00
   8.7703744e+01   7.9000000e+01   2.7682793e+00
   8.7713744e+01   7.9000000e+01   2.7682793e+00
   8.7723744e+01   7.9000000e+01   2.7682793e+00
   8.7733744e+01   7.9000000e+01   2.7682793e+00
   8.7743744e+01   7.9000000e+01   2.7682793e+00
   8.7753744e+01   7.9000000e+01   2.7682793e+00
   8.7763744e+01   7.9000000e+01   2.7682793e+00
   8.7773744e+01   7.9000000e+01   2.7682793e+00
   8.7783744e+01   7.9000000e+01   2.7682793e+00
   8.7793744e+01   7.9000000e+01   2.7682793e+00
   8.7803744e+01   7.9000000e+01   2.7682793e+00
   8.7813744e+01   7.9000000e+01   2.7682793e+00
   8.7823744e+01   7.9000000e+01   2.7682793e+00
   8.7833744e+01   7.9000000e+01   2.7682793e+00
   8.7843744e+01   7.9000000e+01   2.7682793e+00
   8.7853744e+01   7.9000000e+01   2.7682793e+00
   8.7863744e+01   7.9000000e+01   2.7682793e+00
   8.7873744e+01   7.9000000e+01   2.7682793e+00
   8.7883744e+01   7.9000000e+01   2.7682793e+00
   8.7893744e+01   7.9000000e+01   2.7682793e+00
   8.7903744e+01   7.9000000e+01   2.7682793e+00
   8.7913744e+01   7.9000000e+01   2.7682793e+00
   8.7923744e+01   7.9000000e+01   2.7682793e+00
   8.7933744e+01   7.9000000e+01   2.7682793e+00
   8.7943744e+01   7.9000000e+01   2.7682793e+00
   8.7953744e+01   7.9000000e+01   2.7682793e+00
   8.7963744e+01   7.9000000e+01   2.7682793e+00
   8.7973744e+01   7.9000000e+01   2.7682793e+00
   8.7983744e+01   7.9000000e+01   2.7682793e+00
   8.7993744e+01   7.9000000e+01   2.7682793e+00
   8.8003744e+01   7.9000000e+01   2.7682793e+00
   8.8013744e+01   7.9000000e+01   2.7682793e+00
   8.8023744e+01   7.9000000e+01   2.7682793e+00
   8.8033744e+01   7.9000000e+01   2.7682793e+00
   8.8043744e+01   7.9000000e+01   2.7682793e+00
   8.8053744e+01   7.9000000e+01   2.7682793e+00
   8.8063744e+01   7.9000000e+01   2.7682793e+00
   8.8073744e+01   7.9000000e+01   2.7682793e+00
   8.8083744e+01   7.9000000e+01   2.7682793e+00
   8.8093744e+01   7.9000000e+01   2.7682793e+00
   8.8103744e+01   7.9000000e+01   2.7682793e+00
   8.8113744e+01   7.9000000e+01   2.7682793e+00
   8.8123744e+01   7.9000000e+01   2.7682793e+00
   8.8133744e+01   7.9000000e+01   2.7682793e+00
   8.8143744e+01   7.9000000e+01   2.7682793e+00
   8.8153744e+01   7.9000000e+01   2.7682793e+00
   8.8163744e+01   7.9000000e+01   2.7682793e+00
   8.8173744e+01   7.9000000e+01   2.7682793e+00
   8.8183744e+01   7.9000000e+01   2.7682793e+00
   8.8193744e+01   7.9000000e+01   2.7682793e+00
   8.8203744e+01   7.9000000e+01   2.7682793e+00
   8.8213744e+01   7.9000000e+01   2.7682793e+00
   8.8223744e+01   7.9000000e+01   2.7682793e+00
   8.8233744e+01   7.9000000e+01   2.7682793e+00
   8.8243744e+01   7.9000000e+01   2.7682793e+00
   8.8253744e+01   7.9000000e+01   2.7682793e+00
   8.8263744e+01   7.9000000e+01   2.7682793e+00
   8.8273744e+01   7.9000000e+01   2.7682793e+00
   8.8283744e+01   7.9000000e+01   2.7682793e+00
   8.8293744e+01   7.9000000e+01   2.7682793e+00
   8.8303744e+01   7.9000000e+01   2.7682793e+00
   8.8313744e+01   7.9000000e+01   2.7682793e+00
   8.8323744e+01   7.9000000e+01   2.7682793e+00
   8.8333744e+01   7.9000000e+01   2.7682793e+00
   8.8343744e+01   7.9000000e+01   2.7682793e+00
   8.8353744e+01   7.9000000e+01   2.7682793e+00
   8.8363744e+01   7.9000000e+01   2.7682793e+00
   8.8373744e+01   7.9000000e+01   2.7682793e+00
   8.8383744e+01   7.9000000e+01   2.7682793e+00
   8.8393744e+01   7.9000000e+01   2.7682793e+00
   8.8403744e+01   7.9000000e+01   2.7682793e+00
   8.8413744e+01   7.9000000e+01   2.7682793e+00
   8.8423744e+01   7.9000000e+01   2.7682793e+00
   8.8433744e+01   7.9000000e+01   2.7682793e+00
   8.8443744e+01   7.9000000e+01   2.7682793e+00
   8.8453744e+01   7.9000000e+01   2.7682793e+00
   8.8463744e+01   7.9000000e+01   2.7682793e+00
   8.8473744e+01   7.9000000e+01   2.7682793e+00
   8.8483744e+01   7.9000000e+01   2.7682793e+00
   8.8493744e+01   7.9000000e+01   2.7682793e+00
   8.8503744e+01   7.9000000e+01   2.7682793e+00
   8.8513744e+01   7.9000000e+01   2.7682793e+00
   8.8523744e+01   7.9000000e+01   2.7682793e+00
   8.8533744e+01   7.9000000e+01   2.7682793e+00
   8.8543744e+01   7.9000000e+01   2.7682793e+00
   8.8553744e+01   7.9000000e+01   2.7682793e+00
   8.8563744e+01   7.9000000e+01   2.7682793e+00
   8.8573744e+01   7.9000000e+01   2.7682793e+00
   8.8583744e+01   7.9000000e+01   2.7682793e+00
   8.8593744e+01   7.9000000e+01   2.7682793e+00
   8.8603744e+01   7.9000000e+01   2.7682793e+00
   8.8613744e+01   7.9000000e+01   2.7682793e+00
   8.8623744e+01   7.9000000e+01   2.7682793e+00
   8.8633744e+01   7.9000000e+01   2.7682793e+00
   8.8643744e+01   7.9000000e+01   2.7682793e+00
   8.8653744e+01   7.9000000e+01   2.7682793e+00
   8.8663744e+01   7.9000000e+01   2.7682793e+00
   8.8673744e+01   7.9000000e+01   2.7682793e+00
   8.8683744e+01   7.9000000e+01   2.7682793e+00
   8.8693744e+01   7.9000000e+01   2.7682793e+00
   8.8703744e+01   7.9000000e+01   2.7682793e+00
   8.8713744e+01   7.9000000e+01   2.7682793e+00
   8.8723744e+01   7.9000000e+01   2.7682793e+00
   8.8733744e+01   7.9000000e+01   2.7682793e+00
   8.8743744e+01   7.9000000e+01   2.7682793e+00
   8.8753744e+01   7.9000000e+01   2.7682793e+00
   8.8763744e+01   7.9000000e+01   2.7682793e+00
   8.8773744e+01   7.9000000e+01   2.7682793e+00
   8.8783744e+01   7.9000000e+01   2.7682793e+00
   8.8793744e+01   7.9000000e+01   2.7682793e+00
   8.8803744e+01   7.9000000e+01   2.7682793e+00
   8.8813744e+01   7.9000000e+01   2.7682793e+00
   8.8823744e+01   7.9000000e+01   2.7682793e+00
   8.8833744e+01   7.9000000e+01   2.7682793e+00
   8.8843744e+01   7.9000000e+01   2.7682793e+00
   8.8853744e+01   7.9000000e+01   2.7682793e+00
   8.8863744e+01   7.9000000e+01   2.7682793e+00
   8.8873744e+01   7.9000000e+01   2.7682793e+00
   8.8883744e+01   7.9000000e+01   2.7682793e+00
   8.8893744e+01   7.9000000e+01   2.7682793e+00
   8.8903744e+01   7.9000000e+01   2.7682793e+00
   8.8913744e+01   7.9000000e+01   2.7682793e+00
   8.8923744e+01   7.9000000e+01   2.7682793e+00
   8.8933744e+01   7.9000000e+01   2.7682793e+00
   8.8943744e+01   7.9000000e+01   2.7682793e+00
   8.8953744e+01   7.9000000e+01   2.7682793e+00
   8.8963744e+01   7.9000000e+01   2.7682793e+00
   8.8973744e+01   7.9000000e+01   2.7682793e+00
   8.8983744e+01   7.9000000e+01   2.7682793e+00
   8.8993744e+01   7.9000000e+01   2.7682793e+00
   8.9003744e+01   7.9000000e+01   2.7682793e+00
   8.9013744e+01   7.9000000e+01   2.7682793e+00
   8.9023744e+01   7.9000000e+01   2.7682793e+00
   8.9033744e+01   7.9000000e+01   2.7682793e+00
   8.9043744e+01   7.9000000e+01   2.7682793e+00
   8.9053744e+01   7.9000000e+01   2.7682793e+00
   8.9063744e+01   7.9000000e+01   2.7682793e+00
   8.9073744e+01   7.9000000e+01   2.7682793e+00
   8.9083744e+01   7.9000000e+01   2.7682793e+00
   8.9093744e+01   7.9000000e+01   2.7682793e+00
   8.9103744e+01   7.9000000e+01   2.7682793e+00
   8.9113744e+01   7.9000000e+01   2.7682793e+00
   8.9123744e+01   7.9000000e+01   2.7682793e+00
   8.9133744e+01   7.9000000e+01   2.7682793e+00
   8.9143744e+01   7.9000000e+01   2.7682793e+00
   8.9153744e+01   7.9000000e+01   2.7682793e+00
   8.9163744e+01   7.9000000e+01   2.7682793e+00
   8.9173744e+01   7.9000000e+01   2.7682793e+00
   8.9183744e+01   7.9000000e+01   2.7682793e+00
   8.9193744e+01   7.9000000e+01   2.7682793e+00
   8.9201207e+01   7.9000000e+01   2.7682793e+00
   8.9201207e+01   8.0000000e+01   2.5306793e+00
   8.9201207e+01   8.0000000e+01   2.5306793e+00
   8.9211207e+01   8.0000000e+01   2.5306793e+00
   8.9221207e+01   8.0000000e+01   2.5306793e+00
   8.9231207e+01   8.0000000e+01   2.5306793e+00
   8.9241207e+01   8.0000000e+01   2.5306793e+00
   8.9251207e+01   8.0000000e+01   2.5306793e+00
   8.9261207e+01   8.0000000e+01   2.5306793e+00
   8.9271207e+01   8.0000000e+01   2.5306793e+00
   8.9281207e+01   8.0000000e+01   2.5306793e+00
   8.9291207e+01   8.0000000e+01   2.5306793e+00
   8.9301207e+01   8.0000000e+01   2.5306793e+00
   8.9311207e+01   8.0000000e+01   2.5306793e+00
   8.9321207e+01   8.0000000e+01   2.5306793e+00
   8.9331207e+01   8.0000000e+01   2.5306793e+00
   8.9341207e+01   8.0000000e+01   2.5306793e+00
   8.9351207e+01   8.0000000e+01   2.5306793e+00
   8.9361207e+01   8.0000000e+01   2.5306793e+00
   8.9371207e+01   8.0000000e+01   2.5306793e+00
   8.9381207e+01   8.0000000e+01   2.5306793e+00
   8.9391207e+01   8.0000000e+01   2.5306793e+00
   8.9401207e+01   8.0000000e+01   2.5306793e+00
   8.9411207e+01   8.0000000e+01   2.5306793e+00
   8.9421207e+01   8.0000000e+01   2.5306793e+00
   8.9431207e+01   8.0000000e+01   2.5306793e+00
   8.9441207e+01   8.0000000e+01   2.5306793e+00
   8.9451207e+01   8.0000000e+01   2.5306793e+00
   8.9461207e+01   8.0000000e+01   2.5306793e+00
   8.9471207e+01   8.0000000e+01   2.5306793e+00
   8.9481207e+01   8.0000000e+01   2.5306793e+00
   8.9491207e+01   8.0000000e+01   2.5306793e+00
   8.9501207e+01   8.0000000e+01   2.5306793e+00
   8.9511207e+01   8.0000000e+01   2.5306793e+00
   8.9521207e+01   8.0000000e+01   2.5306793e+00
   8.9531207e+01   8.0000000e+01   2.5306793e+00
   8.9541207e+01   8.0000000e+01   2.5306793e+00
   8.9551207e+01   8.0000000e+01   2.5306793e+00
   8.9561207e+01   8.0000000e+01   2.5306793e+00
   8.9571207e+01   8.0000000e+01   2.5306793e+00
   8.9581207e+01   8.0000000e+01   2.5306793e+00
   8.9591207e+01   8.0000000e+01   2.5306793e+00
   8.9601207e+01   8.0000000e+01   2.5306793e+00
   8.9611207e+01   8.0000000e+01   2.5306793e+00
   8.9621207e+01   8.0000000e+01   2.5306793e+00
   8.9631207e+01   8.0000000e+01   2.5306793e+00
   8.9641207e+01   8.0000000e+01   2.5306793e+00
   8.9651207e+01   8.0000000e+01   2.5306793e+00
   8.9661207e+01   8.0000000e+01   2.5306793e+00
   8.9671207e+01   8.0000000e+01   2.5306793e+00
   8.9681207e+01   8.0000000e+01   2.5306793e+00
   8.9691207e+01   8.0000000e+01   2.5306793e+00
   8.9701207e+01   8.0000000e+01   2.5306793e+00
   8.9711207e+01   8.0000000e+01   2.5306793e+00
   8.9721207e+01   8.0000000e+01   2.5306793e+00
   8.9731207e+01   8.0000000e+01   2.5306793e+00
   8.9741207e+01   8.0000000e+01   2.5306793e+00
   8.9751207e+01   8.0000000e+01   2.5306793e+00
   8.9761207e+01   8.0000000e+01   2.5306793e+00
   8.9771207e+01   8.0000000e+01   2.5306793e+00
   8.9781207e+01   8.0000000e+01   2.5306793e+00
   8.9791207e+01   8.0000000e+01   2.5306793e+00
   8.9801207e+01   8.0000000e+01   2.5306793e+00
   8.9811207e+01   8.0000000e+01   2.5306793e+00
   8.9821207e+01   8.0000000e+01   2.5306793e+00
   8.9831207e+01   8.0000000e+01   2.5306793e+00
   8.9841207e+01   8.0000000e+01   2.5306793e+00
   8.9851207e+01   8.0000000e+01   2.5306793e+00
   8.9861207e+01   8.0000000e+01   2.5306793e+00
   8.9871207e+01   8.0000000e+01   2.5306793e+00
   8.9881207e+01   8.0000000e+01   2.5306793e+00
   8.9891207e+01   8.0000000e+01   2.5306793e+00
   8.9901207e+01   8.0000000e+01   2.5306793e+00
   8.9911207e+01   8.0000000e+01   2.5306793e+00
   8.9921207e+01   8.0000000e+01   2.5306793e+00
   8.9931207e+01   8.0000000e+01   2.5306793e+00
   8.9941207e+01   8.0000000e+01   2.5306793e+00
   8.9951207e+01   8.0000000e+01   2.5306793e+00
   8.9961207e+01   8.0000000e+01   2.5306793e+00
   8.9971207e+01   8.0000000e+01   2.5306793e+00
   8.9981207e+01   8.0000000e+01   2.5306793e+00
   8.9991207e+01   8.0000000e+01   2.5306793e+00
   9.0001207e+01   8.0000000e+01   2.5306793e+00
   9.0011207e+01   8.0000000e+01   2.5306793e+00
   9.0021207e+01   8.0000000e+01   2.5306793e+00
   9.0031207e+01   8.0000000e+01   2.5306793e+00
   9.0041207e+01   8.0000000e+01   2.5306793e+00
   9.0051207e+01   8.0000000e+01   2.5306793e+00
   9.0061207e+01   8.0000000e+01   2.5306793e+00
   9.0071207e+01   8.0000000e+01   2.5306793e+00
   9.0081207e+01   8.0000000e+01   2.5306793e+00
   9.0091207e+01   8.0000000e+01   2.5306793e+00
   9.0101207e+01   8.0000000e+01   2.5306793e+00
   9.0111207e+01   8.0000000e+01   2.5306793e+00
   9.0121207e+01   8.0000000e+01   2.5306793e+00
   9.0131207e+01   8.0000000e+01   2.5306793e+00
   9.0141207e+01   8.0000000e+01   2.5306793e+00
   9.0151207e+01   8.0000000e+01   2.5306793e+00
   9.0161207e+01   8.0000000e+01   2.5306793e+00
   9.0171207e+01   8.0000000e+01   2.5306793e+00
   9.0181207e+01   8.0000000e+01   2.5306793e+00
   9.0191207e+01   8.0000000e+01   2.5306793e+00
   9.0201207e+01   8.0000000e+01   2.5306793e+00
   9.0211207e+01   8.0000000e+01   2.5306793e+00
   9.0221207e+01   8.0000000e+01   2.5306793e+00
   9.0231207e+01   8.0000000e+01   2.5306793e+00
   9.0241207e+01   8.0000000e+01   2.5306793e+00
   9.0251207e+01   8.0000000e+01   2.5306793e+00
   9.0261207e+01   8.0000000e+01   2.5306793e+00
   9.0271207e+01   8.0000000e+01   2.5306793e+00
   9.0281207e+01   8.0000000e+01   2.5306793e+00
   9.0291207e+01   8.0000000e+01   2.5306793e+00
   9.0301207e+01   8.0000000e+01   2.5306793e+00
   9.0311207e+01   8.0000000e+01   2.5306793e+00
   9.0321207e+01   8.0000000e+01   2.5306793e+00
   9.0331207e+01   8.0000000e+01   2.5306793e+00
   9.0341207e+01   8.0000000e+01   2.5306793e+00
   9.0351207e+01   8.0000000e+01   2.5306793e+00
   9.0361207e+01   8.0000000e+01   2.5306793e+00
   9.0371207e+01   8.0000000e+01   2.5306793e+00
   9.0381207e+01   8.0000000e+01   2.5306793e+00
   9.0391207e+01   8.0000000e+01   2.5306793e+00
   9.0401207e+01   8.0000000e+01   2.5306793e+00
   9.0411207e+01   8.0000000e+01   2.5306793e+00
   9.0421207e+01   8.0000000e+01   2.5306793e+00
   9.0431207e+01   8.0000000e+01   2.5306793e+00
   9.0441207e+01   8.0000000e+01   2.5306793e+00
   9.0451207e+01   8.0000000e+01   2.5306793e+00
   9.0461207e+01   8.0000000e+01   2.5306793e+00
   9.0471207e+01   8.0000000e+01   2.5306793e+00
   9.0481207e+01   8.0000000e+01   2.5306793e+00
   9.0491207e+01   8.0000000e+01   2.5306793e+00
   9.0501207e+01   8.0000000e+01   2.5306793e+00
   9.0511207e+01   8.0000000e+01   2.5306793e+00
   9.0521207e+01   8.0000000e+01   2.5306793e+00
   9.0531207e+01   8.0000000e+01   2.5306793e+00
   9.0541207e+01   8.0000000e+01   2.5306793e+00
   9.0551207e+01   8.0000000e+01   2.5306793e+00
   9.0561207e+01   8.0000000e+01   2.5306793e+00
   9.0571207e+01   8.0000000e+01   2.5306793e+00
   9.0581207e+01   8.0000000e+01   2.5306793e+00
   9.0591207e+01   8.0000000e+01   2.5306793e+00
   9.0601207e+01   8.0000000e+01   2.5306793e+00
   9.0611207e+01   8.0000000e+01   2.5306793e+00
   9.0621207e+01   8.0000000e+01   2.5306793e+00
   9.0631207e+01   8.0000000e+01   2.5306793e+00
   9.0641207e+01   8.0000000e+01   2.5306793e+00
   9.0651207e+01   8.0000000e+01   2.5306793e+00
   9.0661207e+01   8.0000000e+01   2.5306793e+00
   9.0671207e+01   8.0000000e+01   2.5306793e+00
   9.0681207e+01   8.0000000e+01   2.5306793e+00
   9.0691207e+01   8.0000000e+01   2.5306793e+00
   9.0701207e+01   8.0000000e+01   2.5306793e+00
   9.0711207e+01   8.0000000e+01   2.5306793e+00
   9.0721207e+01   8.0000000e+01   2.5306793e+00
   9.0731207e+01   8.0000000e+01   2.5306793e+00
   9.0741207e+01   8.0000000e+01   2.5306793e+00
   9.0751207e+01   8.0000000e+01   2.5306793e+00
   9.0761207e+01   8.0000000e+01   2.5306793e+00
   9.0771207e+01   8.0000000e+01   2.5306793e+00
   9.0781207e+01   8.0000000e+01   2.5306793e+00
   9.0791207e+01   8.0000000e+01   2.5306793e+00
   9.0801207e+01   8.0000000e+01   2.5306793e+00
   9.0811207e+01   8.0000000e+01   2.5306793e+00
   9.0821207e+01   8.0000000e+01   2.5306793e+00
   9.0831207e+01   8.0000000e+01   2.5306793e+00
   9.0841207e+01   8.0000000e+01   2.5306793e+00
   9.0851207e+01   8.0000000e+01   2.5306793e+00
   9.0861207e+01   8.0000000e+01   2.5306793e+00
   9.0871207e+01   8.0000000e+01   2.5306793e+00
   9.0881207e+01   8.0000000e+01   2.5306793e+00
   9.0891207e+01   8.0000000e+01   2.5306793e+00
   9.0901207e+01   8.0000000e+01   2.5306793e+00
   9.0911207e+01   8.0000000e+01   2.5306793e+00
   9.0921207e+01   8.0000000e+01   2.5306793e+00
   9.0931207e+01   8.0000000e+01   2.5306793e+00
   9.0941207e+01   8.0000000e+01   2.5306793e+00
   9.0951207e+01   8.0000000e+01   2.5306793e+00
   9.0961207e+01   8.0000000e+01   2.5306793e+00
   9.0971207e+01   8.0000000e+01   2.5306793e+00
   9.0981207e+01   8.0000000e+01   2.5306793e+00
   9.0991207e+01   8.0000000e+01   2.5306793e+00
   9.1001207e+01   8.0000000e+01   2.5306793e+00
   9.1011207e+01   8.0000000e+01   2.5306793e+00
   9.1013899e+01   8.0000000e+01   2.5306793e+00
   9.1013899e+01   8.1000000e+01   2.2893562e+00
   9.1013899e+01   8.1000000e+01   2.2893562e+00
   9.1023899e+01   8.1000000e+01   2.2893562e+00
   9.1033899e+01   8.1000000e+01   2.2893562e+00
   9.1043899e+01   8.1000000e+01   2.2893562e+00
   9.1053899e+01   8.1000000e+01   2.2893562e+00
   9.1063899e+01   8.1000000e+01   2.2893562e+00
   9.1073899e+01   8.1000000e+01   2.2893562e+00
   9.1083899e+01   8.1000000e+01   2.2893562e+00
   9.1093899e+01   8.1000000e+01   2.2893562e+00
   9.1103899e+01   8.1000000e+01   2.2893562e+00
   9.1113899e+01   8.1000000e+01   2.2893562e+00
   9.1123899e+01   8.1000000e+01   2.2893562e+00
   9.1133899e+01   8.1000000e+01   2.2893562e+00
   9.1143899e+01   8.1000000e+01   2.2893562e+00
   9.1153899e+01   8.1000000e+01   2.2893562e+00
   9.1163899e+01   8.1000000e+01   2.2893562e+00
   9.1173899e+01   8.1000000e+01   2.2893562e+00
   9.1183899e+01   8.1000000e+01   2.2893562e+00
   9.1193899e+01   8.1000000e+01   2.2893562e+00
   9.1203899e+01   8.1000000e+01   2.2893562e+00
   9.1213899e+01   8.1000000e+01   2.2893562e+00
   9.1223899e+01   8.1000000e+01   2.2893562e+00
   9.1233899e+01   8.1000000e+01   2.2893562e+00
   9.1243899e+01   8.1000000e+01   2.2893562e+00
   9.1253899e+01   8.1000000e+01   2.2893562e+00
   9.1263899e+01   8.1000000e+01   2.2893562e+00
   9.1273899e+01   8.1000000e+01   2.2893562e+00
   9.1283899e+01   8.1000000e+01   2.2893562e+00
   9.1293899e+01   8.1000000e+01   2.2893562e+00
   9.1303899e+01   8.1000000e+01   2.2893562e+00
   9.1313899e+01   8.1000000e+01   2.2893562e+00
   9.1323899e+01   8.1000000e+01   2.2893562e+00
   9.1333899e+01   8.1000000e+01   2.2893562e+00
   9.1343899e+01   8.1000000e+01   2.2893562e+00
   9.1353899e+01   8.1000000e+01   2.2893562e+00
   9.1363899e+01   8.1000000e+01   2.2893562e+00
   9.1373899e+01   8.1000000e+01   2.2893562e+00
   9.1383899e+01   8.1000000e+01   2.2893562e+00
   9.1393899e+01   8.1000000e+01   2.2893562e+00
   9.1403899e+01   8.1000000e+01   2.2893562e+00
   9.1413899e+01   8.1000000e+01   2.2893562e+00
   9.1423899e+01   8.1000000e+01   2.2893562e+00
   9.1433899e+01   8.1000000e+01   2.2893562e+00
   9.1443899e+01   8.1000000e+01   2.2893562e+00
   9.1453899e+01   8.1000000e+01   2.2893562e+00
   9.1463899e+01   8.1000000e+01   2.2893562e+00
   9.1473899e+01   8.1000000e+01   2.2893562e+00
   9.1483899e+01   8.1000000e+01   2.2893562e+00
   9.1493899e+01   8.1000000e+01   2.2893562e+00
   9.1503899e+01   8.1000000e+01   2.2893562e+00
   9.1513899e+01   8.1000000e+01   2.2893562e+00
   9.1523899e+01   8.1000000e+01   2.2893562e+00
   9.1533899e+01   8.1000000e+01   2.2893562e+00
   9.1543899e+01   8.1000000e+01   2.2893562e+00
   9.1553899e+01   8.1000000e+01   2.2893562e+00
   9.1563899e+01   8.1000000e+01   2.2893562e+00
   9.1573899e+01   8.1000000e+01   2.2893562e+00
   9.1583899e+01   8.1000000e+01   2.2893562e+00
   9.1593899e+01   8.1000000e+01   2.2893562e+00
   9.1603899e+01   8.1000000e+01   2.2893562e+00
   9.1613899e+01   8.1000000e+01   2.2893562e+00
   9.1623899e+01   8.1000000e+01   2.2893562e+00
   9.1633899e+01   8.1000000e+01   2.2893562e+00
   9.1643899e+01   8.1000000e+01   2.2893562e+00
   9.1653899e+01   8.1000000e+01   2.2893562e+00
   9.1663899e+01   8.1000000e+01   2.2893562e+00
   9.1673899e+01   8.1000000e+01   2.2893562e+00
   9.1683899e+01   8.1000000e+01   2.2893562e+00
   9.1693899e+01   8.1000000e+01   2.2893562e+00
   9.1703899e+01   8.1000000e+01   2.2893562e+00
   9.1713899e+01   8.1000000e+01   2.2893562e+00
   9.1723899e+01   8.1000000e+01   2.2893562e+00
   9.1733899e+01   8.1000000e+01   2.2893562e+00
   9.1743899e+01   8.1000000e+01   2.2893562e+00
   9.1753899e+01   8.1000000e+01   2.2893562e+00
   9.1763899e+01   8.1000000e+01   2.2893562e+00
   9.1773899e+01   8.1000000e+01   2.2893562e+00
   9.1783899e+01   8.1000000e+01   2.2893562e+00
   9.1793899e+01   8.1000000e+01   2.2893562e+00
   9.1803899e+01   8.1000000e+01   2.2893562e+00
   9.1813899e+01   8.1000000e+01   2.2893562e+00
   9.1823899e+01   8.1000000e+01   2.2893562e+00
   9.1833899e+01   8.1000000e+01   2.2893562e+00
   9.1843899e+01   8.1000000e+01   2.2893562e+00
   9.1853899e+01   8.1000000e+01   2.2893562e+00
   9.1863899e+01   8.1000000e+01   2.2893562e+00
   9.1873899e+01   8.1000000e+01   2.2893562e+00
   9.1883899e+01   8.1000000e+01   2.2893562e+00
   9.1893899e+01   8.1000000e+01   2.2893562e+00
   9.1903899e+01   8.1000000e+01   2.2893562e+00
   9.1913899e+01   8.1000000e+01   2.2893562e+00
   9.1923899e+01   8.1000000e+01   2.2893562e+00
   9.1933899e+01   8.1000000e+01   2.2893562e+00
   9.1943899e+01   8.1000000e+01   2.2893562e+00
   9.1953899e+01   8.1000000e+01   2.2893562e+00
   9.1963899e+01   8.1000000e+01   2.2893562e+00
   9.1973899e+01   8.1000000e+01   2.2893562e+00
   9.1983899e+01   8.1000000e+01   2.2893562e+00
   9.1993899e+01   8.1000000e+01   2.2893562e+00
   9.2003899e+01   8.1000000e+01   2.2893562e+00
   9.2013899e+01   8.1000000e+01   2.2893562e+00
   9.2023899e+01   8.1000000e+01   2.2893562e+00
   9.2033899e+01   8.1000000e+01   2.2893562e+00
   9.2043899e+01   8.1000000e+01   2.2893562e+00
   9.2053899e+01   8.1000000e+01   2.2893562e+00
   9.2063899e+01   8.1000000e+01   2.2893562e+00
   9.2073899e+01   8.1000000e+01   2.2893562e+00
   9.2083899e+01   8.1000000e+01   2.2893562e+00
   9.2093899e+01   8.1000000e+01   2.2893562e+00
   9.2103899e+01   8.1000000e+01   2.2893562e+00
   9.2113899e+01   8.1000000e+01   2.2893562e+00
   9.2123899e+01   8.1000000e+01   2.2893562e+00
   9.2133899e+01   8.1000000e+01   2.2893562e+00
   9.2143899e+01   8.1000000e+01   2.2893562e+00
   9.2153899e+01   8.1000000e+01   2.2893562e+00
   9.2163899e+01   8.1000000e+01   2.2893562e+00
   9.2173899e+01   8.1000000e+01   2.2893562e+00
   9.2183899e+01   8.1000000e+01   2.2893562e+00
   9.2193899e+01   8.1000000e+01   2.2893562e+00
   9.2203899e+01   8.1000000e+01   2.2893562e+00
   9.2213899e+01   8.1000000e+01   2.2893562e+00
   9.2223899e+01   8.1000000e+01   2.2893562e+00
   9.2233899e+01   8.1000000e+01   2.2893562e+00
   9.2243899e+01   8.1000000e+01   2.2893562e+00
   9.2253899e+01   8.1000000e+01   2.2893562e+00
   9.2263899e+01   8.1000000e+01   2.2893562e+00
   9.2273899e+01   8.1000000e+01   2.2893562e+00
   9.2283899e+01   8.1000000e+01   2.2893562e+00
   9.2293899e+01   8.1000000e+01   2.2893562e+00
   9.2303899e+01   8.1000000e+01   2.2893562e+00
   9.2313899e+01   8.1000000e+01   2.2893562e+00
   9.2323899e+01   8.1000000e+01   2.2893562e+00
   9.2333899e+01   8.1000000e+01   2.2893562e+00
   9.2343899e+01   8.1000000e+01   2.2893562e+00
   9.2353899e+01   8.1000000e+01   2.2893562e+00
   9.2363899e+01   8.1000000e+01   2.2893562e+00
   9.2373899e+01   8.1000000e+01   2.2893562e+00
   9.2383899e+01   8.1000000e+01   2.2893562e+00
   9.2393899e+01   8.1000000e+01   2.2893562e+00
   9.2403899e+01   8.1000000e+01   2.2893562e+00
   9.2413899e+01   8.1000000e+01   2.2893562e+00
   9.2423899e+01   8.1000000e+01   2.2893562e+00
   9.2433899e+01   8.1000000e+01   2.2893562e+00
   9.2443899e+01   8.1000000e+01   2.2893562e+00
   9.2453899e+01   8.1000000e+01   2.2893562e+00
   9.2463899e+01   8.1000000e+01   2.2893562e+00
   9.2473899e+01   8.1000000e+01   2.2893562e+00
   9.2483899e+01   8.1000000e+01   2.2893562e+00
   9.2493899e+01   8.1000000e+01   2.2893562e+00
   9.2503899e+01   8.1000000e+01   2.2893562e+00
   9.2513899e+01   8.1000000e+01   2.2893562e+00
   9.2523899e+01   8.1000000e+01   2.2893562e+00
   9.2533899e+01   8.1000000e+01   2.2893562e+00
   9.2543899e+01   8.1000000e+01   2.2893562e+00
   9.2553899e+01   8.1000000e+01   2.2893562e+00
   9.2563899e+01   8.1000000e+01   2.2893562e+00
   9.2573899e+01   8.1000000e+01   2.2893562e+00
   9.2583899e+01   8.1000000e+01   2.2893562e+00
   9.2593899e+01   8.1000000e+01   2.2893562e+00
   9.2603899e+01   8.1000000e+01   2.2893562e+00
   9.2613899e+01   8.1000000e+01   2.2893562e+00
   9.2623899e+01   8.1000000e+01   2.2893562e+00
   9.2633899e+01   8.1000000e+01   2.2893562e+00
   9.2643899e+01   8.1000000e+01   2.2893562e+00
   9.2653899e+01   8.1000000e+01   2.2893562e+00
   9.2663899e+01   8.1000000e+01   2.2893562e+00
   9.2673899e+01   8.1000000e+01   2.2893562e+00
   9.2683899e+01   8.1000000e+01   2.2893562e+00
   9.2693899e+01   8.1000000e+01   2.2893562e+00
   9.2703899e+01   8.1000000e+01   2.2893562e+00
   9.2713899e+01   8.1000000e+01   2.2893562e+00
   9.2723899e+01   8.1000000e+01   2.2893562e+00
   9.2733899e+01   8.1000000e+01   2.2893562e+00
   9.2743899e+01   8.1000000e+01   2.2893562e+00
   9.2753899e+01   8.1000000e+01   2.2893562e+00
   9.2763899e+01   8.1000000e+01   2.2893562e+00
   9.2773899e+01   8.1000000e+01   2.2893562e+00
   9.2783899e+01   8.1000000e+01   2.2893562e+00
   9.2793899e+01   8.1000000e+01   2.2893562e+00
   9.2803899e+01   8.1000000e+01   2.2893562e+00
   9.2813899e+01   8.1000000e+01   2.2893562e+00
   9.2823899e+01   8.1000000e+01   2.2893562e+00
   9.2831279e+01   8.1000000e+01   2.2893562e+00
   9.2831279e+01   8.2000000e+01   2.0445770e+00
   9.2831279e+01   8.2000000e+01   2.0445770e+00
   9.2841279e+01   8.2000000e+01   2.0445770e+00
   9.2851279e+01   8.2000000e+01   2.0445770e+00
   9.2861279e+01   8.2000000e+01   2.0445770e+00
   9.2871279e+01   8.2000000e+01   2.0445770e+00
   9.2881279e+01   8.2000000e+01   2.0445770e+00
   9.2891279e+01   8.2000000e+01   2.0445770e+00
   9.2901279e+01   8.2000000e+01   2.0445770e+00
   9.2911279e+01   8.2000000e+01   2.0445770e+00
   9.2921279e+01   8.2000000e+01   2.0445770e+00
   9.2931279e+01   8.2000000e+01   2.0445770e+00
   9.2941279e+01   8.2000000e+01   2.0445770e+00
   9.2951279e+01   8.2000000e+01   2.0445770e+00
   9.2961279e+01   8.2000000e+01   2.0445770e+00
   9.2971279e+01   8.2000000e+01   2.0445770e+00
   9.2981279e+01   8.2000000e+01   2.0445770e+00
   9.2991279e+01   8.2000000e+01   2.0445770e+00
   9.3001279e+01   8.2000000e+01   2.0445770e+00
   9.3011279e+01   8.2000000e+01   2.0445770e+00
   9.3021279e+01   8.2000000e+01   2.0445770e+00
   9.3031279e+01   8.2000000e+01   2.0445770e+00
   9.3041279e+01   8.2000000e+01   2.0445770e+00
   9.3051279e+01   8.2000000e+01   2.0445770e+00
   9.3061279e+01   8.2000000e+01   2.0445770e+00
   9.3071279e+01   8.2000000e+01   2.0445770e+00
   9.3081279e+01   8.2000000e+01   2.0445770e+00
   9.3091279e+01   8.2000000e+01   2.0445770e+00
   9.3101279e+01   8.2000000e+01   2.0445770e+00
   9.3111279e+01   8.2000000e+01   2.0445770e+00
   9.3121279e+01   8.2000000e+01   2.0445770e+00
   9.3131279e+01   8.2000000e+01   2.0445770e+00
   9.3141279e+01   8.2000000e+01   2.0445770e+00
   9.3151279e+01   8.2000000e+01   2.0445770e+00
   9.3161279e+01   8.2000000e+01   2.0445770e+00
   9.3171279e+01   8.2000000e+01   2.0445770e+00
   9.3181279e+01   8.2000000e+01   2.0445770e+00
   9.3191279e+01   8.2000000e+01   2.0445770e+00
   9.3201279e+01   8.2000000e+01   2.0445770e+00
   9.3211279e+01   8.2000000e+01   2.0445770e+00
   9.3221279e+01   8.2000000e+01   2.0445770e+00
   9.3231279e+01   8.2000000e+01   2.0445770e+00
   9.3241279e+01   8.2000000e+01   2.0445770e+00
   9.3251279e+01   8.2000000e+01   2.0445770e+00
   9.3261279e+01   8.2000000e+01   2.0445770e+00
   9.3271279e+01   8.2000000e+01   2.0445770e+00
   9.3281279e+01   8.2000000e+01   2.0445770e+00
   9.3291279e+01   8.2000000e+01   2.0445770e+00
   9.3301279e+01   8.2000000e+01   2.0445770e+00
   9.3311279e+01   8.2000000e+01   2.0445770e+00
   9.3321279e+01   8.2000000e+01   2.0445770e+00
   9.3331279e+01   8.2000000e+01   2.0445770e+00
   9.3341279e+01   8.2000000e+01   2.0445770e+00
   9.3351279e+01   8.2000000e+01   2.0445770e+00
   9.3361279e+01   8.2000000e+01   2.0445770e+00
   9.3371279e+01   8.2000000e+01   2.0445770e+00
   9.3381279e+01   8.2000000e+01   2.0445770e+00
   9.3391279e+01   8.2000000e+01   2.0445770e+00
   9.3401279e+01   8.2000000e+01   2.0445770e+00
   9.3411279e+01   8.2000000e+01   2.0445770e+00
   9.3421279e+01   8.2000000e+01   2.0445770e+00
   9.3431279e+01   8.2000000e+01   2.0445770e+00
   9.3441279e+01   8.2000000e+01   2.0445770e+00
   9.3451279e+01   8.2000000e+01   2.0445770e+00
   9.3461279e+01   8.2000000e+01   2.0445770e+00
   9.3471279e+01   8.2000000e+01   2.0445770e+00
   9.3481279e+01   8.2000000e+01   2.0445770e+00
   9.3491279e+01   8.2000000e+01   2.0445770e+00
   9.3501279e+01   8.2000000e+01   2.0445770e+00
   9.3511279e+01   8.2000000e+01   2.0445770e+00
   9.3521279e+01   8.2000000e+01   2.0445770e+00
   9.3531279e+01   8.2000000e+01   2.0445770e+00
   9.3541279e+01   8.2000000e+01   2.0445770e+00
   9.3551279e+01   8.2000000e+01   2.0445770e+00
   9.3561279e+01   8.2000000e+01   2.0445770e+00
   9.3571279e+01   8.2000000e+01   2.0445770e+00
   9.3581279e+01   8.2000000e+01   2.0445770e+00
   9.3591279e+01   8.2000000e+01   2.0445770e+00
   9.3601279e+01   8.2000000e+01   2.0445770e+00
   9.3611279e+01   8.2000000e+01   2.0445770e+00
   9.3621279e+01   8.2000000e+01   2.0445770e+00
   9.3631279e+01   8.2000000e+01   2.0445770e+00
   9.3641279e+01   8.2000000e+01   2.0445770e+00
   9.3651279e+01   8.2000000e+01   2.0445770e+00
   9.3661279e+01   8.2000000e+01   2.0445770e+00
   9.3671279e+01   8.2000000e+01   2.0445770e+00
   9.3681279e+01   8.2000000e+01   2.0445770e+00
   9.3691279e+01   8.2000000e+01   2.0445770e+00
   9.3701279e+01   8.2000000e+01   2.0445770e+00
   9.3711279e+01   8.2000000e+01   2.0445770e+00
   9.3721279e+01   8.2000000e+01   2.0445770e+00
   9.3731279e+01   8.2000000e+01   2.0445770e+00
   9.3741279e+01   8.2000000e+01   2.0445770e+00
   9.3751279e+01   8.2000000e+01   2.0445770e+00
   9.3761279e+01   8.2000000e+01   2.0445770e+00
   9.3771279e+01   8.2000000e+01   2.0445770e+00
   9.3781279e+01   8.2000000e+01   2.0445770e+00
   9.3791279e+01   8.2000000e+01   2.0445770e+00
   9.3801279e+01   8.2000000e+01   2.0445770e+00
   9.3811279e+01   8.2000000e+01   2.0445770e+00
   9.3821279e+01   8.2000000e+01   2.0445770e+00
   9.3831279e+01   8.2000000e+01   2.0445770e+00
   9.3841279e+01   8.2000000e+01   2.0445770e+00
   9.3851279e+01   8.2000000e+01   2.0445770e+00
   9.3861279e+01   8.2000000e+01   2.0445770e+00
   9.3871279e+01   8.2000000e+01   2.0445770e+00
   9.3881279e+01   8.2000000e+01   2.0445770e+00
   9.3891279e+01   8.2000000e+01   2.0445770e+00
   9.3901279e+01   8.2000000e+01   2.0445770e+00
   9.3911279e+01   8.2000000e+01   2.0445770e+00
   9.3921279e+01   8.2000000e+01   2.0445770e+00
   9.3931279e+01   8.2000000e+01   2.0445770e+00
   9.3941279e+01   8.2000000e+01   2.0445770e+00
   9.3951279e+01   8.2000000e+01   2.0445770e+00
   9.3961279e+01   8.2000000e+01   2.0445770e+00
   9.3971279e+01   8.2000000e+01   2.0445770e+00
   9.3981279e+01   8.2000000e+01   2.0445770e+00
   9.3991279e+01   8.2000000e+01   2.0445770e+00
   9.4001279e+01   8.2000000e+01   2.0445770e+00
   9.4011279e+01   8.2000000e+01   2.0445770e+00
   9.4021279e+01   8.2000000e+01   2.0445770e+00
   9.4031279e+01   8.2000000e+01   2.0445770e+00
   9.4041279e+01   8.2000000e+01   2.0445770e+00
   9.4051279e+01   8.2000000e+01   2.0445770e+00
   9.4061279e+01   8.2000000e+01   2.0445770e+00
   9.4071279e+01   8.2000000e+01   2.0445770e+00
   9.4081279e+01   8.2000000e+01   2.0445770e+00
   9.4091279e+01   8.2000000e+01   2.0445770e+00
   9.4101279e+01   8.2000000e+01   2.0445770e+00
   9.4111279e+01   8.2000000e+01   2.0445770e+00
   9.4121279e+01   8.2000000e+01   2.0445770e+00
   9.4131279e+01   8.2000000e+01   2.0445770e+00
   9.4141279e+01   8.2000000e+01   2.0445770e+00
   9.4151279e+01   8.2000000e+01   2.0445770e+00
   9.4161279e+01   8.2000000e+01   2.0445770e+00
   9.4171279e+01   8.2000000e+01   2.0445770e+00
   9.4181279e+01   8.2000000e+01   2.0445770e+00
   9.4191279e+01   8.2000000e+01   2.0445770e+00
   9.4201279e+01   8.2000000e+01   2.0445770e+00
   9.4211279e+01   8.2000000e+01   2.0445770e+00
   9.4221279e+01   8.2000000e+01   2.0445770e+00
   9.4231279e+01   8.2000000e+01   2.0445770e+00
   9.4241279e+01   8.2000000e+01   2.0445770e+00
   9.4251279e+01   8.2000000e+01   2.0445770e+00
   9.4261279e+01   8.2000000e+01   2.0445770e+00
   9.4271279e+01   8.2000000e+01   2.0445770e+00
   9.4281279e+01   8.2000000e+01   2.0445770e+00
   9.4291279e+01   8.2000000e+01   2.0445770e+00
   9.4301279e+01   8.2000000e+01   2.0445770e+00
   9.4311279e+01   8.2000000e+01   2.0445770e+00
   9.4321279e+01   8.2000000e+01   2.0445770e+00
   9.4331279e+01   8.2000000e+01   2.0445770e+00
   9.4341279e+01   8.2000000e+01   2.0445770e+00
   9.4351279e+01   8.2000000e+01   2.0445770e+00
   9.4361279e+01   8.2000000e+01   2.0445770e+00
   9.4371279e+01   8.2000000e+01   2.0445770e+00
   9.4381279e+01   8.2000000e+01   2.0445770e+00
   9.4391279e+01   8.2000000e+01   2.0445770e+00
   9.4401279e+01   8.2000000e+01   2.0445770e+00
   9.4411279e+01   8.2000000e+01   2.0445770e+00
   9.4421279e+01   8.2000000e+01   2.0445770e+00
   9.4431279e+01   8.2000000e+01   2.0445770e+00
   9.4441279e+01   8.2000000e+01   2.0445770e+00
   9.4451279e+01   8.2000000e+01   2.0445770e+00
   9.4461279e+01   8.2000000e+01   2.0445770e+00
   9.4471279e+01   8.2000000e+01   2.0445770e+00
   9.4481279e+01   8.2000000e+01   2.0445770e+00
   9.4491279e+01   8.2000000e+01   2.0445770e+00
   9.4501279e+01   8.2000000e+01   2.0445770e+00
   9.4511279e+01   8.2000000e+01   2.0445770e+00
   9.4521279e+01   8.2000000e+01   2.0445770e+00
   9.4531279e+01   8.2000000e+01   2.0445770e+00
   9.4541279e+01   8.2000000e+01   2.0445770e+00
   9.4551279e+01   8.2000000e+01   2.0445770e+00
   9.4561279e+01   8.2000000e+01   2.0445770e+00
   9.4571279e+01   8.2000000e+01   2.0445770e+00
   9.4581279e+01   8.2000000e+01   2.0445770e+00
   9.4591279e+01   8.2000000e+01   2.0445770e+00
   9.4601279e+01   8.2000000e+01   2.0445770e+00
   9.4611279e+01   8.2000000e+01   2.0445770e+00
   9.4621279e+01   8.2000000e+01   2.0445770e+00
   9.4631279e+01   8.2000000e+01   2.0445770e+00
   9.4641279e+01   8.2000000e+01   2.0445770e+00
   9.4651279e+01   8.2000000e+01   2.0445770e+00
   9.4652802e+01   8.2000000e+01   2.0445770e+00
   9.4652802e+01   8.3000000e+01   1.7966248e+00
   9.4652802e+01   8.3000000e+01   1.7966248e+00
   9.4662802e+01   8.3000000e+01   1.7966248e+00
   9.4672802e+01   8.3000000e+01   1.7966248e+00
   9.4682802e+01   8.3000000e+01   1.7966248e+00
   9.4692802e+01   8.3000000e+01   1.7966248e+00
   9.4702802e+01   8.3000000e+01   1.7966248e+00
   9.4712802e+01   8.3000000e+01   1.7966248e+00
   9.4722802e+01   8.3000000e+01   1.7966248e+00
   9.4732802e+01   8.3000000e+01   1.7966248e+00
   9.4742802e+01   8.3000000e+01   1.7966248e+00
   9.4752802e+01   8.3000000e+01   1.7966248e+00
   9.4762802e+01   8.3000000e+01   1.7966248e+00
   9.4772802e+01   8.3000000e+01   1.7966248e+00
   9.4782802e+01   8.3000000e+01   1.7966248e+00
   9.4792802e+01   8.3000000e+01   1.7966248e+00
   9.4802802e+01   8.3000000e+01   1.7966248e+00
   9.4812802e+01   8.3000000e+01   1.7966248e+00
   9.4822802e+01   8.3000000e+01   1.7966248e+00
   9.4832802e+01   8.3000000e+01   1.7966248e+00
   9.4842802e+01   8.3000000e+01   1.7966248e+00
   9.4852802e+01   8.3000000e+01   1.7966248e+00
   9.4862802e+01   8.3000000e+01   1.7966248e+00
   9.4872802e+01   8.3000000e+01   1.7966248e+00
   9.4882802e+01   8.3000000e+01   1.7966248e+00
   9.4892802e+01   8.3000000e+01   1.7966248e+00
   9.4902802e+01   8.3000000e+01   1.7966248e+00
   9.4912802e+01   8.3000000e+01   1.7966248e+00
   9.4922802e+01   8.3000000e+01   1.7966248e+00
   9.4932802e+01   8.3000000e+01   1.7966248e+00
   9.4942802e+01   8.3000000e+01   1.7966248e+00
   9.4952802e+01   8.3000000e+01   1.7966248e+00
   9.4962802e+01   8.3000000e+01   1.7966248e+00
   9.4972802e+01   8.3000000e+01   1.7966248e+00
   9.4982802e+01   8.3000000e+01   1.7966248e+00
   9.4992802e+01   8.3000000e+01   1.7966248e+00
   9.5002802e+01   8.3000000e+01   1.7966248e+00
   9.5012802e+01   8.3000000e+01   1.7966248e+00
   9.5022802e+01   8.3000000e+01   1.7966248e+00
   9.5032802e+01   8.3000000e+01   1.7966248e+00
   9.5042802e+01   8.3000000e+01   1.7966248e+00
   9.5052802e+01   8.3000000e+01   1.7966248e+00
   9.5062802e+01   8.3000000e+01   1.7966248e+00
   9.5072802e+01   8.3000000e+01   1.7966248e+00
   9.5082802e+01   8.3000000e+01   1.7966248e+00
   9.5092802e+01   8.3000000e+01   1.7966248e+00
   9.5102802e+01   8.3000000e+01   1.7966248e+00
   9.5112802e+01   8.3000000e+01   1.7966248e+00
   9.5122802e+01   8.3000000e+01   1.7966248e+00
   9.5132802e+01   8.3000000e+01   1.7966248e+00
   9.5142802e+01   8.3000000e+01   1.7966248e+00
   9.5152802e+01   8.3000000e+01   1.7966248e+00
   9.5162802e+01   8.3000000e+01   1.7966248e+00
   9.5172802e+01   8.3000000e+01   1.7966248e+00
   9.5182802e+01   8.3000000e+01   1.7966248e+00
   9.5192802e+01   8.3000000e+01   1.7966248e+00
   9.5202802e+01   8.3000000e+01   1.7966248e+00
   9.5212802e+01   8.3000000e+01   1.7966248e+00
   9.5222802e+01   8.3000000e+01   1.7966248e+00
   9.5232802e+01   8.3000000e+01   1.7966248e+00
   9.5242802e+01   8.3000000e+01   1.7966248e+00
   9.5252802e+01   8.3000000e+01   1.7966248e+00
   9.5262802e+01   8.3000000e+01   1.7966248e+00
   9.5272802e+01   8.3000000e+01   1.7966248e+00
   9.5282802e+01   8.3000000e+01   1.7966248e+00
   9.5292802e+01   8.3000000e+01   1.7966248e+00
   9.5302802e+01   8.3000000e+01   1.7966248e+00
   9.5312802e+01   8.3000000e+01   1.7966248e+00
   9.5322802e+01   8.3000000e+01   1.7966248e+00
   9.5332802e+01   8.3000000e+01   1.7966248e+00
   9.5342802e+01   8.3000000e+01   1.7966248e+00
   9.5352802e+01   8.3000000e+01   1.7966248e+00
   9.5362802e+01   8.3000000e+01   1.7966248e+00
   9.5372802e+01   8.3000000e+01   1.7966248e+00
   9.5382802e+01   8.3000000e+01   1.7966248e+00
   9.5392802e+01   8.3000000e+01   1.7966248e+00
   9.5402802e+01   8.3000000e+01   1.7966248e+00
   9.5412802e+01   8.3000000e+01   1.7966248e+00
   9.5422802e+01   8.3000000e+01   1.7966248e+00
   9.5432802e+01   8.3000000e+01   1.7966248e+00
   9.5442802e+01   8.3000000e+01   1.7966248e+00
   9.5452802e+01   8.3000000e+01   1.7966248e+00
   9.5462802e+01   8.3000000e+01   1.7966248e+00
   9.5472802e+01   8.3000000e+01   1.7966248e+00
   9.5482802e+01   8.3000000e+01   1.7966248e+00
   9.5492802e+01   8.3000000e+01   1.7966248e+00
   9.5502802e+01   8.3000000e+01   1.7966248e+00
   9.5512802e+01   8.3000000e+01   1.7966248e+00
   9.5522802e+01   8.3000000e+01   1.7966248e+00
   9.5532802e+01   8.3000000e+01   1.7966248e+00
   9.5542802e+01   8.3000000e+01   1.7966248e+00
   9.5552802e+01   8.3000000e+01   1.7966248e+00
   9.5562802e+01   8.3000000e+01   1.7966248e+00
   9.5572802e+01   8.3000000e+01   1.7966248e+00
   9.5582802e+01   8.3000000e+01   1.7966248e+00
   9.5592802e+01   8.3000000e+01   1.7966248e+00
   9.5602802e+01   8.3000000e+01   1.7966248e+00
   9.5612802e+01   8.3000000e+01   1.7966248e+00
   9.5622802e+01   8.3000000e+01   1.7966248e+00
   9.5632802e+01   8.3000000e+01   1.7966248e+00
   9.5642802e+01   8.3000000e+01   1.7966248e+00
   9.5652802e+01   8.3000000e+01   1.7966248e+00
   9.5662802e+01   8.3000000e+01   1.7966248e+00
   9.5672802e+01   8.3000000e+01   1.7966248e+00
   9.5682802e+01   8.3000000e+01   1.7966248e+00
   9.5692802e+01   8.3000000e+01   1.7966248e+00
   9.5702802e+01   8.3000000e+01   1.7966248e+00
   9.5712802e+01   8.3000000e+01   1.7966248e+00
   9.5722802e+01   8.3000000e+01   1.7966248e+00
   9.5732802e+01   8.3000000e+01   1.7966248e+00
   9.5742802e+01   8.3000000e+01   1.7966248e+00
   9.5752802e+01   8.3000000e+01   1.7966248e+00
   9.5762802e+01   8.3000000e+01   1.7966248e+00
   9.5772802e+01   8.3000000e+01   1.7966248e+00
   9.5782802e+01   8.3000000e+01   1.7966248e+00
   9.5792802e+01   8.3000000e+01   1.7966248e+00
   9.5802802e+01   8.3000000e+01   1.7966248e+00
   9.5812802e+01   8.3000000e+01   1.7966248e+00
   9.5822802e+01   8.3000000e+01   1.7966248e+00
   9.5832802e+01   8.3000000e+01   1.7966248e+00
   9.5842802e+01   8.3000000e+01   1.7966248e+00
   9.5852802e+01   8.3000000e+01   1.7966248e+00
   9.5862802e+01   8.3000000e+01   1.7966248e+00
   9.5872802e+01   8.3000000e+01   1.7966248e+00
   9.5882802e+01   8.3000000e+01   1.7966248e+00
   9.5892802e+01   8.3000000e+01   1.7966248e+00
   9.5902802e+01   8.3000000e+01   1.7966248e+00
   9.5912802e+01   8.3000000e+01   1.7966248e+00
   9.5922802e+01   8.3000000e+01   1.7966248e+00
   9.5932802e+01   8.3000000e+01   1.7966248e+00
   9.5942802e+01   8.3000000e+01   1.7966248e+00
   9.5952802e+01   8.3000000e+01   1.7966248e+00
   9.5962802e+01   8.3000000e+01   1.7966248e+00
   9.5972802e+01   8.3000000e+01   1.7966248e+00
   9.5982802e+01   8.3000000e+01   1.7966248e+00
   9.5992802e+01   8.3000000e+01   1.7966248e+00
   9.6002802e+01   8.3000000e+01   1.7966248e+00
   9.6012802e+01   8.3000000e+01   1.7966248e+00
   9.6022802e+01   8.3000000e+01   1.7966248e+00
   9.6032802e+01   8.3000000e+01   1.7966248e+00
   9.6042802e+01   8.3000000e+01   1.7966248e+00
   9.6052802e+01   8.3000000e+01   1.7966248e+00
   9.6062802e+01   8.3000000e+01   1.7966248e+00
   9.6072802e+01   8.3000000e+01   1.7966248e+00
   9.6082802e+01   8.3000000e+01   1.7966248e+00
   9.6092802e+01   8.3000000e+01   1.7966248e+00
   9.6102802e+01   8.3000000e+01   1.7966248e+00
   9.6112802e+01   8.3000000e+01   1.7966248e+00
   9.6122802e+01   8.3000000e+01   1.7966248e+00
   9.6132802e+01   8.3000000e+01   1.7966248e+00
   9.6142802e+01   8.3000000e+01   1.7966248e+00
   9.6152802e+01   8.3000000e+01   1.7966248e+00
   9.6162802e+01   8.3000000e+01   1.7966248e+00
   9.6172802e+01   8.3000000e+01   1.7966248e+00
   9.6182802e+01   8.3000000e+01   1.7966248e+00
   9.6192802e+01   8.3000000e+01   1.7966248e+00
   9.6202802e+01   8.3000000e+01   1.7966248e+00
   9.6212802e+01   8.3000000e+01   1.7966248e+00
   9.6222802e+01   8.3000000e+01   1.7966248e+00
   9.6232802e+01   8.3000000e+01   1.7966248e+00
   9.6242802e+01   8.3000000e+01   1.7966248e+00
   9.6252802e+01   8.3000000e+01   1.7966248e+00
   9.6262802e+01   8.3000000e+01   1.7966248e+00
   9.6272802e+01   8.3000000e+01   1.7966248e+00
   9.6282802e+01   8.3000000e+01   1.7966248e+00
   9.6292802e+01   8.3000000e+01   1.7966248e+00
   9.6302802e+01   8.3000000e+01   1.7966248e+00
   9.6312802e+01   8.3000000e+01   1.7966248e+00
   9.6322802e+01   8.3000000e+01   1.7966248e+00
   9.6332802e+01   8.3000000e+01   1.7966248e+00
   9.6342802e+01   8.3000000e+01   1.7966248e+00
   9.6352802e+01   8.3000000e+01   1.7966248e+00
   9.6362802e+01   8.3000000e+01   1.7966248e+00
   9.6372802e+01   8.3000000e+01   1.7966248e+00
   9.6382802e+01   8.3000000e+01   1.7966248e+00
   9.6392802e+01   8.3000000e+01   1.7966248e+00
   9.6402802e+01   8.3000000e+01   1.7966248e+00
   9.6412802e+01   8.3000000e+01   1.7966248e+00
   9.6422802e+01   8.3000000e+01   1.7966248e+00
   9.6432802e+01   8.3000000e+01   1.7966248e+00
   9.6442802e+01   8.3000000e+01   1.7966248e+00
   9.6452802e+01   8.3000000e+01   1.7966248e+00
   9.6462802e+01   8.3000000e+01   1.7966248e+00
   9.6472802e+01   8.3000000e+01   1.7966248e+00
   9.6477923e+01   8.3000000e+01   1.7966248e+00
   9.6477923e+01   8.4000000e+01   1.5457999e+00
   9.6477923e+01   8.4000000e+01   1.5457999e+00
   9.6487923e+01   8.4000000e+01   1.5457999e+00
   9.6497923e+01   8.4000000e+01   1.5457999e+00
   9.6507923e+01   8.4000000e+01   1.5457999e+00
   9.6517923e+01   8.4000000e+01   1.5457999e+00
   9.6527923e+01   8.4000000e+01   1.5457999e+00
   9.6537923e+01   8.4000000e+01   1.5457999e+00
   9.6547923e+01   8.4000000e+01   1.5457999e+00
   9.6557923e+01   8.4000000e+01   1.5457999e+00
   9.6567923e+01   8.4000000e+01   1.5457999e+00
   9.6577923e+01   8.4000000e+01   1.5457999e+00
   9.6587923e+01   8.4000000e+01   1.5457999e+00
   9.6597923e+01   8.4000000e+01   1.5457999e+00
   9.6607923e+01   8.4000000e+01   1.5457999e+00
   9.6617923e+01   8.4000000e+01   1.5457999e+00
   9.6627923e+01   8.4000000e+01   1.5457999e+00
   9.6637923e+01   8.4000000e+01   1.5457999e+00
   9.6647923e+01   8.4000000e+01   1.5457999e+00
   9.6657923e+01   8.4000000e+01   1.5457999e+00
   9.6667923e+01   8.4000000e+01   1.5457999e+00
   9.6677923e+01   8.4000000e+01   1.5457999e+00
   9.6687923e+01   8.4000000e+01   1.5457999e+00
   9.6697923e+01   8.4000000e+01   1.5457999e+00
   9.6707923e+01   8.4000000e+01   1.5457999e+00
   9.6717923e+01   8.4000000e+01   1.5457999e+00
   9.6727923e+01   8.4000000e+01   1.5457999e+00
   9.6737923e+01   8.4000000e+01   1.5457999e+00
   9.6747923e+01   8.4000000e+01   1.5457999e+00
   9.6757923e+01   8.4000000e+01   1.5457999e+00
   9.6767923e+01   8.4000000e+01   1.5457999e+00
   9.6777923e+01   8.4000000e+01   1.5457999e+00
   9.6787923e+01   8.4000000e+01   1.5457999e+00
   9.6797923e+01   8.4000000e+01   1.5457999e+00
   9.6807923e+01   8.4000000e+01   1.5457999e+00
   9.6817923e+01   8.4000000e+01   1.5457999e+00
   9.6827923e+01   8.4000000e+01   1.5457999e+00
   9.6837923e+01   8.4000000e+01   1.5457999e+00
   9.6847923e+01   8.4000000e+01   1.5457999e+00
   9.6857923e+01   8.4000000e+01   1.5457999e+00
   9.6867923e+01   8.4000000e+01   1.5457999e+00
   9.6877923e+01   8.4000000e+01   1.5457999e+00
   9.6887923e+01   8.4000000e+01   1.5457999e+00
   9.6897923e+01   8.4000000e+01   1.5457999e+00
   9.6907923e+01   8.4000000e+01   1.5457999e+00
   9.6917923e+01   8.4000000e+01   1.5457999e+00
   9.6927923e+01   8.4000000e+01   1.5457999e+00
   9.6937923e+01   8.4000000e+01   1.5457999e+00
   9.6947923e+01   8.4000000e+01   1.5457999e+00
   9.6957923e+01   8.4000000e+01   1.5457999e+00
   9.6967923e+01   8.4000000e+01   1.5457999e+00
   9.6977923e+01   8.4000000e+01   1.5457999e+00
   9.6987923e+01   8.4000000e+01   1.5457999e+00
   9.6997923e+01   8.4000000e+01   1.5457999e+00
   9.7007923e+01   8.4000000e+01   1.5457999e+00
   9.7017923e+01   8.4000000e+01   1.5457999e+00
   9.7027923e+01   8.4000000e+01   1.5457999e+00
   9.7037923e+01   8.4000000e+01   1.5457999e+00
   9.7047923e+01   8.4000000e+01   1.5457999e+00
   9.7057923e+01   8.4000000e+01   1.5457999e+00
   9.7067923e+01   8.4000000e+01   1.5457999e+00
   9.7077923e+01   8.4000000e+01   1.5457999e+00
   9.7087923e+01   8.4000000e+01   1.5457999e+00
   9.7097923e+01   8.4000000e+01   1.5457999e+00
   9.7107923e+01   8.4000000e+01   1.5457999e+00
   9.7117923e+01   8.4000000e+01   1.5457999e+00
   9.7127923e+01   8.4000000e+01   1.5457999e+00
   9.7137923e+01   8.4000000e+01   1.5457999e+00
   9.7147923e+01   8.4000000e+01   1.5457999e+00
   9.7157923e+01   8.4000000e+01   1.5457999e+00
   9.7167923e+01   8.4000000e+01   1.5457999e+00
   9.7177923e+01   8.4000000e+01   1.5457999e+00
   9.7187923e+01   8.4000000e+01   1.5457999e+00
   9.7197923e+01   8.4000000e+01   1.5457999e+00
   9.7207923e+01   8.4000000e+01   1.5457999e+00
   9.7217923e+01   8.4000000e+01   1.5457999e+00
   9.7227923e+01   8.4000000e+01   1.5457999e+00
   9.7237923e+01   8.4000000e+01   1.5457999e+00
   9.7247923e+01   8.4000000e+01   1.5457999e+00
   9.7257923e+01   8.4000000e+01   1.5457999e+00
   9.7267923e+01   8.4000000e+01   1.5457999e+00
   9.7277923e+01   8.4000000e+01   1.5457999e+00
   9.7287923e+01   8.4000000e+01   1.5457999e+00
   9.7297923e+01   8.4000000e+01   1.5457999e+00
   9.7307923e+01   8.4000000e+01   1.5457999e+00
   9.7317923e+01   8.4000000e+01   1.5457999e+00
   9.7327923e+01   8.4000000e+01   1.5457999e+00
   9.7337923e+01   8.4000000e+01   1.5457999e+00
   9.7347923e+01   8.4000000e+01   1.5457999e+00
   9.7357923e+01   8.4000000e+01   1.5457999e+00
   9.7367923e+01   8.4000000e+01   1.5457999e+00
   9.7377923e+01   8.4000000e+01   1.5457999e+00
   9.7387923e+01   8.4000000e+01   1.5457999e+00
   9.7397923e+01   8.4000000e+01   1.5457999e+00
   9.7407923e+01   8.4000000e+01   1.5457999e+00
   9.7417923e+01   8.4000000e+01   1.5457999e+00
   9.7427923e+01   8.4000000e+01   1.5457999e+00
   9.7437923e+01   8.4000000e+01   1.5457999e+00
   9.7447923e+01   8.4000000e+01   1.5457999e+00
   9.7457923e+01   8.4000000e+01   1.5457999e+00
   9.7467923e+01   8.4000000e+01   1.5457999e+00
   9.7477923e+01   8.4000000e+01   1.5457999e+00
   9.7487923e+01   8.4000000e+01   1.5457999e+00
   9.7497923e+01   8.4000000e+01   1.5457999e+00
   9.7507923e+01   8.4000000e+01   1.5457999e+00
   9.7517923e+01   8.4000000e+01   1.5457999e+00
   9.7527923e+01   8.4000000e+01   1.5457999e+00
   9.7537923e+01   8.4000000e+01   1.5457999e+00
   9.7547923e+01   8.4000000e+01   1.5457999e+00
   9.7557923e+01   8.4000000e+01   1.5457999e+00
   9.7567923e+01   8.4000000e+01   1.5457999e+00
   9.7577923e+01   8.4000000e+01   1.5457999e+00
   9.7587923e+01   8.4000000e+01   1.5457999e+00
   9.7597923e+01   8.4000000e+01   1.5457999e+00
   9.7607923e+01   8.4000000e+01   1.5457999e+00
   9.7617923e+01   8.4000000e+01   1.5457999e+00
   9.7627923e+01   8.4000000e+01   1.5457999e+00
   9.7637923e+01   8.4000000e+01   1.5457999e+00
   9.7647923e+01   8.4000000e+01   1.5457999e+00
   9.7657923e+01   8.4000000e+01   1.5457999e+00
   9.7667923e+01   8.4000000e+01   1.5457999e+00
   9.7677923e+01   8.4000000e+01   1.5457999e+00
   9.7687923e+01   8.4000000e+01   1.5457999e+00
   9.7697923e+01   8.4000000e+01   1.5457999e+00
   9.7707923e+01   8.4000000e+01   1.5457999e+00
   9.7717923e+01   8.4000000e+01   1.5457999e+00
   9.7727923e+01   8.4000000e+01   1.5457999e+00
   9.7737923e+01   8.4000000e+01   1.5457999e+00
   9.7747923e+01   8.4000000e+01   1.5457999e+00
   9.7757923e+01   8.4000000e+01   1.5457999e+00
   9.7767923e+01   8.4000000e+01   1.5457999e+00
   9.7777923e+01   8.4000000e+01   1.5457999e+00
   9.7787923e+01   8.4000000e+01   1.5457999e+00
   9.7797923e+01   8.4000000e+01   1.5457999e+00
   9.7807923e+01   8.4000000e+01   1.5457999e+00
   9.7817923e+01   8.4000000e+01   1.5457999e+00
   9.7827923e+01   8.4000000e+01   1.5457999e+00
   9.7837923e+01   8.4000000e+01   1.5457999e+00
   9.7847923e+01   8.4000000e+01   1.5457999e+00
   9.7857923e+01   8.4000000e+01   1.5457999e+00
   9.7867923e+01   8.4000000e+01   1.5457999e+00
   9.7877923e+01   8.4000000e+01   1.5457999e+00
   9.7887923e+01   8.4000000e+01   1.5457999e+00
   9.7897923e+01   8.4000000e+01   1.5457999e+00
   9.7907923e+01   8.4000000e+01   1.5457999e+00
   9.7917923e+01   8.4000000e+01   1.5457999e+00
   9.7927923e+01   8.4000000e+01   1.5457999e+00
   9.7937923e+01   8.4000000e+01   1.5457999e+00
   9.7947923e+01   8.4000000e+01   1.5457999e+00
   9.7957923e+01   8.4000000e+01   1.5457999e+00
   9.7967923e+01   8.4000000e+01   1.5457999e+00
   9.7977923e+01   8.4000000e+01   1.5457999e+00
   9.7987923e+01   8.4000000e+01   1.5457999e+00
   9.7997923e+01   8.4000000e+01   1.5457999e+00
   9.8007923e+01   8.4000000e+01   1.5457999e+00
   9.8017923e+01   8.4000000e+01   1.5457999e+00
   9.8027923e+01   8.4000000e+01   1.5457999e+00
   9.8037923e+01   8.4000000e+01   1.5457999e+00
   9.8047923e+01   8.4000000e+01   1.5457999e+00
   9.8057923e+01   8.4000000e+01   1.5457999e+00
   9.8067923e+01   8.4000000e+01   1.5457999e+00
   9.8077923e+01   8.4000000e+01   1.5457999e+00
   9.8087923e+01   8.4000000e+01   1.5457999e+00
   9.8097923e+01   8.4000000e+01   1.5457999e+00
   9.8107923e+01   8.4000000e+01   1.5457999e+00
   9.8117923e+01   8.4000000e+01   1.5457999e+00
   9.8127923e+01   8.4000000e+01   1.5457999e+00
   9.8137923e+01   8.4000000e+01   1.5457999e+00
   9.8147923e+01   8.4000000e+01   1.5457999e+00
   9.8157923e+01   8.4000000e+01   1.5457999e+00
   9.8167923e+01   8.4000000e+01   1.5457999e+00
   9.8177923e+01   8.4000000e+01   1.5457999e+00
   9.8187923e+01   8.4000000e+01   1.5457999e+00
   9.8197923e+01   8.4000000e+01   1.5457999e+00
   9.8207923e+01   8.4000000e+01   1.5457999e+00
   9.8217923e+01   8.4000000e+01   1.5457999e+00
   9.8227923e+01   8.4000000e+01   1.5457999e+00
   9.8237923e+01   8.4000000e+01   1.5457999e+00
   9.8247923e+01   8.4000000e+01   1.5457999e+00
   9.8257923e+01   8.4000000e+01   1.5457999e+00
   9.8267923e+01   8.4000000e+01   1.5457999e+00
   9.8277923e+01   8.4000000e+01   1.5457999e+00
   9.8287923e+01   8.4000000e+01   1.5457999e+00
   9.8297923e+01   8.4000000e+01   1.5457999e+00
   9.8306093e+01   8.4000000e+01   1.5457999e+00
   9.8306093e+01   8.5000000e+01   1.2924210e+00
   9.8306093e+01   8.5000000e+01   1.2924210e+00
   9.8316093e+01   8.5000000e+01   1.2924210e+00
   9.8326093e+01   8.5000000e+01   1.2924210e+00
   9.8336093e+01   8.5000000e+01   1.2924210e+00
   9.8346093e+01   8.5000000e+01   1.2924210e+00
   9.8356093e+01   8.5000000e+01   1.2924210e+00
   9.8366093e+01   8.5000000e+01   1.2924210e+00
   9.8376093e+01   8.5000000e+01   1.2924210e+00
   9.8386093e+01   8.5000000e+01   1.2924210e+00
   9.8396093e+01   8.5000000e+01   1.2924210e+00
   9.8406093e+01   8.5000000e+01   1.2924210e+00
   9.8416093e+01   8.5000000e+01   1.2924210e+00
   9.8426093e+01   8.5000000e+01   1.2924210e+00
   9.8436093e+01   8.5000000e+01   1.2924210e+00
   9.8446093e+01   8.5000000e+01   1.2924210e+00
   9.8456093e+01   8.5000000e+01   1.2924210e+00
   9.8466093e+01   8.5000000e+01   1.2924210e+00
   9.8476093e+01   8.5000000e+01   1.2924210e+00
   9.8486093e+01   8.5000000e+01   1.2924210e+00
   9.8496093e+01   8.5000000e+01   1.2924210e+00
   9.8506093e+01   8.5000000e+01   1.2924210e+00
   9.8516093e+01   8.5000000e+01   1.2924210e+00
   9.8526093e+01   8.5000000e+01   1.2924210e+00
   9.8536093e+01   8.5000000e+01   1.2924210e+00
   9.8546093e+01   8.5000000e+01   1.2924210e+00
   9.8556093e+01   8.5000000e+01   1.2924210e+00
   9.8566093e+01   8.5000000e+01   1.2924210e+00
   9.8576093e+01   8.5000000e+01   1.2924210e+00
   9.8586093e+01   8.5000000e+01   1.2924210e+00
   9.8596093e+01   8.5000000e+01   1.2924210e+00
   9.8606093e+01   8.5000000e+01   1.2924210e+00
   9.8616093e+01   8.5000000e+01   1.2924210e+00
   9.8626093e+01   8.5000000e+01   1.2924210e+00
   9.8636093e+01   8.5000000e+01   1.2924210e+00
   9.8646093e+01   8.5000000e+01   1.2924210e+00
   9.8656093e+01   8.5000000e+01   1.2924210e+00
   9.8666093e+01   8.5000000e+01   1.2924210e+00
   9.8676093e+01   8.5000000e+01   1.2924210e+00
   9.8686093e+01   8.5000000e+01   1.2924210e+00
   9.8696093e+01   8.5000000e+01   1.2924210e+00
   9.8706093e+01   8.5000000e+01   1.2924210e+00
   9.8716093e+01   8.5000000e+01   1.2924210e+00
   9.8726093e+01   8.5000000e+01   1.2924210e+00
   9.8736093e+01   8.5000000e+01   1.2924210e+00
   9.8746093e+01   8.5000000e+01   1.2924210e+00
   9.8756093e+01   8.5000000e+01   1.2924210e+00
   9.8766093e+01   8.5000000e+01   1.2924210e+00
   9.8776093e+01   8.5000000e+01   1.2924210e+00
   9.8786093e+01   8.5000000e+01   1.2924210e+00
   9.8796093e+01   8.5000000e+01   1.2924210e+00
   9.8806093e+01   8.5000000e+01   1.2924210e+00
   9.8816093e+01   8.5000000e+01   1.2924210e+00
   9.8826093e+01   8.5000000e+01   1.2924210e+00
   9.8836093e+01   8.5000000e+01   1.2924210e+00
   9.8846093e+01   8.5000000e+01   1.2924210e+00
   9.8856093e+01   8.5000000e+01   1.2924210e+00
   9.8866093e+01   8.5000000e+01   1.2924210e+00
   9.8876093e+01   8.5000000e+01   1.2924210e+00
   9.8886093e+01   8.5000000e+01   1.2924210e+00
   9.8896093e+01   8.5000000e+01   1.2924210e+00
   9.8906093e+01   8.5000000e+01   1.2924210e+00
   9.8916093e+01   8.5000000e+01   1.2924210e+00
   9.8926093e+01   8.5000000e+01   1.2924210e+00
   9.8936093e+01   8.5000000e+01   1.2924210e+00
   9.8946093e+01   8.5000000e+01   1.2924210e+00
   9.8956093e+01   8.5000000e+01   1.2924210e+00
   9.8966093e+01   8.5000000e+01   1.2924210e+00
   9.8976093e+01   8.5000000e+01   1.2924210e+00
   9.8986093e+01   8.5000000e+01   1.2924210e+00
   9.8996093e+01   8.5000000e+01   1.2924210e+00
   9.9006093e+01   8.5000000e+01   1.2924210e+00
   9.9016093e+01   8.5000000e+01   1.2924210e+00
   9.9026093e+01   8.5000000e+01   1.2924210e+00
   9.9036093e+01   8.5000000e+01   1.2924210e+00
   9.9046093e+01   8.5000000e+01   1.2924210e+00
   9.9056093e+01   8.5000000e+01   1.2924210e+00
   9.9066093e+01   8.5000000e+01   1.2924210e+00
   9.9076093e+01   8.5000000e+01   1.2924210e+00
   9.9086093e+01   8.5000000e+01   1.2924210e+00
   9.9096093e+01   8.5000000e+01   1.2924210e+00
   9.9106093e+01   8.5000000e+01   1.2924210e+00
   9.9116093e+01   8.5000000e+01   1.2924210e+00
   9.9126093e+01   8.5000000e+01   1.2924210e+00
   9.9136093e+01   8.5000000e+01   1.2924210e+00
   9.9146093e+01   8.5000000e+01   1.2924210e+00
   9.9156093e+01   8.5000000e+01   1.2924210e+00
   9.9166093e+01   8.5000000e+01   1.2924210e+00
   9.9176093e+01   8.5000000e+01   1.2924210e+00
   9.9186093e+01   8.5000000e+01   1.2924210e+00
   9.9196093e+01   8.5000000e+01   1.2924210e+00
   9.9206093e+01   8.5000000e+01   1.2924210e+00
   9.9216093e+01   8.5000000e+01   1.2924210e+00
   9.9226093e+01   8.5000000e+01   1.2924210e+00
   9.9236093e+01   8.5000000e+01   1.2924210e+00
   9.9246093e+01   8.5000000e+01   1.2924210e+00
   9.9256093e+01   8.5000000e+01   1.2924210e+00
   9.9266093e+01   8.5000000e+01   1.2924210e+00
   9.9276093e+01   8.5000000e+01   1.2924210e+00
   9.9286093e+01   8.5000000e+01   1.2924210e+00
   9.9296093e+01   8.5000000e+01   1.2924210e+00
   9.9306093e+01   8.5000000e+01   1.2924210e+00
   9.9316093e+01   8.5000000e+01   1.2924210e+00
   9.9326093e+01   8.5000000e+01   1.2924210e+00
   9.9336093e+01   8.5000000e+01   1.2924210e+00
   9.9346093e+01   8.5000000e+01   1.2924210e+00
   9.9356093e+01   8.5000000e+01   1.2924210e+00
   9.9366093e+01   8.5000000e+01   1.2924210e+00
   9.9376093e+01   8.5000000e+01   1.2924210e+00
   9.9386093e+01   8.5000000e+01   1.2924210e+00
   9.9396093e+01   8.5000000e+01   1.2924210e+00
   9.9406093e+01   8.5000000e+01   1.2924210e+00
   9.9416093e+01   8.5000000e+01   1.2924210e+00
   9.9426093e+01   8.5000000e+01   1.2924210e+00
   9.9436093e+01   8.5000000e+01   1.2924210e+00
   9.9446093e+01   8.5000000e+01   1.2924210e+00
   9.9456093e+01   8.5000000e+01   1.2924210e+00
   9.9466093e+01   8.5000000e+01   1.2924210e+00
   9.9476093e+01   8.5000000e+01   1.2924210e+00
   9.9486093e+01   8.5000000e+01   1.2924210e+00
   9.9496093e+01   8.5000000e+01   1.2924210e+00
   9.9506093e+01   8.5000000e+01   1.2924210e+00
   9.9516093e+01   8.5000000e+01   1.2924210e+00
   9.9526093e+01   8.5000000e+01   1.2924210e+00
   9.9536093e+01   8.5000000e+01   1.2924210e+00
   9.9546093e+01   8.5000000e+01   1.2924210e+00
   9.9556093e+01   8.5000000e+01   1.2924210e+00
   9.9566093e+01   8.5000000e+01   1.2924210e+00
   9.9576093e+01   8.5000000e+01   1.2924210e+00
   9.9586093e+01   8.5000000e+01   1.2924210e+00
   9.9596093e+01   8.5000000e+01   1.2924210e+00
   9.9606093e+01   8.5000000e+01   1.2924210e+00
   9.9616093e+01   8.5000000e+01   1.2924210e+00
   9.9626093e+01   8.5000000e+01   1.2924210e+00
   9.9636093e+01   8.5000000e+01   1.2924210e+00
   9.9646093e+01   8.5000000e+01   1.2924210e+00
   9.9656093e+01   8.5000000e+01   1.2924210e+00
   9.9666093e+01   8.5000000e+01   1.2924210e+00
   9.9676093e+01   8.5000000e+01   1.2924210e+00
   9.9686093e+01   8.5000000e+01   1.2924210e+00
   9.9696093e+01   8.5000000e+01   1.2924210e+00
   9.9706093e+01   8.5000000e+01   1.2924210e+00
   9.9716093e+01   8.5000000e+01   1.2924210e+00
   9.9726093e+01   8.5000000e+01   1.2924210e+00
   9.9736093e+01   8.5000000e+01   1.2924210e+00
   9.9746093e+01   8.5000000e+01   1.2924210e+00
   9.9756093e+01   8.5000000e+01   1.2924210e+00
   9.9766093e+01   8.5000000e+01   1.2924210e+00
   9.9776093e+01   8.5000000e+01   1.2924210e+00
   9.9786093e+01   8.5000000e+01   1.2924210e+00
   9.9796093e+01   8.5000000e+01   1.2924210e+00
   9.9806093e+01   8.5000000e+01   1.2924210e+00
   9.9816093e+01   8.5000000e+01   1.2924210e+00
   9.9826093e+01   8.5000000e+01   1.2924210e+00
   9.9836093e+01   8.5000000e+01   1.2924210e+00
   9.9846093e+01   8.5000000e+01   1.2924210e+00
   9.9856093e+01   8.5000000e+01   1.2924210e+00
   9.9866093e+01   8.5000000e+01   1.2924210e+00
   9.9876093e+01   8.5000000e+01   1.2924210e+00
   9.9886093e+01   8.5000000e+01   1.2924210e+00
   9.9896093e+01   8.5000000e+01   1.2924210e+00
   9.9906093e+01   8.5000000e+01   1.2924210e+00
   9.9916093e+01   8.5000000e+01   1.2924210e+00
   9.9926093e+01   8.5000000e+01   1.2924210e+00
   9.9936093e+01   8.5000000e+01   1.2924210e+00
   9.9946093e+01   8.5000000e+01   1.2924210e+00
   9.9956093e+01   8.5000000e+01   1.2924210e+00
   9.9966093e+01   8.5000000e+01   1.2924210e+00
   9.9976093e+01   8.5000000e+01   1.2924210e+00
   9.9986093e+01   8.5000000e+01   1.2924210e+00
   9.9996093e+01   8.5000000e+01   1.2924210e+00
   1.0000609e+02   8.5000000e+01   1.2924210e+00
   1.0001609e+02   8.5000000e+01   1.2924210e+00
   1.0002609e+02   8.5000000e+01   1.2924210e+00
   1.0003609e+02   8.5000000e+01   1.2924210e+00
   1.0004609e+02   8.5000000e+01   1.2924210e+00
   1.0005609e+02   8.5000000e+01   1.2924210e+00
   1.0006609e+02   8.5000000e+01   1.2924210e+00
   1.0007609e+02   8.5000000e+01   1.2924210e+00
   1.0008609e+02   8.5000000e+01   1.2924210e+00
   1.0009609e+02   8.5000000e+01   1.2924210e+00
   1.0010609e+02   8.5000000e+01   1.2924210e+00
   1.0011609e+02   8.5000000e+01   1.2924210e+00
   1.0012609e+02   8.5000000e+01   1.2924210e+00
   1.0013609e+02   8.5000000e+01   1.2924210e+00
   1.0013676e+02   8.5000000e+01   1.2924210e+00
   1.0013676e+02   8.6000000e+01   1.0368276e+00
   1.0013676e+02   8.6000000e+01   1.0368276e+00
   1.0014676e+02   8.6000000e+01   1.0368276e+00
   1.0015676e+02   8.6000000e+01   1.0368276e+00
   1.0016676e+02   8.6000000e+01   1.0368276e+00
   1.0017676e+02   8.6000000e+01   1.0368276e+00
   1.0018676e+02   8.6000000e+01   1.0368276e+00
   1.0019676e+02   8.6000000e+01   1.0368276e+00
   1.0020676e+02   8.6000000e+01   1.0368276e+00
   1.0021676e+02   8.6000000e+01   1.0368276e+00
   1.0022676e+02   8.6000000e+01   1.0368276e+00
   1.0023676e+02   8.6000000e+01   1.0368276e+00
   1.0024676e+02   8.6000000e+01   1.0368276e+00
   1.0025676e+02   8.6000000e+01   1.0368276e+00
   1.0026676e+02   8.6000000e+01   1.0368276e+00
   1.0027676e+02   8.6000000e+01   1.0368276e+00
   1.0028676e+02   8.6000000e+01   1.0368276e+00
   1.0029676e+02   8.6000000e+01   1.0368276e+00
   1.0030676e+02   8.6000000e+01   1.0368276e+00
   1.0031676e+02   8.6000000e+01   1.0368276e+00
   1.0032676e+02   8.6000000e+01   1.0368276e+00
   1.0033676e+02   8.6000000e+01   1.0368276e+00
   1.0034676e+02   8.6000000e+01   1.0368276e+00
   1.0035676e+02   8.6000000e+01   1.0368276e+00
   1.0036676e+02   8.6000000e+01   1.0368276e+00
   1.0037676e+02   8.6000000e+01   1.0368276e+00
   1.0038676e+02   8.6000000e+01   1.0368276e+00
   1.0039676e+02   8.6000000e+01   1.0368276e+00
   1.0040676e+02   8.6000000e+01   1.0368276e+00
   1.0041676e+02   8.6000000e+01   1.0368276e+00
   1.0042676e+02   8.6000000e+01   1.0368276e+00
   1.0043676e+02   8.6000000e+01   1.0368276e+00
   1.0044676e+02   8.6000000e+01   1.0368276e+00
   1.0045676e+02   8.6000000e+01   1.0368276e+00
   1.0046676e+02   8.6000000e+01   1.0368276e+00
   1.0047676e+02   8.6000000e+01   1.0368276e+00
   1.0048676e+02   8.6000000e+01   1.0368276e+00
   1.0049676e+02   8.6000000e+01   1.0368276e+00
   1.0050676e+02   8.6000000e+01   1.0368276e+00
   1.0051676e+02   8.6000000e+01   1.0368276e+00
   1.0052676e+02   8.6000000e+01   1.0368276e+00
   1.0053676e+02   8.6000000e+01   1.0368276e+00
   1.0054676e+02   8.6000000e+01   1.0368276e+00
   1.0055676e+02   8.6000000e+01   1.0368276e+00
   1.0056676e+02   8.6000000e+01   1.0368276e+00
   1.0057676e+02   8.6000000e+01   1.0368276e+00
   1.0058676e+02   8.6000000e+01   1.0368276e+00
   1.0059676e+02   8.6000000e+01   1.0368276e+00
   1.0060676e+02   8.6000000e+01   1.0368276e+00
   1.0061676e+02   8.6000000e+01   1.0368276e+00
   1.0062676e+02   8.6000000e+01   1.0368276e+00
   1.0063676e+02   8.6000000e+01   1.0368276e+00
   1.0064676e+02   8.6000000e+01   1.0368276e+00
   1.0065676e+02   8.6000000e+01   1.0368276e+00
   1.0066676e+02   8.6000000e+01   1.0368276e+00
   1.0067676e+02   8.6000000e+01   1.0368276e+00
   1.0068676e+02   8.6000000e+01   1.0368276e+00
   1.0069676e+02   8.6000000e+01   1.0368276e+00
   1.0070676e+02   8.6000000e+01   1.0368276e+00
   1.0071676e+02   8.6000000e+01   1.0368276e+00
   1.0072676e+02   8.6000000e+01   1.0368276e+00
   1.0073676e+02   8.6000000e+01   1.0368276e+00
   1.0074676e+02   8.6000000e+01   1.0368276e+00
   1.0075676e+02   8.6000000e+01   1.0368276e+00
   1.0076676e+02   8.6000000e+01   1.0368276e+00
   1.0077676e+02   8.6000000e+01   1.0368276e+00
   1.0078676e+02   8.6000000e+01   1.0368276e+00
   1.0079676e+02   8.6000000e+01   1.0368276e+00
   1.0080676e+02   8.6000000e+01   1.0368276e+00
   1.0081676e+02   8.6000000e+01   1.0368276e+00
   1.0082676e+02   8.6000000e+01   1.0368276e+00
   1.0083676e+02   8.6000000e+01   1.0368276e+00
   1.0084676e+02   8.6000000e+01   1.0368276e+00
   1.0085676e+02   8.6000000e+01   1.0368276e+00
   1.0086676e+02   8.6000000e+01   1.0368276e+00
   1.0087676e+02   8.6000000e+01   1.0368276e+00
   1.0088676e+02   8.6000000e+01   1.0368276e+00
   1.0089676e+02   8.6000000e+01   1.0368276e+00
   1.0090676e+02   8.6000000e+01   1.0368276e+00
   1.0091676e+02   8.6000000e+01   1.0368276e+00
   1.0092676e+02   8.6000000e+01   1.0368276e+00
   1.0093676e+02   8.6000000e+01   1.0368276e+00
   1.0094676e+02   8.6000000e+01   1.0368276e+00
   1.0095676e+02   8.6000000e+01   1.0368276e+00
   1.0096676e+02   8.6000000e+01   1.0368276e+00
   1.0097676e+02   8.6000000e+01   1.0368276e+00
   1.0098676e+02   8.6000000e+01   1.0368276e+00
   1.0099676e+02   8.6000000e+01   1.0368276e+00
   1.0100676e+02   8.6000000e+01   1.0368276e+00
   1.0101676e+02   8.6000000e+01   1.0368276e+00
   1.0102676e+02   8.6000000e+01   1.0368276e+00
   1.0103676e+02   8.6000000e+01   1.0368276e+00
   1.0104676e+02   8.6000000e+01   1.0368276e+00
   1.0105676e+02   8.6000000e+01   1.0368276e+00
   1.0106676e+02   8.6000000e+01   1.0368276e+00
   1.0107676e+02   8.6000000e+01   1.0368276e+00
   1.0108676e+02   8.6000000e+01   1.0368276e+00
   1.0109676e+02   8.6000000e+01   1.0368276e+00
   1.0110676e+02   8.6000000e+01   1.0368276e+00
   1.0111676e+02   8.6000000e+01   1.0368276e+00
   1.0112676e+02   8.6000000e+01   1.0368276e+00
   1.0113676e+02   8.6000000e+01   1.0368276e+00
   1.0114676e+02   8.6000000e+01   1.0368276e+00
   1.0115676e+02   8.6000000e+01   1.0368276e+00
   1.0116676e+02   8.6000000e+01   1.0368276e+00
   1.0117676e+02   8.6000000e+01   1.0368276e+00
   1.0118676e+02   8.6000000e+01   1.0368276e+00
   1.0119676e+02   8.6000000e+01   1.0368276e+00
   1.0120676e+02   8.6000000e+01   1.0368276e+00
   1.0121676e+02   8.6000000e+01   1.0368276e+00
   1.0122676e+02   8.6000000e+01   1.0368276e+00
   1.0123676e+02   8.6000000e+01   1.0368276e+00
   1.0124676e+02   8.6000000e+01   1.0368276e+00
   1.0125676e+02   8.6000000e+01   1.0368276e+00
   1.0126676e+02   8.6000000e+01   1.0368276e+00
   1.0127676e+02   8.6000000e+01   1.0368276e+00
   1.0128676e+02   8.6000000e+01   1.0368276e+00
   1.0129676e+02   8.6000000e+01   1.0368276e+00
   1.0130676e+02   8.6000000e+01   1.0368276e+00
   1.0131676e+02   8.6000000e+01   1.0368276e+00
   1.0132676e+02   8.6000000e+01   1.0368276e+00
   1.0133676e+02   8.6000000e+01   1.0368276e+00
   1.0134676e+02   8.6000000e+01   1.0368276e+00
   1.0135676e+02   8.6000000e+01   1.0368276e+00
   1.0136676e+02   8.6000000e+01   1.0368276e+00
   1.0137676e+02   8.6000000e+01   1.0368276e+00
   1.0138676e+02   8.6000000e+01   1.0368276e+00
   1.0139676e+02   8.6000000e+01   1.0368276e+00
   1.0140676e+02   8.6000000e+01   1.0368276e+00
   1.0141676e+02   8.6000000e+01   1.0368276e+00
   1.0142676e+02   8.6000000e+01   1.0368276e+00
   1.0143676e+02   8.6000000e+01   1.0368276e+00
   1.0144676e+02   8.6000000e+01   1.0368276e+00
   1.0145676e+02   8.6000000e+01   1.0368276e+00
   1.0146676e+02   8.6000000e+01   1.0368276e+00
   1.0147676e+02   8.6000000e+01   1.0368276e+00
   1.0148676e+02   8.6000000e+01   1.0368276e+00
   1.0149676e+02   8.6000000e+01   1.0368276e+00
   1.0150676e+02   8.6000000e+01   1.0368276e+00
   1.0151676e+02   8.6000000e+01   1.0368276e+00
   1.0152676e+02   8.6000000e+01   1.0368276e+00
   1.0153676e+02   8.6000000e+01   1.0368276e+00
   1.0154676e+02   8.6000000e+01   1.0368276e+00
   1.0155676e+02   8.6000000e+01   1.0368276e+00
   1.0156676e+02   8.6000000e+01   1.0368276e+00
   1.0157676e+02   8.6000000e+01   1.0368276e+00
   1.0158676e+02   8.6000000e+01   1.0368276e+00
   1.0159676e+02   8.6000000e+01   1.0368276e+00
   1.0160676e+02   8.6000000e+01   1.0368276e+00
   1.0161676e+02   8.6000000e+01   1.0368276e+00
   1.0162676e+02   8.6000000e+01   1.0368276e+00
   1.0163676e+02   8.6000000e+01   1.0368276e+00
   1.0164676e+02   8.6000000e+01   1.0368276e+00
   1.0165676e+02   8.6000000e+01   1.0368276e+00
   1.0166676e+02   8.6000000e+01   1.0368276e+00
   1.0167676e+02   8.6000000e+01   1.0368276e+00
   1.0168676e+02   8.6000000e+01   1.0368276e+00
   1.0169676e+02   8.6000000e+01   1.0368276e+00
   1.0170676e+02   8.6000000e+01   1.0368276e+00
   1.0171676e+02   8.6000000e+01   1.0368276e+00
   1.0172676e+02   8.6000000e+01   1.0368276e+00
   1.0173676e+02   8.6000000e+01   1.0368276e+00
   1.0174676e+02   8.6000000e+01   1.0368276e+00
   1.0175676e+02   8.6000000e+01   1.0368276e+00
   1.0176676e+02   8.6000000e+01   1.0368276e+00
   1.0177676e+02   8.6000000e+01   1.0368276e+00
   1.0178676e+02   8.6000000e+01   1.0368276e+00
   1.0179676e+02   8.6000000e+01   1.0368276e+00
   1.0180676e+02   8.6000000e+01   1.0368276e+00
   1.0181676e+02   8.6000000e+01   1.0368276e+00
   1.0182676e+02   8.6000000e+01   1.0368276e+00
   1.0183676e+02   8.6000000e+01   1.0368276e+00
   1.0184676e+02   8.6000000e+01   1.0368276e+00
   1.0185676e+02   8.6000000e+01   1.0368276e+00
   1.0186676e+02   8.6000000e+01   1.0368276e+00
   1.0187676e+02   8.6000000e+01   1.0368276e+00
   1.0188676e+02   8.6000000e+01   1.0368276e+00
   1.0189676e+02   8.6000000e+01   1.0368276e+00
   1.0190676e+02   8.6000000e+01   1.0368276e+00
   1.0191676e+02   8.6000000e+01   1.0368276e+00
   1.0192676e+02   8.6000000e+01   1.0368276e+00
   1.0193676e+02   8.6000000e+01   1.0368276e+00
   1.0194676e+02   8.6000000e+01   1.0368276e+00
   1.0195676e+02   8.6000000e+01   1.0368276e+00
   1.0196676e+02   8.6000000e+01   1.0368276e+00
   1.0196937e+02   8.6000000e+01   1.0368276e+00
   1.0196937e+02   8.7000000e+01   7.7938176e-01
   1.0196937e+02   8.7000000e+01   7.7938176e-01
   1.0197937e+02   8.7000000e+01   7.7938176e-01
   1.0198937e+02   8.7000000e+01   7.7938176e-01
   1.0199937e+02   8.7000000e+01   7.7938176e-01
   1.0200937e+02   8.7000000e+01   7.7938176e-01
   1.0201937e+02   8.7000000e+01   7.7938176e-01
   1.0202937e+02   8.7000000e+01   7.7938176e-01
   1.0203937e+02   8.7000000e+01   7.7938176e-01
   1.0204937e+02   8.7000000e+01   7.7938176e-01
   1.0205937e+02   8.7000000e+01   7.7938176e-01
   1.0206937e+02   8.7000000e+01   7.7938176e-01
   1.0207937e+02   8.7000000e+01   7.7938176e-01
   1.0208937e+02   8.7000000e+01   7.7938176e-01
   1.0209937e+02   8.7000000e+01   7.7938176e-01
   1.0210937e+02   8.7000000e+01   7.7938176e-01
   1.0211937e+02   8.7000000e+01   7.7938176e-01
   1.0212937e+02   8.7000000e+01   7.7938176e-01
   1.0213937e+02   8.7000000e+01   7.7938176e-01
   1.0214937e+02   8.7000000e+01   7.7938176e-01
   1.0215937e+02   8.7000000e+01   7.7938176e-01
   1.0216937e+02   8.7000000e+01   7.7938176e-01
   1.0217937e+02   8.7000000e+01   7.7938176e-01
   1.0218937e+02   8.7000000e+01   7.7938176e-01
   1.0219937e+02   8.7000000e+01   7.7938176e-01
   1.0220937e+02   8.7000000e+01   7.7938176e-01
   1.0221937e+02   8.7000000e+01   7.7938176e-01
   1.0222937e+02   8.7000000e+01   7.7938176e-01
   1.0223937e+02   8.7000000e+01   7.7938176e-01
   1.0224937e+02   8.7000000e+01   7.7938176e-01
   1.0225937e+02   8.7000000e+01   7.7938176e-01
   1.0226937e+02   8.7000000e+01   7.7938176e-01
   1.0227937e+02   8.7000000e+01   7.7938176e-01
   1.0228937e+02   8.7000000e+01   7.7938176e-01
   1.0229937e+02   8.7000000e+01   7.7938176e-01
   1.0230937e+02   8.7000000e+01   7.7938176e-01
   1.0231937e+02   8.7000000e+01   7.7938176e-01
   1.0232937e+02   8.7000000e+01   7.7938176e-01
   1.0233937e+02   8.7000000e+01   7.7938176e-01
   1.0234937e+02   8.7000000e+01   7.7938176e-01
   1.0235937e+02   8.7000000e+01   7.7938176e-01
   1.0236937e+02   8.7000000e+01   7.7938176e-01
   1.0237937e+02   8.7000000e+01   7.7938176e-01
   1.0238937e+02   8.7000000e+01   7.7938176e-01
   1.0239937e+02   8.7000000e+01   7.7938176e-01
   1.0240937e+02   8.7000000e+01   7.7938176e-01
   1.0241937e+02   8.7000000e+01   7.7938176e-01
   1.0242937e+02   8.7000000e+01   7.7938176e-01
   1.0243937e+02   8.7000000e+01   7.7938176e-01
   1.0244937e+02   8.7000000e+01   7.7938176e-01
   1.0245937e+02   8.7000000e+01   7.7938176e-01
   1.0246937e+02   8.7000000e+01   7.7938176e-01
   1.0247937e+02   8.7000000e+01   7.7938176e-01
   1.0248937e+02   8.7000000e+01   7.7938176e-01
   1.0249937e+02   8.7000000e+01   7.7938176e-01
   1.0250937e+02   8.7000000e+01   7.7938176e-01
   1.0251937e+02   8.7000000e+01   7.7938176e-01
   1.0252937e+02   8.7000000e+01   7.7938176e-01
   1.0253937e+02   8.7000000e+01   7.7938176e-01
   1.0254937e+02   8.7000000e+01   7.7938176e-01
   1.0255937e+02   8.7000000e+01   7.7938176e-01
   1.0256937e+02   8.7000000e+01   7.7938176e-01
   1.0257937e+02   8.7000000e+01   7.7938176e-01
   1.0258937e+02   8.7000000e+01   7.7938176e-01
   1.0259937e+02   8.7000000e+01   7.7938176e-01
   1.0260937e+02   8.7000000e+01   7.7938176e-01
   1.0261937e+02   8.7000000e+01   7.7938176e-01
   1.0262937e+02   8.7000000e+01   7.7938176e-01
   1.0263937e+02   8.7000000e+01   7.7938176e-01
   1.0264937e+02   8.7000000e+01   7.7938176e-01
   1.0265937e+02   8.7000000e+01   7.7938176e-01
   1.0266937e+02   8.7000000e+01   7.7938176e-01
   1.0267937e+02   8.7000000e+01   7.7938176e-01
   1.0268937e+02   8.7000000e+01   7.7938176e-01
   1.0269937e+02   8.7000000e+01   7.7938176e-01
   1.0270937e+02   8.7000000e+01   7.7938176e-01
   1.0271937e+02   8.7000000e+01   7.7938176e-01
   1.0272937e+02   8.7000000e+01   7.7938176e-01
   1.0273937e+02   8.7000000e+01   7.7938176e-01
   1.0274937e+02   8.7000000e+01   7.7938176e-01
   1.0275937e+02   8.7000000e+01   7.7938176e-01
   1.0276937e+02   8.7000000e+01   7.7938176e-01
   1.0277937e+02   8.7000000e+01   7.7938176e-01
   1.0278937e+02   8.7000000e+01   7.7938176e-01
   1.0279937e+02   8.7000000e+01   7.7938176e-01
   1.0280937e+02   8.7000000e+01   7.7938176e-01
   1.0281937e+02   8.7000000e+01   7.7938176e-01
   1.0282937e+02   8.7000000e+01   7.7938176e-01
   1.0283937e+02   8.7000000e+01   7.7938176e-01
   1.0284937e+02   8.7000000e+01   7.7938176e-01
   1.0285937e+02   8.7000000e+01   7.7938176e-01
   1.0286937e+02   8.7000000e+01   7.7938176e-01
   1.0287937e+02   8.7000000e+01   7.7938176e-01
   1.0288937e+02   8.7000000e+01   7.7938176e-01
   1.0289937e+02   8.7000000e+01   7.7938176e-01
   1.0290937e+02   8.7000000e+01   7.7938176e-01
   1.0291937e+02   8.7000000e+01   7.7938176e-01
   1.0292937e+02   8.7000000e+01   7.7938176e-01
   1.0293937e+02   8.7000000e+01   7.7938176e-01
   1.0294937e+02   8.7000000e+01   7.7938176e-01
   1.0295937e+02   8.7000000e+01   7.7938176e-01
   1.0296937e+02   8.7000000e+01   7.7938176e-01
   1.0297937e+02   8.7000000e+01   7.7938176e-01
   1.0298937e+02   8.7000000e+01   7.7938176e-01
   1.0299937e+02   8.7000000e+01   7.7938176e-01
   1.0300937e+02   8.7000000e+01   7.7938176e-01
   1.0301937e+02   8.7000000e+01   7.7938176e-01
   1.0302937e+02   8.7000000e+01   7.7938176e-01
   1.0303937e+02   8.7000000e+01   7.7938176e-01
   1.0304937e+02   8.7000000e+01   7.7938176e-01
   1.0305937e+02   8.7000000e+01   7.7938176e-01
   1.0306937e+02   8.7000000e+01   7.7938176e-01
   1.0307937e+02   8.7000000e+01   7.7938176e-01
   1.0308937e+02   8.7000000e+01   7.7938176e-01
   1.0309937e+02   8.7000000e+01   7.7938176e-01
   1.0310937e+02   8.7000000e+01   7.7938176e-01
   1.0311937e+02   8.7000000e+01   7.7938176e-01
   1.0312937e+02   8.7000000e+01   7.7938176e-01
   1.0313937e+02   8.7000000e+01   7.7938176e-01
   1.0314937e+02   8.7000000e+01   7.7938176e-01
   1.0315937e+02   8.7000000e+01   7.7938176e-01
   1.0316937e+02   8.7000000e+01   7.7938176e-01
   1.0317937e+02   8.7000000e+01   7.7938176e-01
   1.0318937e+02   8.7000000e+01   7.7938176e-01
   1.0319937e+02   8.7000000e+01   7.7938176e-01
   1.0320937e+02   8.7000000e+01   7.7938176e-01
   1.0321937e+02   8.7000000e+01   7.7938176e-01
   1.0322937e+02   8.7000000e+01   7.7938176e-01
   1.0323937e+02   8.7000000e+01   7.7938176e-01
   1.0324937e+02   8.7000000e+01   7.7938176e-01
   1.0325937e+02   8.7000000e+01   7.7938176e-01
   1.0326937e+02   8.7000000e+01   7.7938176e-01
   1.0327937e+02   8.7000000e+01   7.7938176e-01
   1.0328937e+02   8.7000000e+01   7.7938176e-01
   1.0329937e+02   8.7000000e+01   7.7938176e-01
   1.0330937e+02   8.7000000e+01   7.7938176e-01
   1.0331937e+02   8.7000000e+01   7.7938176e-01
   1.0332937e+02   8.7000000e+01   7.7938176e-01
   1.0333937e+02   8.7000000e+01   7.7938176e-01
   1.0334937e+02   8.7000000e+01   7.7938176e-01
   1.0335937e+02   8.7000000e+01   7.7938176e-01
   1.0336937e+02   8.7000000e+01   7.7938176e-01
   1.0337937e+02   8.7000000e+01   7.7938176e-01
   1.0338937e+02   8.7000000e+01   7.7938176e-01
   1.0339937e+02   8.7000000e+01   7.7938176e-01
   1.0340937e+02   8.7000000e+01   7.7938176e-01
   1.0341937e+02   8.7000000e+01   7.7938176e-01
   1.0342937e+02   8.7000000e+01   7.7938176e-01
   1.0343937e+02   8.7000000e+01   7.7938176e-01
   1.0344937e+02   8.7000000e+01   7.7938176e-01
   1.0345937e+02   8.7000000e+01   7.7938176e-01
   1.0346937e+02   8.7000000e+01   7.7938176e-01
   1.0347937e+02   8.7000000e+01   7.7938176e-01
   1.0348937e+02   8.7000000e+01   7.7938176e-01
   1.0349937e+02   8.7000000e+01   7.7938176e-01
   1.0350937e+02   8.7000000e+01   7.7938176e-01
   1.0351937e+02   8.7000000e+01   7.7938176e-01
   1.0352937e+02   8.7000000e+01   7.7938176e-01
   1.0353937e+02   8.7000000e+01   7.7938176e-01
   1.0354937e+02   8.7000000e+01   7.7938176e-01
   1.0355937e+02   8.7000000e+01   7.7938176e-01
   1.0356937e+02   8.7000000e+01   7.7938176e-01
   1.0357937e+02   8.7000000e+01   7.7938176e-01
   1.0358937e+02   8.7000000e+01   7.7938176e-01
   1.0359937e+02   8.7000000e+01   7.7938176e-01
   1.0360937e+02   8.7000000e+01   7.7938176e-01
   1.0361937e+02   8.7000000e+01   7.7938176e-01
   1.0362937e+02   8.7000000e+01   7.7938176e-01
   1.0363937e+02   8.7000000e+01   7.7938176e-01
   1.0364937e+02   8.7000000e+01   7.7938176e-01
   1.0365937e+02   8.7000000e+01   7.7938176e-01
   1.0366937e+02   8.7000000e+01   7.7938176e-01
   1.0367937e+02   8.7000000e+01   7.7938176e-01
   1.0368937e+02   8.7000000e+01   7.7938176e-01
   1.0369937e+02   8.7000000e+01   7.7938176e-01
   1.0370937e+02   8.7000000e+01   7.7938176e-01
   1.0371937e+02   8.7000000e+01   7.7938176e-01
   1.0372937e+02   8.7000000e+01   7.7938176e-01
   1.0373937e+02   8.7000000e+01   7.7938176e-01
   1.0374937e+02   8.7000000e+01   7.7938176e-01
   1.0375937e+02   8.7000000e+01   7.7938176e-01
   1.0376937e+02   8.7000000e+01   7.7938176e-01
   1.0377937e+02   8.7000000e+01   7.7938176e-01
   1.0378937e+02   8.7000000e+01   7.7938176e-01
   1.0379937e+02   8.7000000e+01   7.7938176e-01
   1.0380337e+02   8.7000000e+01   7.7938176e-01
   1.0380337e+02   8.8000000e+01   5.2047247e-01
   1.0380337e+02   8.8000000e+01   5.2047247e-01
   1.0381337e+02   8.8000000e+01   5.2047247e-01
   1.0382337e+02   8.8000000e+01   5.2047247e-01
   1.0383337e+02   8.8000000e+01   5.2047247e-01
   1.0384337e+02   8.8000000e+01   5.2047247e-01
   1.0385337e+02   8.8000000e+01   5.2047247e-01
   1.0386337e+02   8.8000000e+01   5.2047247e-01
   1.0387337e+02   8.8000000e+01   5.2047247e-01
   1.0388337e+02   8.8000000e+01   5.2047247e-01
   1.0389337e+02   8.8000000e+01   5.2047247e-01
   1.0390337e+02   8.8000000e+01   5.2047247e-01
   1.0391337e+02   8.8000000e+01   5.2047247e-01
   1.0392337e+02   8.8000000e+01   5.2047247e-01
   1.0393337e+02   8.8000000e+01   5.2047247e-01
   1.0394337e+02   8.8000000e+01   5.2047247e-01
   1.0395337e+02   8.8000000e+01   5.2047247e-01
   1.0396337e+02   8.8000000e+01   5.2047247e-01
   1.0397337e+02   8.8000000e+01   5.2047247e-01
   1.0398337e+02   8.8000000e+01   5.2047247e-01
   1.0399337e+02   8.8000000e+01   5.2047247e-01
   1.0400337e+02   8.8000000e+01   5.2047247e-01
   1.0401337e+02   8.8000000e+01   5.2047247e-01
   1.0402337e+02   8.8000000e+01   5.2047247e-01
   1.0403337e+02   8.8000000e+01   5.2047247e-01
   1.0404337e+02   8.8000000e+01   5.2047247e-01
   1.0405337e+02   8.8000000e+01   5.2047247e-01
   1.0406337e+02   8.8000000e+01   5.2047247e-01
   1.0407337e+02   8.8000000e+01   5.2047247e-01
   1.0408337e+02   8.8000000e+01   5.2047247e-01
   1.0409337e+02   8.8000000e+01   5.2047247e-01
   1.0410337e+02   8.8000000e+01   5.2047247e-01
   1.0411337e+02   8.8000000e+01   5.2047247e-01
   1.0412337e+02   8.8000000e+01   5.2047247e-01
   1.0413337e+02   8.8000000e+01   5.2047247e-01
   1.0414337e+02   8.8000000e+01   5.2047247e-01
   1.0415337e+02   8.8000000e+01   5.2047247e-01
   1.0416337e+02   8.8000000e+01   5.2047247e-01
   1.0417337e+02   8.8000000e+01   5.2047247e-01
   1.0418337e+02   8.8000000e+01   5.2047247e-01
   1.0419337e+02   8.8000000e+01   5.2047247e-01
   1.0420337e+02   8.8000000e+01   5.2047247e-01
   1.0421337e+02   8.8000000e+01   5.2047247e-01
   1.0422337e+02   8.8000000e+01   5.2047247e-01
   1.0423337e+02   8.8000000e+01   5.2047247e-01
   1.0424337e+02   8.8000000e+01   5.2047247e-01
   1.0425337e+02   8.8000000e+01   5.2047247e-01
   1.0426337e+02   8.8000000e+01   5.2047247e-01
   1.0427337e+02   8.8000000e+01   5.2047247e-01
   1.0428337e+02   8.8000000e+01   5.2047247e-01
   1.0429337e+02   8.8000000e+01   5.2047247e-01
   1.0430337e+02   8.8000000e+01   5.2047247e-01
   1.0431337e+02   8.8000000e+01   5.2047247e-01
   1.0432337e+02   8.8000000e+01   5.2047247e-01
   1.0433337e+02   8.8000000e+01   5.2047247e-01
   1.0434337e+02   8.8000000e+01   5.2047247e-01
   1.0435337e+02   8.8000000e+01   5.2047247e-01
   1.0436337e+02   8.8000000e+01   5.2047247e-01
   1.0437337e+02   8.8000000e+01   5.2047247e-01
   1.0438337e+02   8.8000000e+01   5.2047247e-01
   1.0439337e+02   8.8000000e+01   5.2047247e-01
   1.0440337e+02   8.8000000e+01   5.2047247e-01
   1.0441337e+02   8.8000000e+01   5.2047247e-01
   1.0442337e+02   8.8000000e+01   5.2047247e-01
   1.0443337e+02   8.8000000e+01   5.2047247e-01
   1.0444337e+02   8.8000000e+01   5.2047247e-01
   1.0445337e+02   8.8000000e+01   5.2047247e-01
   1.0446337e+02   8.8000000e+01   5.2047247e-01
   1.0447337e+02   8.8000000e+01   5.2047247e-01
   1.0448337e+02   8.8000000e+01   5.2047247e-01
   1.0449337e+02   8.8000000e+01   5.2047247e-01
   1.0450337e+02   8.8000000e+01   5.2047247e-01
   1.0451337e+02   8.8000000e+01   5.2047247e-01
   1.0452337e+02   8.8000000e+01   5.2047247e-01
   1.0453337e+02   8.8000000e+01   5.2047247e-01
   1.0454337e+02   8.8000000e+01   5.2047247e-01
   1.0455337e+02   8.8000000e+01   5.2047247e-01
   1.0456337e+02   8.8000000e+01   5.2047247e-01
   1.0457337e+02   8.8000000e+01   5.2047247e-01
   1.0458337e+02   8.8000000e+01   5.2047247e-01
   1.0459337e+02   8.8000000e+01   5.2047247e-01
   1.0460337e+02   8.8000000e+01   5.2047247e-01
   1.0461337e+02   8.8000000e+01   5.2047247e-01
   1.0462337e+02   8.8000000e+01   5.2047247e-01
   1.0463337e+02   8.8000000e+01   5.2047247e-01
   1.0464337e+02   8.8000000e+01   5.2047247e-01
   1.0465337e+02   8.8000000e+01   5.2047247e-01
   1.0466337e+02   8.8000000e+01   5.2047247e-01
   1.0467337e+02   8.8000000e+01   5.2047247e-01
   1.0468337e+02   8.8000000e+01   5.2047247e-01
   1.0469337e+02   8.8000000e+01   5.2047247e-01
   1.0470337e+02   8.8000000e+01   5.2047247e-01
   1.0471337e+02   8.8000000e+01   5.2047247e-01
   1.0472337e+02   8.8000000e+01   5.2047247e-01
   1.0473337e+02   8.8000000e+01   5.2047247e-01
   1.0474337e+02   8.8000000e+01   5.2047247e-01
   1.0475337e+02   8.8000000e+01   5.2047247e-01
   1.0476337e+02   8.8000000e+01   5.2047247e-01
   1.0477337e+02   8.8000000e+01   5.2047247e-01
   1.0478337e+02   8.8000000e+01   5.2047247e-01
   1.0479337e+02   8.8000000e+01   5.2047247e-01
   1.0480337e+02   8.8000000e+01   5.2047247e-01
   1.0481337e+02   8.8000000e+01   5.2047247e-01
   1.0482337e+02   8.8000000e+01   5.2047247e-01
   1.0483337e+02   8.8000000e+01   5.2047247e-01
   1.0484337e+02   8.8000000e+01   5.2047247e-01
   1.0485337e+02   8.8000000e+01   5.2047247e-01
   1.0486337e+02   8.8000000e+01   5.2047247e-01
   1.0487337e+02   8.8000000e+01   5.2047247e-01
   1.0488337e+02   8.8000000e+01   5.2047247e-01
   1.0489337e+02   8.8000000e+01   5.2047247e-01
   1.0490337e+02   8.8000000e+01   5.2047247e-01
   1.0491337e+02   8.8000000e+01   5.2047247e-01
   1.0492337e+02   8.8000000e+01   5.2047247e-01
   1.0493337e+02   8.8000000e+01   5.2047247e-01
   1.0494337e+02   8.8000000e+01   5.2047247e-01
   1.0495337e+02   8.8000000e+01   5.2047247e-01
   1.0496337e+02   8.8000000e+01   5.2047247e-01
   1.0497337e+02   8.8000000e+01   5.2047247e-01
   1.0498337e+02   8.8000000e+01   5.2047247e-01
   1.0499337e+02   8.8000000e+01   5.2047247e-01
   1.0500337e+02   8.8000000e+01   5.2047247e-01
   1.0501337e+02   8.8000000e+01   5.2047247e-01
   1.0502337e+02   8.8000000e+01   5.2047247e-01
   1.0503337e+02   8.8000000e+01   5.2047247e-01
   1.0504337e+02   8.8000000e+01   5.2047247e-01
   1.0505337e+02   8.8000000e+01   5.2047247e-01
   1.0506337e+02   8.8000000e+01   5.2047247e-01
   1.0507337e+02   8.8000000e+01   5.2047247e-01
   1.0508337e+02   8.8000000e+01   5.2047247e-01
   1.0509337e+02   8.8000000e+01   5.2047247e-01
   1.0510337e+02   8.8000000e+01   5.2047247e-01
   1.0511337e+02   8.8000000e+01   5.2047247e-01
   1.0512337e+02   8.8000000e+01   5.2047247e-01
   1.0513337e+02   8.8000000e+01   5.2047247e-01
   1.0514337e+02   8.8000000e+01   5.2047247e-01
   1.0515337e+02   8.8000000e+01   5.2047247e-01
   1.0516337e+02   8.8000000e+01   5.2047247e-01
   1.0517337e+02   8.8000000e+01   5.2047247e-01
   1.0518337e+02   8.8000000e+01   5.2047247e-01
   1.0519337e+02   8.8000000e+01   5.2047247e-01
   1.0520337e+02   8.8000000e+01   5.2047247e-01
   1.0521337e+02   8.8000000e+01   5.2047247e-01
   1.0522337e+02   8.8000000e+01   5.2047247e-01
   1.0523337e+02   8.8000000e+01   5.2047247e-01
   1.0524337e+02   8.8000000e+01   5.2047247e-01
   1.0525337e+02   8.8000000e+01   5.2047247e-01
   1.0526337e+02   8.8000000e+01   5.2047247e-01
   1.0527337e+02   8.8000000e+01   5.2047247e-01
   1.0528337e+02   8.8000000e+01   5.2047247e-01
   1.0529337e+02   8.8000000e+01   5.2047247e-01
   1.0530337e+02   8.8000000e+01   5.2047247e-01
   1.0531337e+02   8.8000000e+01   5.2047247e-01
   1.0532337e+02   8.8000000e+01   5.2047247e-01
   1.0533337e+02   8.8000000e+01   5.2047247e-01
   1.0534337e+02   8.8000000e+01   5.2047247e-01
   1.0535337e+02   8.8000000e+01   5.2047247e-01
   1.0536337e+02   8.8000000e+01   5.2047247e-01
   1.0537337e+02   8.8000000e+01   5.2047247e-01
   1.0538337e+02   8.8000000e+01   5.2047247e-01
   1.0539337e+02   8.8000000e+01   5.2047247e-01
   1.0540337e+02   8.8000000e+01   5.2047247e-01
   1.0541337e+02   8.8000000e+01   5.2047247e-01
   1.0542337e+02   8.8000000e+01   5.2047247e-01
   1.0543337e+02   8.8000000e+01   5.2047247e-01
   1.0544337e+02   8.8000000e+01   5.2047247e-01
   1.0545337e+02   8.8000000e+01   5.2047247e-01
   1.0546337e+02   8.8000000e+01   5.2047247e-01
   1.0547337e+02   8.8000000e+01   5.2047247e-01
   1.0548337e+02   8.8000000e+01   5.2047247e-01
   1.0549337e+02   8.8000000e+01   5.2047247e-01
   1.0550337e+02   8.8000000e+01   5.2047247e-01
   1.0551337e+02   8.8000000e+01   5.2047247e-01
   1.0552337e+02   8.8000000e+01   5.2047247e-01
   1.0553337e+02   8.8000000e+01   5.2047247e-01
   1.0554337e+02   8.8000000e+01   5.2047247e-01
   1.0555337e+02   8.8000000e+01   5.2047247e-01
   1.0556337e+02   8.8000000e+01   5.2047247e-01
   1.0557337e+02   8.8000000e+01   5.2047247e-01
   1.0558337e+02   8.8000000e+01   5.2047247e-01
   1.0559337e+02   8.8000000e+01   5.2047247e-01
   1.0560337e+02   8.8000000e+01   5.2047247e-01
   1.0561337e+02   8.8000000e+01   5.2047247e-01
   1.0562337e+02   8.8000000e+01   5.2047247e-01
   1.0563337e+02   8.8000000e+01   5.2047247e-01
   1.0563821e+02   8.8000000e+01   5.2047247e-01
   1.0563821e+02   8.9000000e+01   2.6052170e-01
   1.0563821e+02   8.9000000e+01   2.6052170e-01
   1.0564821e+02   8.9000000e+01   2.6052170e-01
   1.0565821e+02   8.9000000e+01   2.6052170e-01
   1.0566821e+02   8.9000000e+01   2.6052170e-01
   1.0567821e+02   8.9000000e+01   2.6052170e-01
   1.0568821e+02   8.9000000e+01   2.6052170e-01
   1.0569821e+02   8.9000000e+01   2.6052170e-01
   1.0570821e+02   8.9000000e+01   2.6052170e-01
   1.0571821e+02   8.9000000e+01   2.6052170e-01
   1.0572821e+02   8.9000000e+01   2.6052170e-01
   1.0573821e+02   8.9000000e+01   2.6052170e-01
   1.0574821e+02   8.9000000e+01   2.6052170e-01
   1.0575821e+02   8.9000000e+01   2.6052170e-01
   1.0576821e+02   8.9000000e+01   2.6052170e-01
   1.0577821e+02   8.9000000e+01   2.6052170e-01
   1.0578821e+02   8.9000000e+01   2.6052170e-01
   1.0579821e+02   8.9000000e+01   2.6052170e-01
   1.0580821e+02   8.9000000e+01   2.6052170e-01
   1.0581821e+02   8.9000000e+01   2.6052170e-01
   1.0582821e+02   8.9000000e+01   2.6052170e-01
   1.0583821e+02   8.9000000e+01   2.6052170e-01
   1.0584821e+02   8.9000000e+01   2.6052170e-01
   1.0585821e+02   8.9000000e+01   2.6052170e-01
   1.0586821e+02   8.9000000e+01   2.6052170e-01
   1.0587821e+02   8.9000000e+01   2.6052170e-01
   1.0588821e+02   8.9000000e+01   2.6052170e-01
   1.0589821e+02   8.9000000e+01   2.6052170e-01
   1.0590821e+02   8.9000000e+01   2.6052170e-01
   1.0591821e+02   8.9000000e+01   2.6052170e-01
   1.0592821e+02   8.9000000e+01   2.6052170e-01
   1.0593821e+02   8.9000000e+01   2.6052170e-01
   1.0594821e+02   8.9000000e+01   2.6052170e-01
   1.0595821e+02   8.9000000e+01   2.6052170e-01
   1.0596821e+02   8.9000000e+01   2.6052170e-01
   1.0597821e+02   8.9000000e+01   2.6052170e-01
   1.0598821e+02   8.9000000e+01   2.6052170e-01
   1.0599821e+02   8.9000000e+01   2.6052170e-01
   1.0600821e+02   8.9000000e+01   2.6052170e-01
   1.0601821e+02   8.9000000e+01   2.6052170e-01
   1.0602821e+02   8.9000000e+01   2.6052170e-01
   1.0603821e+02   8.9000000e+01   2.6052170e-01
   1.0604821e+02   8.9000000e+01   2.6052170e-01
   1.0605821e+02   8.9000000e+01   2.6052170e-01
   1.0606821e+02   8.9000000e+01   2.6052170e-01
   1.0607821e+02   8.9000000e+01   2.6052170e-01
   1.0608821e+02   8.9000000e+01   2.6052170e-01
   1.0609821e+02   8.9000000e+01   2.6052170e-01
   1.0610821e+02   8.9000000e+01   2.6052170e-01
   1.0611821e+02   8.9000000e+01   2.6052170e-01
   1.0612821e+02   8.9000000e+01   2.6052170e-01
   1.0613821e+02   8.9000000e+01   2.6052170e-01
   1.0614821e+02   8.9000000e+01   2.6052170e-01
   1.0615821e+02   8.9000000e+01   2.6052170e-01
   1.0616821e+02   8.9000000e+01   2.6052170e-01
   1.0617821e+02   8.9000000e+01   2.6052170e-01
   1.0618821e+02   8.9000000e+01   2.6052170e-01
   1.0619821e+02   8.9000000e+01   2.6052170e-01
   1.0620821e+02   8.9000000e+01   2.6052170e-01
   1.0621821e+02   8.9000000e+01   2.6052170e-01
   1.0622821e+02   8.9000000e+01   2.6052170e-01
   1.0623821e+02   8.9000000e+01   2.6052170e-01
   1.0624821e+02   8.9000000e+01   2.6052170e-01
   1.0625821e+02   8.9000000e+01   2.6052170e-01
   1.0626821e+02   8.9000000e+01   2.6052170e-01
   1.0627821e+02   8.9000000e+01   2.6052170e-01
   1.0628821e+02   8.9000000e+01   2.6052170e-01
   1.0629821e+02   8.9000000e+01   2.6052170e-01
   1.0630821e+02   8.9000000e+01   2.6052170e-01
   1.0631821e+02   8.9000000e+01   2.6052170e-01
   1.0632821e+02   8.9000000e+01   2.6052170e-01
   1.0633821e+02   8.9000000e+01   2.6052170e-01
   1.0634821e+02   8.9000000e+01   2.6052170e-01
   1.0635821e+02   8.9000000e+01   2.6052170e-01
   1.0636821e+02   8.9000000e+01   2.6052170e-01
   1.0637821e+02   8.9000000e+01   2.6052170e-01
   1.0638821e+02   8.9000000e+01   2.6052170e-01
   1.0639821e+02   8.9000000e+01   2.6052170e-01
   1.0640821e+02   8.9000000e+01   2.6052170e-01
   1.0641821e+02   8.9000000e+01   2.6052170e-01
   1.0642821e+02   8.9000000e+01   2.6052170e-01
   1.0643821e+02   8.9000000e+01   2.6052170e-01
   1.0644821e+02   8.9000000e+01   2.6052170e-01
   1.0645821e+02   8.9000000e+01   2.6052170e-01
   1.0646821e+02   8.9000000e+01   2.6052170e-01
   1.0647821e+02   8.9000000e+01   2.6052170e-01
   1.0648821e+02   8.9000000e+01   2.6052170e-01
   1.0649821e+02   8.9000000e+01   2.6052170e-01
   1.0650821e+02   8.9000000e+01   2.6052170e-01
   1.0651821e+02   8.9000000e+01   2.6052170e-01
   1.0652821e+02   8.9000000e+01   2.6052170e-01
   1.0653821e+02   8.9000000e+01   2.6052170e-01
   1.0654821e+02   8.9000000e+01   2.6052170e-01
   1.0655821e+02   8.9000000e+01   2.6052170e-01
   1.0656821e+02   8.9000000e+01   2.6052170e-01
   1.0657821e+02   8.9000000e+01   2.6052170e-01
   1.0658821e+02   8.9000000e+01   2.6052170e-01
   1.0659821e+02   8.9000000e+01   2.6052170e-01
   1.0660821e+02   8.9000000e+01   2.6052170e-01
   1.0661821e+02   8.9000000e+01   2.6052170e-01
   1.0662821e+02   8.9000000e+01   2.6052170e-01
   1.0663821e+02   8.9000000e+01   2.6052170e-01
   1.0664821e+02   8.9000000e+01   2.6052170e-01
   1.0665821e+02   8.9000000e+01   2.6052170e-01
   1.0666821e+02   8.9000000e+01   2.6052170e-01
   1.0667821e+02   8.9000000e+01   2.6052170e-01
   1.0668821e+02   8.9000000e+01   2.6052170e-01
   1.0669821e+02   8.9000000e+01   2.6052170e-01
   1.0670821e+02   8.9000000e+01   2.6052170e-01
   1.0671821e+02   8.9000000e+01   2.6052170e-01
   1.0672821e+02   8.9000000e+01   2.6052170e-01
   1.0673821e+02   8.9000000e+01   2.6052170e-01
   1.0674821e+02   8.9000000e+01   2.6052170e-01
   1.0675821e+02   8.9000000e+01   2.6052170e-01
   1.0676821e+02   8.9000000e+01   2.6052170e-01
   1.0677821e+02   8.9000000e+01   2.6052170e-01
   1.0678821e+02   8.9000000e+01   2.6052170e-01
   1.0679821e+02   8.9000000e+01   2.6052170e-01
   1.0680821e+02   8.9000000e+01   2.6052170e-01
   1.0681821e+02   8.9000000e+01   2.6052170e-01
   1.0682821e+02   8.9000000e+01   2.6052170e-01
   1.0683821e+02   8.9000000e+01   2.6052170e-01
   1.0684821e+02   8.9000000e+01   2.6052170e-01
   1.0685821e+02   8.9000000e+01   2.6052170e-01
   1.0686821e+02   8.9000000e+01   2.6052170e-01
   1.0687821e+02   8.9000000e+01   2.6052170e-01
   1.0688821e+02   8.9000000e+01   2.6052170e-01
   1.0689821e+02   8.9000000e+01   2.6052170e-01
   1.0690821e+02   8.9000000e+01   2.6052170e-01
   1.0691821e+02   8.9000000e+01   2.6052170e-01
   1.0692821e+02   8.9000000e+01   2.6052170e-01
   1.0693821e+02   8.9000000e+01   2.6052170e-01
   1.0694821e+02   8.9000000e+01   2.6052170e-01
   1.0695821e+02   8.9000000e+01   2.6052170e-01
   1.0696821e+02   8.9000000e+01   2.6052170e-01
   1.0697821e+02   8.9000000e+01   2.6052170e-01
   1.0698821e+02   8.9000000e+01   2.6052170e-01
   1.0699821e+02   8.9000000e+01   2.6052170e-01
   1.0700821e+02   8.9000000e+01   2.6052170e-01
   1.0701821e+02   8.9000000e+01   2.6052170e-01
   1.0702821e+02   8.9000000e+01   2.6052170e-01
   1.0703821e+02   8.9000000e+01   2.6052170e-01
   1.0704821e+02   8.9000000e+01   2.6052170e-01
   1.0705821e+02   8.9000000e+01   2.6052170e-01
   1.0706821e+02   8.9000000e+01   2.6052170e-01
   1.0707821e+02   8.9000000e+01   2.6052170e-01
   1.0708821e+02   8.9000000e+01   2.6052170e-01
   1.0709821e+02   8.9000000e+01   2.6052170e-01
   1.0710821e+02   8.9000000e+01   2.6052170e-01
   1.0711821e+02   8.9000000e+01   2.6052170e-01
   1.0712821e+02   8.9000000e+01   2.6052170e-01
   1.0713821e+02   8.9000000e+01   2.6052170e-01
   1.0714821e+02   8.9000000e+01   2.6052170e-01
   1.0715821e+02   8.9000000e+01   2.6052170e-01
   1.0716821e+02   8.9000000e+01   2.6052170e-01
   1.0717821e+02   8.9000000e+01   2.6052170e-01
   1.0718821e+02   8.9000000e+01   2.6052170e-01
   1.0719821e+02   8.9000000e+01   2.6052170e-01
   1.0720821e+02   8.9000000e+01   2.6052170e-01
   1.0721821e+02   8.9000000e+01   2.6052170e-01
   1.0722821e+02   8.9000000e+01   2.6052170e-01
   1.0723821e+02   8.9000000e+01   2.6052170e-01
   1.0724821e+02   8.9000000e+01   2.6052170e-01
   1.0725821e+02   8.9000000e+01   2.6052170e-01
   1.0726821e+02   8.9000000e+01   2.6052170e-01
   1.0727821e+02   8.9000000e+01   2.6052170e-01
   1.0728821e+02   8.9000000e+01   2.6052170e-01
   1.0729821e+02   8.9000000e+01   2.6052170e-01
   1.0730821e+02   8.9000000e+01   2.6052170e-01
   1.0731821e+02   8.9000000e+01   2.6052170e-01
   1.0732821e+02   8.9000000e+01   2.6052170e-01
   1.0733821e+02   8.9000000e+01   2.6052170e-01
   1.0734821e+02   8.9000000e+01   2.6052170e-01
   1.0735821e+02   8.9000000e+01   2.6052170e-01
   1.0736821e+02   8.9000000e+01   2.6052170e-01
   1.0737821e+02   8.9000000e+01   2.6052170e-01
   1.0738821e+02   8.9000000e+01   2.6052170e-01
   1.0739821e+02   8.9000000e+01   2.6052170e-01
   1.0740821e+02   8.9000000e+01   2.6052170e-01
   1.0741821e+02   8.9000000e+01   2.6052170e-01
   1.0742821e+02   8.9000000e+01   2.6052170e-01
   1.0743821e+02   8.9000000e+01   2.6052170e-01
   1.0744821e+02   8.9000000e+01   2.6052170e-01
   1.0745821e+02   8.9000000e+01   2.6052170e-01
   1.0746821e+02   8.9000000e+01   2.6052170e-01
   1.0747332e+02   8.9000000e+01   2.6052170e-01
   1.0747332e+02   9.0000000e+01   9.1437848e-16
