   0.0000000e+00   0.0000000e+00   0.0000000e+00
   2.0098152e-05   0.0000000e+00   0.0000000e+00
   1.2058891e-04   0.0000000e+00   0.0000000e+00
   6.2304273e-04   0.0000000e+00   0.0000000e+00
   3.1353118e-03   0.0000000e+00   0.0000000e+00
   1.3135312e-02   0.0000000e+00   0.0000000e+00
   2.3135312e-02   0.0000000e+00   0.0000000e+00
   3.2922133e-02   0.0000000e+00   0.0000000e+00
   3.2922133e-02   1.0000000e+00   2.6752677e-01
   3.2922133e-02   1.0000000e+00   2.6752677e-01
   4.2922133e-02   1.0000000e+00   2.6752677e-01
   5.2922133e-02   1.0000000e+00   2.6752677e-01
   6.2922133e-02   1.0000000e+00   2.6752677e-01
   7.2922133e-02   1.0000000e+00   2.6752677e-01
   8.2922133e-02   1.0000000e+00   2.6752677e-01
   9.2922133e-02   1.0000000e+00   2.6752677e-01
   9.4731918e-02   1.0000000e+00   2.6752677e-01
   9.4731918e-02   2.0000000e+00   4.3713511e-01
   9.4731918e-02   2.0000000e+00   4.3713511e-01
   1.0473192e-01   2.0000000e+00   4.3713511e-01
   1.1473192e-01   2.0000000e+00   4.3713511e-01
   1.2473192e-01   2.0000000e+00   4.3713511e-01
   1.3473192e-01   2.0000000e+00   4.3713511e-01
   1.4473192e-01   2.0000000e+00   4.3713511e-01
   1.5473192e-01   2.0000000e+00   4.3713511e-01
   1.6473192e-01   2.0000000e+00   4.3713511e-01
   1.7473192e-01   2.0000000e+00   4.3713511e-01
   1.8266535e-01   2.0000000e+00   4.3713511e-01
   1.8266535e-01   3.0000000e+00   5.6012565e-01
   1.8266535e-01   3.0000000e+00   5.6012565e-01
   1.9266535e-01   3.0000000e+00   5.6012565e-01
   2.0266535e-01   3.0000000e+00   5.6012565e-01
   2.1266535e-01   3.0000000e+00   5.6012565e-01
   2.2266535e-01   3.0000000e+00   5.6012565e-01
   2.3266535e-01   3.0000000e+00   5.6012565e-01
   2.4266535e-01   3.0000000e+00   5.6012565e-01
   2.5266535e-01   3.0000000e+00   5.6012565e-01
   2.6266535e-01   3.0000000e+00   5.6012565e-01
   2.7266535e-01   3.0000000e+00   5.6012565e-01
   2.8266535e-01   3.0000000e+00   5.6012565e-01
   2.9266535e-01   3.0000000e+00   5.6012565e-01
   2.9467526e-01   3.0000000e+00   5.6012565e-01
   2.9467526e-01   4.0000000e+00   6.5595137e-01
   2.9467526e-01   4.0000000e+00   6.5595137e-01
   3.0467526e-01   4.0000000e+00   6.5595137e-01
   3.1467526e-01   4.0000000e+00   6.5595137e-01
   3.2467526e-01   4.0000000e+00   6.5595137e-01
   3.3467526e-01   4.0000000e+00   6.5595137e-01
   3.4467526e-01   4.0000000e+00   6.5595137e-01
   3.5467526e-01   4.0000000e+00   6.5595137e-01
   3.6467526e-01   4.0000000e+00   6.5595137e-01
   3.7467526e-01   4.0000000e+00   6.5595137e-01
   3.8467526e-01   4.0000000e+00   6.5595137e-01
   3.9467526e-01   4.0000000e+00   6.5595137e-01
   4.0467526e-01   4.0000000e+00   6.5595137e-01
   4.1467526e-01   4.0000000e+00   6.5595137e-01
   4.2467526e-01   4.0000000e+00   6.5595137e-01
   4.2916346e-01   4.0000000e+00   6.5595137e-01
   4.2916346e-01   5.0000000e+00   7.3399710e-01
   4.2916346e-01   5.0000000e+00   7.3399710e-01
   4.3916346e-01   5.0000000e+00   7.3399710e-01
   4.4916346e-01   5.0000000e+00   7.3399710e-01
   4.5916346e-01   5.0000000e+00   7.3399710e-01
   4.6916346e-01   5.0000000e+00   7.3399710e-01
   4.7916346e-01   5.0000000e+00   7.3399710e-01
   4.8916346e-01   5.0000000e+00   7.3399710e-01
   4.9916346e-01   5.0000000e+00   7.3399710e-01
   5.0916346e-01   5.0000000e+00   7.3399710e-01
   5.1916346e-01   5.0000000e+00   7.3399710e-01
   5.2916346e-01   5.0000000e+00   7.3399710e-01
   5.3916346e-01   5.0000000e+00   7.3399710e-01
   5.4916346e-01   5.0000000e+00   7.3399710e-01
   5.5916346e-01   5.0000000e+00   7.3399710e-01
   5.6916346e-01   5.0000000e+00   7.3399710e-01
   5.7916346e-01   5.0000000e+00   7.3399710e-01
   5.8483510e-01   5.0000000e+00   7.3399710e-01
   5.8483510e-01   6.0000000e+00   7.9948114e-01
   5.8483510e-01   6.0000000e+00   7.9948114e-01
   5.9483510e-01   6.0000000e+00   7.9948114e-01
   6.0483510e-01   6.0000000e+00   7.9948114e-01
   6.1483510e-01   6.0000000e+00   7.9948114e-01
   6.2483510e-01   6.0000000e+00   7.9948114e-01
   6.3483510e-01   6.0000000e+00   7.9948114e-01
   6.4483510e-01   6.0000000e+00   7.9948114e-01
   6.5483510e-01   6.0000000e+00   7.9948114e-01
   6.6483510e-01   6.0000000e+00   7.9948114e-01
   6.7483510e-01   6.0000000e+00   7.9948114e-01
   6.8483510e-01   6.0000000e+00   7.9948114e-01
   6.9483510e-01   6.0000000e+00   7.9948114e-01
   7.0483510e-01   6.0000000e+00   7.9948114e-01
   7.1483510e-01   6.0000000e+00   7.9948114e-01
   7.2483510e-01   6.0000000e+00   7.9948114e-01
   7.3483510e-01   6.0000000e+00   7.9948114e-01
   7.4483510e-01   6.0000000e+00   7.9948114e-01
   7.5483510e-01   6.0000000e+00   7.9948114e-01
   7.6061195e-01   6.0000000e+00   7.9948114e-01
   7.6061195e-01   7.0000000e+00   8.5559292e-01
   7.6061195e-01   7.0000000e+00   8.5559292e-01
   7.7061195e-01   7.0000000e+00   8.5559292e-01
   7.8061195e-01   7.0000000e+00   8.5559292e-01
   7.9061195e-01   7.0000000e+00   8.5559292e-01
   8.0061195e-01   7.0000000e+00   8.5559292e-01
   8.1061195e-01   7.0000000e+00   8.5559292e-01
   8.2061195e-01   7.0000000e+00   8.5559292e-01
   8.3061195e-01   7.0000000e+00   8.5559292e-01
   8.4061195e-01   7.0000000e+00   8.5559292e-01
   8.5061195e-01   7.0000000e+00   8.5559292e-01
   8.6061195e-01   7.0000000e+00   8.5559292e-01
   8.7061195e-01   7.0000000e+00   8.5559292e-01
   8.8061195e-01   7.0000000e+00   8.5559292e-01
   8.9061195e-01   7.0000000e+00   8.5559292e-01
   9.0061195e-01   7.0000000e+00   8.5559292e-01
   9.1061195e-01   7.0000000e+00   8.5559292e-01
   9.2061195e-01   7.0000000e+00   8.5559292e-01
   9.3061195e-01   7.0000000e+00   8.5559292e-01
   9.4061195e-01   7.0000000e+00   8.5559292e-01
   9.5061195e-01   7.0000000e+00   8.5559292e-01
   9.5557717e-01   7.0000000e+00   8.5559292e-01
   9.5557717e-01   8.0000000e+00   9.0441856e-01
   9.5557717e-01   8.0000000e+00   9.0441856e-01
   9.6557717e-01   8.0000000e+00   9.0441856e-01
   9.7557717e-01   8.0000000e+00   9.0441856e-01
   9.8557717e-01   8.0000000e+00   9.0441856e-01
   9.9557717e-01   8.0000000e+00   9.0441856e-01
   1.0055772e+00   8.0000000e+00   9.0441856e-01
   1.0155772e+00   8.0000000e+00   9.0441856e-01
   1.0255772e+00   8.0000000e+00   9.0441856e-01
   1.0355772e+00   8.0000000e+00   9.0441856e-01
   1.0455772e+00   8.0000000e+00   9.0441856e-01
   1.0555772e+00   8.0000000e+00   9.0441856e-01
   1.0655772e+00   8.0000000e+00   9.0441856e-01
   1.0755772e+00   8.0000000e+00   9.0441856e-01
   1.0855772e+00   8.0000000e+00   9.0441856e-01
   1.0955772e+00   8.0000000e+00   9.0441856e-01
   1.1055772e+00   8.0000000e+00   9.0441856e-01
   1.1155772e+00   8.0000000e+00   9.0441856e-01
   1.1255772e+00   8.0000000e+00   9.0441856e-01
   1.1355772e+00   8.0000000e+00   9.0441856e-01
   1.1455772e+00   8.0000000e+00   9.0441856e-01
   1.1555772e+00   8.0000000e+00   9.0441856e-01
   1.1655772e+00   8.0000000e+00   9.0441856e-01
   1.1689381e+00   8.0000000e+00   9.0441856e-01
   1.1689381e+00   9.0000000e+00   9.4739400e-01
   1.1689381e+00   9.0000000e+00   9.4739400e-01
   1.1789381e+00   9.0000000e+00   9.4739400e-01
   1.1889381e+00   9.0000000e+00   9.4739400e-01
   1.1989381e+00   9.0000000e+00   9.4739400e-01
   1.2089381e+00   9.0000000e+00   9.4739400e-01
   1.2189381e+00   9.0000000e+00   9.4739400e-01
   1.2289381e+00   9.0000000e+00   9.4739400e-01
   1.2389381e+00   9.0000000e+00   9.4739400e-01
   1.2489381e+00   9.0000000e+00   9.4739400e-01
   1.2589381e+00   9.0000000e+00   9.4739400e-01
   1.2689381e+00   9.0000000e+00   9.4739400e-01
   1.2789381e+00   9.0000000e+00   9.4739400e-01
   1.2889381e+00   9.0000000e+00   9.4739400e-01
   1.2989381e+00   9.0000000e+00   9.4739400e-01
   1.3089381e+00   9.0000000e+00   9.4739400e-01
   1.3189381e+00   9.0000000e+00   9.4739400e-01
   1.3289381e+00   9.0000000e+00   9.4739400e-01
   1.3389381e+00   9.0000000e+00   9.4739400e-01
   1.3489381e+00   9.0000000e+00   9.4739400e-01
   1.3589381e+00   9.0000000e+00   9.4739400e-01
   1.3689381e+00   9.0000000e+00   9.4739400e-01
   1.3789381e+00   9.0000000e+00   9.4739400e-01
   1.3889381e+00   9.0000000e+00   9.4739400e-01
   1.3989381e+00   9.0000000e+00   9.4739400e-01
   1.4000003e+00   9.0000000e+00   9.4739400e-01
   1.4000003e+00   1.0000000e+01   9.8554790e-01
   1.4000003e+00   1.0000000e+01   9.8554790e-01
   1.4100003e+00   1.0000000e+01   9.8554790e-01
   1.4200003e+00   1.0000000e+01   9.8554790e-01
   1.4300003e+00   1.0000000e+01   9.8554790e-01
   1.4400003e+00   1.0000000e+01   9.8554790e-01
   1.4500003e+00   1.0000000e+01   9.8554790e-01
   1.4600003e+00   1.0000000e+01   9.8554790e-01
   1.4700003e+00   1.0000000e+01   9.8554790e-01
   1.4800003e+00   1.0000000e+01   9.8554790e-01
   1.4900003e+00   1.0000000e+01   9.8554790e-01
   1.5000003e+00   1.0000000e+01   9.8554790e-01
   1.5100003e+00   1.0000000e+01   9.8554790e-01
   1.5200003e+00   1.0000000e+01   9.8554790e-01
   1.5300003e+00   1.0000000e+01   9.8554790e-01
   1.5400003e+00   1.0000000e+01   9.8554790e-01
   1.5500003e+00   1.0000000e+01   9.8554790e-01
   1.5600003e+00   1.0000000e+01   9.8554790e-01
   1.5700003e+00   1.0000000e+01   9.8554790e-01
   1.5800003e+00   1.0000000e+01   9.8554790e-01
   1.5900003e+00   1.0000000e+01   9.8554790e-01
   1.6000003e+00   1.0000000e+01   9.8554790e-01
   1.6100003e+00   1.0000000e+01   9.8554790e-01
   1.6200003e+00   1.0000000e+01   9.8554790e-01
   1.6300003e+00   1.0000000e+01   9.8554790e-01
   1.6400003e+00   1.0000000e+01   9.8554790e-01
   1.6481485e+00   1.0000000e+01   9.8554790e-01
   1.6481485e+00   1.1000000e+01   1.0196411e+00
   1.6481485e+00   1.1000000e+01   1.0196411e+00
   1.6581485e+00   1.1000000e+01   1.0196411e+00
   1.6681485e+00   1.1000000e+01   1.0196411e+00
   1.6781485e+00   1.1000000e+01   1.0196411e+00
   1.6881485e+00   1.1000000e+01   1.0196411e+00
   1.6981485e+00   1.1000000e+01   1.0196411e+00
   1.7081485e+00   1.1000000e+01   1.0196411e+00
   1.7181485e+00   1.1000000e+01   1.0196411e+00
   1.7281485e+00   1.1000000e+01   1.0196411e+00
   1.7381485e+00   1.1000000e+01   1.0196411e+00
   1.7481485e+00   1.1000000e+01   1.0196411e+00
   1.7581485e+00   1.1000000e+01   1.0196411e+00
   1.7681485e+00   1.1000000e+01   1.0196411e+00
   1.7781485e+00   1.1000000e+01   1.0196411e+00
   1.7881485e+00   1.1000000e+01   1.0196411e+00
   1.7981485e+00   1.1000000e+01   1.0196411e+00
   1.8081485e+00   1.1000000e+01   1.0196411e+00
   1.8181485e+00   1.1000000e+01   1.0196411e+00
   1.8281485e+00   1.1000000e+01   1.0196411e+00
   1.8381485e+00   1.1000000e+01   1.0196411e+00
   1.8481485e+00   1.1000000e+01   1.0196411e+00
   1.8581485e+00   1.1000000e+01   1.0196411e+00
   1.8681485e+00   1.1000000e+01   1.0196411e+00
   1.8781485e+00   1.1000000e+01   1.0196411e+00
   1.8881485e+00   1.1000000e+01   1.0196411e+00
   1.8981485e+00   1.1000000e+01   1.0196411e+00
   1.9081485e+00   1.1000000e+01   1.0196411e+00
   1.9128327e+00   1.1000000e+01   1.0196411e+00
   1.9128327e+00   1.2000000e+01   1.0502514e+00
   1.9128327e+00   1.2000000e+01   1.0502514e+00
   1.9228327e+00   1.2000000e+01   1.0502514e+00
   1.9328327e+00   1.2000000e+01   1.0502514e+00
   1.9428327e+00   1.2000000e+01   1.0502514e+00
   1.9528327e+00   1.2000000e+01   1.0502514e+00
   1.9628327e+00   1.2000000e+01   1.0502514e+00
   1.9728327e+00   1.2000000e+01   1.0502514e+00
   1.9828327e+00   1.2000000e+01   1.0502514e+00
   1.9928327e+00   1.2000000e+01   1.0502514e+00
   2.0028327e+00   1.2000000e+01   1.0502514e+00
   2.0128327e+00   1.2000000e+01   1.0502514e+00
   2.0228327e+00   1.2000000e+01   1.0502514e+00
   2.0328327e+00   1.2000000e+01   1.0502514e+00
   2.0428327e+00   1.2000000e+01   1.0502514e+00
   2.0528327e+00   1.2000000e+01   1.0502514e+00
   2.0628327e+00   1.2000000e+01   1.0502514e+00
   2.0728327e+00   1.2000000e+01   1.0502514e+00
   2.0828327e+00   1.2000000e+01   1.0502514e+00
   2.0928327e+00   1.2000000e+01   1.0502514e+00
   2.1028327e+00   1.2000000e+01   1.0502514e+00
   2.1128327e+00   1.2000000e+01   1.0502514e+00
   2.1228327e+00   1.2000000e+01   1.0502514e+00
   2.1328327e+00   1.2000000e+01   1.0502514e+00
   2.1428327e+00   1.2000000e+01   1.0502514e+00
   2.1528327e+00   1.2000000e+01   1.0502514e+00
   2.1628327e+00   1.2000000e+01   1.0502514e+00
   2.1728327e+00   1.2000000e+01   1.0502514e+00
   2.1828327e+00   1.2000000e+01   1.0502514e+00
   2.1928327e+00   1.2000000e+01   1.0502514e+00
   2.1935571e+00   1.2000000e+01   1.0502514e+00
   2.1935571e+00   1.3000000e+01   1.0778274e+00
   2.1935571e+00   1.3000000e+01   1.0778274e+00
   2.2035571e+00   1.3000000e+01   1.0778274e+00
   2.2135571e+00   1.3000000e+01   1.0778274e+00
   2.2235571e+00   1.3000000e+01   1.0778274e+00
   2.2335571e+00   1.3000000e+01   1.0778274e+00
   2.2435571e+00   1.3000000e+01   1.0778274e+00
   2.2535571e+00   1.3000000e+01   1.0778274e+00
   2.2635571e+00   1.3000000e+01   1.0778274e+00
   2.2735571e+00   1.3000000e+01   1.0778274e+00
   2.2835571e+00   1.3000000e+01   1.0778274e+00
   2.2935571e+00   1.3000000e+01   1.0778274e+00
   2.3035571e+00   1.3000000e+01   1.0778274e+00
   2.3135571e+00   1.3000000e+01   1.0778274e+00
   2.3235571e+00   1.3000000e+01   1.0778274e+00
   2.3335571e+00   1.3000000e+01   1.0778274e+00
   2.3435571e+00   1.3000000e+01   1.0778274e+00
   2.3535571e+00   1.3000000e+01   1.0778274e+00
   2.3635571e+00   1.3000000e+01   1.0778274e+00
   2.3735571e+00   1.3000000e+01   1.0778274e+00
   2.3835571e+00   1.3000000e+01   1.0778274e+00
   2.3935571e+00   1.3000000e+01   1.0778274e+00
   2.4035571e+00   1.3000000e+01   1.0778274e+00
   2.4135571e+00   1.3000000e+01   1.0778274e+00
   2.4235571e+00   1.3000000e+01   1.0778274e+00
   2.4335571e+00   1.3000000e+01   1.0778274e+00
   2.4435571e+00   1.3000000e+01   1.0778274e+00
   2.4535571e+00   1.3000000e+01   1.0778274e+00
   2.4635571e+00   1.3000000e+01   1.0778274e+00
   2.4735571e+00   1.3000000e+01   1.0778274e+00
   2.4835571e+00   1.3000000e+01   1.0778274e+00
   2.4898717e+00   1.3000000e+01   1.0778274e+00
   2.4898717e+00   1.4000000e+01   1.1027236e+00
   2.4898717e+00   1.4000000e+01   1.1027236e+00
   2.4998717e+00   1.4000000e+01   1.1027236e+00
   2.5098717e+00   1.4000000e+01   1.1027236e+00
   2.5198717e+00   1.4000000e+01   1.1027236e+00
   2.5298717e+00   1.4000000e+01   1.1027236e+00
   2.5398717e+00   1.4000000e+01   1.1027236e+00
   2.5498717e+00   1.4000000e+01   1.1027236e+00
   2.5598717e+00   1.4000000e+01   1.1027236e+00
   2.5698717e+00   1.4000000e+01   1.1027236e+00
   2.5798717e+00   1.4000000e+01   1.1027236e+00
   2.5898717e+00   1.4000000e+01   1.1027236e+00
   2.5998717e+00   1.4000000e+01   1.1027236e+00
   2.6098717e+00   1.4000000e+01   1.1027236e+00
   2.6198717e+00   1.4000000e+01   1.1027236e+00
   2.6298717e+00   1.4000000e+01   1.1027236e+00
   2.6398717e+00   1.4000000e+01   1.1027236e+00
   2.6498717e+00   1.4000000e+01   1.1027236e+00
   2.6598717e+00   1.4000000e+01   1.1027236e+00
   2.6698717e+00   1.4000000e+01   1.1027236e+00
   2.6798717e+00   1.4000000e+01   1.1027236e+00
   2.6898717e+00   1.4000000e+01   1.1027236e+00
   2.6998717e+00   1.4000000e+01   1.1027236e+00
   2.7098717e+00   1.4000000e+01   1.1027236e+00
   2.7198717e+00   1.4000000e+01   1.1027236e+00
   2.7298717e+00   1.4000000e+01   1.1027236e+00
   2.7398717e+00   1.4000000e+01   1.1027236e+00
   2.7498717e+00   1.4000000e+01   1.1027236e+00
   2.7598717e+00   1.4000000e+01   1.1027236e+00
   2.7698717e+00   1.4000000e+01   1.1027236e+00
   2.7798717e+00   1.4000000e+01   1.1027236e+00
   2.7898717e+00   1.4000000e+01   1.1027236e+00
   2.7998717e+00   1.4000000e+01   1.1027236e+00
   2.8013658e+00   1.4000000e+01   1.1027236e+00
   2.8013658e+00   1.5000000e+01   1.1252253e+00
   2.8013658e+00   1.5000000e+01   1.1252253e+00
   2.8113658e+00   1.5000000e+01   1.1252253e+00
   2.8213658e+00   1.5000000e+01   1.1252253e+00
   2.8313658e+00   1.5000000e+01   1.1252253e+00
   2.8413658e+00   1.5000000e+01   1.1252253e+00
   2.8513658e+00   1.5000000e+01   1.1252253e+00
   2.8613658e+00   1.5000000e+01   1.1252253e+00
   2.8713658e+00   1.5000000e+01   1.1252253e+00
   2.8813658e+00   1.5000000e+01   1.1252253e+00
   2.8913658e+00   1.5000000e+01   1.1252253e+00
   2.9013658e+00   1.5000000e+01   1.1252253e+00
   2.9113658e+00   1.5000000e+01   1.1252253e+00
   2.9213658e+00   1.5000000e+01   1.1252253e+00
   2.9313658e+00   1.5000000e+01   1.1252253e+00
   2.9413658e+00   1.5000000e+01   1.1252253e+00
   2.9513658e+00   1.5000000e+01   1.1252253e+00
   2.9613658e+00   1.5000000e+01   1.1252253e+00
   2.9713658e+00   1.5000000e+01   1.1252253e+00
   2.9813658e+00   1.5000000e+01   1.1252253e+00
   2.9913658e+00   1.5000000e+01   1.1252253e+00
   3.0013658e+00   1.5000000e+01   1.1252253e+00
   3.0113658e+00   1.5000000e+01   1.1252253e+00
   3.0213658e+00   1.5000000e+01   1.1252253e+00
   3.0313658e+00   1.5000000e+01   1.1252253e+00
   3.0413658e+00   1.5000000e+01   1.1252253e+00
   3.0513658e+00   1.5000000e+01   1.1252253e+00
   3.0613658e+00   1.5000000e+01   1.1252253e+00
   3.0713658e+00   1.5000000e+01   1.1252253e+00
   3.0813658e+00   1.5000000e+01   1.1252253e+00
   3.0913658e+00   1.5000000e+01   1.1252253e+00
   3.1013658e+00   1.5000000e+01   1.1252253e+00
   3.1113658e+00   1.5000000e+01   1.1252253e+00
   3.1213658e+00   1.5000000e+01   1.1252253e+00
   3.1276620e+00   1.5000000e+01   1.1252253e+00
   3.1276620e+00   1.6000000e+01   1.1455648e+00
   3.1276620e+00   1.6000000e+01   1.1455648e+00
   3.1376620e+00   1.6000000e+01   1.1455648e+00
   3.1476620e+00   1.6000000e+01   1.1455648e+00
   3.1576620e+00   1.6000000e+01   1.1455648e+00
   3.1676620e+00   1.6000000e+01   1.1455648e+00
   3.1776620e+00   1.6000000e+01   1.1455648e+00
   3.1876620e+00   1.6000000e+01   1.1455648e+00
   3.1976620e+00   1.6000000e+01   1.1455648e+00
   3.2076620e+00   1.6000000e+01   1.1455648e+00
   3.2176620e+00   1.6000000e+01   1.1455648e+00
   3.2276620e+00   1.6000000e+01   1.1455648e+00
   3.2376620e+00   1.6000000e+01   1.1455648e+00
   3.2476620e+00   1.6000000e+01   1.1455648e+00
   3.2576620e+00   1.6000000e+01   1.1455648e+00
   3.2676620e+00   1.6000000e+01   1.1455648e+00
   3.2776620e+00   1.6000000e+01   1.1455648e+00
   3.2876620e+00   1.6000000e+01   1.1455648e+00
   3.2976620e+00   1.6000000e+01   1.1455648e+00
   3.3076620e+00   1.6000000e+01   1.1455648e+00
   3.3176620e+00   1.6000000e+01   1.1455648e+00
   3.3276620e+00   1.6000000e+01   1.1455648e+00
   3.3376620e+00   1.6000000e+01   1.1455648e+00
   3.3476620e+00   1.6000000e+01   1.1455648e+00
   3.3576620e+00   1.6000000e+01   1.1455648e+00
   3.3676620e+00   1.6000000e+01   1.1455648e+00
   3.3776620e+00   1.6000000e+01   1.1455648e+00
   3.3876620e+00   1.6000000e+01   1.1455648e+00
   3.3976620e+00   1.6000000e+01   1.1455648e+00
   3.4076620e+00   1.6000000e+01   1.1455648e+00
   3.4176620e+00   1.6000000e+01   1.1455648e+00
   3.4276620e+00   1.6000000e+01   1.1455648e+00
   3.4376620e+00   1.6000000e+01   1.1455648e+00
   3.4476620e+00   1.6000000e+01   1.1455648e+00
   3.4576620e+00   1.6000000e+01   1.1455648e+00
   3.4676620e+00   1.6000000e+01   1.1455648e+00
   3.4684123e+00   1.6000000e+01   1.1455648e+00
   3.4684123e+00   1.7000000e+01   1.1639337e+00
   3.4684123e+00   1.7000000e+01   1.1639337e+00
   3.4784123e+00   1.7000000e+01   1.1639337e+00
   3.4884123e+00   1.7000000e+01   1.1639337e+00
   3.4984123e+00   1.7000000e+01   1.1639337e+00
   3.5084123e+00   1.7000000e+01   1.1639337e+00
   3.5184123e+00   1.7000000e+01   1.1639337e+00
   3.5284123e+00   1.7000000e+01   1.1639337e+00
   3.5384123e+00   1.7000000e+01   1.1639337e+00
   3.5484123e+00   1.7000000e+01   1.1639337e+00
   3.5584123e+00   1.7000000e+01   1.1639337e+00
   3.5684123e+00   1.7000000e+01   1.1639337e+00
   3.5784123e+00   1.7000000e+01   1.1639337e+00
   3.5884123e+00   1.7000000e+01   1.1639337e+00
   3.5984123e+00   1.7000000e+01   1.1639337e+00
   3.6084123e+00   1.7000000e+01   1.1639337e+00
   3.6184123e+00   1.7000000e+01   1.1639337e+00
   3.6284123e+00   1.7000000e+01   1.1639337e+00
   3.6384123e+00   1.7000000e+01   1.1639337e+00
   3.6484123e+00   1.7000000e+01   1.1639337e+00
   3.6584123e+00   1.7000000e+01   1.1639337e+00
   3.6684123e+00   1.7000000e+01   1.1639337e+00
   3.6784123e+00   1.7000000e+01   1.1639337e+00
   3.6884123e+00   1.7000000e+01   1.1639337e+00
   3.6984123e+00   1.7000000e+01   1.1639337e+00
   3.7084123e+00   1.7000000e+01   1.1639337e+00
   3.7184123e+00   1.7000000e+01   1.1639337e+00
   3.7284123e+00   1.7000000e+01   1.1639337e+00
   3.7384123e+00   1.7000000e+01   1.1639337e+00
   3.7484123e+00   1.7000000e+01   1.1639337e+00
   3.7584123e+00   1.7000000e+01   1.1639337e+00
   3.7684123e+00   1.7000000e+01   1.1639337e+00
   3.7784123e+00   1.7000000e+01   1.1639337e+00
   3.7884123e+00   1.7000000e+01   1.1639337e+00
   3.7984123e+00   1.7000000e+01   1.1639337e+00
   3.8084123e+00   1.7000000e+01   1.1639337e+00
   3.8184123e+00   1.7000000e+01   1.1639337e+00
   3.8232940e+00   1.7000000e+01   1.1639337e+00
   3.8232940e+00   1.8000000e+01   1.1804921e+00
   3.8232940e+00   1.8000000e+01   1.1804921e+00
   3.8332940e+00   1.8000000e+01   1.1804921e+00
   3.8432940e+00   1.8000000e+01   1.1804921e+00
   3.8532940e+00   1.8000000e+01   1.1804921e+00
   3.8632940e+00   1.8000000e+01   1.1804921e+00
   3.8732940e+00   1.8000000e+01   1.1804921e+00
   3.8832940e+00   1.8000000e+01   1.1804921e+00
   3.8932940e+00   1.8000000e+01   1.1804921e+00
   3.9032940e+00   1.8000000e+01   1.1804921e+00
   3.9132940e+00   1.8000000e+01   1.1804921e+00
   3.9232940e+00   1.8000000e+01   1.1804921e+00
   3.9332940e+00   1.8000000e+01   1.1804921e+00
   3.9432940e+00   1.8000000e+01   1.1804921e+00
   3.9532940e+00   1.8000000e+01   1.1804921e+00
   3.9632940e+00   1.8000000e+01   1.1804921e+00
   3.9732940e+00   1.8000000e+01   1.1804921e+00
   3.9832940e+00   1.8000000e+01   1.1804921e+00
   3.9932940e+00   1.8000000e+01   1.1804921e+00
   4.0032940e+00   1.8000000e+01   1.1804921e+00
   4.0132940e+00   1.8000000e+01   1.1804921e+00
   4.0232940e+00   1.8000000e+01   1.1804921e+00
   4.0332940e+00   1.8000000e+01   1.1804921e+00
   4.0432940e+00   1.8000000e+01   1.1804921e+00
   4.0532940e+00   1.8000000e+01   1.1804921e+00
   4.0632940e+00   1.8000000e+01   1.1804921e+00
   4.0732940e+00   1.8000000e+01   1.1804921e+00
   4.0832940e+00   1.8000000e+01   1.1804921e+00
   4.0932940e+00   1.8000000e+01   1.1804921e+00
   4.1032940e+00   1.8000000e+01   1.1804921e+00
   4.1132940e+00   1.8000000e+01   1.1804921e+00
   4.1232940e+00   1.8000000e+01   1.1804921e+00
   4.1332940e+00   1.8000000e+01   1.1804921e+00
   4.1432940e+00   1.8000000e+01   1.1804921e+00
   4.1532940e+00   1.8000000e+01   1.1804921e+00
   4.1632940e+00   1.8000000e+01   1.1804921e+00
   4.1732940e+00   1.8000000e+01   1.1804921e+00
   4.1832940e+00   1.8000000e+01   1.1804921e+00
   4.1920065e+00   1.8000000e+01   1.1804921e+00
   4.1920065e+00   1.9000000e+01   1.1953745e+00
   4.1920065e+00   1.9000000e+01   1.1953745e+00
   4.2020065e+00   1.9000000e+01   1.1953745e+00
   4.2120065e+00   1.9000000e+01   1.1953745e+00
   4.2220065e+00   1.9000000e+01   1.1953745e+00
   4.2320065e+00   1.9000000e+01   1.1953745e+00
   4.2420065e+00   1.9000000e+01   1.1953745e+00
   4.2520065e+00   1.9000000e+01   1.1953745e+00
   4.2620065e+00   1.9000000e+01   1.1953745e+00
   4.2720065e+00   1.9000000e+01   1.1953745e+00
   4.2820065e+00   1.9000000e+01   1.1953745e+00
   4.2920065e+00   1.9000000e+01   1.1953745e+00
   4.3020065e+00   1.9000000e+01   1.1953745e+00
   4.3120065e+00   1.9000000e+01   1.1953745e+00
   4.3220065e+00   1.9000000e+01   1.1953745e+00
   4.3320065e+00   1.9000000e+01   1.1953745e+00
   4.3420065e+00   1.9000000e+01   1.1953745e+00
   4.3520065e+00   1.9000000e+01   1.1953745e+00
   4.3620065e+00   1.9000000e+01   1.1953745e+00
   4.3720065e+00   1.9000000e+01   1.1953745e+00
   4.3820065e+00   1.9000000e+01   1.1953745e+00
   4.3920065e+00   1.9000000e+01   1.1953745e+00
   4.4020065e+00   1.9000000e+01   1.1953745e+00
   4.4120065e+00   1.9000000e+01   1.1953745e+00
   4.4220065e+00   1.9000000e+01   1.1953745e+00
   4.4320065e+00   1.9000000e+01   1.1953745e+00
   4.4420065e+00   1.9000000e+01   1.1953745e+00
   4.4520065e+00   1.9000000e+01   1.1953745e+00
   4.4620065e+00   1.9000000e+01   1.1953745e+00
   4.4720065e+00   1.9000000e+01   1.1953745e+00
   4.4820065e+00   1.9000000e+01   1.1953745e+00
   4.4920065e+00   1.9000000e+01   1.1953745e+00
   4.5020065e+00   1.9000000e+01   1.1953745e+00
   4.5120065e+00   1.9000000e+01   1.1953745e+00
   4.5220065e+00   1.9000000e+01   1.1953745e+00
   4.5320065e+00   1.9000000e+01   1.1953745e+00
   4.5420065e+00   1.9000000e+01   1.1953745e+00
   4.5520065e+00   1.9000000e+01   1.1953745e+00
   4.5620065e+00   1.9000000e+01   1.1953745e+00
   4.5720065e+00   1.9000000e+01   1.1953745e+00
   4.5742691e+00   1.9000000e+01   1.1953745e+00
   4.5742691e+00   2.0000000e+01   1.2086954e+00
   4.5742691e+00   2.0000000e+01   1.2086954e+00
   4.5842691e+00   2.0000000e+01   1.2086954e+00
   4.5942691e+00   2.0000000e+01   1.2086954e+00
   4.6042691e+00   2.0000000e+01   1.2086954e+00
   4.6142691e+00   2.0000000e+01   1.2086954e+00
   4.6242691e+00   2.0000000e+01   1.2086954e+00
   4.6342691e+00   2.0000000e+01   1.2086954e+00
   4.6442691e+00   2.0000000e+01   1.2086954e+00
   4.6542691e+00   2.0000000e+01   1.2086954e+00
   4.6642691e+00   2.0000000e+01   1.2086954e+00
   4.6742691e+00   2.0000000e+01   1.2086954e+00
   4.6842691e+00   2.0000000e+01   1.2086954e+00
   4.6942691e+00   2.0000000e+01   1.2086954e+00
   4.7042691e+00   2.0000000e+01   1.2086954e+00
   4.7142691e+00   2.0000000e+01   1.2086954e+00
   4.7242691e+00   2.0000000e+01   1.2086954e+00
   4.7342691e+00   2.0000000e+01   1.2086954e+00
   4.7442691e+00   2.0000000e+01   1.2086954e+00
   4.7542691e+00   2.0000000e+01   1.2086954e+00
   4.7642691e+00   2.0000000e+01   1.2086954e+00
   4.7742691e+00   2.0000000e+01   1.2086954e+00
   4.7842691e+00   2.0000000e+01   1.2086954e+00
   4.7942691e+00   2.0000000e+01   1.2086954e+00
   4.8042691e+00   2.0000000e+01   1.2086954e+00
   4.8142691e+00   2.0000000e+01   1.2086954e+00
   4.8242691e+00   2.0000000e+01   1.2086954e+00
   4.8342691e+00   2.0000000e+01   1.2086954e+00
   4.8442691e+00   2.0000000e+01   1.2086954e+00
   4.8542691e+00   2.0000000e+01   1.2086954e+00
   4.8642691e+00   2.0000000e+01   1.2086954e+00
   4.8742691e+00   2.0000000e+01   1.2086954e+00
   4.8842691e+00   2.0000000e+01   1.2086954e+00
   4.8942691e+00   2.0000000e+01   1.2086954e+00
   4.9042691e+00   2.0000000e+01   1.2086954e+00
   4.9142691e+00   2.0000000e+01   1.2086954e+00
   4.9242691e+00   2.0000000e+01   1.2086954e+00
   4.9342691e+00   2.0000000e+01   1.2086954e+00
   4.9442691e+00   2.0000000e+01   1.2086954e+00
   4.9542691e+00   2.0000000e+01   1.2086954e+00
   4.9642691e+00   2.0000000e+01   1.2086954e+00
   4.9698180e+00   2.0000000e+01   1.2086954e+00
   4.9698180e+00   2.1000000e+01   1.2205528e+00
   4.9698180e+00   2.1000000e+01   1.2205528e+00
   4.9798180e+00   2.1000000e+01   1.2205528e+00
   4.9898180e+00   2.1000000e+01   1.2205528e+00
   4.9998180e+00   2.1000000e+01   1.2205528e+00
   5.0098180e+00   2.1000000e+01   1.2205528e+00
   5.0198180e+00   2.1000000e+01   1.2205528e+00
   5.0298180e+00   2.1000000e+01   1.2205528e+00
   5.0398180e+00   2.1000000e+01   1.2205528e+00
   5.0498180e+00   2.1000000e+01   1.2205528e+00
   5.0598180e+00   2.1000000e+01   1.2205528e+00
   5.0698180e+00   2.1000000e+01   1.2205528e+00
   5.0798180e+00   2.1000000e+01   1.2205528e+00
   5.0898180e+00   2.1000000e+01   1.2205528e+00
   5.0998180e+00   2.1000000e+01   1.2205528e+00
   5.1098180e+00   2.1000000e+01   1.2205528e+00
   5.1198180e+00   2.1000000e+01   1.2205528e+00
   5.1298180e+00   2.1000000e+01   1.2205528e+00
   5.1398180e+00   2.1000000e+01   1.2205528e+00
   5.1498180e+00   2.1000000e+01   1.2205528e+00
   5.1598180e+00   2.1000000e+01   1.2205528e+00
   5.1698180e+00   2.1000000e+01   1.2205528e+00
   5.1798180e+00   2.1000000e+01   1.2205528e+00
   5.1898180e+00   2.1000000e+01   1.2205528e+00
   5.1998180e+00   2.1000000e+01   1.2205528e+00
   5.2098180e+00   2.1000000e+01   1.2205528e+00
   5.2198180e+00   2.1000000e+01   1.2205528e+00
   5.2298180e+00   2.1000000e+01   1.2205528e+00
   5.2398180e+00   2.1000000e+01   1.2205528e+00
   5.2498180e+00   2.1000000e+01   1.2205528e+00
   5.2598180e+00   2.1000000e+01   1.2205528e+00
   5.2698180e+00   2.1000000e+01   1.2205528e+00
   5.2798180e+00   2.1000000e+01   1.2205528e+00
   5.2898180e+00   2.1000000e+01   1.2205528e+00
   5.2998180e+00   2.1000000e+01   1.2205528e+00
   5.3098180e+00   2.1000000e+01   1.2205528e+00
   5.3198180e+00   2.1000000e+01   1.2205528e+00
   5.3298180e+00   2.1000000e+01   1.2205528e+00
   5.3398180e+00   2.1000000e+01   1.2205528e+00
   5.3498180e+00   2.1000000e+01   1.2205528e+00
   5.3598180e+00   2.1000000e+01   1.2205528e+00
   5.3698180e+00   2.1000000e+01   1.2205528e+00
   5.3784050e+00   2.1000000e+01   1.2205528e+00
   5.3784050e+00   2.2000000e+01   1.2310311e+00
   5.3784050e+00   2.2000000e+01   1.2310311e+00
   5.3884050e+00   2.2000000e+01   1.2310311e+00
   5.3984050e+00   2.2000000e+01   1.2310311e+00
   5.4084050e+00   2.2000000e+01   1.2310311e+00
   5.4184050e+00   2.2000000e+01   1.2310311e+00
   5.4284050e+00   2.2000000e+01   1.2310311e+00
   5.4384050e+00   2.2000000e+01   1.2310311e+00
   5.4484050e+00   2.2000000e+01   1.2310311e+00
   5.4584050e+00   2.2000000e+01   1.2310311e+00
   5.4684050e+00   2.2000000e+01   1.2310311e+00
   5.4784050e+00   2.2000000e+01   1.2310311e+00
   5.4884050e+00   2.2000000e+01   1.2310311e+00
   5.4984050e+00   2.2000000e+01   1.2310311e+00
   5.5084050e+00   2.2000000e+01   1.2310311e+00
   5.5184050e+00   2.2000000e+01   1.2310311e+00
   5.5284050e+00   2.2000000e+01   1.2310311e+00
   5.5384050e+00   2.2000000e+01   1.2310311e+00
   5.5484050e+00   2.2000000e+01   1.2310311e+00
   5.5584050e+00   2.2000000e+01   1.2310311e+00
   5.5684050e+00   2.2000000e+01   1.2310311e+00
   5.5784050e+00   2.2000000e+01   1.2310311e+00
   5.5884050e+00   2.2000000e+01   1.2310311e+00
   5.5984050e+00   2.2000000e+01   1.2310311e+00
   5.6084050e+00   2.2000000e+01   1.2310311e+00
   5.6184050e+00   2.2000000e+01   1.2310311e+00
   5.6284050e+00   2.2000000e+01   1.2310311e+00
   5.6384050e+00   2.2000000e+01   1.2310311e+00
   5.6484050e+00   2.2000000e+01   1.2310311e+00
   5.6584050e+00   2.2000000e+01   1.2310311e+00
   5.6684050e+00   2.2000000e+01   1.2310311e+00
   5.6784050e+00   2.2000000e+01   1.2310311e+00
   5.6884050e+00   2.2000000e+01   1.2310311e+00
   5.6984050e+00   2.2000000e+01   1.2310311e+00
   5.7084050e+00   2.2000000e+01   1.2310311e+00
   5.7184050e+00   2.2000000e+01   1.2310311e+00
   5.7284050e+00   2.2000000e+01   1.2310311e+00
   5.7384050e+00   2.2000000e+01   1.2310311e+00
   5.7484050e+00   2.2000000e+01   1.2310311e+00
   5.7584050e+00   2.2000000e+01   1.2310311e+00
   5.7684050e+00   2.2000000e+01   1.2310311e+00
   5.7784050e+00   2.2000000e+01   1.2310311e+00
   5.7884050e+00   2.2000000e+01   1.2310311e+00
   5.7984050e+00   2.2000000e+01   1.2310311e+00
   5.7997951e+00   2.2000000e+01   1.2310311e+00
   5.7997951e+00   2.3000000e+01   1.2402037e+00
   5.7997951e+00   2.3000000e+01   1.2402037e+00
   5.8097951e+00   2.3000000e+01   1.2402037e+00
   5.8197951e+00   2.3000000e+01   1.2402037e+00
   5.8297951e+00   2.3000000e+01   1.2402037e+00
   5.8397951e+00   2.3000000e+01   1.2402037e+00
   5.8497951e+00   2.3000000e+01   1.2402037e+00
   5.8597951e+00   2.3000000e+01   1.2402037e+00
   5.8697951e+00   2.3000000e+01   1.2402037e+00
   5.8797951e+00   2.3000000e+01   1.2402037e+00
   5.8897951e+00   2.3000000e+01   1.2402037e+00
   5.8997951e+00   2.3000000e+01   1.2402037e+00
   5.9097951e+00   2.3000000e+01   1.2402037e+00
   5.9197951e+00   2.3000000e+01   1.2402037e+00
   5.9297951e+00   2.3000000e+01   1.2402037e+00
   5.9397951e+00   2.3000000e+01   1.2402037e+00
   5.9497951e+00   2.3000000e+01   1.2402037e+00
   5.9597951e+00   2.3000000e+01   1.2402037e+00
   5.9697951e+00   2.3000000e+01   1.2402037e+00
   5.9797951e+00   2.3000000e+01   1.2402037e+00
   5.9897951e+00   2.3000000e+01   1.2402037e+00
   5.9997951e+00   2.3000000e+01   1.2402037e+00
   6.0097951e+00   2.3000000e+01   1.2402037e+00
   6.0197951e+00   2.3000000e+01   1.2402037e+00
   6.0297951e+00   2.3000000e+01   1.2402037e+00
   6.0397951e+00   2.3000000e+01   1.2402037e+00
   6.0497951e+00   2.3000000e+01   1.2402037e+00
   6.0597951e+00   2.3000000e+01   1.2402037e+00
   6.0697951e+00   2.3000000e+01   1.2402037e+00
   6.0797951e+00   2.3000000e+01   1.2402037e+00
   6.0897951e+00   2.3000000e+01   1.2402037e+00
   6.0997951e+00   2.3000000e+01   1.2402037e+00
   6.1097951e+00   2.3000000e+01   1.2402037e+00
   6.1197951e+00   2.3000000e+01   1.2402037e+00
   6.1297951e+00   2.3000000e+01   1.2402037e+00
   6.1397951e+00   2.3000000e+01   1.2402037e+00
   6.1497951e+00   2.3000000e+01   1.2402037e+00
   6.1597951e+00   2.3000000e+01   1.2402037e+00
   6.1697951e+00   2.3000000e+01   1.2402037e+00
   6.1797951e+00   2.3000000e+01   1.2402037e+00
   6.1897951e+00   2.3000000e+01   1.2402037e+00
   6.1997951e+00   2.3000000e+01   1.2402037e+00
   6.2097951e+00   2.3000000e+01   1.2402037e+00
   6.2197951e+00   2.3000000e+01   1.2402037e+00
   6.2297951e+00   2.3000000e+01   1.2402037e+00
   6.2337658e+00   2.3000000e+01   1.2402037e+00
   6.2337658e+00   2.4000000e+01   1.2481347e+00
   6.2337658e+00   2.4000000e+01   1.2481347e+00
   6.2437658e+00   2.4000000e+01   1.2481347e+00
   6.2537658e+00   2.4000000e+01   1.2481347e+00
   6.2637658e+00   2.4000000e+01   1.2481347e+00
   6.2737658e+00   2.4000000e+01   1.2481347e+00
   6.2837658e+00   2.4000000e+01   1.2481347e+00
   6.2937658e+00   2.4000000e+01   1.2481347e+00
   6.3037658e+00   2.4000000e+01   1.2481347e+00
   6.3137658e+00   2.4000000e+01   1.2481347e+00
   6.3237658e+00   2.4000000e+01   1.2481347e+00
   6.3337658e+00   2.4000000e+01   1.2481347e+00
   6.3437658e+00   2.4000000e+01   1.2481347e+00
   6.3537658e+00   2.4000000e+01   1.2481347e+00
   6.3637658e+00   2.4000000e+01   1.2481347e+00
   6.3737658e+00   2.4000000e+01   1.2481347e+00
   6.3837658e+00   2.4000000e+01   1.2481347e+00
   6.3937658e+00   2.4000000e+01   1.2481347e+00
   6.4037658e+00   2.4000000e+01   1.2481347e+00
   6.4137658e+00   2.4000000e+01   1.2481347e+00
   6.4237658e+00   2.4000000e+01   1.2481347e+00
   6.4337658e+00   2.4000000e+01   1.2481347e+00
   6.4437658e+00   2.4000000e+01   1.2481347e+00
   6.4537658e+00   2.4000000e+01   1.2481347e+00
   6.4637658e+00   2.4000000e+01   1.2481347e+00
   6.4737658e+00   2.4000000e+01   1.2481347e+00
   6.4837658e+00   2.4000000e+01   1.2481347e+00
   6.4937658e+00   2.4000000e+01   1.2481347e+00
   6.5037658e+00   2.4000000e+01   1.2481347e+00
   6.5137658e+00   2.4000000e+01   1.2481347e+00
   6.5237658e+00   2.4000000e+01   1.2481347e+00
   6.5337658e+00   2.4000000e+01   1.2481347e+00
   6.5437658e+00   2.4000000e+01   1.2481347e+00
   6.5537658e+00   2.4000000e+01   1.2481347e+00
   6.5637658e+00   2.4000000e+01   1.2481347e+00
   6.5737658e+00   2.4000000e+01   1.2481347e+00
   6.5837658e+00   2.4000000e+01   1.2481347e+00
   6.5937658e+00   2.4000000e+01   1.2481347e+00
   6.6037658e+00   2.4000000e+01   1.2481347e+00
   6.6137658e+00   2.4000000e+01   1.2481347e+00
   6.6237658e+00   2.4000000e+01   1.2481347e+00
   6.6337658e+00   2.4000000e+01   1.2481347e+00
   6.6437658e+00   2.4000000e+01   1.2481347e+00
   6.6537658e+00   2.4000000e+01   1.2481347e+00
   6.6637658e+00   2.4000000e+01   1.2481347e+00
   6.6737658e+00   2.4000000e+01   1.2481347e+00
   6.6801050e+00   2.4000000e+01   1.2481347e+00
   6.6801050e+00   2.5000000e+01   1.2548803e+00
   6.6801050e+00   2.5000000e+01   1.2548803e+00
   6.6901050e+00   2.5000000e+01   1.2548803e+00
   6.7001050e+00   2.5000000e+01   1.2548803e+00
   6.7101050e+00   2.5000000e+01   1.2548803e+00
   6.7201050e+00   2.5000000e+01   1.2548803e+00
   6.7301050e+00   2.5000000e+01   1.2548803e+00
   6.7401050e+00   2.5000000e+01   1.2548803e+00
   6.7501050e+00   2.5000000e+01   1.2548803e+00
   6.7601050e+00   2.5000000e+01   1.2548803e+00
   6.7701050e+00   2.5000000e+01   1.2548803e+00
   6.7801050e+00   2.5000000e+01   1.2548803e+00
   6.7901050e+00   2.5000000e+01   1.2548803e+00
   6.8001050e+00   2.5000000e+01   1.2548803e+00
   6.8101050e+00   2.5000000e+01   1.2548803e+00
   6.8201050e+00   2.5000000e+01   1.2548803e+00
   6.8301050e+00   2.5000000e+01   1.2548803e+00
   6.8401050e+00   2.5000000e+01   1.2548803e+00
   6.8501050e+00   2.5000000e+01   1.2548803e+00
   6.8601050e+00   2.5000000e+01   1.2548803e+00
   6.8701050e+00   2.5000000e+01   1.2548803e+00
   6.8801050e+00   2.5000000e+01   1.2548803e+00
   6.8901050e+00   2.5000000e+01   1.2548803e+00
   6.9001050e+00   2.5000000e+01   1.2548803e+00
   6.9101050e+00   2.5000000e+01   1.2548803e+00
   6.9201050e+00   2.5000000e+01   1.2548803e+00
   6.9301050e+00   2.5000000e+01   1.2548803e+00
   6.9401050e+00   2.5000000e+01   1.2548803e+00
   6.9501050e+00   2.5000000e+01   1.2548803e+00
   6.9601050e+00   2.5000000e+01   1.2548803e+00
   6.9701050e+00   2.5000000e+01   1.2548803e+00
   6.9801050e+00   2.5000000e+01   1.2548803e+00
   6.9901050e+00   2.5000000e+01   1.2548803e+00
   7.0001050e+00   2.5000000e+01   1.2548803e+00
   7.0101050e+00   2.5000000e+01   1.2548803e+00
   7.0201050e+00   2.5000000e+01   1.2548803e+00
   7.0301050e+00   2.5000000e+01   1.2548803e+00
   7.0401050e+00   2.5000000e+01   1.2548803e+00
   7.0501050e+00   2.5000000e+01   1.2548803e+00
   7.0601050e+00   2.5000000e+01   1.2548803e+00
   7.0701050e+00   2.5000000e+01   1.2548803e+00
   7.0801050e+00   2.5000000e+01   1.2548803e+00
   7.0901050e+00   2.5000000e+01   1.2548803e+00
   7.1001050e+00   2.5000000e+01   1.2548803e+00
   7.1101050e+00   2.5000000e+01   1.2548803e+00
   7.1201050e+00   2.5000000e+01   1.2548803e+00
   7.1301050e+00   2.5000000e+01   1.2548803e+00
   7.1386103e+00   2.5000000e+01   1.2548803e+00
   7.1386103e+00   2.6000000e+01   1.2604902e+00
   7.1386103e+00   2.6000000e+01   1.2604902e+00
   7.1486103e+00   2.6000000e+01   1.2604902e+00
   7.1586103e+00   2.6000000e+01   1.2604902e+00
   7.1686103e+00   2.6000000e+01   1.2604902e+00
   7.1786103e+00   2.6000000e+01   1.2604902e+00
   7.1886103e+00   2.6000000e+01   1.2604902e+00
   7.1986103e+00   2.6000000e+01   1.2604902e+00
   7.2086103e+00   2.6000000e+01   1.2604902e+00
   7.2186103e+00   2.6000000e+01   1.2604902e+00
   7.2286103e+00   2.6000000e+01   1.2604902e+00
   7.2386103e+00   2.6000000e+01   1.2604902e+00
   7.2486103e+00   2.6000000e+01   1.2604902e+00
   7.2586103e+00   2.6000000e+01   1.2604902e+00
   7.2686103e+00   2.6000000e+01   1.2604902e+00
   7.2786103e+00   2.6000000e+01   1.2604902e+00
   7.2886103e+00   2.6000000e+01   1.2604902e+00
   7.2986103e+00   2.6000000e+01   1.2604902e+00
   7.3086103e+00   2.6000000e+01   1.2604902e+00
   7.3186103e+00   2.6000000e+01   1.2604902e+00
   7.3286103e+00   2.6000000e+01   1.2604902e+00
   7.3386103e+00   2.6000000e+01   1.2604902e+00
   7.3486103e+00   2.6000000e+01   1.2604902e+00
   7.3586103e+00   2.6000000e+01   1.2604902e+00
   7.3686103e+00   2.6000000e+01   1.2604902e+00
   7.3786103e+00   2.6000000e+01   1.2604902e+00
   7.3886103e+00   2.6000000e+01   1.2604902e+00
   7.3986103e+00   2.6000000e+01   1.2604902e+00
   7.4086103e+00   2.6000000e+01   1.2604902e+00
   7.4186103e+00   2.6000000e+01   1.2604902e+00
   7.4286103e+00   2.6000000e+01   1.2604902e+00
   7.4386103e+00   2.6000000e+01   1.2604902e+00
   7.4486103e+00   2.6000000e+01   1.2604902e+00
   7.4586103e+00   2.6000000e+01   1.2604902e+00
   7.4686103e+00   2.6000000e+01   1.2604902e+00
   7.4786103e+00   2.6000000e+01   1.2604902e+00
   7.4886103e+00   2.6000000e+01   1.2604902e+00
   7.4986103e+00   2.6000000e+01   1.2604902e+00
   7.5086103e+00   2.6000000e+01   1.2604902e+00
   7.5186103e+00   2.6000000e+01   1.2604902e+00
   7.5286103e+00   2.6000000e+01   1.2604902e+00
   7.5386103e+00   2.6000000e+01   1.2604902e+00
   7.5486103e+00   2.6000000e+01   1.2604902e+00
   7.5586103e+00   2.6000000e+01   1.2604902e+00
   7.5686103e+00   2.6000000e+01   1.2604902e+00
   7.5786103e+00   2.6000000e+01   1.2604902e+00
   7.5886103e+00   2.6000000e+01   1.2604902e+00
   7.5986103e+00   2.6000000e+01   1.2604902e+00
   7.6086103e+00   2.6000000e+01   1.2604902e+00
   7.6090875e+00   2.6000000e+01   1.2604902e+00
   7.6090875e+00   2.7000000e+01   1.2650083e+00
   7.6090875e+00   2.7000000e+01   1.2650083e+00
   7.6190875e+00   2.7000000e+01   1.2650083e+00
   7.6290875e+00   2.7000000e+01   1.2650083e+00
   7.6390875e+00   2.7000000e+01   1.2650083e+00
   7.6490875e+00   2.7000000e+01   1.2650083e+00
   7.6590875e+00   2.7000000e+01   1.2650083e+00
   7.6690875e+00   2.7000000e+01   1.2650083e+00
   7.6790875e+00   2.7000000e+01   1.2650083e+00
   7.6890875e+00   2.7000000e+01   1.2650083e+00
   7.6990875e+00   2.7000000e+01   1.2650083e+00
   7.7090875e+00   2.7000000e+01   1.2650083e+00
   7.7190875e+00   2.7000000e+01   1.2650083e+00
   7.7290875e+00   2.7000000e+01   1.2650083e+00
   7.7390875e+00   2.7000000e+01   1.2650083e+00
   7.7490875e+00   2.7000000e+01   1.2650083e+00
   7.7590875e+00   2.7000000e+01   1.2650083e+00
   7.7690875e+00   2.7000000e+01   1.2650083e+00
   7.7790875e+00   2.7000000e+01   1.2650083e+00
   7.7890875e+00   2.7000000e+01   1.2650083e+00
   7.7990875e+00   2.7000000e+01   1.2650083e+00
   7.8090875e+00   2.7000000e+01   1.2650083e+00
   7.8190875e+00   2.7000000e+01   1.2650083e+00
   7.8290875e+00   2.7000000e+01   1.2650083e+00
   7.8390875e+00   2.7000000e+01   1.2650083e+00
   7.8490875e+00   2.7000000e+01   1.2650083e+00
   7.8590875e+00   2.7000000e+01   1.2650083e+00
   7.8690875e+00   2.7000000e+01   1.2650083e+00
   7.8790875e+00   2.7000000e+01   1.2650083e+00
   7.8890875e+00   2.7000000e+01   1.2650083e+00
   7.8990875e+00   2.7000000e+01   1.2650083e+00
   7.9090875e+00   2.7000000e+01   1.2650083e+00
   7.9190875e+00   2.7000000e+01   1.2650083e+00
   7.9290875e+00   2.7000000e+01   1.2650083e+00
   7.9390875e+00   2.7000000e+01   1.2650083e+00
   7.9490875e+00   2.7000000e+01   1.2650083e+00
   7.9590875e+00   2.7000000e+01   1.2650083e+00
   7.9690875e+00   2.7000000e+01   1.2650083e+00
   7.9790875e+00   2.7000000e+01   1.2650083e+00
   7.9890875e+00   2.7000000e+01   1.2650083e+00
   7.9990875e+00   2.7000000e+01   1.2650083e+00
   8.0090875e+00   2.7000000e+01   1.2650083e+00
   8.0190875e+00   2.7000000e+01   1.2650083e+00
   8.0290875e+00   2.7000000e+01   1.2650083e+00
   8.0390875e+00   2.7000000e+01   1.2650083e+00
   8.0490875e+00   2.7000000e+01   1.2650083e+00
   8.0590875e+00   2.7000000e+01   1.2650083e+00
   8.0690875e+00   2.7000000e+01   1.2650083e+00
   8.0790875e+00   2.7000000e+01   1.2650083e+00
   8.0890875e+00   2.7000000e+01   1.2650083e+00
   8.0913502e+00   2.7000000e+01   1.2650083e+00
   8.0913502e+00   2.8000000e+01   1.2684738e+00
   8.0913502e+00   2.8000000e+01   1.2684738e+00
   8.1013502e+00   2.8000000e+01   1.2684738e+00
   8.1113502e+00   2.8000000e+01   1.2684738e+00
   8.1213502e+00   2.8000000e+01   1.2684738e+00
   8.1313502e+00   2.8000000e+01   1.2684738e+00
   8.1413502e+00   2.8000000e+01   1.2684738e+00
   8.1513502e+00   2.8000000e+01   1.2684738e+00
   8.1613502e+00   2.8000000e+01   1.2684738e+00
   8.1713502e+00   2.8000000e+01   1.2684738e+00
   8.1813502e+00   2.8000000e+01   1.2684738e+00
   8.1913502e+00   2.8000000e+01   1.2684738e+00
   8.2013502e+00   2.8000000e+01   1.2684738e+00
   8.2113502e+00   2.8000000e+01   1.2684738e+00
   8.2213502e+00   2.8000000e+01   1.2684738e+00
   8.2313502e+00   2.8000000e+01   1.2684738e+00
   8.2413502e+00   2.8000000e+01   1.2684738e+00
   8.2513502e+00   2.8000000e+01   1.2684738e+00
   8.2613502e+00   2.8000000e+01   1.2684738e+00
   8.2713502e+00   2.8000000e+01   1.2684738e+00
   8.2813502e+00   2.8000000e+01   1.2684738e+00
   8.2913502e+00   2.8000000e+01   1.2684738e+00
   8.3013502e+00   2.8000000e+01   1.2684738e+00
   8.3113502e+00   2.8000000e+01   1.2684738e+00
   8.3213502e+00   2.8000000e+01   1.2684738e+00
   8.3313502e+00   2.8000000e+01   1.2684738e+00
   8.3413502e+00   2.8000000e+01   1.2684738e+00
   8.3513502e+00   2.8000000e+01   1.2684738e+00
   8.3613502e+00   2.8000000e+01   1.2684738e+00
   8.3713502e+00   2.8000000e+01   1.2684738e+00
   8.3813502e+00   2.8000000e+01   1.2684738e+00
   8.3913502e+00   2.8000000e+01   1.2684738e+00
   8.4013502e+00   2.8000000e+01   1.2684738e+00
   8.4113502e+00   2.8000000e+01   1.2684738e+00
   8.4213502e+00   2.8000000e+01   1.2684738e+00
   8.4313502e+00   2.8000000e+01   1.2684738e+00
   8.4413502e+00   2.8000000e+01   1.2684738e+00
   8.4513502e+00   2.8000000e+01   1.2684738e+00
   8.4613502e+00   2.8000000e+01   1.2684738e+00
   8.4713502e+00   2.8000000e+01   1.2684738e+00
   8.4813502e+00   2.8000000e+01   1.2684738e+00
   8.4913502e+00   2.8000000e+01   1.2684738e+00
   8.5013502e+00   2.8000000e+01   1.2684738e+00
   8.5113502e+00   2.8000000e+01   1.2684738e+00
   8.5213502e+00   2.8000000e+01   1.2684738e+00
   8.5313502e+00   2.8000000e+01   1.2684738e+00
   8.5413502e+00   2.8000000e+01   1.2684738e+00
   8.5513502e+00   2.8000000e+01   1.2684738e+00
   8.5613502e+00   2.8000000e+01   1.2684738e+00
   8.5713502e+00   2.8000000e+01   1.2684738e+00
   8.5813502e+00   2.8000000e+01   1.2684738e+00
   8.5852186e+00   2.8000000e+01   1.2684738e+00
   8.5852186e+00   2.9000000e+01   1.2709218e+00
   8.5852186e+00   2.9000000e+01   1.2709218e+00
   8.5952186e+00   2.9000000e+01   1.2709218e+00
   8.6052186e+00   2.9000000e+01   1.2709218e+00
   8.6152186e+00   2.9000000e+01   1.2709218e+00
   8.6252186e+00   2.9000000e+01   1.2709218e+00
   8.6352186e+00   2.9000000e+01   1.2709218e+00
   8.6452186e+00   2.9000000e+01   1.2709218e+00
   8.6552186e+00   2.9000000e+01   1.2709218e+00
   8.6652186e+00   2.9000000e+01   1.2709218e+00
   8.6752186e+00   2.9000000e+01   1.2709218e+00
   8.6852186e+00   2.9000000e+01   1.2709218e+00
   8.6952186e+00   2.9000000e+01   1.2709218e+00
   8.7052186e+00   2.9000000e+01   1.2709218e+00
   8.7152186e+00   2.9000000e+01   1.2709218e+00
   8.7252186e+00   2.9000000e+01   1.2709218e+00
   8.7352186e+00   2.9000000e+01   1.2709218e+00
   8.7452186e+00   2.9000000e+01   1.2709218e+00
   8.7552186e+00   2.9000000e+01   1.2709218e+00
   8.7652186e+00   2.9000000e+01   1.2709218e+00
   8.7752186e+00   2.9000000e+01   1.2709218e+00
   8.7852186e+00   2.9000000e+01   1.2709218e+00
   8.7952186e+00   2.9000000e+01   1.2709218e+00
   8.8052186e+00   2.9000000e+01   1.2709218e+00
   8.8152186e+00   2.9000000e+01   1.2709218e+00
   8.8252186e+00   2.9000000e+01   1.2709218e+00
   8.8352186e+00   2.9000000e+01   1.2709218e+00
   8.8452186e+00   2.9000000e+01   1.2709218e+00
   8.8552186e+00   2.9000000e+01   1.2709218e+00
   8.8652186e+00   2.9000000e+01   1.2709218e+00
   8.8752186e+00   2.9000000e+01   1.2709218e+00
   8.8852186e+00   2.9000000e+01   1.2709218e+00
   8.8952186e+00   2.9000000e+01   1.2709218e+00
   8.9052186e+00   2.9000000e+01   1.2709218e+00
   8.9152186e+00   2.9000000e+01   1.2709218e+00
   8.9252186e+00   2.9000000e+01   1.2709218e+00
   8.9352186e+00   2.9000000e+01   1.2709218e+00
   8.9452186e+00   2.9000000e+01   1.2709218e+00
   8.9552186e+00   2.9000000e+01   1.2709218e+00
   8.9652186e+00   2.9000000e+01   1.2709218e+00
   8.9752186e+00   2.9000000e+01   1.2709218e+00
   8.9852186e+00   2.9000000e+01   1.2709218e+00
   8.9952186e+00   2.9000000e+01   1.2709218e+00
   9.0052186e+00   2.9000000e+01   1.2709218e+00
   9.0152186e+00   2.9000000e+01   1.2709218e+00
   9.0252186e+00   2.9000000e+01   1.2709218e+00
   9.0352186e+00   2.9000000e+01   1.2709218e+00
   9.0452186e+00   2.9000000e+01   1.2709218e+00
   9.0552186e+00   2.9000000e+01   1.2709218e+00
   9.0652186e+00   2.9000000e+01   1.2709218e+00
   9.0752186e+00   2.9000000e+01   1.2709218e+00
   9.0852186e+00   2.9000000e+01   1.2709218e+00
   9.0905189e+00   2.9000000e+01   1.2709218e+00
   9.0905189e+00   3.0000000e+01   1.2723837e+00
   9.0905189e+00   3.0000000e+01   1.2723837e+00
   9.1005189e+00   3.0000000e+01   1.2723837e+00
   9.1105189e+00   3.0000000e+01   1.2723837e+00
   9.1205189e+00   3.0000000e+01   1.2723837e+00
   9.1305189e+00   3.0000000e+01   1.2723837e+00
   9.1405189e+00   3.0000000e+01   1.2723837e+00
   9.1505189e+00   3.0000000e+01   1.2723837e+00
   9.1605189e+00   3.0000000e+01   1.2723837e+00
   9.1705189e+00   3.0000000e+01   1.2723837e+00
   9.1805189e+00   3.0000000e+01   1.2723837e+00
   9.1905189e+00   3.0000000e+01   1.2723837e+00
   9.2005189e+00   3.0000000e+01   1.2723837e+00
   9.2105189e+00   3.0000000e+01   1.2723837e+00
   9.2205189e+00   3.0000000e+01   1.2723837e+00
   9.2305189e+00   3.0000000e+01   1.2723837e+00
   9.2405189e+00   3.0000000e+01   1.2723837e+00
   9.2505189e+00   3.0000000e+01   1.2723837e+00
   9.2605189e+00   3.0000000e+01   1.2723837e+00
   9.2705189e+00   3.0000000e+01   1.2723837e+00
   9.2805189e+00   3.0000000e+01   1.2723837e+00
   9.2905189e+00   3.0000000e+01   1.2723837e+00
   9.3005189e+00   3.0000000e+01   1.2723837e+00
   9.3105189e+00   3.0000000e+01   1.2723837e+00
   9.3205189e+00   3.0000000e+01   1.2723837e+00
   9.3305189e+00   3.0000000e+01   1.2723837e+00
   9.3405189e+00   3.0000000e+01   1.2723837e+00
   9.3505189e+00   3.0000000e+01   1.2723837e+00
   9.3605189e+00   3.0000000e+01   1.2723837e+00
   9.3705189e+00   3.0000000e+01   1.2723837e+00
   9.3805189e+00   3.0000000e+01   1.2723837e+00
   9.3905189e+00   3.0000000e+01   1.2723837e+00
   9.4005189e+00   3.0000000e+01   1.2723837e+00
   9.4105189e+00   3.0000000e+01   1.2723837e+00
   9.4205189e+00   3.0000000e+01   1.2723837e+00
   9.4305189e+00   3.0000000e+01   1.2723837e+00
   9.4405189e+00   3.0000000e+01   1.2723837e+00
   9.4505189e+00   3.0000000e+01   1.2723837e+00
   9.4605189e+00   3.0000000e+01   1.2723837e+00
   9.4705189e+00   3.0000000e+01   1.2723837e+00
   9.4805189e+00   3.0000000e+01   1.2723837e+00
   9.4905189e+00   3.0000000e+01   1.2723837e+00
   9.5005189e+00   3.0000000e+01   1.2723837e+00
   9.5105189e+00   3.0000000e+01   1.2723837e+00
   9.5205189e+00   3.0000000e+01   1.2723837e+00
   9.5305189e+00   3.0000000e+01   1.2723837e+00
   9.5405189e+00   3.0000000e+01   1.2723837e+00
   9.5505189e+00   3.0000000e+01   1.2723837e+00
   9.5605189e+00   3.0000000e+01   1.2723837e+00
   9.5705189e+00   3.0000000e+01   1.2723837e+00
   9.5805189e+00   3.0000000e+01   1.2723837e+00
   9.5905189e+00   3.0000000e+01   1.2723837e+00
   9.6005189e+00   3.0000000e+01   1.2723837e+00
   9.6070822e+00   3.0000000e+01   1.2723837e+00
   9.6070822e+00   3.1000000e+01   1.2728878e+00
   9.6070822e+00   3.1000000e+01   1.2728878e+00
   9.6170822e+00   3.1000000e+01   1.2728878e+00
   9.6270822e+00   3.1000000e+01   1.2728878e+00
   9.6370822e+00   3.1000000e+01   1.2728878e+00
   9.6470822e+00   3.1000000e+01   1.2728878e+00
   9.6570822e+00   3.1000000e+01   1.2728878e+00
   9.6670822e+00   3.1000000e+01   1.2728878e+00
   9.6770822e+00   3.1000000e+01   1.2728878e+00
   9.6870822e+00   3.1000000e+01   1.2728878e+00
   9.6970822e+00   3.1000000e+01   1.2728878e+00
   9.7070822e+00   3.1000000e+01   1.2728878e+00
   9.7170822e+00   3.1000000e+01   1.2728878e+00
   9.7270822e+00   3.1000000e+01   1.2728878e+00
   9.7370822e+00   3.1000000e+01   1.2728878e+00
   9.7470822e+00   3.1000000e+01   1.2728878e+00
   9.7570822e+00   3.1000000e+01   1.2728878e+00
   9.7670822e+00   3.1000000e+01   1.2728878e+00
   9.7770822e+00   3.1000000e+01   1.2728878e+00
   9.7870822e+00   3.1000000e+01   1.2728878e+00
   9.7970822e+00   3.1000000e+01   1.2728878e+00
   9.8070822e+00   3.1000000e+01   1.2728878e+00
   9.8170822e+00   3.1000000e+01   1.2728878e+00
   9.8270822e+00   3.1000000e+01   1.2728878e+00
   9.8370822e+00   3.1000000e+01   1.2728878e+00
   9.8470822e+00   3.1000000e+01   1.2728878e+00
   9.8570822e+00   3.1000000e+01   1.2728878e+00
   9.8670822e+00   3.1000000e+01   1.2728878e+00
   9.8770822e+00   3.1000000e+01   1.2728878e+00
   9.8870822e+00   3.1000000e+01   1.2728878e+00
   9.8970822e+00   3.1000000e+01   1.2728878e+00
   9.9070822e+00   3.1000000e+01   1.2728878e+00
   9.9170822e+00   3.1000000e+01   1.2728878e+00
   9.9270822e+00   3.1000000e+01   1.2728878e+00
   9.9370822e+00   3.1000000e+01   1.2728878e+00
   9.9470822e+00   3.1000000e+01   1.2728878e+00
   9.9570822e+00   3.1000000e+01   1.2728878e+00
   9.9670822e+00   3.1000000e+01   1.2728878e+00
   9.9770822e+00   3.1000000e+01   1.2728878e+00
   9.9870822e+00   3.1000000e+01   1.2728878e+00
   9.9970822e+00   3.1000000e+01   1.2728878e+00
   1.0007082e+01   3.1000000e+01   1.2728878e+00
   1.0017082e+01   3.1000000e+01   1.2728878e+00
   1.0027082e+01   3.1000000e+01   1.2728878e+00
   1.0037082e+01   3.1000000e+01   1.2728878e+00
   1.0047082e+01   3.1000000e+01   1.2728878e+00
   1.0057082e+01   3.1000000e+01   1.2728878e+00
   1.0067082e+01   3.1000000e+01   1.2728878e+00
   1.0077082e+01   3.1000000e+01   1.2728878e+00
   1.0087082e+01   3.1000000e+01   1.2728878e+00
   1.0097082e+01   3.1000000e+01   1.2728878e+00
   1.0107082e+01   3.1000000e+01   1.2728878e+00
   1.0117082e+01   3.1000000e+01   1.2728878e+00
   1.0127082e+01   3.1000000e+01   1.2728878e+00
   1.0134745e+01   3.1000000e+01   1.2728878e+00
   1.0134745e+01   3.2000000e+01   1.2724597e+00
   1.0134745e+01   3.2000000e+01   1.2724597e+00
   1.0144745e+01   3.2000000e+01   1.2724597e+00
   1.0154745e+01   3.2000000e+01   1.2724597e+00
   1.0164745e+01   3.2000000e+01   1.2724597e+00
   1.0174745e+01   3.2000000e+01   1.2724597e+00
   1.0184745e+01   3.2000000e+01   1.2724597e+00
   1.0194745e+01   3.2000000e+01   1.2724597e+00
   1.0204745e+01   3.2000000e+01   1.2724597e+00
   1.0214745e+01   3.2000000e+01   1.2724597e+00
   1.0224745e+01   3.2000000e+01   1.2724597e+00
   1.0234745e+01   3.2000000e+01   1.2724597e+00
   1.0244745e+01   3.2000000e+01   1.2724597e+00
   1.0254745e+01   3.2000000e+01   1.2724597e+00
   1.0264745e+01   3.2000000e+01   1.2724597e+00
   1.0274745e+01   3.2000000e+01   1.2724597e+00
   1.0284745e+01   3.2000000e+01   1.2724597e+00
   1.0294745e+01   3.2000000e+01   1.2724597e+00
   1.0304745e+01   3.2000000e+01   1.2724597e+00
   1.0314745e+01   3.2000000e+01   1.2724597e+00
   1.0324745e+01   3.2000000e+01   1.2724597e+00
   1.0334745e+01   3.2000000e+01   1.2724597e+00
   1.0344745e+01   3.2000000e+01   1.2724597e+00
   1.0354745e+01   3.2000000e+01   1.2724597e+00
   1.0364745e+01   3.2000000e+01   1.2724597e+00
   1.0374745e+01   3.2000000e+01   1.2724597e+00
   1.0384745e+01   3.2000000e+01   1.2724597e+00
   1.0394745e+01   3.2000000e+01   1.2724597e+00
   1.0404745e+01   3.2000000e+01   1.2724597e+00
   1.0414745e+01   3.2000000e+01   1.2724597e+00
   1.0424745e+01   3.2000000e+01   1.2724597e+00
   1.0434745e+01   3.2000000e+01   1.2724597e+00
   1.0444745e+01   3.2000000e+01   1.2724597e+00
   1.0454745e+01   3.2000000e+01   1.2724597e+00
   1.0464745e+01   3.2000000e+01   1.2724597e+00
   1.0474745e+01   3.2000000e+01   1.2724597e+00
   1.0484745e+01   3.2000000e+01   1.2724597e+00
   1.0494745e+01   3.2000000e+01   1.2724597e+00
   1.0504745e+01   3.2000000e+01   1.2724597e+00
   1.0514745e+01   3.2000000e+01   1.2724597e+00
   1.0524745e+01   3.2000000e+01   1.2724597e+00
   1.0534745e+01   3.2000000e+01   1.2724597e+00
   1.0544745e+01   3.2000000e+01   1.2724597e+00
   1.0554745e+01   3.2000000e+01   1.2724597e+00
   1.0564745e+01   3.2000000e+01   1.2724597e+00
   1.0574745e+01   3.2000000e+01   1.2724597e+00
   1.0584745e+01   3.2000000e+01   1.2724597e+00
   1.0594745e+01   3.2000000e+01   1.2724597e+00
   1.0604745e+01   3.2000000e+01   1.2724597e+00
   1.0614745e+01   3.2000000e+01   1.2724597e+00
   1.0624745e+01   3.2000000e+01   1.2724597e+00
   1.0634745e+01   3.2000000e+01   1.2724597e+00
   1.0644745e+01   3.2000000e+01   1.2724597e+00
   1.0654745e+01   3.2000000e+01   1.2724597e+00
   1.0664745e+01   3.2000000e+01   1.2724597e+00
   1.0673346e+01   3.2000000e+01   1.2724597e+00
   1.0673346e+01   3.3000000e+01   1.2711224e+00
   1.0673346e+01   3.3000000e+01   1.2711224e+00
   1.0683346e+01   3.3000000e+01   1.2711224e+00
   1.0693346e+01   3.3000000e+01   1.2711224e+00
   1.0703346e+01   3.3000000e+01   1.2711224e+00
   1.0713346e+01   3.3000000e+01   1.2711224e+00
   1.0723346e+01   3.3000000e+01   1.2711224e+00
   1.0733346e+01   3.3000000e+01   1.2711224e+00
   1.0743346e+01   3.3000000e+01   1.2711224e+00
   1.0753346e+01   3.3000000e+01   1.2711224e+00
   1.0763346e+01   3.3000000e+01   1.2711224e+00
   1.0773346e+01   3.3000000e+01   1.2711224e+00
   1.0783346e+01   3.3000000e+01   1.2711224e+00
   1.0793346e+01   3.3000000e+01   1.2711224e+00
   1.0803346e+01   3.3000000e+01   1.2711224e+00
   1.0813346e+01   3.3000000e+01   1.2711224e+00
   1.0823346e+01   3.3000000e+01   1.2711224e+00
   1.0833346e+01   3.3000000e+01   1.2711224e+00
   1.0843346e+01   3.3000000e+01   1.2711224e+00
   1.0853346e+01   3.3000000e+01   1.2711224e+00
   1.0863346e+01   3.3000000e+01   1.2711224e+00
   1.0873346e+01   3.3000000e+01   1.2711224e+00
   1.0883346e+01   3.3000000e+01   1.2711224e+00
   1.0893346e+01   3.3000000e+01   1.2711224e+00
   1.0903346e+01   3.3000000e+01   1.2711224e+00
   1.0913346e+01   3.3000000e+01   1.2711224e+00
   1.0923346e+01   3.3000000e+01   1.2711224e+00
   1.0933346e+01   3.3000000e+01   1.2711224e+00
   1.0943346e+01   3.3000000e+01   1.2711224e+00
   1.0953346e+01   3.3000000e+01   1.2711224e+00
   1.0963346e+01   3.3000000e+01   1.2711224e+00
   1.0973346e+01   3.3000000e+01   1.2711224e+00
   1.0983346e+01   3.3000000e+01   1.2711224e+00
   1.0993346e+01   3.3000000e+01   1.2711224e+00
   1.1003346e+01   3.3000000e+01   1.2711224e+00
   1.1013346e+01   3.3000000e+01   1.2711224e+00
   1.1023346e+01   3.3000000e+01   1.2711224e+00
   1.1033346e+01   3.3000000e+01   1.2711224e+00
   1.1043346e+01   3.3000000e+01   1.2711224e+00
   1.1053346e+01   3.3000000e+01   1.2711224e+00
   1.1063346e+01   3.3000000e+01   1.2711224e+00
   1.1073346e+01   3.3000000e+01   1.2711224e+00
   1.1083346e+01   3.3000000e+01   1.2711224e+00
   1.1093346e+01   3.3000000e+01   1.2711224e+00
   1.1103346e+01   3.3000000e+01   1.2711224e+00
   1.1113346e+01   3.3000000e+01   1.2711224e+00
   1.1123346e+01   3.3000000e+01   1.2711224e+00
   1.1133346e+01   3.3000000e+01   1.2711224e+00
   1.1143346e+01   3.3000000e+01   1.2711224e+00
   1.1153346e+01   3.3000000e+01   1.2711224e+00
   1.1163346e+01   3.3000000e+01   1.2711224e+00
   1.1173346e+01   3.3000000e+01   1.2711224e+00
   1.1183346e+01   3.3000000e+01   1.2711224e+00
   1.1193346e+01   3.3000000e+01   1.2711224e+00
   1.1203346e+01   3.3000000e+01   1.2711224e+00
   1.1213346e+01   3.3000000e+01   1.2711224e+00
   1.1222729e+01   3.3000000e+01   1.2711224e+00
   1.1222729e+01   3.4000000e+01   1.2688971e+00
   1.1222729e+01   3.4000000e+01   1.2688971e+00
   1.1232729e+01   3.4000000e+01   1.2688971e+00
   1.1242729e+01   3.4000000e+01   1.2688971e+00
   1.1252729e+01   3.4000000e+01   1.2688971e+00
   1.1262729e+01   3.4000000e+01   1.2688971e+00
   1.1272729e+01   3.4000000e+01   1.2688971e+00
   1.1282729e+01   3.4000000e+01   1.2688971e+00
   1.1292729e+01   3.4000000e+01   1.2688971e+00
   1.1302729e+01   3.4000000e+01   1.2688971e+00
   1.1312729e+01   3.4000000e+01   1.2688971e+00
   1.1322729e+01   3.4000000e+01   1.2688971e+00
   1.1332729e+01   3.4000000e+01   1.2688971e+00
   1.1342729e+01   3.4000000e+01   1.2688971e+00
   1.1352729e+01   3.4000000e+01   1.2688971e+00
   1.1362729e+01   3.4000000e+01   1.2688971e+00
   1.1372729e+01   3.4000000e+01   1.2688971e+00
   1.1382729e+01   3.4000000e+01   1.2688971e+00
   1.1392729e+01   3.4000000e+01   1.2688971e+00
   1.1402729e+01   3.4000000e+01   1.2688971e+00
   1.1412729e+01   3.4000000e+01   1.2688971e+00
   1.1422729e+01   3.4000000e+01   1.2688971e+00
   1.1432729e+01   3.4000000e+01   1.2688971e+00
   1.1442729e+01   3.4000000e+01   1.2688971e+00
   1.1452729e+01   3.4000000e+01   1.2688971e+00
   1.1462729e+01   3.4000000e+01   1.2688971e+00
   1.1472729e+01   3.4000000e+01   1.2688971e+00
   1.1482729e+01   3.4000000e+01   1.2688971e+00
   1.1492729e+01   3.4000000e+01   1.2688971e+00
   1.1502729e+01   3.4000000e+01   1.2688971e+00
   1.1512729e+01   3.4000000e+01   1.2688971e+00
   1.1522729e+01   3.4000000e+01   1.2688971e+00
   1.1532729e+01   3.4000000e+01   1.2688971e+00
   1.1542729e+01   3.4000000e+01   1.2688971e+00
   1.1552729e+01   3.4000000e+01   1.2688971e+00
   1.1562729e+01   3.4000000e+01   1.2688971e+00
   1.1572729e+01   3.4000000e+01   1.2688971e+00
   1.1582729e+01   3.4000000e+01   1.2688971e+00
   1.1592729e+01   3.4000000e+01   1.2688971e+00
   1.1602729e+01   3.4000000e+01   1.2688971e+00
   1.1612729e+01   3.4000000e+01   1.2688971e+00
   1.1622729e+01   3.4000000e+01   1.2688971e+00
   1.1632729e+01   3.4000000e+01   1.2688971e+00
   1.1642729e+01   3.4000000e+01   1.2688971e+00
   1.1652729e+01   3.4000000e+01   1.2688971e+00
   1.1662729e+01   3.4000000e+01   1.2688971e+00
   1.1672729e+01   3.4000000e+01   1.2688971e+00
   1.1682729e+01   3.4000000e+01   1.2688971e+00
   1.1692729e+01   3.4000000e+01   1.2688971e+00
   1.1702729e+01   3.4000000e+01   1.2688971e+00
   1.1712729e+01   3.4000000e+01   1.2688971e+00
   1.1722729e+01   3.4000000e+01   1.2688971e+00
   1.1732729e+01   3.4000000e+01   1.2688971e+00
   1.1742729e+01   3.4000000e+01   1.2688971e+00
   1.1752729e+01   3.4000000e+01   1.2688971e+00
   1.1762729e+01   3.4000000e+01   1.2688971e+00
   1.1772729e+01   3.4000000e+01   1.2688971e+00
   1.1782729e+01   3.4000000e+01   1.2688971e+00
   1.1782741e+01   3.4000000e+01   1.2688971e+00
   1.1782741e+01   3.5000000e+01   1.2658028e+00
   1.1782741e+01   3.5000000e+01   1.2658028e+00
   1.1792741e+01   3.5000000e+01   1.2658028e+00
   1.1802741e+01   3.5000000e+01   1.2658028e+00
   1.1812741e+01   3.5000000e+01   1.2658028e+00
   1.1822741e+01   3.5000000e+01   1.2658028e+00
   1.1832741e+01   3.5000000e+01   1.2658028e+00
   1.1842741e+01   3.5000000e+01   1.2658028e+00
   1.1852741e+01   3.5000000e+01   1.2658028e+00
   1.1862741e+01   3.5000000e+01   1.2658028e+00
   1.1872741e+01   3.5000000e+01   1.2658028e+00
   1.1882741e+01   3.5000000e+01   1.2658028e+00
   1.1892741e+01   3.5000000e+01   1.2658028e+00
   1.1902741e+01   3.5000000e+01   1.2658028e+00
   1.1912741e+01   3.5000000e+01   1.2658028e+00
   1.1922741e+01   3.5000000e+01   1.2658028e+00
   1.1932741e+01   3.5000000e+01   1.2658028e+00
   1.1942741e+01   3.5000000e+01   1.2658028e+00
   1.1952741e+01   3.5000000e+01   1.2658028e+00
   1.1962741e+01   3.5000000e+01   1.2658028e+00
   1.1972741e+01   3.5000000e+01   1.2658028e+00
   1.1982741e+01   3.5000000e+01   1.2658028e+00
   1.1992741e+01   3.5000000e+01   1.2658028e+00
   1.2002741e+01   3.5000000e+01   1.2658028e+00
   1.2012741e+01   3.5000000e+01   1.2658028e+00
   1.2022741e+01   3.5000000e+01   1.2658028e+00
   1.2032741e+01   3.5000000e+01   1.2658028e+00
   1.2042741e+01   3.5000000e+01   1.2658028e+00
   1.2052741e+01   3.5000000e+01   1.2658028e+00
   1.2062741e+01   3.5000000e+01   1.2658028e+00
   1.2072741e+01   3.5000000e+01   1.2658028e+00
   1.2082741e+01   3.5000000e+01   1.2658028e+00
   1.2092741e+01   3.5000000e+01   1.2658028e+00
   1.2102741e+01   3.5000000e+01   1.2658028e+00
   1.2112741e+01   3.5000000e+01   1.2658028e+00
   1.2122741e+01   3.5000000e+01   1.2658028e+00
   1.2132741e+01   3.5000000e+01   1.2658028e+00
   1.2142741e+01   3.5000000e+01   1.2658028e+00
   1.2152741e+01   3.5000000e+01   1.2658028e+00
   1.2162741e+01   3.5000000e+01   1.2658028e+00
   1.2172741e+01   3.5000000e+01   1.2658028e+00
   1.2182741e+01   3.5000000e+01   1.2658028e+00
   1.2192741e+01   3.5000000e+01   1.2658028e+00
   1.2202741e+01   3.5000000e+01   1.2658028e+00
   1.2212741e+01   3.5000000e+01   1.2658028e+00
   1.2222741e+01   3.5000000e+01   1.2658028e+00
   1.2232741e+01   3.5000000e+01   1.2658028e+00
   1.2242741e+01   3.5000000e+01   1.2658028e+00
   1.2252741e+01   3.5000000e+01   1.2658028e+00
   1.2262741e+01   3.5000000e+01   1.2658028e+00
   1.2272741e+01   3.5000000e+01   1.2658028e+00
   1.2282741e+01   3.5000000e+01   1.2658028e+00
   1.2292741e+01   3.5000000e+01   1.2658028e+00
   1.2302741e+01   3.5000000e+01   1.2658028e+00
   1.2312741e+01   3.5000000e+01   1.2658028e+00
   1.2322741e+01   3.5000000e+01   1.2658028e+00
   1.2332741e+01   3.5000000e+01   1.2658028e+00
   1.2342741e+01   3.5000000e+01   1.2658028e+00
   1.2352741e+01   3.5000000e+01   1.2658028e+00
   1.2353231e+01   3.5000000e+01   1.2658028e+00
   1.2353231e+01   3.6000000e+01   1.2618570e+00
   1.2353231e+01   3.6000000e+01   1.2618570e+00
   1.2363231e+01   3.6000000e+01   1.2618570e+00
   1.2373231e+01   3.6000000e+01   1.2618570e+00
   1.2383231e+01   3.6000000e+01   1.2618570e+00
   1.2393231e+01   3.6000000e+01   1.2618570e+00
   1.2403231e+01   3.6000000e+01   1.2618570e+00
   1.2413231e+01   3.6000000e+01   1.2618570e+00
   1.2423231e+01   3.6000000e+01   1.2618570e+00
   1.2433231e+01   3.6000000e+01   1.2618570e+00
   1.2443231e+01   3.6000000e+01   1.2618570e+00
   1.2453231e+01   3.6000000e+01   1.2618570e+00
   1.2463231e+01   3.6000000e+01   1.2618570e+00
   1.2473231e+01   3.6000000e+01   1.2618570e+00
   1.2483231e+01   3.6000000e+01   1.2618570e+00
   1.2493231e+01   3.6000000e+01   1.2618570e+00
   1.2503231e+01   3.6000000e+01   1.2618570e+00
   1.2513231e+01   3.6000000e+01   1.2618570e+00
   1.2523231e+01   3.6000000e+01   1.2618570e+00
   1.2533231e+01   3.6000000e+01   1.2618570e+00
   1.2543231e+01   3.6000000e+01   1.2618570e+00
   1.2553231e+01   3.6000000e+01   1.2618570e+00
   1.2563231e+01   3.6000000e+01   1.2618570e+00
   1.2573231e+01   3.6000000e+01   1.2618570e+00
   1.2583231e+01   3.6000000e+01   1.2618570e+00
   1.2593231e+01   3.6000000e+01   1.2618570e+00
   1.2603231e+01   3.6000000e+01   1.2618570e+00
   1.2613231e+01   3.6000000e+01   1.2618570e+00
   1.2623231e+01   3.6000000e+01   1.2618570e+00
   1.2633231e+01   3.6000000e+01   1.2618570e+00
   1.2643231e+01   3.6000000e+01   1.2618570e+00
   1.2653231e+01   3.6000000e+01   1.2618570e+00
   1.2663231e+01   3.6000000e+01   1.2618570e+00
   1.2673231e+01   3.6000000e+01   1.2618570e+00
   1.2683231e+01   3.6000000e+01   1.2618570e+00
   1.2693231e+01   3.6000000e+01   1.2618570e+00
   1.2703231e+01   3.6000000e+01   1.2618570e+00
   1.2713231e+01   3.6000000e+01   1.2618570e+00
   1.2723231e+01   3.6000000e+01   1.2618570e+00
   1.2733231e+01   3.6000000e+01   1.2618570e+00
   1.2743231e+01   3.6000000e+01   1.2618570e+00
   1.2753231e+01   3.6000000e+01   1.2618570e+00
   1.2763231e+01   3.6000000e+01   1.2618570e+00
   1.2773231e+01   3.6000000e+01   1.2618570e+00
   1.2783231e+01   3.6000000e+01   1.2618570e+00
   1.2793231e+01   3.6000000e+01   1.2618570e+00
   1.2803231e+01   3.6000000e+01   1.2618570e+00
   1.2813231e+01   3.6000000e+01   1.2618570e+00
   1.2823231e+01   3.6000000e+01   1.2618570e+00
   1.2833231e+01   3.6000000e+01   1.2618570e+00
   1.2843231e+01   3.6000000e+01   1.2618570e+00
   1.2853231e+01   3.6000000e+01   1.2618570e+00
   1.2863231e+01   3.6000000e+01   1.2618570e+00
   1.2873231e+01   3.6000000e+01   1.2618570e+00
   1.2883231e+01   3.6000000e+01   1.2618570e+00
   1.2893231e+01   3.6000000e+01   1.2618570e+00
   1.2903231e+01   3.6000000e+01   1.2618570e+00
   1.2913231e+01   3.6000000e+01   1.2618570e+00
   1.2923231e+01   3.6000000e+01   1.2618570e+00
   1.2933231e+01   3.6000000e+01   1.2618570e+00
   1.2934049e+01   3.6000000e+01   1.2618570e+00
   1.2934049e+01   3.7000000e+01   1.2570757e+00
   1.2934049e+01   3.7000000e+01   1.2570757e+00
   1.2944049e+01   3.7000000e+01   1.2570757e+00
   1.2954049e+01   3.7000000e+01   1.2570757e+00
   1.2964049e+01   3.7000000e+01   1.2570757e+00
   1.2974049e+01   3.7000000e+01   1.2570757e+00
   1.2984049e+01   3.7000000e+01   1.2570757e+00
   1.2994049e+01   3.7000000e+01   1.2570757e+00
   1.3004049e+01   3.7000000e+01   1.2570757e+00
   1.3014049e+01   3.7000000e+01   1.2570757e+00
   1.3024049e+01   3.7000000e+01   1.2570757e+00
   1.3034049e+01   3.7000000e+01   1.2570757e+00
   1.3044049e+01   3.7000000e+01   1.2570757e+00
   1.3054049e+01   3.7000000e+01   1.2570757e+00
   1.3064049e+01   3.7000000e+01   1.2570757e+00
   1.3074049e+01   3.7000000e+01   1.2570757e+00
   1.3084049e+01   3.7000000e+01   1.2570757e+00
   1.3094049e+01   3.7000000e+01   1.2570757e+00
   1.3104049e+01   3.7000000e+01   1.2570757e+00
   1.3114049e+01   3.7000000e+01   1.2570757e+00
   1.3124049e+01   3.7000000e+01   1.2570757e+00
   1.3134049e+01   3.7000000e+01   1.2570757e+00
   1.3144049e+01   3.7000000e+01   1.2570757e+00
   1.3154049e+01   3.7000000e+01   1.2570757e+00
   1.3164049e+01   3.7000000e+01   1.2570757e+00
   1.3174049e+01   3.7000000e+01   1.2570757e+00
   1.3184049e+01   3.7000000e+01   1.2570757e+00
   1.3194049e+01   3.7000000e+01   1.2570757e+00
   1.3204049e+01   3.7000000e+01   1.2570757e+00
   1.3214049e+01   3.7000000e+01   1.2570757e+00
   1.3224049e+01   3.7000000e+01   1.2570757e+00
   1.3234049e+01   3.7000000e+01   1.2570757e+00
   1.3244049e+01   3.7000000e+01   1.2570757e+00
   1.3254049e+01   3.7000000e+01   1.2570757e+00
   1.3264049e+01   3.7000000e+01   1.2570757e+00
   1.3274049e+01   3.7000000e+01   1.2570757e+00
   1.3284049e+01   3.7000000e+01   1.2570757e+00
   1.3294049e+01   3.7000000e+01   1.2570757e+00
   1.3304049e+01   3.7000000e+01   1.2570757e+00
   1.3314049e+01   3.7000000e+01   1.2570757e+00
   1.3324049e+01   3.7000000e+01   1.2570757e+00
   1.3334049e+01   3.7000000e+01   1.2570757e+00
   1.3344049e+01   3.7000000e+01   1.2570757e+00
   1.3354049e+01   3.7000000e+01   1.2570757e+00
   1.3364049e+01   3.7000000e+01   1.2570757e+00
   1.3374049e+01   3.7000000e+01   1.2570757e+00
   1.3384049e+01   3.7000000e+01   1.2570757e+00
   1.3394049e+01   3.7000000e+01   1.2570757e+00
   1.3404049e+01   3.7000000e+01   1.2570757e+00
   1.3414049e+01   3.7000000e+01   1.2570757e+00
   1.3424049e+01   3.7000000e+01   1.2570757e+00
   1.3434049e+01   3.7000000e+01   1.2570757e+00
   1.3444049e+01   3.7000000e+01   1.2570757e+00
   1.3454049e+01   3.7000000e+01   1.2570757e+00
   1.3464049e+01   3.7000000e+01   1.2570757e+00
   1.3474049e+01   3.7000000e+01   1.2570757e+00
   1.3484049e+01   3.7000000e+01   1.2570757e+00
   1.3494049e+01   3.7000000e+01   1.2570757e+00
   1.3504049e+01   3.7000000e+01   1.2570757e+00
   1.3514049e+01   3.7000000e+01   1.2570757e+00
   1.3524049e+01   3.7000000e+01   1.2570757e+00
   1.3525047e+01   3.7000000e+01   1.2570757e+00
   1.3525047e+01   3.8000000e+01   1.2514734e+00
   1.3525047e+01   3.8000000e+01   1.2514734e+00
   1.3535047e+01   3.8000000e+01   1.2514734e+00
   1.3545047e+01   3.8000000e+01   1.2514734e+00
   1.3555047e+01   3.8000000e+01   1.2514734e+00
   1.3565047e+01   3.8000000e+01   1.2514734e+00
   1.3575047e+01   3.8000000e+01   1.2514734e+00
   1.3585047e+01   3.8000000e+01   1.2514734e+00
   1.3595047e+01   3.8000000e+01   1.2514734e+00
   1.3605047e+01   3.8000000e+01   1.2514734e+00
   1.3615047e+01   3.8000000e+01   1.2514734e+00
   1.3625047e+01   3.8000000e+01   1.2514734e+00
   1.3635047e+01   3.8000000e+01   1.2514734e+00
   1.3645047e+01   3.8000000e+01   1.2514734e+00
   1.3655047e+01   3.8000000e+01   1.2514734e+00
   1.3665047e+01   3.8000000e+01   1.2514734e+00
   1.3675047e+01   3.8000000e+01   1.2514734e+00
   1.3685047e+01   3.8000000e+01   1.2514734e+00
   1.3695047e+01   3.8000000e+01   1.2514734e+00
   1.3705047e+01   3.8000000e+01   1.2514734e+00
   1.3715047e+01   3.8000000e+01   1.2514734e+00
   1.3725047e+01   3.8000000e+01   1.2514734e+00
   1.3735047e+01   3.8000000e+01   1.2514734e+00
   1.3745047e+01   3.8000000e+01   1.2514734e+00
   1.3755047e+01   3.8000000e+01   1.2514734e+00
   1.3765047e+01   3.8000000e+01   1.2514734e+00
   1.3775047e+01   3.8000000e+01   1.2514734e+00
   1.3785047e+01   3.8000000e+01   1.2514734e+00
   1.3795047e+01   3.8000000e+01   1.2514734e+00
   1.3805047e+01   3.8000000e+01   1.2514734e+00
   1.3815047e+01   3.8000000e+01   1.2514734e+00
   1.3825047e+01   3.8000000e+01   1.2514734e+00
   1.3835047e+01   3.8000000e+01   1.2514734e+00
   1.3845047e+01   3.8000000e+01   1.2514734e+00
   1.3855047e+01   3.8000000e+01   1.2514734e+00
   1.3865047e+01   3.8000000e+01   1.2514734e+00
   1.3875047e+01   3.8000000e+01   1.2514734e+00
   1.3885047e+01   3.8000000e+01   1.2514734e+00
   1.3895047e+01   3.8000000e+01   1.2514734e+00
   1.3905047e+01   3.8000000e+01   1.2514734e+00
   1.3915047e+01   3.8000000e+01   1.2514734e+00
   1.3925047e+01   3.8000000e+01   1.2514734e+00
   1.3935047e+01   3.8000000e+01   1.2514734e+00
   1.3945047e+01   3.8000000e+01   1.2514734e+00
   1.3955047e+01   3.8000000e+01   1.2514734e+00
   1.3965047e+01   3.8000000e+01   1.2514734e+00
   1.3975047e+01   3.8000000e+01   1.2514734e+00
   1.3985047e+01   3.8000000e+01   1.2514734e+00
   1.3995047e+01   3.8000000e+01   1.2514734e+00
   1.4005047e+01   3.8000000e+01   1.2514734e+00
   1.4015047e+01   3.8000000e+01   1.2514734e+00
   1.4025047e+01   3.8000000e+01   1.2514734e+00
   1.4035047e+01   3.8000000e+01   1.2514734e+00
   1.4045047e+01   3.8000000e+01   1.2514734e+00
   1.4055047e+01   3.8000000e+01   1.2514734e+00
   1.4065047e+01   3.8000000e+01   1.2514734e+00
   1.4075047e+01   3.8000000e+01   1.2514734e+00
   1.4085047e+01   3.8000000e+01   1.2514734e+00
   1.4095047e+01   3.8000000e+01   1.2514734e+00
   1.4105047e+01   3.8000000e+01   1.2514734e+00
   1.4115047e+01   3.8000000e+01   1.2514734e+00
   1.4125047e+01   3.8000000e+01   1.2514734e+00
   1.4126081e+01   3.8000000e+01   1.2514734e+00
   1.4126081e+01   3.9000000e+01   1.2450635e+00
   1.4126081e+01   3.9000000e+01   1.2450635e+00
   1.4136081e+01   3.9000000e+01   1.2450635e+00
   1.4146081e+01   3.9000000e+01   1.2450635e+00
   1.4156081e+01   3.9000000e+01   1.2450635e+00
   1.4166081e+01   3.9000000e+01   1.2450635e+00
   1.4176081e+01   3.9000000e+01   1.2450635e+00
   1.4186081e+01   3.9000000e+01   1.2450635e+00
   1.4196081e+01   3.9000000e+01   1.2450635e+00
   1.4206081e+01   3.9000000e+01   1.2450635e+00
   1.4216081e+01   3.9000000e+01   1.2450635e+00
   1.4226081e+01   3.9000000e+01   1.2450635e+00
   1.4236081e+01   3.9000000e+01   1.2450635e+00
   1.4246081e+01   3.9000000e+01   1.2450635e+00
   1.4256081e+01   3.9000000e+01   1.2450635e+00
   1.4266081e+01   3.9000000e+01   1.2450635e+00
   1.4276081e+01   3.9000000e+01   1.2450635e+00
   1.4286081e+01   3.9000000e+01   1.2450635e+00
   1.4296081e+01   3.9000000e+01   1.2450635e+00
   1.4306081e+01   3.9000000e+01   1.2450635e+00
   1.4316081e+01   3.9000000e+01   1.2450635e+00
   1.4326081e+01   3.9000000e+01   1.2450635e+00
   1.4336081e+01   3.9000000e+01   1.2450635e+00
   1.4346081e+01   3.9000000e+01   1.2450635e+00
   1.4356081e+01   3.9000000e+01   1.2450635e+00
   1.4366081e+01   3.9000000e+01   1.2450635e+00
   1.4376081e+01   3.9000000e+01   1.2450635e+00
   1.4386081e+01   3.9000000e+01   1.2450635e+00
   1.4396081e+01   3.9000000e+01   1.2450635e+00
   1.4406081e+01   3.9000000e+01   1.2450635e+00
   1.4416081e+01   3.9000000e+01   1.2450635e+00
   1.4426081e+01   3.9000000e+01   1.2450635e+00
   1.4436081e+01   3.9000000e+01   1.2450635e+00
   1.4446081e+01   3.9000000e+01   1.2450635e+00
   1.4456081e+01   3.9000000e+01   1.2450635e+00
   1.4466081e+01   3.9000000e+01   1.2450635e+00
   1.4476081e+01   3.9000000e+01   1.2450635e+00
   1.4486081e+01   3.9000000e+01   1.2450635e+00
   1.4496081e+01   3.9000000e+01   1.2450635e+00
   1.4506081e+01   3.9000000e+01   1.2450635e+00
   1.4516081e+01   3.9000000e+01   1.2450635e+00
   1.4526081e+01   3.9000000e+01   1.2450635e+00
   1.4536081e+01   3.9000000e+01   1.2450635e+00
   1.4546081e+01   3.9000000e+01   1.2450635e+00
   1.4556081e+01   3.9000000e+01   1.2450635e+00
   1.4566081e+01   3.9000000e+01   1.2450635e+00
   1.4576081e+01   3.9000000e+01   1.2450635e+00
   1.4586081e+01   3.9000000e+01   1.2450635e+00
   1.4596081e+01   3.9000000e+01   1.2450635e+00
   1.4606081e+01   3.9000000e+01   1.2450635e+00
   1.4616081e+01   3.9000000e+01   1.2450635e+00
   1.4626081e+01   3.9000000e+01   1.2450635e+00
   1.4636081e+01   3.9000000e+01   1.2450635e+00
   1.4646081e+01   3.9000000e+01   1.2450635e+00
   1.4656081e+01   3.9000000e+01   1.2450635e+00
   1.4666081e+01   3.9000000e+01   1.2450635e+00
   1.4676081e+01   3.9000000e+01   1.2450635e+00
   1.4686081e+01   3.9000000e+01   1.2450635e+00
   1.4696081e+01   3.9000000e+01   1.2450635e+00
   1.4706081e+01   3.9000000e+01   1.2450635e+00
   1.4716081e+01   3.9000000e+01   1.2450635e+00
   1.4726081e+01   3.9000000e+01   1.2450635e+00
   1.4736081e+01   3.9000000e+01   1.2450635e+00
   1.4737005e+01   3.9000000e+01   1.2450635e+00
   1.4737005e+01   4.0000000e+01   1.2378584e+00
   1.4737005e+01   4.0000000e+01   1.2378584e+00
   1.4747005e+01   4.0000000e+01   1.2378584e+00
   1.4757005e+01   4.0000000e+01   1.2378584e+00
   1.4767005e+01   4.0000000e+01   1.2378584e+00
   1.4777005e+01   4.0000000e+01   1.2378584e+00
   1.4787005e+01   4.0000000e+01   1.2378584e+00
   1.4797005e+01   4.0000000e+01   1.2378584e+00
   1.4807005e+01   4.0000000e+01   1.2378584e+00
   1.4817005e+01   4.0000000e+01   1.2378584e+00
   1.4827005e+01   4.0000000e+01   1.2378584e+00
   1.4837005e+01   4.0000000e+01   1.2378584e+00
   1.4847005e+01   4.0000000e+01   1.2378584e+00
   1.4857005e+01   4.0000000e+01   1.2378584e+00
   1.4867005e+01   4.0000000e+01   1.2378584e+00
   1.4877005e+01   4.0000000e+01   1.2378584e+00
   1.4887005e+01   4.0000000e+01   1.2378584e+00
   1.4897005e+01   4.0000000e+01   1.2378584e+00
   1.4907005e+01   4.0000000e+01   1.2378584e+00
   1.4917005e+01   4.0000000e+01   1.2378584e+00
   1.4927005e+01   4.0000000e+01   1.2378584e+00
   1.4937005e+01   4.0000000e+01   1.2378584e+00
   1.4947005e+01   4.0000000e+01   1.2378584e+00
   1.4957005e+01   4.0000000e+01   1.2378584e+00
   1.4967005e+01   4.0000000e+01   1.2378584e+00
   1.4977005e+01   4.0000000e+01   1.2378584e+00
   1.4987005e+01   4.0000000e+01   1.2378584e+00
   1.4997005e+01   4.0000000e+01   1.2378584e+00
   1.5007005e+01   4.0000000e+01   1.2378584e+00
   1.5017005e+01   4.0000000e+01   1.2378584e+00
   1.5027005e+01   4.0000000e+01   1.2378584e+00
   1.5037005e+01   4.0000000e+01   1.2378584e+00
   1.5047005e+01   4.0000000e+01   1.2378584e+00
   1.5057005e+01   4.0000000e+01   1.2378584e+00
   1.5067005e+01   4.0000000e+01   1.2378584e+00
   1.5077005e+01   4.0000000e+01   1.2378584e+00
   1.5087005e+01   4.0000000e+01   1.2378584e+00
   1.5097005e+01   4.0000000e+01   1.2378584e+00
   1.5107005e+01   4.0000000e+01   1.2378584e+00
   1.5117005e+01   4.0000000e+01   1.2378584e+00
   1.5127005e+01   4.0000000e+01   1.2378584e+00
   1.5137005e+01   4.0000000e+01   1.2378584e+00
   1.5147005e+01   4.0000000e+01   1.2378584e+00
   1.5157005e+01   4.0000000e+01   1.2378584e+00
   1.5167005e+01   4.0000000e+01   1.2378584e+00
   1.5177005e+01   4.0000000e+01   1.2378584e+00
   1.5187005e+01   4.0000000e+01   1.2378584e+00
   1.5197005e+01   4.0000000e+01   1.2378584e+00
   1.5207005e+01   4.0000000e+01   1.2378584e+00
   1.5217005e+01   4.0000000e+01   1.2378584e+00
   1.5227005e+01   4.0000000e+01   1.2378584e+00
   1.5237005e+01   4.0000000e+01   1.2378584e+00
   1.5247005e+01   4.0000000e+01   1.2378584e+00
   1.5257005e+01   4.0000000e+01   1.2378584e+00
   1.5267005e+01   4.0000000e+01   1.2378584e+00
   1.5277005e+01   4.0000000e+01   1.2378584e+00
   1.5287005e+01   4.0000000e+01   1.2378584e+00
   1.5297005e+01   4.0000000e+01   1.2378584e+00
   1.5307005e+01   4.0000000e+01   1.2378584e+00
   1.5317005e+01   4.0000000e+01   1.2378584e+00
   1.5327005e+01   4.0000000e+01   1.2378584e+00
   1.5337005e+01   4.0000000e+01   1.2378584e+00
   1.5347005e+01   4.0000000e+01   1.2378584e+00
   1.5357005e+01   4.0000000e+01   1.2378584e+00
   1.5357674e+01   4.0000000e+01   1.2378584e+00
   1.5357674e+01   4.1000000e+01   1.2298693e+00
   1.5357674e+01   4.1000000e+01   1.2298693e+00
   1.5367674e+01   4.1000000e+01   1.2298693e+00
   1.5377674e+01   4.1000000e+01   1.2298693e+00
   1.5387674e+01   4.1000000e+01   1.2298693e+00
   1.5397674e+01   4.1000000e+01   1.2298693e+00
   1.5407674e+01   4.1000000e+01   1.2298693e+00
   1.5417674e+01   4.1000000e+01   1.2298693e+00
   1.5427674e+01   4.1000000e+01   1.2298693e+00
   1.5437674e+01   4.1000000e+01   1.2298693e+00
   1.5447674e+01   4.1000000e+01   1.2298693e+00
   1.5457674e+01   4.1000000e+01   1.2298693e+00
   1.5467674e+01   4.1000000e+01   1.2298693e+00
   1.5477674e+01   4.1000000e+01   1.2298693e+00
   1.5487674e+01   4.1000000e+01   1.2298693e+00
   1.5497674e+01   4.1000000e+01   1.2298693e+00
   1.5507674e+01   4.1000000e+01   1.2298693e+00
   1.5517674e+01   4.1000000e+01   1.2298693e+00
   1.5527674e+01   4.1000000e+01   1.2298693e+00
   1.5537674e+01   4.1000000e+01   1.2298693e+00
   1.5547674e+01   4.1000000e+01   1.2298693e+00
   1.5557674e+01   4.1000000e+01   1.2298693e+00
   1.5567674e+01   4.1000000e+01   1.2298693e+00
   1.5577674e+01   4.1000000e+01   1.2298693e+00
   1.5587674e+01   4.1000000e+01   1.2298693e+00
   1.5597674e+01   4.1000000e+01   1.2298693e+00
   1.5607674e+01   4.1000000e+01   1.2298693e+00
   1.5617674e+01   4.1000000e+01   1.2298693e+00
   1.5627674e+01   4.1000000e+01   1.2298693e+00
   1.5637674e+01   4.1000000e+01   1.2298693e+00
   1.5647674e+01   4.1000000e+01   1.2298693e+00
   1.5657674e+01   4.1000000e+01   1.2298693e+00
   1.5667674e+01   4.1000000e+01   1.2298693e+00
   1.5677674e+01   4.1000000e+01   1.2298693e+00
   1.5687674e+01   4.1000000e+01   1.2298693e+00
   1.5697674e+01   4.1000000e+01   1.2298693e+00
   1.5707674e+01   4.1000000e+01   1.2298693e+00
   1.5717674e+01   4.1000000e+01   1.2298693e+00
   1.5727674e+01   4.1000000e+01   1.2298693e+00
   1.5737674e+01   4.1000000e+01   1.2298693e+00
   1.5747674e+01   4.1000000e+01   1.2298693e+00
   1.5757674e+01   4.1000000e+01   1.2298693e+00
   1.5767674e+01   4.1000000e+01   1.2298693e+00
   1.5777674e+01   4.1000000e+01   1.2298693e+00
   1.5787674e+01   4.1000000e+01   1.2298693e+00
   1.5797674e+01   4.1000000e+01   1.2298693e+00
   1.5807674e+01   4.1000000e+01   1.2298693e+00
   1.5817674e+01   4.1000000e+01   1.2298693e+00
   1.5827674e+01   4.1000000e+01   1.2298693e+00
   1.5837674e+01   4.1000000e+01   1.2298693e+00
   1.5847674e+01   4.1000000e+01   1.2298693e+00
   1.5857674e+01   4.1000000e+01   1.2298693e+00
   1.5867674e+01   4.1000000e+01   1.2298693e+00
   1.5877674e+01   4.1000000e+01   1.2298693e+00
   1.5887674e+01   4.1000000e+01   1.2298693e+00
   1.5897674e+01   4.1000000e+01   1.2298693e+00
   1.5907674e+01   4.1000000e+01   1.2298693e+00
   1.5917674e+01   4.1000000e+01   1.2298693e+00
   1.5927674e+01   4.1000000e+01   1.2298693e+00
   1.5937674e+01   4.1000000e+01   1.2298693e+00
   1.5947674e+01   4.1000000e+01   1.2298693e+00
   1.5957674e+01   4.1000000e+01   1.2298693e+00
   1.5967674e+01   4.1000000e+01   1.2298693e+00
   1.5977674e+01   4.1000000e+01   1.2298693e+00
   1.5987674e+01   4.1000000e+01   1.2298693e+00
   1.5987946e+01   4.1000000e+01   1.2298693e+00
   1.5987946e+01   4.2000000e+01   1.2211067e+00
   1.5987946e+01   4.2000000e+01   1.2211067e+00
   1.5997946e+01   4.2000000e+01   1.2211067e+00
   1.6007946e+01   4.2000000e+01   1.2211067e+00
   1.6017946e+01   4.2000000e+01   1.2211067e+00
   1.6027946e+01   4.2000000e+01   1.2211067e+00
   1.6037946e+01   4.2000000e+01   1.2211067e+00
   1.6047946e+01   4.2000000e+01   1.2211067e+00
   1.6057946e+01   4.2000000e+01   1.2211067e+00
   1.6067946e+01   4.2000000e+01   1.2211067e+00
   1.6077946e+01   4.2000000e+01   1.2211067e+00
   1.6087946e+01   4.2000000e+01   1.2211067e+00
   1.6097946e+01   4.2000000e+01   1.2211067e+00
   1.6107946e+01   4.2000000e+01   1.2211067e+00
   1.6117946e+01   4.2000000e+01   1.2211067e+00
   1.6127946e+01   4.2000000e+01   1.2211067e+00
   1.6137946e+01   4.2000000e+01   1.2211067e+00
   1.6147946e+01   4.2000000e+01   1.2211067e+00
   1.6157946e+01   4.2000000e+01   1.2211067e+00
   1.6167946e+01   4.2000000e+01   1.2211067e+00
   1.6177946e+01   4.2000000e+01   1.2211067e+00
   1.6187946e+01   4.2000000e+01   1.2211067e+00
   1.6197946e+01   4.2000000e+01   1.2211067e+00
   1.6207946e+01   4.2000000e+01   1.2211067e+00
   1.6217946e+01   4.2000000e+01   1.2211067e+00
   1.6227946e+01   4.2000000e+01   1.2211067e+00
   1.6237946e+01   4.2000000e+01   1.2211067e+00
   1.6247946e+01   4.2000000e+01   1.2211067e+00
   1.6257946e+01   4.2000000e+01   1.2211067e+00
   1.6267946e+01   4.2000000e+01   1.2211067e+00
   1.6277946e+01   4.2000000e+01   1.2211067e+00
   1.6287946e+01   4.2000000e+01   1.2211067e+00
   1.6297946e+01   4.2000000e+01   1.2211067e+00
   1.6307946e+01   4.2000000e+01   1.2211067e+00
   1.6317946e+01   4.2000000e+01   1.2211067e+00
   1.6327946e+01   4.2000000e+01   1.2211067e+00
   1.6337946e+01   4.2000000e+01   1.2211067e+00
   1.6347946e+01   4.2000000e+01   1.2211067e+00
   1.6357946e+01   4.2000000e+01   1.2211067e+00
   1.6367946e+01   4.2000000e+01   1.2211067e+00
   1.6377946e+01   4.2000000e+01   1.2211067e+00
   1.6387946e+01   4.2000000e+01   1.2211067e+00
   1.6397946e+01   4.2000000e+01   1.2211067e+00
   1.6407946e+01   4.2000000e+01   1.2211067e+00
   1.6417946e+01   4.2000000e+01   1.2211067e+00
   1.6427946e+01   4.2000000e+01   1.2211067e+00
   1.6437946e+01   4.2000000e+01   1.2211067e+00
   1.6447946e+01   4.2000000e+01   1.2211067e+00
   1.6457946e+01   4.2000000e+01   1.2211067e+00
   1.6467946e+01   4.2000000e+01   1.2211067e+00
   1.6477946e+01   4.2000000e+01   1.2211067e+00
   1.6487946e+01   4.2000000e+01   1.2211067e+00
   1.6497946e+01   4.2000000e+01   1.2211067e+00
   1.6507946e+01   4.2000000e+01   1.2211067e+00
   1.6517946e+01   4.2000000e+01   1.2211067e+00
   1.6527946e+01   4.2000000e+01   1.2211067e+00
   1.6537946e+01   4.2000000e+01   1.2211067e+00
   1.6547946e+01   4.2000000e+01   1.2211067e+00
   1.6557946e+01   4.2000000e+01   1.2211067e+00
   1.6567946e+01   4.2000000e+01   1.2211067e+00
   1.6577946e+01   4.2000000e+01   1.2211067e+00
   1.6587946e+01   4.2000000e+01   1.2211067e+00
   1.6597946e+01   4.2000000e+01   1.2211067e+00
   1.6607946e+01   4.2000000e+01   1.2211067e+00
   1.6617946e+01   4.2000000e+01   1.2211067e+00
   1.6627675e+01   4.2000000e+01   1.2211067e+00
   1.6627675e+01   4.3000000e+01   1.2115801e+00
   1.6627675e+01   4.3000000e+01   1.2115801e+00
   1.6637675e+01   4.3000000e+01   1.2115801e+00
   1.6647675e+01   4.3000000e+01   1.2115801e+00
   1.6657675e+01   4.3000000e+01   1.2115801e+00
   1.6667675e+01   4.3000000e+01   1.2115801e+00
   1.6677675e+01   4.3000000e+01   1.2115801e+00
   1.6687675e+01   4.3000000e+01   1.2115801e+00
   1.6697675e+01   4.3000000e+01   1.2115801e+00
   1.6707675e+01   4.3000000e+01   1.2115801e+00
   1.6717675e+01   4.3000000e+01   1.2115801e+00
   1.6727675e+01   4.3000000e+01   1.2115801e+00
   1.6737675e+01   4.3000000e+01   1.2115801e+00
   1.6747675e+01   4.3000000e+01   1.2115801e+00
   1.6757675e+01   4.3000000e+01   1.2115801e+00
   1.6767675e+01   4.3000000e+01   1.2115801e+00
   1.6777675e+01   4.3000000e+01   1.2115801e+00
   1.6787675e+01   4.3000000e+01   1.2115801e+00
   1.6797675e+01   4.3000000e+01   1.2115801e+00
   1.6807675e+01   4.3000000e+01   1.2115801e+00
   1.6817675e+01   4.3000000e+01   1.2115801e+00
   1.6827675e+01   4.3000000e+01   1.2115801e+00
   1.6837675e+01   4.3000000e+01   1.2115801e+00
   1.6847675e+01   4.3000000e+01   1.2115801e+00
   1.6857675e+01   4.3000000e+01   1.2115801e+00
   1.6867675e+01   4.3000000e+01   1.2115801e+00
   1.6877675e+01   4.3000000e+01   1.2115801e+00
   1.6887675e+01   4.3000000e+01   1.2115801e+00
   1.6897675e+01   4.3000000e+01   1.2115801e+00
   1.6907675e+01   4.3000000e+01   1.2115801e+00
   1.6917675e+01   4.3000000e+01   1.2115801e+00
   1.6927675e+01   4.3000000e+01   1.2115801e+00
   1.6937675e+01   4.3000000e+01   1.2115801e+00
   1.6947675e+01   4.3000000e+01   1.2115801e+00
   1.6957675e+01   4.3000000e+01   1.2115801e+00
   1.6967675e+01   4.3000000e+01   1.2115801e+00
   1.6977675e+01   4.3000000e+01   1.2115801e+00
   1.6987675e+01   4.3000000e+01   1.2115801e+00
   1.6997675e+01   4.3000000e+01   1.2115801e+00
   1.7007675e+01   4.3000000e+01   1.2115801e+00
   1.7017675e+01   4.3000000e+01   1.2115801e+00
   1.7027675e+01   4.3000000e+01   1.2115801e+00
   1.7037675e+01   4.3000000e+01   1.2115801e+00
   1.7047675e+01   4.3000000e+01   1.2115801e+00
   1.7057675e+01   4.3000000e+01   1.2115801e+00
   1.7067675e+01   4.3000000e+01   1.2115801e+00
   1.7077675e+01   4.3000000e+01   1.2115801e+00
   1.7087675e+01   4.3000000e+01   1.2115801e+00
   1.7097675e+01   4.3000000e+01   1.2115801e+00
   1.7107675e+01   4.3000000e+01   1.2115801e+00
   1.7117675e+01   4.3000000e+01   1.2115801e+00
   1.7127675e+01   4.3000000e+01   1.2115801e+00
   1.7137675e+01   4.3000000e+01   1.2115801e+00
   1.7147675e+01   4.3000000e+01   1.2115801e+00
   1.7157675e+01   4.3000000e+01   1.2115801e+00
   1.7167675e+01   4.3000000e+01   1.2115801e+00
   1.7177675e+01   4.3000000e+01   1.2115801e+00
   1.7187675e+01   4.3000000e+01   1.2115801e+00
   1.7197675e+01   4.3000000e+01   1.2115801e+00
   1.7207675e+01   4.3000000e+01   1.2115801e+00
   1.7217675e+01   4.3000000e+01   1.2115801e+00
   1.7227675e+01   4.3000000e+01   1.2115801e+00
   1.7237675e+01   4.3000000e+01   1.2115801e+00
   1.7247675e+01   4.3000000e+01   1.2115801e+00
   1.7257675e+01   4.3000000e+01   1.2115801e+00
   1.7267675e+01   4.3000000e+01   1.2115801e+00
   1.7276719e+01   4.3000000e+01   1.2115801e+00
   1.7276719e+01   4.4000000e+01   1.2012984e+00
   1.7276719e+01   4.4000000e+01   1.2012984e+00
   1.7286719e+01   4.4000000e+01   1.2012984e+00
   1.7296719e+01   4.4000000e+01   1.2012984e+00
   1.7306719e+01   4.4000000e+01   1.2012984e+00
   1.7316719e+01   4.4000000e+01   1.2012984e+00
   1.7326719e+01   4.4000000e+01   1.2012984e+00
   1.7336719e+01   4.4000000e+01   1.2012984e+00
   1.7346719e+01   4.4000000e+01   1.2012984e+00
   1.7356719e+01   4.4000000e+01   1.2012984e+00
   1.7366719e+01   4.4000000e+01   1.2012984e+00
   1.7376719e+01   4.4000000e+01   1.2012984e+00
   1.7386719e+01   4.4000000e+01   1.2012984e+00
   1.7396719e+01   4.4000000e+01   1.2012984e+00
   1.7406719e+01   4.4000000e+01   1.2012984e+00
   1.7416719e+01   4.4000000e+01   1.2012984e+00
   1.7426719e+01   4.4000000e+01   1.2012984e+00
   1.7436719e+01   4.4000000e+01   1.2012984e+00
   1.7446719e+01   4.4000000e+01   1.2012984e+00
   1.7456719e+01   4.4000000e+01   1.2012984e+00
   1.7466719e+01   4.4000000e+01   1.2012984e+00
   1.7476719e+01   4.4000000e+01   1.2012984e+00
   1.7486719e+01   4.4000000e+01   1.2012984e+00
   1.7496719e+01   4.4000000e+01   1.2012984e+00
   1.7506719e+01   4.4000000e+01   1.2012984e+00
   1.7516719e+01   4.4000000e+01   1.2012984e+00
   1.7526719e+01   4.4000000e+01   1.2012984e+00
   1.7536719e+01   4.4000000e+01   1.2012984e+00
   1.7546719e+01   4.4000000e+01   1.2012984e+00
   1.7556719e+01   4.4000000e+01   1.2012984e+00
   1.7566719e+01   4.4000000e+01   1.2012984e+00
   1.7576719e+01   4.4000000e+01   1.2012984e+00
   1.7586719e+01   4.4000000e+01   1.2012984e+00
   1.7596719e+01   4.4000000e+01   1.2012984e+00
   1.7606719e+01   4.4000000e+01   1.2012984e+00
   1.7616719e+01   4.4000000e+01   1.2012984e+00
   1.7626719e+01   4.4000000e+01   1.2012984e+00
   1.7636719e+01   4.4000000e+01   1.2012984e+00
   1.7646719e+01   4.4000000e+01   1.2012984e+00
   1.7656719e+01   4.4000000e+01   1.2012984e+00
   1.7666719e+01   4.4000000e+01   1.2012984e+00
   1.7676719e+01   4.4000000e+01   1.2012984e+00
   1.7686719e+01   4.4000000e+01   1.2012984e+00
   1.7696719e+01   4.4000000e+01   1.2012984e+00
   1.7706719e+01   4.4000000e+01   1.2012984e+00
   1.7716719e+01   4.4000000e+01   1.2012984e+00
   1.7726719e+01   4.4000000e+01   1.2012984e+00
   1.7736719e+01   4.4000000e+01   1.2012984e+00
   1.7746719e+01   4.4000000e+01   1.2012984e+00
   1.7756719e+01   4.4000000e+01   1.2012984e+00
   1.7766719e+01   4.4000000e+01   1.2012984e+00
   1.7776719e+01   4.4000000e+01   1.2012984e+00
   1.7786719e+01   4.4000000e+01   1.2012984e+00
   1.7796719e+01   4.4000000e+01   1.2012984e+00
   1.7806719e+01   4.4000000e+01   1.2012984e+00
   1.7816719e+01   4.4000000e+01   1.2012984e+00
   1.7826719e+01   4.4000000e+01   1.2012984e+00
   1.7836719e+01   4.4000000e+01   1.2012984e+00
   1.7846719e+01   4.4000000e+01   1.2012984e+00
   1.7856719e+01   4.4000000e+01   1.2012984e+00
   1.7866719e+01   4.4000000e+01   1.2012984e+00
   1.7876719e+01   4.4000000e+01   1.2012984e+00
   1.7886719e+01   4.4000000e+01   1.2012984e+00
   1.7896719e+01   4.4000000e+01   1.2012984e+00
   1.7906719e+01   4.4000000e+01   1.2012984e+00
   1.7916719e+01   4.4000000e+01   1.2012984e+00
   1.7926719e+01   4.4000000e+01   1.2012984e+00
   1.7934933e+01   4.4000000e+01   1.2012984e+00
   1.7934933e+01   4.5000000e+01   1.1902697e+00
   1.7934933e+01   4.5000000e+01   1.1902697e+00
   1.7944933e+01   4.5000000e+01   1.1902697e+00
   1.7954933e+01   4.5000000e+01   1.1902697e+00
   1.7964933e+01   4.5000000e+01   1.1902697e+00
   1.7974933e+01   4.5000000e+01   1.1902697e+00
   1.7984933e+01   4.5000000e+01   1.1902697e+00
   1.7994933e+01   4.5000000e+01   1.1902697e+00
   1.8004933e+01   4.5000000e+01   1.1902697e+00
   1.8014933e+01   4.5000000e+01   1.1902697e+00
   1.8024933e+01   4.5000000e+01   1.1902697e+00
   1.8034933e+01   4.5000000e+01   1.1902697e+00
   1.8044933e+01   4.5000000e+01   1.1902697e+00
   1.8054933e+01   4.5000000e+01   1.1902697e+00
   1.8064933e+01   4.5000000e+01   1.1902697e+00
   1.8074933e+01   4.5000000e+01   1.1902697e+00
   1.8084933e+01   4.5000000e+01   1.1902697e+00
   1.8094933e+01   4.5000000e+01   1.1902697e+00
   1.8104933e+01   4.5000000e+01   1.1902697e+00
   1.8114933e+01   4.5000000e+01   1.1902697e+00
   1.8124933e+01   4.5000000e+01   1.1902697e+00
   1.8134933e+01   4.5000000e+01   1.1902697e+00
   1.8144933e+01   4.5000000e+01   1.1902697e+00
   1.8154933e+01   4.5000000e+01   1.1902697e+00
   1.8164933e+01   4.5000000e+01   1.1902697e+00
   1.8174933e+01   4.5000000e+01   1.1902697e+00
   1.8184933e+01   4.5000000e+01   1.1902697e+00
   1.8194933e+01   4.5000000e+01   1.1902697e+00
   1.8204933e+01   4.5000000e+01   1.1902697e+00
   1.8214933e+01   4.5000000e+01   1.1902697e+00
   1.8224933e+01   4.5000000e+01   1.1902697e+00
   1.8234933e+01   4.5000000e+01   1.1902697e+00
   1.8244933e+01   4.5000000e+01   1.1902697e+00
   1.8254933e+01   4.5000000e+01   1.1902697e+00
   1.8264933e+01   4.5000000e+01   1.1902697e+00
   1.8274933e+01   4.5000000e+01   1.1902697e+00
   1.8284933e+01   4.5000000e+01   1.1902697e+00
   1.8294933e+01   4.5000000e+01   1.1902697e+00
   1.8304933e+01   4.5000000e+01   1.1902697e+00
   1.8314933e+01   4.5000000e+01   1.1902697e+00
   1.8324933e+01   4.5000000e+01   1.1902697e+00
   1.8334933e+01   4.5000000e+01   1.1902697e+00
   1.8344933e+01   4.5000000e+01   1.1902697e+00
   1.8354933e+01   4.5000000e+01   1.1902697e+00
   1.8364933e+01   4.5000000e+01   1.1902697e+00
   1.8374933e+01   4.5000000e+01   1.1902697e+00
   1.8384933e+01   4.5000000e+01   1.1902697e+00
   1.8394933e+01   4.5000000e+01   1.1902697e+00
   1.8404933e+01   4.5000000e+01   1.1902697e+00
   1.8414933e+01   4.5000000e+01   1.1902697e+00
   1.8424933e+01   4.5000000e+01   1.1902697e+00
   1.8434933e+01   4.5000000e+01   1.1902697e+00
   1.8444933e+01   4.5000000e+01   1.1902697e+00
   1.8454933e+01   4.5000000e+01   1.1902697e+00
   1.8464933e+01   4.5000000e+01   1.1902697e+00
   1.8474933e+01   4.5000000e+01   1.1902697e+00
   1.8484933e+01   4.5000000e+01   1.1902697e+00
   1.8494933e+01   4.5000000e+01   1.1902697e+00
   1.8504933e+01   4.5000000e+01   1.1902697e+00
   1.8514933e+01   4.5000000e+01   1.1902697e+00
   1.8524933e+01   4.5000000e+01   1.1902697e+00
   1.8534933e+01   4.5000000e+01   1.1902697e+00
   1.8544933e+01   4.5000000e+01   1.1902697e+00
   1.8554933e+01   4.5000000e+01   1.1902697e+00
   1.8564933e+01   4.5000000e+01   1.1902697e+00
   1.8574933e+01   4.5000000e+01   1.1902697e+00
   1.8584933e+01   4.5000000e+01   1.1902697e+00
   1.8594933e+01   4.5000000e+01   1.1902697e+00
   1.8602172e+01   4.5000000e+01   1.1902697e+00
   1.8602172e+01   4.6000000e+01   1.1785015e+00
   1.8602172e+01   4.6000000e+01   1.1785015e+00
   1.8612172e+01   4.6000000e+01   1.1785015e+00
   1.8622172e+01   4.6000000e+01   1.1785015e+00
   1.8632172e+01   4.6000000e+01   1.1785015e+00
   1.8642172e+01   4.6000000e+01   1.1785015e+00
   1.8652172e+01   4.6000000e+01   1.1785015e+00
   1.8662172e+01   4.6000000e+01   1.1785015e+00
   1.8672172e+01   4.6000000e+01   1.1785015e+00
   1.8682172e+01   4.6000000e+01   1.1785015e+00
   1.8692172e+01   4.6000000e+01   1.1785015e+00
   1.8702172e+01   4.6000000e+01   1.1785015e+00
   1.8712172e+01   4.6000000e+01   1.1785015e+00
   1.8722172e+01   4.6000000e+01   1.1785015e+00
   1.8732172e+01   4.6000000e+01   1.1785015e+00
   1.8742172e+01   4.6000000e+01   1.1785015e+00
   1.8752172e+01   4.6000000e+01   1.1785015e+00
   1.8762172e+01   4.6000000e+01   1.1785015e+00
   1.8772172e+01   4.6000000e+01   1.1785015e+00
   1.8782172e+01   4.6000000e+01   1.1785015e+00
   1.8792172e+01   4.6000000e+01   1.1785015e+00
   1.8802172e+01   4.6000000e+01   1.1785015e+00
   1.8812172e+01   4.6000000e+01   1.1785015e+00
   1.8822172e+01   4.6000000e+01   1.1785015e+00
   1.8832172e+01   4.6000000e+01   1.1785015e+00
   1.8842172e+01   4.6000000e+01   1.1785015e+00
   1.8852172e+01   4.6000000e+01   1.1785015e+00
   1.8862172e+01   4.6000000e+01   1.1785015e+00
   1.8872172e+01   4.6000000e+01   1.1785015e+00
   1.8882172e+01   4.6000000e+01   1.1785015e+00
   1.8892172e+01   4.6000000e+01   1.1785015e+00
   1.8902172e+01   4.6000000e+01   1.1785015e+00
   1.8912172e+01   4.6000000e+01   1.1785015e+00
   1.8922172e+01   4.6000000e+01   1.1785015e+00
   1.8932172e+01   4.6000000e+01   1.1785015e+00
   1.8942172e+01   4.6000000e+01   1.1785015e+00
   1.8952172e+01   4.6000000e+01   1.1785015e+00
   1.8962172e+01   4.6000000e+01   1.1785015e+00
   1.8972172e+01   4.6000000e+01   1.1785015e+00
   1.8982172e+01   4.6000000e+01   1.1785015e+00
   1.8992172e+01   4.6000000e+01   1.1785015e+00
   1.9002172e+01   4.6000000e+01   1.1785015e+00
   1.9012172e+01   4.6000000e+01   1.1785015e+00
   1.9022172e+01   4.6000000e+01   1.1785015e+00
   1.9032172e+01   4.6000000e+01   1.1785015e+00
   1.9042172e+01   4.6000000e+01   1.1785015e+00
   1.9052172e+01   4.6000000e+01   1.1785015e+00
   1.9062172e+01   4.6000000e+01   1.1785015e+00
   1.9072172e+01   4.6000000e+01   1.1785015e+00
   1.9082172e+01   4.6000000e+01   1.1785015e+00
   1.9092172e+01   4.6000000e+01   1.1785015e+00
   1.9102172e+01   4.6000000e+01   1.1785015e+00
   1.9112172e+01   4.6000000e+01   1.1785015e+00
   1.9122172e+01   4.6000000e+01   1.1785015e+00
   1.9132172e+01   4.6000000e+01   1.1785015e+00
   1.9142172e+01   4.6000000e+01   1.1785015e+00
   1.9152172e+01   4.6000000e+01   1.1785015e+00
   1.9162172e+01   4.6000000e+01   1.1785015e+00
   1.9172172e+01   4.6000000e+01   1.1785015e+00
   1.9182172e+01   4.6000000e+01   1.1785015e+00
   1.9192172e+01   4.6000000e+01   1.1785015e+00
   1.9202172e+01   4.6000000e+01   1.1785015e+00
   1.9212172e+01   4.6000000e+01   1.1785015e+00
   1.9222172e+01   4.6000000e+01   1.1785015e+00
   1.9232172e+01   4.6000000e+01   1.1785015e+00
   1.9242172e+01   4.6000000e+01   1.1785015e+00
   1.9252172e+01   4.6000000e+01   1.1785015e+00
   1.9262172e+01   4.6000000e+01   1.1785015e+00
   1.9272172e+01   4.6000000e+01   1.1785015e+00
   1.9278290e+01   4.6000000e+01   1.1785015e+00
   1.9278290e+01   4.7000000e+01   1.1660008e+00
   1.9278290e+01   4.7000000e+01   1.1660008e+00
   1.9288290e+01   4.7000000e+01   1.1660008e+00
   1.9298290e+01   4.7000000e+01   1.1660008e+00
   1.9308290e+01   4.7000000e+01   1.1660008e+00
   1.9318290e+01   4.7000000e+01   1.1660008e+00
   1.9328290e+01   4.7000000e+01   1.1660008e+00
   1.9338290e+01   4.7000000e+01   1.1660008e+00
   1.9348290e+01   4.7000000e+01   1.1660008e+00
   1.9358290e+01   4.7000000e+01   1.1660008e+00
   1.9368290e+01   4.7000000e+01   1.1660008e+00
   1.9378290e+01   4.7000000e+01   1.1660008e+00
   1.9388290e+01   4.7000000e+01   1.1660008e+00
   1.9398290e+01   4.7000000e+01   1.1660008e+00
   1.9408290e+01   4.7000000e+01   1.1660008e+00
   1.9418290e+01   4.7000000e+01   1.1660008e+00
   1.9428290e+01   4.7000000e+01   1.1660008e+00
   1.9438290e+01   4.7000000e+01   1.1660008e+00
   1.9448290e+01   4.7000000e+01   1.1660008e+00
   1.9458290e+01   4.7000000e+01   1.1660008e+00
   1.9468290e+01   4.7000000e+01   1.1660008e+00
   1.9478290e+01   4.7000000e+01   1.1660008e+00
   1.9488290e+01   4.7000000e+01   1.1660008e+00
   1.9498290e+01   4.7000000e+01   1.1660008e+00
   1.9508290e+01   4.7000000e+01   1.1660008e+00
   1.9518290e+01   4.7000000e+01   1.1660008e+00
   1.9528290e+01   4.7000000e+01   1.1660008e+00
   1.9538290e+01   4.7000000e+01   1.1660008e+00
   1.9548290e+01   4.7000000e+01   1.1660008e+00
   1.9558290e+01   4.7000000e+01   1.1660008e+00
   1.9568290e+01   4.7000000e+01   1.1660008e+00
   1.9578290e+01   4.7000000e+01   1.1660008e+00
   1.9588290e+01   4.7000000e+01   1.1660008e+00
   1.9598290e+01   4.7000000e+01   1.1660008e+00
   1.9608290e+01   4.7000000e+01   1.1660008e+00
   1.9618290e+01   4.7000000e+01   1.1660008e+00
   1.9628290e+01   4.7000000e+01   1.1660008e+00
   1.9638290e+01   4.7000000e+01   1.1660008e+00
   1.9648290e+01   4.7000000e+01   1.1660008e+00
   1.9658290e+01   4.7000000e+01   1.1660008e+00
   1.9668290e+01   4.7000000e+01   1.1660008e+00
   1.9678290e+01   4.7000000e+01   1.1660008e+00
   1.9688290e+01   4.7000000e+01   1.1660008e+00
   1.9698290e+01   4.7000000e+01   1.1660008e+00
   1.9708290e+01   4.7000000e+01   1.1660008e+00
   1.9718290e+01   4.7000000e+01   1.1660008e+00
   1.9728290e+01   4.7000000e+01   1.1660008e+00
   1.9738290e+01   4.7000000e+01   1.1660008e+00
   1.9748290e+01   4.7000000e+01   1.1660008e+00
   1.9758290e+01   4.7000000e+01   1.1660008e+00
   1.9768290e+01   4.7000000e+01   1.1660008e+00
   1.9778290e+01   4.7000000e+01   1.1660008e+00
   1.9788290e+01   4.7000000e+01   1.1660008e+00
   1.9798290e+01   4.7000000e+01   1.1660008e+00
   1.9808290e+01   4.7000000e+01   1.1660008e+00
   1.9818290e+01   4.7000000e+01   1.1660008e+00
   1.9828290e+01   4.7000000e+01   1.1660008e+00
   1.9838290e+01   4.7000000e+01   1.1660008e+00
   1.9848290e+01   4.7000000e+01   1.1660008e+00
   1.9858290e+01   4.7000000e+01   1.1660008e+00
   1.9868290e+01   4.7000000e+01   1.1660008e+00
   1.9878290e+01   4.7000000e+01   1.1660008e+00
   1.9888290e+01   4.7000000e+01   1.1660008e+00
   1.9898290e+01   4.7000000e+01   1.1660008e+00
   1.9908290e+01   4.7000000e+01   1.1660008e+00
   1.9918290e+01   4.7000000e+01   1.1660008e+00
   1.9928290e+01   4.7000000e+01   1.1660008e+00
   1.9938290e+01   4.7000000e+01   1.1660008e+00
   1.9948290e+01   4.7000000e+01   1.1660008e+00
   1.9958290e+01   4.7000000e+01   1.1660008e+00
   1.9963141e+01   4.7000000e+01   1.1660008e+00
   1.9963141e+01   4.8000000e+01   1.1527738e+00
   1.9963141e+01   4.8000000e+01   1.1527738e+00
   1.9973141e+01   4.8000000e+01   1.1527738e+00
   1.9983141e+01   4.8000000e+01   1.1527738e+00
   1.9993141e+01   4.8000000e+01   1.1527738e+00
   2.0003141e+01   4.8000000e+01   1.1527738e+00
   2.0013141e+01   4.8000000e+01   1.1527738e+00
   2.0023141e+01   4.8000000e+01   1.1527738e+00
   2.0033141e+01   4.8000000e+01   1.1527738e+00
   2.0043141e+01   4.8000000e+01   1.1527738e+00
   2.0053141e+01   4.8000000e+01   1.1527738e+00
   2.0063141e+01   4.8000000e+01   1.1527738e+00
   2.0073141e+01   4.8000000e+01   1.1527738e+00
   2.0083141e+01   4.8000000e+01   1.1527738e+00
   2.0093141e+01   4.8000000e+01   1.1527738e+00
   2.0103141e+01   4.8000000e+01   1.1527738e+00
   2.0113141e+01   4.8000000e+01   1.1527738e+00
   2.0123141e+01   4.8000000e+01   1.1527738e+00
   2.0133141e+01   4.8000000e+01   1.1527738e+00
   2.0143141e+01   4.8000000e+01   1.1527738e+00
   2.0153141e+01   4.8000000e+01   1.1527738e+00
   2.0163141e+01   4.8000000e+01   1.1527738e+00
   2.0173141e+01   4.8000000e+01   1.1527738e+00
   2.0183141e+01   4.8000000e+01   1.1527738e+00
   2.0193141e+01   4.8000000e+01   1.1527738e+00
   2.0203141e+01   4.8000000e+01   1.1527738e+00
   2.0213141e+01   4.8000000e+01   1.1527738e+00
   2.0223141e+01   4.8000000e+01   1.1527738e+00
   2.0233141e+01   4.8000000e+01   1.1527738e+00
   2.0243141e+01   4.8000000e+01   1.1527738e+00
   2.0253141e+01   4.8000000e+01   1.1527738e+00
   2.0263141e+01   4.8000000e+01   1.1527738e+00
   2.0273141e+01   4.8000000e+01   1.1527738e+00
   2.0283141e+01   4.8000000e+01   1.1527738e+00
   2.0293141e+01   4.8000000e+01   1.1527738e+00
   2.0303141e+01   4.8000000e+01   1.1527738e+00
   2.0313141e+01   4.8000000e+01   1.1527738e+00
   2.0323141e+01   4.8000000e+01   1.1527738e+00
   2.0333141e+01   4.8000000e+01   1.1527738e+00
   2.0343141e+01   4.8000000e+01   1.1527738e+00
   2.0353141e+01   4.8000000e+01   1.1527738e+00
   2.0363141e+01   4.8000000e+01   1.1527738e+00
   2.0373141e+01   4.8000000e+01   1.1527738e+00
   2.0383141e+01   4.8000000e+01   1.1527738e+00
   2.0393141e+01   4.8000000e+01   1.1527738e+00
   2.0403141e+01   4.8000000e+01   1.1527738e+00
   2.0413141e+01   4.8000000e+01   1.1527738e+00
   2.0423141e+01   4.8000000e+01   1.1527738e+00
   2.0433141e+01   4.8000000e+01   1.1527738e+00
   2.0443141e+01   4.8000000e+01   1.1527738e+00
   2.0453141e+01   4.8000000e+01   1.1527738e+00
   2.0463141e+01   4.8000000e+01   1.1527738e+00
   2.0473141e+01   4.8000000e+01   1.1527738e+00
   2.0483141e+01   4.8000000e+01   1.1527738e+00
   2.0493141e+01   4.8000000e+01   1.1527738e+00
   2.0503141e+01   4.8000000e+01   1.1527738e+00
   2.0513141e+01   4.8000000e+01   1.1527738e+00
   2.0523141e+01   4.8000000e+01   1.1527738e+00
   2.0533141e+01   4.8000000e+01   1.1527738e+00
   2.0543141e+01   4.8000000e+01   1.1527738e+00
   2.0553141e+01   4.8000000e+01   1.1527738e+00
   2.0563141e+01   4.8000000e+01   1.1527738e+00
   2.0573141e+01   4.8000000e+01   1.1527738e+00
   2.0583141e+01   4.8000000e+01   1.1527738e+00
   2.0593141e+01   4.8000000e+01   1.1527738e+00
   2.0603141e+01   4.8000000e+01   1.1527738e+00
   2.0613141e+01   4.8000000e+01   1.1527738e+00
   2.0623141e+01   4.8000000e+01   1.1527738e+00
   2.0633141e+01   4.8000000e+01   1.1527738e+00
   2.0643141e+01   4.8000000e+01   1.1527738e+00
   2.0653141e+01   4.8000000e+01   1.1527738e+00
   2.0656576e+01   4.8000000e+01   1.1527738e+00
   2.0656576e+01   4.9000000e+01   1.1388266e+00
   2.0656576e+01   4.9000000e+01   1.1388266e+00
   2.0666576e+01   4.9000000e+01   1.1388266e+00
   2.0676576e+01   4.9000000e+01   1.1388266e+00
   2.0686576e+01   4.9000000e+01   1.1388266e+00
   2.0696576e+01   4.9000000e+01   1.1388266e+00
   2.0706576e+01   4.9000000e+01   1.1388266e+00
   2.0716576e+01   4.9000000e+01   1.1388266e+00
   2.0726576e+01   4.9000000e+01   1.1388266e+00
   2.0736576e+01   4.9000000e+01   1.1388266e+00
   2.0746576e+01   4.9000000e+01   1.1388266e+00
   2.0756576e+01   4.9000000e+01   1.1388266e+00
   2.0766576e+01   4.9000000e+01   1.1388266e+00
   2.0776576e+01   4.9000000e+01   1.1388266e+00
   2.0786576e+01   4.9000000e+01   1.1388266e+00
   2.0796576e+01   4.9000000e+01   1.1388266e+00
   2.0806576e+01   4.9000000e+01   1.1388266e+00
   2.0816576e+01   4.9000000e+01   1.1388266e+00
   2.0826576e+01   4.9000000e+01   1.1388266e+00
   2.0836576e+01   4.9000000e+01   1.1388266e+00
   2.0846576e+01   4.9000000e+01   1.1388266e+00
   2.0856576e+01   4.9000000e+01   1.1388266e+00
   2.0866576e+01   4.9000000e+01   1.1388266e+00
   2.0876576e+01   4.9000000e+01   1.1388266e+00
   2.0886576e+01   4.9000000e+01   1.1388266e+00
   2.0896576e+01   4.9000000e+01   1.1388266e+00
   2.0906576e+01   4.9000000e+01   1.1388266e+00
   2.0916576e+01   4.9000000e+01   1.1388266e+00
   2.0926576e+01   4.9000000e+01   1.1388266e+00
   2.0936576e+01   4.9000000e+01   1.1388266e+00
   2.0946576e+01   4.9000000e+01   1.1388266e+00
   2.0956576e+01   4.9000000e+01   1.1388266e+00
   2.0966576e+01   4.9000000e+01   1.1388266e+00
   2.0976576e+01   4.9000000e+01   1.1388266e+00
   2.0986576e+01   4.9000000e+01   1.1388266e+00
   2.0996576e+01   4.9000000e+01   1.1388266e+00
   2.1006576e+01   4.9000000e+01   1.1388266e+00
   2.1016576e+01   4.9000000e+01   1.1388266e+00
   2.1026576e+01   4.9000000e+01   1.1388266e+00
   2.1036576e+01   4.9000000e+01   1.1388266e+00
   2.1046576e+01   4.9000000e+01   1.1388266e+00
   2.1056576e+01   4.9000000e+01   1.1388266e+00
   2.1066576e+01   4.9000000e+01   1.1388266e+00
   2.1076576e+01   4.9000000e+01   1.1388266e+00
   2.1086576e+01   4.9000000e+01   1.1388266e+00
   2.1096576e+01   4.9000000e+01   1.1388266e+00
   2.1106576e+01   4.9000000e+01   1.1388266e+00
   2.1116576e+01   4.9000000e+01   1.1388266e+00
   2.1126576e+01   4.9000000e+01   1.1388266e+00
   2.1136576e+01   4.9000000e+01   1.1388266e+00
   2.1146576e+01   4.9000000e+01   1.1388266e+00
   2.1156576e+01   4.9000000e+01   1.1388266e+00
   2.1166576e+01   4.9000000e+01   1.1388266e+00
   2.1176576e+01   4.9000000e+01   1.1388266e+00
   2.1186576e+01   4.9000000e+01   1.1388266e+00
   2.1196576e+01   4.9000000e+01   1.1388266e+00
   2.1206576e+01   4.9000000e+01   1.1388266e+00
   2.1216576e+01   4.9000000e+01   1.1388266e+00
   2.1226576e+01   4.9000000e+01   1.1388266e+00
   2.1236576e+01   4.9000000e+01   1.1388266e+00
   2.1246576e+01   4.9000000e+01   1.1388266e+00
   2.1256576e+01   4.9000000e+01   1.1388266e+00
   2.1266576e+01   4.9000000e+01   1.1388266e+00
   2.1276576e+01   4.9000000e+01   1.1388266e+00
   2.1286576e+01   4.9000000e+01   1.1388266e+00
   2.1296576e+01   4.9000000e+01   1.1388266e+00
   2.1306576e+01   4.9000000e+01   1.1388266e+00
   2.1316576e+01   4.9000000e+01   1.1388266e+00
   2.1326576e+01   4.9000000e+01   1.1388266e+00
   2.1336576e+01   4.9000000e+01   1.1388266e+00
   2.1346576e+01   4.9000000e+01   1.1388266e+00
   2.1356576e+01   4.9000000e+01   1.1388266e+00
   2.1358447e+01   4.9000000e+01   1.1388266e+00
   2.1358447e+01   5.0000000e+01   1.1241644e+00
   2.1358447e+01   5.0000000e+01   1.1241644e+00
   2.1368447e+01   5.0000000e+01   1.1241644e+00
   2.1378447e+01   5.0000000e+01   1.1241644e+00
   2.1388447e+01   5.0000000e+01   1.1241644e+00
   2.1398447e+01   5.0000000e+01   1.1241644e+00
   2.1408447e+01   5.0000000e+01   1.1241644e+00
   2.1418447e+01   5.0000000e+01   1.1241644e+00
   2.1428447e+01   5.0000000e+01   1.1241644e+00
   2.1438447e+01   5.0000000e+01   1.1241644e+00
   2.1448447e+01   5.0000000e+01   1.1241644e+00
   2.1458447e+01   5.0000000e+01   1.1241644e+00
   2.1468447e+01   5.0000000e+01   1.1241644e+00
   2.1478447e+01   5.0000000e+01   1.1241644e+00
   2.1488447e+01   5.0000000e+01   1.1241644e+00
   2.1498447e+01   5.0000000e+01   1.1241644e+00
   2.1508447e+01   5.0000000e+01   1.1241644e+00
   2.1518447e+01   5.0000000e+01   1.1241644e+00
   2.1528447e+01   5.0000000e+01   1.1241644e+00
   2.1538447e+01   5.0000000e+01   1.1241644e+00
   2.1548447e+01   5.0000000e+01   1.1241644e+00
   2.1558447e+01   5.0000000e+01   1.1241644e+00
   2.1568447e+01   5.0000000e+01   1.1241644e+00
   2.1578447e+01   5.0000000e+01   1.1241644e+00
   2.1588447e+01   5.0000000e+01   1.1241644e+00
   2.1598447e+01   5.0000000e+01   1.1241644e+00
   2.1608447e+01   5.0000000e+01   1.1241644e+00
   2.1618447e+01   5.0000000e+01   1.1241644e+00
   2.1628447e+01   5.0000000e+01   1.1241644e+00
   2.1638447e+01   5.0000000e+01   1.1241644e+00
   2.1648447e+01   5.0000000e+01   1.1241644e+00
   2.1658447e+01   5.0000000e+01   1.1241644e+00
   2.1668447e+01   5.0000000e+01   1.1241644e+00
   2.1678447e+01   5.0000000e+01   1.1241644e+00
   2.1688447e+01   5.0000000e+01   1.1241644e+00
   2.1698447e+01   5.0000000e+01   1.1241644e+00
   2.1708447e+01   5.0000000e+01   1.1241644e+00
   2.1718447e+01   5.0000000e+01   1.1241644e+00
   2.1728447e+01   5.0000000e+01   1.1241644e+00
   2.1738447e+01   5.0000000e+01   1.1241644e+00
   2.1748447e+01   5.0000000e+01   1.1241644e+00
   2.1758447e+01   5.0000000e+01   1.1241644e+00
   2.1768447e+01   5.0000000e+01   1.1241644e+00
   2.1778447e+01   5.0000000e+01   1.1241644e+00
   2.1788447e+01   5.0000000e+01   1.1241644e+00
   2.1798447e+01   5.0000000e+01   1.1241644e+00
   2.1808447e+01   5.0000000e+01   1.1241644e+00
   2.1818447e+01   5.0000000e+01   1.1241644e+00
   2.1828447e+01   5.0000000e+01   1.1241644e+00
   2.1838447e+01   5.0000000e+01   1.1241644e+00
   2.1848447e+01   5.0000000e+01   1.1241644e+00
   2.1858447e+01   5.0000000e+01   1.1241644e+00
   2.1868447e+01   5.0000000e+01   1.1241644e+00
   2.1878447e+01   5.0000000e+01   1.1241644e+00
   2.1888447e+01   5.0000000e+01   1.1241644e+00
   2.1898447e+01   5.0000000e+01   1.1241644e+00
   2.1908447e+01   5.0000000e+01   1.1241644e+00
   2.1918447e+01   5.0000000e+01   1.1241644e+00
   2.1928447e+01   5.0000000e+01   1.1241644e+00
   2.1938447e+01   5.0000000e+01   1.1241644e+00
   2.1948447e+01   5.0000000e+01   1.1241644e+00
   2.1958447e+01   5.0000000e+01   1.1241644e+00
   2.1968447e+01   5.0000000e+01   1.1241644e+00
   2.1978447e+01   5.0000000e+01   1.1241644e+00
   2.1988447e+01   5.0000000e+01   1.1241644e+00
   2.1998447e+01   5.0000000e+01   1.1241644e+00
   2.2008447e+01   5.0000000e+01   1.1241644e+00
   2.2018447e+01   5.0000000e+01   1.1241644e+00
   2.2028447e+01   5.0000000e+01   1.1241644e+00
   2.2038447e+01   5.0000000e+01   1.1241644e+00
   2.2048447e+01   5.0000000e+01   1.1241644e+00
   2.2058447e+01   5.0000000e+01   1.1241644e+00
   2.2068447e+01   5.0000000e+01   1.1241644e+00
   2.2068601e+01   5.0000000e+01   1.1241644e+00
   2.2068601e+01   5.1000000e+01   1.1087924e+00
   2.2068601e+01   5.1000000e+01   1.1087924e+00
   2.2078601e+01   5.1000000e+01   1.1087924e+00
   2.2088601e+01   5.1000000e+01   1.1087924e+00
   2.2098601e+01   5.1000000e+01   1.1087924e+00
   2.2108601e+01   5.1000000e+01   1.1087924e+00
   2.2118601e+01   5.1000000e+01   1.1087924e+00
   2.2128601e+01   5.1000000e+01   1.1087924e+00
   2.2138601e+01   5.1000000e+01   1.1087924e+00
   2.2148601e+01   5.1000000e+01   1.1087924e+00
   2.2158601e+01   5.1000000e+01   1.1087924e+00
   2.2168601e+01   5.1000000e+01   1.1087924e+00
   2.2178601e+01   5.1000000e+01   1.1087924e+00
   2.2188601e+01   5.1000000e+01   1.1087924e+00
   2.2198601e+01   5.1000000e+01   1.1087924e+00
   2.2208601e+01   5.1000000e+01   1.1087924e+00
   2.2218601e+01   5.1000000e+01   1.1087924e+00
   2.2228601e+01   5.1000000e+01   1.1087924e+00
   2.2238601e+01   5.1000000e+01   1.1087924e+00
   2.2248601e+01   5.1000000e+01   1.1087924e+00
   2.2258601e+01   5.1000000e+01   1.1087924e+00
   2.2268601e+01   5.1000000e+01   1.1087924e+00
   2.2278601e+01   5.1000000e+01   1.1087924e+00
   2.2288601e+01   5.1000000e+01   1.1087924e+00
   2.2298601e+01   5.1000000e+01   1.1087924e+00
   2.2308601e+01   5.1000000e+01   1.1087924e+00
   2.2318601e+01   5.1000000e+01   1.1087924e+00
   2.2328601e+01   5.1000000e+01   1.1087924e+00
   2.2338601e+01   5.1000000e+01   1.1087924e+00
   2.2348601e+01   5.1000000e+01   1.1087924e+00
   2.2358601e+01   5.1000000e+01   1.1087924e+00
   2.2368601e+01   5.1000000e+01   1.1087924e+00
   2.2378601e+01   5.1000000e+01   1.1087924e+00
   2.2388601e+01   5.1000000e+01   1.1087924e+00
   2.2398601e+01   5.1000000e+01   1.1087924e+00
   2.2408601e+01   5.1000000e+01   1.1087924e+00
   2.2418601e+01   5.1000000e+01   1.1087924e+00
   2.2428601e+01   5.1000000e+01   1.1087924e+00
   2.2438601e+01   5.1000000e+01   1.1087924e+00
   2.2448601e+01   5.1000000e+01   1.1087924e+00
   2.2458601e+01   5.1000000e+01   1.1087924e+00
   2.2468601e+01   5.1000000e+01   1.1087924e+00
   2.2478601e+01   5.1000000e+01   1.1087924e+00
   2.2488601e+01   5.1000000e+01   1.1087924e+00
   2.2498601e+01   5.1000000e+01   1.1087924e+00
   2.2508601e+01   5.1000000e+01   1.1087924e+00
   2.2518601e+01   5.1000000e+01   1.1087924e+00
   2.2528601e+01   5.1000000e+01   1.1087924e+00
   2.2538601e+01   5.1000000e+01   1.1087924e+00
   2.2548601e+01   5.1000000e+01   1.1087924e+00
   2.2558601e+01   5.1000000e+01   1.1087924e+00
   2.2568601e+01   5.1000000e+01   1.1087924e+00
   2.2578601e+01   5.1000000e+01   1.1087924e+00
   2.2588601e+01   5.1000000e+01   1.1087924e+00
   2.2598601e+01   5.1000000e+01   1.1087924e+00
   2.2608601e+01   5.1000000e+01   1.1087924e+00
   2.2618601e+01   5.1000000e+01   1.1087924e+00
   2.2628601e+01   5.1000000e+01   1.1087924e+00
   2.2638601e+01   5.1000000e+01   1.1087924e+00
   2.2648601e+01   5.1000000e+01   1.1087924e+00
   2.2658601e+01   5.1000000e+01   1.1087924e+00
   2.2668601e+01   5.1000000e+01   1.1087924e+00
   2.2678601e+01   5.1000000e+01   1.1087924e+00
   2.2688601e+01   5.1000000e+01   1.1087924e+00
   2.2698601e+01   5.1000000e+01   1.1087924e+00
   2.2708601e+01   5.1000000e+01   1.1087924e+00
   2.2718601e+01   5.1000000e+01   1.1087924e+00
   2.2728601e+01   5.1000000e+01   1.1087924e+00
   2.2738601e+01   5.1000000e+01   1.1087924e+00
   2.2748601e+01   5.1000000e+01   1.1087924e+00
   2.2758601e+01   5.1000000e+01   1.1087924e+00
   2.2768601e+01   5.1000000e+01   1.1087924e+00
   2.2778601e+01   5.1000000e+01   1.1087924e+00
   2.2786886e+01   5.1000000e+01   1.1087924e+00
   2.2786886e+01   5.2000000e+01   1.0927150e+00
   2.2786886e+01   5.2000000e+01   1.0927150e+00
   2.2796886e+01   5.2000000e+01   1.0927150e+00
   2.2806886e+01   5.2000000e+01   1.0927150e+00
   2.2816886e+01   5.2000000e+01   1.0927150e+00
   2.2826886e+01   5.2000000e+01   1.0927150e+00
   2.2836886e+01   5.2000000e+01   1.0927150e+00
   2.2846886e+01   5.2000000e+01   1.0927150e+00
   2.2856886e+01   5.2000000e+01   1.0927150e+00
   2.2866886e+01   5.2000000e+01   1.0927150e+00
   2.2876886e+01   5.2000000e+01   1.0927150e+00
   2.2886886e+01   5.2000000e+01   1.0927150e+00
   2.2896886e+01   5.2000000e+01   1.0927150e+00
   2.2906886e+01   5.2000000e+01   1.0927150e+00
   2.2916886e+01   5.2000000e+01   1.0927150e+00
   2.2926886e+01   5.2000000e+01   1.0927150e+00
   2.2936886e+01   5.2000000e+01   1.0927150e+00
   2.2946886e+01   5.2000000e+01   1.0927150e+00
   2.2956886e+01   5.2000000e+01   1.0927150e+00
   2.2966886e+01   5.2000000e+01   1.0927150e+00
   2.2976886e+01   5.2000000e+01   1.0927150e+00
   2.2986886e+01   5.2000000e+01   1.0927150e+00
   2.2996886e+01   5.2000000e+01   1.0927150e+00
   2.3006886e+01   5.2000000e+01   1.0927150e+00
   2.3016886e+01   5.2000000e+01   1.0927150e+00
   2.3026886e+01   5.2000000e+01   1.0927150e+00
   2.3036886e+01   5.2000000e+01   1.0927150e+00
   2.3046886e+01   5.2000000e+01   1.0927150e+00
   2.3056886e+01   5.2000000e+01   1.0927150e+00
   2.3066886e+01   5.2000000e+01   1.0927150e+00
   2.3076886e+01   5.2000000e+01   1.0927150e+00
   2.3086886e+01   5.2000000e+01   1.0927150e+00
   2.3096886e+01   5.2000000e+01   1.0927150e+00
   2.3106886e+01   5.2000000e+01   1.0927150e+00
   2.3116886e+01   5.2000000e+01   1.0927150e+00
   2.3126886e+01   5.2000000e+01   1.0927150e+00
   2.3136886e+01   5.2000000e+01   1.0927150e+00
   2.3146886e+01   5.2000000e+01   1.0927150e+00
   2.3156886e+01   5.2000000e+01   1.0927150e+00
   2.3166886e+01   5.2000000e+01   1.0927150e+00
   2.3176886e+01   5.2000000e+01   1.0927150e+00
   2.3186886e+01   5.2000000e+01   1.0927150e+00
   2.3196886e+01   5.2000000e+01   1.0927150e+00
   2.3206886e+01   5.2000000e+01   1.0927150e+00
   2.3216886e+01   5.2000000e+01   1.0927150e+00
   2.3226886e+01   5.2000000e+01   1.0927150e+00
   2.3236886e+01   5.2000000e+01   1.0927150e+00
   2.3246886e+01   5.2000000e+01   1.0927150e+00
   2.3256886e+01   5.2000000e+01   1.0927150e+00
   2.3266886e+01   5.2000000e+01   1.0927150e+00
   2.3276886e+01   5.2000000e+01   1.0927150e+00
   2.3286886e+01   5.2000000e+01   1.0927150e+00
   2.3296886e+01   5.2000000e+01   1.0927150e+00
   2.3306886e+01   5.2000000e+01   1.0927150e+00
   2.3316886e+01   5.2000000e+01   1.0927150e+00
   2.3326886e+01   5.2000000e+01   1.0927150e+00
   2.3336886e+01   5.2000000e+01   1.0927150e+00
   2.3346886e+01   5.2000000e+01   1.0927150e+00
   2.3356886e+01   5.2000000e+01   1.0927150e+00
   2.3366886e+01   5.2000000e+01   1.0927150e+00
   2.3376886e+01   5.2000000e+01   1.0927150e+00
   2.3386886e+01   5.2000000e+01   1.0927150e+00
   2.3396886e+01   5.2000000e+01   1.0927150e+00
   2.3406886e+01   5.2000000e+01   1.0927150e+00
   2.3416886e+01   5.2000000e+01   1.0927150e+00
   2.3426886e+01   5.2000000e+01   1.0927150e+00
   2.3436886e+01   5.2000000e+01   1.0927150e+00
   2.3446886e+01   5.2000000e+01   1.0927150e+00
   2.3456886e+01   5.2000000e+01   1.0927150e+00
   2.3466886e+01   5.2000000e+01   1.0927150e+00
   2.3476886e+01   5.2000000e+01   1.0927150e+00
   2.3486886e+01   5.2000000e+01   1.0927150e+00
   2.3496886e+01   5.2000000e+01   1.0927150e+00
   2.3506886e+01   5.2000000e+01   1.0927150e+00
   2.3513147e+01   5.2000000e+01   1.0927150e+00
   2.3513147e+01   5.3000000e+01   1.0759366e+00
   2.3513147e+01   5.3000000e+01   1.0759366e+00
   2.3523147e+01   5.3000000e+01   1.0759366e+00
   2.3533147e+01   5.3000000e+01   1.0759366e+00
   2.3543147e+01   5.3000000e+01   1.0759366e+00
   2.3553147e+01   5.3000000e+01   1.0759366e+00
   2.3563147e+01   5.3000000e+01   1.0759366e+00
   2.3573147e+01   5.3000000e+01   1.0759366e+00
   2.3583147e+01   5.3000000e+01   1.0759366e+00
   2.3593147e+01   5.3000000e+01   1.0759366e+00
   2.3603147e+01   5.3000000e+01   1.0759366e+00
   2.3613147e+01   5.3000000e+01   1.0759366e+00
   2.3623147e+01   5.3000000e+01   1.0759366e+00
   2.3633147e+01   5.3000000e+01   1.0759366e+00
   2.3643147e+01   5.3000000e+01   1.0759366e+00
   2.3653147e+01   5.3000000e+01   1.0759366e+00
   2.3663147e+01   5.3000000e+01   1.0759366e+00
   2.3673147e+01   5.3000000e+01   1.0759366e+00
   2.3683147e+01   5.3000000e+01   1.0759366e+00
   2.3693147e+01   5.3000000e+01   1.0759366e+00
   2.3703147e+01   5.3000000e+01   1.0759366e+00
   2.3713147e+01   5.3000000e+01   1.0759366e+00
   2.3723147e+01   5.3000000e+01   1.0759366e+00
   2.3733147e+01   5.3000000e+01   1.0759366e+00
   2.3743147e+01   5.3000000e+01   1.0759366e+00
   2.3753147e+01   5.3000000e+01   1.0759366e+00
   2.3763147e+01   5.3000000e+01   1.0759366e+00
   2.3773147e+01   5.3000000e+01   1.0759366e+00
   2.3783147e+01   5.3000000e+01   1.0759366e+00
   2.3793147e+01   5.3000000e+01   1.0759366e+00
   2.3803147e+01   5.3000000e+01   1.0759366e+00
   2.3813147e+01   5.3000000e+01   1.0759366e+00
   2.3823147e+01   5.3000000e+01   1.0759366e+00
   2.3833147e+01   5.3000000e+01   1.0759366e+00
   2.3843147e+01   5.3000000e+01   1.0759366e+00
   2.3853147e+01   5.3000000e+01   1.0759366e+00
   2.3863147e+01   5.3000000e+01   1.0759366e+00
   2.3873147e+01   5.3000000e+01   1.0759366e+00
   2.3883147e+01   5.3000000e+01   1.0759366e+00
   2.3893147e+01   5.3000000e+01   1.0759366e+00
   2.3903147e+01   5.3000000e+01   1.0759366e+00
   2.3913147e+01   5.3000000e+01   1.0759366e+00
   2.3923147e+01   5.3000000e+01   1.0759366e+00
   2.3933147e+01   5.3000000e+01   1.0759366e+00
   2.3943147e+01   5.3000000e+01   1.0759366e+00
   2.3953147e+01   5.3000000e+01   1.0759366e+00
   2.3963147e+01   5.3000000e+01   1.0759366e+00
   2.3973147e+01   5.3000000e+01   1.0759366e+00
   2.3983147e+01   5.3000000e+01   1.0759366e+00
   2.3993147e+01   5.3000000e+01   1.0759366e+00
   2.4003147e+01   5.3000000e+01   1.0759366e+00
   2.4013147e+01   5.3000000e+01   1.0759366e+00
   2.4023147e+01   5.3000000e+01   1.0759366e+00
   2.4033147e+01   5.3000000e+01   1.0759366e+00
   2.4043147e+01   5.3000000e+01   1.0759366e+00
   2.4053147e+01   5.3000000e+01   1.0759366e+00
   2.4063147e+01   5.3000000e+01   1.0759366e+00
   2.4073147e+01   5.3000000e+01   1.0759366e+00
   2.4083147e+01   5.3000000e+01   1.0759366e+00
   2.4093147e+01   5.3000000e+01   1.0759366e+00
   2.4103147e+01   5.3000000e+01   1.0759366e+00
   2.4113147e+01   5.3000000e+01   1.0759366e+00
   2.4123147e+01   5.3000000e+01   1.0759366e+00
   2.4133147e+01   5.3000000e+01   1.0759366e+00
   2.4143147e+01   5.3000000e+01   1.0759366e+00
   2.4153147e+01   5.3000000e+01   1.0759366e+00
   2.4163147e+01   5.3000000e+01   1.0759366e+00
   2.4173147e+01   5.3000000e+01   1.0759366e+00
   2.4183147e+01   5.3000000e+01   1.0759366e+00
   2.4193147e+01   5.3000000e+01   1.0759366e+00
   2.4203147e+01   5.3000000e+01   1.0759366e+00
   2.4213147e+01   5.3000000e+01   1.0759366e+00
   2.4223147e+01   5.3000000e+01   1.0759366e+00
   2.4233147e+01   5.3000000e+01   1.0759366e+00
   2.4243147e+01   5.3000000e+01   1.0759366e+00
   2.4247227e+01   5.3000000e+01   1.0759366e+00
   2.4247227e+01   5.4000000e+01   1.0584610e+00
   2.4247227e+01   5.4000000e+01   1.0584610e+00
   2.4257227e+01   5.4000000e+01   1.0584610e+00
   2.4267227e+01   5.4000000e+01   1.0584610e+00
   2.4277227e+01   5.4000000e+01   1.0584610e+00
   2.4287227e+01   5.4000000e+01   1.0584610e+00
   2.4297227e+01   5.4000000e+01   1.0584610e+00
   2.4307227e+01   5.4000000e+01   1.0584610e+00
   2.4317227e+01   5.4000000e+01   1.0584610e+00
   2.4327227e+01   5.4000000e+01   1.0584610e+00
   2.4337227e+01   5.4000000e+01   1.0584610e+00
   2.4347227e+01   5.4000000e+01   1.0584610e+00
   2.4357227e+01   5.4000000e+01   1.0584610e+00
   2.4367227e+01   5.4000000e+01   1.0584610e+00
   2.4377227e+01   5.4000000e+01   1.0584610e+00
   2.4387227e+01   5.4000000e+01   1.0584610e+00
   2.4397227e+01   5.4000000e+01   1.0584610e+00
   2.4407227e+01   5.4000000e+01   1.0584610e+00
   2.4417227e+01   5.4000000e+01   1.0584610e+00
   2.4427227e+01   5.4000000e+01   1.0584610e+00
   2.4437227e+01   5.4000000e+01   1.0584610e+00
   2.4447227e+01   5.4000000e+01   1.0584610e+00
   2.4457227e+01   5.4000000e+01   1.0584610e+00
   2.4467227e+01   5.4000000e+01   1.0584610e+00
   2.4477227e+01   5.4000000e+01   1.0584610e+00
   2.4487227e+01   5.4000000e+01   1.0584610e+00
   2.4497227e+01   5.4000000e+01   1.0584610e+00
   2.4507227e+01   5.4000000e+01   1.0584610e+00
   2.4517227e+01   5.4000000e+01   1.0584610e+00
   2.4527227e+01   5.4000000e+01   1.0584610e+00
   2.4537227e+01   5.4000000e+01   1.0584610e+00
   2.4547227e+01   5.4000000e+01   1.0584610e+00
   2.4557227e+01   5.4000000e+01   1.0584610e+00
   2.4567227e+01   5.4000000e+01   1.0584610e+00
   2.4577227e+01   5.4000000e+01   1.0584610e+00
   2.4587227e+01   5.4000000e+01   1.0584610e+00
   2.4597227e+01   5.4000000e+01   1.0584610e+00
   2.4607227e+01   5.4000000e+01   1.0584610e+00
   2.4617227e+01   5.4000000e+01   1.0584610e+00
   2.4627227e+01   5.4000000e+01   1.0584610e+00
   2.4637227e+01   5.4000000e+01   1.0584610e+00
   2.4647227e+01   5.4000000e+01   1.0584610e+00
   2.4657227e+01   5.4000000e+01   1.0584610e+00
   2.4667227e+01   5.4000000e+01   1.0584610e+00
   2.4677227e+01   5.4000000e+01   1.0584610e+00
   2.4687227e+01   5.4000000e+01   1.0584610e+00
   2.4697227e+01   5.4000000e+01   1.0584610e+00
   2.4707227e+01   5.4000000e+01   1.0584610e+00
   2.4717227e+01   5.4000000e+01   1.0584610e+00
   2.4727227e+01   5.4000000e+01   1.0584610e+00
   2.4737227e+01   5.4000000e+01   1.0584610e+00
   2.4747227e+01   5.4000000e+01   1.0584610e+00
   2.4757227e+01   5.4000000e+01   1.0584610e+00
   2.4767227e+01   5.4000000e+01   1.0584610e+00
   2.4777227e+01   5.4000000e+01   1.0584610e+00
   2.4787227e+01   5.4000000e+01   1.0584610e+00
   2.4797227e+01   5.4000000e+01   1.0584610e+00
   2.4807227e+01   5.4000000e+01   1.0584610e+00
   2.4817227e+01   5.4000000e+01   1.0584610e+00
   2.4827227e+01   5.4000000e+01   1.0584610e+00
   2.4837227e+01   5.4000000e+01   1.0584610e+00
   2.4847227e+01   5.4000000e+01   1.0584610e+00
   2.4857227e+01   5.4000000e+01   1.0584610e+00
   2.4867227e+01   5.4000000e+01   1.0584610e+00
   2.4877227e+01   5.4000000e+01   1.0584610e+00
   2.4887227e+01   5.4000000e+01   1.0584610e+00
   2.4897227e+01   5.4000000e+01   1.0584610e+00
   2.4907227e+01   5.4000000e+01   1.0584610e+00
   2.4917227e+01   5.4000000e+01   1.0584610e+00
   2.4927227e+01   5.4000000e+01   1.0584610e+00
   2.4937227e+01   5.4000000e+01   1.0584610e+00
   2.4947227e+01   5.4000000e+01   1.0584610e+00
   2.4957227e+01   5.4000000e+01   1.0584610e+00
   2.4967227e+01   5.4000000e+01   1.0584610e+00
   2.4977227e+01   5.4000000e+01   1.0584610e+00
   2.4987227e+01   5.4000000e+01   1.0584610e+00
   2.4988966e+01   5.4000000e+01   1.0584610e+00
   2.4988966e+01   5.5000000e+01   1.0402918e+00
   2.4988966e+01   5.5000000e+01   1.0402918e+00
   2.4998966e+01   5.5000000e+01   1.0402918e+00
   2.5008966e+01   5.5000000e+01   1.0402918e+00
   2.5018966e+01   5.5000000e+01   1.0402918e+00
   2.5028966e+01   5.5000000e+01   1.0402918e+00
   2.5038966e+01   5.5000000e+01   1.0402918e+00
   2.5048966e+01   5.5000000e+01   1.0402918e+00
   2.5058966e+01   5.5000000e+01   1.0402918e+00
   2.5068966e+01   5.5000000e+01   1.0402918e+00
   2.5078966e+01   5.5000000e+01   1.0402918e+00
   2.5088966e+01   5.5000000e+01   1.0402918e+00
   2.5098966e+01   5.5000000e+01   1.0402918e+00
   2.5108966e+01   5.5000000e+01   1.0402918e+00
   2.5118966e+01   5.5000000e+01   1.0402918e+00
   2.5128966e+01   5.5000000e+01   1.0402918e+00
   2.5138966e+01   5.5000000e+01   1.0402918e+00
   2.5148966e+01   5.5000000e+01   1.0402918e+00
   2.5158966e+01   5.5000000e+01   1.0402918e+00
   2.5168966e+01   5.5000000e+01   1.0402918e+00
   2.5178966e+01   5.5000000e+01   1.0402918e+00
   2.5188966e+01   5.5000000e+01   1.0402918e+00
   2.5198966e+01   5.5000000e+01   1.0402918e+00
   2.5208966e+01   5.5000000e+01   1.0402918e+00
   2.5218966e+01   5.5000000e+01   1.0402918e+00
   2.5228966e+01   5.5000000e+01   1.0402918e+00
   2.5238966e+01   5.5000000e+01   1.0402918e+00
   2.5248966e+01   5.5000000e+01   1.0402918e+00
   2.5258966e+01   5.5000000e+01   1.0402918e+00
   2.5268966e+01   5.5000000e+01   1.0402918e+00
   2.5278966e+01   5.5000000e+01   1.0402918e+00
   2.5288966e+01   5.5000000e+01   1.0402918e+00
   2.5298966e+01   5.5000000e+01   1.0402918e+00
   2.5308966e+01   5.5000000e+01   1.0402918e+00
   2.5318966e+01   5.5000000e+01   1.0402918e+00
   2.5328966e+01   5.5000000e+01   1.0402918e+00
   2.5338966e+01   5.5000000e+01   1.0402918e+00
   2.5348966e+01   5.5000000e+01   1.0402918e+00
   2.5358966e+01   5.5000000e+01   1.0402918e+00
   2.5368966e+01   5.5000000e+01   1.0402918e+00
   2.5378966e+01   5.5000000e+01   1.0402918e+00
   2.5388966e+01   5.5000000e+01   1.0402918e+00
   2.5398966e+01   5.5000000e+01   1.0402918e+00
   2.5408966e+01   5.5000000e+01   1.0402918e+00
   2.5418966e+01   5.5000000e+01   1.0402918e+00
   2.5428966e+01   5.5000000e+01   1.0402918e+00
   2.5438966e+01   5.5000000e+01   1.0402918e+00
   2.5448966e+01   5.5000000e+01   1.0402918e+00
   2.5458966e+01   5.5000000e+01   1.0402918e+00
   2.5468966e+01   5.5000000e+01   1.0402918e+00
   2.5478966e+01   5.5000000e+01   1.0402918e+00
   2.5488966e+01   5.5000000e+01   1.0402918e+00
   2.5498966e+01   5.5000000e+01   1.0402918e+00
   2.5508966e+01   5.5000000e+01   1.0402918e+00
   2.5518966e+01   5.5000000e+01   1.0402918e+00
   2.5528966e+01   5.5000000e+01   1.0402918e+00
   2.5538966e+01   5.5000000e+01   1.0402918e+00
   2.5548966e+01   5.5000000e+01   1.0402918e+00
   2.5558966e+01   5.5000000e+01   1.0402918e+00
   2.5568966e+01   5.5000000e+01   1.0402918e+00
   2.5578966e+01   5.5000000e+01   1.0402918e+00
   2.5588966e+01   5.5000000e+01   1.0402918e+00
   2.5598966e+01   5.5000000e+01   1.0402918e+00
   2.5608966e+01   5.5000000e+01   1.0402918e+00
   2.5618966e+01   5.5000000e+01   1.0402918e+00
   2.5628966e+01   5.5000000e+01   1.0402918e+00
   2.5638966e+01   5.5000000e+01   1.0402918e+00
   2.5648966e+01   5.5000000e+01   1.0402918e+00
   2.5658966e+01   5.5000000e+01   1.0402918e+00
   2.5668966e+01   5.5000000e+01   1.0402918e+00
   2.5678966e+01   5.5000000e+01   1.0402918e+00
   2.5688966e+01   5.5000000e+01   1.0402918e+00
   2.5698966e+01   5.5000000e+01   1.0402918e+00
   2.5708966e+01   5.5000000e+01   1.0402918e+00
   2.5718966e+01   5.5000000e+01   1.0402918e+00
   2.5728966e+01   5.5000000e+01   1.0402918e+00
   2.5738203e+01   5.5000000e+01   1.0402918e+00
   2.5738203e+01   5.6000000e+01   1.0214323e+00
   2.5738203e+01   5.6000000e+01   1.0214323e+00
   2.5748203e+01   5.6000000e+01   1.0214323e+00
   2.5758203e+01   5.6000000e+01   1.0214323e+00
   2.5768203e+01   5.6000000e+01   1.0214323e+00
   2.5778203e+01   5.6000000e+01   1.0214323e+00
   2.5788203e+01   5.6000000e+01   1.0214323e+00
   2.5798203e+01   5.6000000e+01   1.0214323e+00
   2.5808203e+01   5.6000000e+01   1.0214323e+00
   2.5818203e+01   5.6000000e+01   1.0214323e+00
   2.5828203e+01   5.6000000e+01   1.0214323e+00
   2.5838203e+01   5.6000000e+01   1.0214323e+00
   2.5848203e+01   5.6000000e+01   1.0214323e+00
   2.5858203e+01   5.6000000e+01   1.0214323e+00
   2.5868203e+01   5.6000000e+01   1.0214323e+00
   2.5878203e+01   5.6000000e+01   1.0214323e+00
   2.5888203e+01   5.6000000e+01   1.0214323e+00
   2.5898203e+01   5.6000000e+01   1.0214323e+00
   2.5908203e+01   5.6000000e+01   1.0214323e+00
   2.5918203e+01   5.6000000e+01   1.0214323e+00
   2.5928203e+01   5.6000000e+01   1.0214323e+00
   2.5938203e+01   5.6000000e+01   1.0214323e+00
   2.5948203e+01   5.6000000e+01   1.0214323e+00
   2.5958203e+01   5.6000000e+01   1.0214323e+00
   2.5968203e+01   5.6000000e+01   1.0214323e+00
   2.5978203e+01   5.6000000e+01   1.0214323e+00
   2.5988203e+01   5.6000000e+01   1.0214323e+00
   2.5998203e+01   5.6000000e+01   1.0214323e+00
   2.6008203e+01   5.6000000e+01   1.0214323e+00
   2.6018203e+01   5.6000000e+01   1.0214323e+00
   2.6028203e+01   5.6000000e+01   1.0214323e+00
   2.6038203e+01   5.6000000e+01   1.0214323e+00
   2.6048203e+01   5.6000000e+01   1.0214323e+00
   2.6058203e+01   5.6000000e+01   1.0214323e+00
   2.6068203e+01   5.6000000e+01   1.0214323e+00
   2.6078203e+01   5.6000000e+01   1.0214323e+00
   2.6088203e+01   5.6000000e+01   1.0214323e+00
   2.6098203e+01   5.6000000e+01   1.0214323e+00
   2.6108203e+01   5.6000000e+01   1.0214323e+00
   2.6118203e+01   5.6000000e+01   1.0214323e+00
   2.6128203e+01   5.6000000e+01   1.0214323e+00
   2.6138203e+01   5.6000000e+01   1.0214323e+00
   2.6148203e+01   5.6000000e+01   1.0214323e+00
   2.6158203e+01   5.6000000e+01   1.0214323e+00
   2.6168203e+01   5.6000000e+01   1.0214323e+00
   2.6178203e+01   5.6000000e+01   1.0214323e+00
   2.6188203e+01   5.6000000e+01   1.0214323e+00
   2.6198203e+01   5.6000000e+01   1.0214323e+00
   2.6208203e+01   5.6000000e+01   1.0214323e+00
   2.6218203e+01   5.6000000e+01   1.0214323e+00
   2.6228203e+01   5.6000000e+01   1.0214323e+00
   2.6238203e+01   5.6000000e+01   1.0214323e+00
   2.6248203e+01   5.6000000e+01   1.0214323e+00
   2.6258203e+01   5.6000000e+01   1.0214323e+00
   2.6268203e+01   5.6000000e+01   1.0214323e+00
   2.6278203e+01   5.6000000e+01   1.0214323e+00
   2.6288203e+01   5.6000000e+01   1.0214323e+00
   2.6298203e+01   5.6000000e+01   1.0214323e+00
   2.6308203e+01   5.6000000e+01   1.0214323e+00
   2.6318203e+01   5.6000000e+01   1.0214323e+00
   2.6328203e+01   5.6000000e+01   1.0214323e+00
   2.6338203e+01   5.6000000e+01   1.0214323e+00
   2.6348203e+01   5.6000000e+01   1.0214323e+00
   2.6358203e+01   5.6000000e+01   1.0214323e+00
   2.6368203e+01   5.6000000e+01   1.0214323e+00
   2.6378203e+01   5.6000000e+01   1.0214323e+00
   2.6388203e+01   5.6000000e+01   1.0214323e+00
   2.6398203e+01   5.6000000e+01   1.0214323e+00
   2.6408203e+01   5.6000000e+01   1.0214323e+00
   2.6418203e+01   5.6000000e+01   1.0214323e+00
   2.6428203e+01   5.6000000e+01   1.0214323e+00
   2.6438203e+01   5.6000000e+01   1.0214323e+00
   2.6448203e+01   5.6000000e+01   1.0214323e+00
   2.6458203e+01   5.6000000e+01   1.0214323e+00
   2.6468203e+01   5.6000000e+01   1.0214323e+00
   2.6478203e+01   5.6000000e+01   1.0214323e+00
   2.6488203e+01   5.6000000e+01   1.0214323e+00
   2.6494774e+01   5.6000000e+01   1.0214323e+00
   2.6494774e+01   5.7000000e+01   1.0018855e+00
   2.6494774e+01   5.7000000e+01   1.0018855e+00
   2.6504774e+01   5.7000000e+01   1.0018855e+00
   2.6514774e+01   5.7000000e+01   1.0018855e+00
   2.6524774e+01   5.7000000e+01   1.0018855e+00
   2.6534774e+01   5.7000000e+01   1.0018855e+00
   2.6544774e+01   5.7000000e+01   1.0018855e+00
   2.6554774e+01   5.7000000e+01   1.0018855e+00
   2.6564774e+01   5.7000000e+01   1.0018855e+00
   2.6574774e+01   5.7000000e+01   1.0018855e+00
   2.6584774e+01   5.7000000e+01   1.0018855e+00
   2.6594774e+01   5.7000000e+01   1.0018855e+00
   2.6604774e+01   5.7000000e+01   1.0018855e+00
   2.6614774e+01   5.7000000e+01   1.0018855e+00
   2.6624774e+01   5.7000000e+01   1.0018855e+00
   2.6634774e+01   5.7000000e+01   1.0018855e+00
   2.6644774e+01   5.7000000e+01   1.0018855e+00
   2.6654774e+01   5.7000000e+01   1.0018855e+00
   2.6664774e+01   5.7000000e+01   1.0018855e+00
   2.6674774e+01   5.7000000e+01   1.0018855e+00
   2.6684774e+01   5.7000000e+01   1.0018855e+00
   2.6694774e+01   5.7000000e+01   1.0018855e+00
   2.6704774e+01   5.7000000e+01   1.0018855e+00
   2.6714774e+01   5.7000000e+01   1.0018855e+00
   2.6724774e+01   5.7000000e+01   1.0018855e+00
   2.6734774e+01   5.7000000e+01   1.0018855e+00
   2.6744774e+01   5.7000000e+01   1.0018855e+00
   2.6754774e+01   5.7000000e+01   1.0018855e+00
   2.6764774e+01   5.7000000e+01   1.0018855e+00
   2.6774774e+01   5.7000000e+01   1.0018855e+00
   2.6784774e+01   5.7000000e+01   1.0018855e+00
   2.6794774e+01   5.7000000e+01   1.0018855e+00
   2.6804774e+01   5.7000000e+01   1.0018855e+00
   2.6814774e+01   5.7000000e+01   1.0018855e+00
   2.6824774e+01   5.7000000e+01   1.0018855e+00
   2.6834774e+01   5.7000000e+01   1.0018855e+00
   2.6844774e+01   5.7000000e+01   1.0018855e+00
   2.6854774e+01   5.7000000e+01   1.0018855e+00
   2.6864774e+01   5.7000000e+01   1.0018855e+00
   2.6874774e+01   5.7000000e+01   1.0018855e+00
   2.6884774e+01   5.7000000e+01   1.0018855e+00
   2.6894774e+01   5.7000000e+01   1.0018855e+00
   2.6904774e+01   5.7000000e+01   1.0018855e+00
   2.6914774e+01   5.7000000e+01   1.0018855e+00
   2.6924774e+01   5.7000000e+01   1.0018855e+00
   2.6934774e+01   5.7000000e+01   1.0018855e+00
   2.6944774e+01   5.7000000e+01   1.0018855e+00
   2.6954774e+01   5.7000000e+01   1.0018855e+00
   2.6964774e+01   5.7000000e+01   1.0018855e+00
   2.6974774e+01   5.7000000e+01   1.0018855e+00
   2.6984774e+01   5.7000000e+01   1.0018855e+00
   2.6994774e+01   5.7000000e+01   1.0018855e+00
   2.7004774e+01   5.7000000e+01   1.0018855e+00
   2.7014774e+01   5.7000000e+01   1.0018855e+00
   2.7024774e+01   5.7000000e+01   1.0018855e+00
   2.7034774e+01   5.7000000e+01   1.0018855e+00
   2.7044774e+01   5.7000000e+01   1.0018855e+00
   2.7054774e+01   5.7000000e+01   1.0018855e+00
   2.7064774e+01   5.7000000e+01   1.0018855e+00
   2.7074774e+01   5.7000000e+01   1.0018855e+00
   2.7084774e+01   5.7000000e+01   1.0018855e+00
   2.7094774e+01   5.7000000e+01   1.0018855e+00
   2.7104774e+01   5.7000000e+01   1.0018855e+00
   2.7114774e+01   5.7000000e+01   1.0018855e+00
   2.7124774e+01   5.7000000e+01   1.0018855e+00
   2.7134774e+01   5.7000000e+01   1.0018855e+00
   2.7144774e+01   5.7000000e+01   1.0018855e+00
   2.7154774e+01   5.7000000e+01   1.0018855e+00
   2.7164774e+01   5.7000000e+01   1.0018855e+00
   2.7174774e+01   5.7000000e+01   1.0018855e+00
   2.7184774e+01   5.7000000e+01   1.0018855e+00
   2.7194774e+01   5.7000000e+01   1.0018855e+00
   2.7204774e+01   5.7000000e+01   1.0018855e+00
   2.7214774e+01   5.7000000e+01   1.0018855e+00
   2.7224774e+01   5.7000000e+01   1.0018855e+00
   2.7234774e+01   5.7000000e+01   1.0018855e+00
   2.7244774e+01   5.7000000e+01   1.0018855e+00
   2.7254774e+01   5.7000000e+01   1.0018855e+00
   2.7258510e+01   5.7000000e+01   1.0018855e+00
   2.7258510e+01   5.8000000e+01   9.8165426e-01
   2.7258510e+01   5.8000000e+01   9.8165426e-01
   2.7268510e+01   5.8000000e+01   9.8165426e-01
   2.7278510e+01   5.8000000e+01   9.8165426e-01
   2.7288510e+01   5.8000000e+01   9.8165426e-01
   2.7298510e+01   5.8000000e+01   9.8165426e-01
   2.7308510e+01   5.8000000e+01   9.8165426e-01
   2.7318510e+01   5.8000000e+01   9.8165426e-01
   2.7328510e+01   5.8000000e+01   9.8165426e-01
   2.7338510e+01   5.8000000e+01   9.8165426e-01
   2.7348510e+01   5.8000000e+01   9.8165426e-01
   2.7358510e+01   5.8000000e+01   9.8165426e-01
   2.7368510e+01   5.8000000e+01   9.8165426e-01
   2.7378510e+01   5.8000000e+01   9.8165426e-01
   2.7388510e+01   5.8000000e+01   9.8165426e-01
   2.7398510e+01   5.8000000e+01   9.8165426e-01
   2.7408510e+01   5.8000000e+01   9.8165426e-01
   2.7418510e+01   5.8000000e+01   9.8165426e-01
   2.7428510e+01   5.8000000e+01   9.8165426e-01
   2.7438510e+01   5.8000000e+01   9.8165426e-01
   2.7448510e+01   5.8000000e+01   9.8165426e-01
   2.7458510e+01   5.8000000e+01   9.8165426e-01
   2.7468510e+01   5.8000000e+01   9.8165426e-01
   2.7478510e+01   5.8000000e+01   9.8165426e-01
   2.7488510e+01   5.8000000e+01   9.8165426e-01
   2.7498510e+01   5.8000000e+01   9.8165426e-01
   2.7508510e+01   5.8000000e+01   9.8165426e-01
   2.7518510e+01   5.8000000e+01   9.8165426e-01
   2.7528510e+01   5.8000000e+01   9.8165426e-01
   2.7538510e+01   5.8000000e+01   9.8165426e-01
   2.7548510e+01   5.8000000e+01   9.8165426e-01
   2.7558510e+01   5.8000000e+01   9.8165426e-01
   2.7568510e+01   5.8000000e+01   9.8165426e-01
   2.7578510e+01   5.8000000e+01   9.8165426e-01
   2.7588510e+01   5.8000000e+01   9.8165426e-01
   2.7598510e+01   5.8000000e+01   9.8165426e-01
   2.7608510e+01   5.8000000e+01   9.8165426e-01
   2.7618510e+01   5.8000000e+01   9.8165426e-01
   2.7628510e+01   5.8000000e+01   9.8165426e-01
   2.7638510e+01   5.8000000e+01   9.8165426e-01
   2.7648510e+01   5.8000000e+01   9.8165426e-01
   2.7658510e+01   5.8000000e+01   9.8165426e-01
   2.7668510e+01   5.8000000e+01   9.8165426e-01
   2.7678510e+01   5.8000000e+01   9.8165426e-01
   2.7688510e+01   5.8000000e+01   9.8165426e-01
   2.7698510e+01   5.8000000e+01   9.8165426e-01
   2.7708510e+01   5.8000000e+01   9.8165426e-01
   2.7718510e+01   5.8000000e+01   9.8165426e-01
   2.7728510e+01   5.8000000e+01   9.8165426e-01
   2.7738510e+01   5.8000000e+01   9.8165426e-01
   2.7748510e+01   5.8000000e+01   9.8165426e-01
   2.7758510e+01   5.8000000e+01   9.8165426e-01
   2.7768510e+01   5.8000000e+01   9.8165426e-01
   2.7778510e+01   5.8000000e+01   9.8165426e-01
   2.7788510e+01   5.8000000e+01   9.8165426e-01
   2.7798510e+01   5.8000000e+01   9.8165426e-01
   2.7808510e+01   5.8000000e+01   9.8165426e-01
   2.7818510e+01   5.8000000e+01   9.8165426e-01
   2.7828510e+01   5.8000000e+01   9.8165426e-01
   2.7838510e+01   5.8000000e+01   9.8165426e-01
   2.7848510e+01   5.8000000e+01   9.8165426e-01
   2.7858510e+01   5.8000000e+01   9.8165426e-01
   2.7868510e+01   5.8000000e+01   9.8165426e-01
   2.7878510e+01   5.8000000e+01   9.8165426e-01
   2.7888510e+01   5.8000000e+01   9.8165426e-01
   2.7898510e+01   5.8000000e+01   9.8165426e-01
   2.7908510e+01   5.8000000e+01   9.8165426e-01
   2.7918510e+01   5.8000000e+01   9.8165426e-01
   2.7928510e+01   5.8000000e+01   9.8165426e-01
   2.7938510e+01   5.8000000e+01   9.8165426e-01
   2.7948510e+01   5.8000000e+01   9.8165426e-01
   2.7958510e+01   5.8000000e+01   9.8165426e-01
   2.7968510e+01   5.8000000e+01   9.8165426e-01
   2.7978510e+01   5.8000000e+01   9.8165426e-01
   2.7988510e+01   5.8000000e+01   9.8165426e-01
   2.7998510e+01   5.8000000e+01   9.8165426e-01
   2.8008510e+01   5.8000000e+01   9.8165426e-01
   2.8018510e+01   5.8000000e+01   9.8165426e-01
   2.8028510e+01   5.8000000e+01   9.8165426e-01
   2.8029243e+01   5.8000000e+01   9.8165426e-01
   2.8029243e+01   5.9000000e+01   9.6074122e-01
   2.8029243e+01   5.9000000e+01   9.6074122e-01
   2.8039243e+01   5.9000000e+01   9.6074122e-01
   2.8049243e+01   5.9000000e+01   9.6074122e-01
   2.8059243e+01   5.9000000e+01   9.6074122e-01
   2.8069243e+01   5.9000000e+01   9.6074122e-01
   2.8079243e+01   5.9000000e+01   9.6074122e-01
   2.8089243e+01   5.9000000e+01   9.6074122e-01
   2.8099243e+01   5.9000000e+01   9.6074122e-01
   2.8109243e+01   5.9000000e+01   9.6074122e-01
   2.8119243e+01   5.9000000e+01   9.6074122e-01
   2.8129243e+01   5.9000000e+01   9.6074122e-01
   2.8139243e+01   5.9000000e+01   9.6074122e-01
   2.8149243e+01   5.9000000e+01   9.6074122e-01
   2.8159243e+01   5.9000000e+01   9.6074122e-01
   2.8169243e+01   5.9000000e+01   9.6074122e-01
   2.8179243e+01   5.9000000e+01   9.6074122e-01
   2.8189243e+01   5.9000000e+01   9.6074122e-01
   2.8199243e+01   5.9000000e+01   9.6074122e-01
   2.8209243e+01   5.9000000e+01   9.6074122e-01
   2.8219243e+01   5.9000000e+01   9.6074122e-01
   2.8229243e+01   5.9000000e+01   9.6074122e-01
   2.8239243e+01   5.9000000e+01   9.6074122e-01
   2.8249243e+01   5.9000000e+01   9.6074122e-01
   2.8259243e+01   5.9000000e+01   9.6074122e-01
   2.8269243e+01   5.9000000e+01   9.6074122e-01
   2.8279243e+01   5.9000000e+01   9.6074122e-01
   2.8289243e+01   5.9000000e+01   9.6074122e-01
   2.8299243e+01   5.9000000e+01   9.6074122e-01
   2.8309243e+01   5.9000000e+01   9.6074122e-01
   2.8319243e+01   5.9000000e+01   9.6074122e-01
   2.8329243e+01   5.9000000e+01   9.6074122e-01
   2.8339243e+01   5.9000000e+01   9.6074122e-01
   2.8349243e+01   5.9000000e+01   9.6074122e-01
   2.8359243e+01   5.9000000e+01   9.6074122e-01
   2.8369243e+01   5.9000000e+01   9.6074122e-01
   2.8379243e+01   5.9000000e+01   9.6074122e-01
   2.8389243e+01   5.9000000e+01   9.6074122e-01
   2.8399243e+01   5.9000000e+01   9.6074122e-01
   2.8409243e+01   5.9000000e+01   9.6074122e-01
   2.8419243e+01   5.9000000e+01   9.6074122e-01
   2.8429243e+01   5.9000000e+01   9.6074122e-01
   2.8439243e+01   5.9000000e+01   9.6074122e-01
   2.8449243e+01   5.9000000e+01   9.6074122e-01
   2.8459243e+01   5.9000000e+01   9.6074122e-01
   2.8469243e+01   5.9000000e+01   9.6074122e-01
   2.8479243e+01   5.9000000e+01   9.6074122e-01
   2.8489243e+01   5.9000000e+01   9.6074122e-01
   2.8499243e+01   5.9000000e+01   9.6074122e-01
   2.8509243e+01   5.9000000e+01   9.6074122e-01
   2.8519243e+01   5.9000000e+01   9.6074122e-01
   2.8529243e+01   5.9000000e+01   9.6074122e-01
   2.8539243e+01   5.9000000e+01   9.6074122e-01
   2.8549243e+01   5.9000000e+01   9.6074122e-01
   2.8559243e+01   5.9000000e+01   9.6074122e-01
   2.8569243e+01   5.9000000e+01   9.6074122e-01
   2.8579243e+01   5.9000000e+01   9.6074122e-01
   2.8589243e+01   5.9000000e+01   9.6074122e-01
   2.8599243e+01   5.9000000e+01   9.6074122e-01
   2.8609243e+01   5.9000000e+01   9.6074122e-01
   2.8619243e+01   5.9000000e+01   9.6074122e-01
   2.8629243e+01   5.9000000e+01   9.6074122e-01
   2.8639243e+01   5.9000000e+01   9.6074122e-01
   2.8649243e+01   5.9000000e+01   9.6074122e-01
   2.8659243e+01   5.9000000e+01   9.6074122e-01
   2.8669243e+01   5.9000000e+01   9.6074122e-01
   2.8679243e+01   5.9000000e+01   9.6074122e-01
   2.8689243e+01   5.9000000e+01   9.6074122e-01
   2.8699243e+01   5.9000000e+01   9.6074122e-01
   2.8709243e+01   5.9000000e+01   9.6074122e-01
   2.8719243e+01   5.9000000e+01   9.6074122e-01
   2.8729243e+01   5.9000000e+01   9.6074122e-01
   2.8739243e+01   5.9000000e+01   9.6074122e-01
   2.8749243e+01   5.9000000e+01   9.6074122e-01
   2.8759243e+01   5.9000000e+01   9.6074122e-01
   2.8769243e+01   5.9000000e+01   9.6074122e-01
   2.8779243e+01   5.9000000e+01   9.6074122e-01
   2.8789243e+01   5.9000000e+01   9.6074122e-01
   2.8799243e+01   5.9000000e+01   9.6074122e-01
   2.8806800e+01   5.9000000e+01   9.6074122e-01
   2.8806800e+01   6.0000000e+01   9.3914882e-01
   2.8806800e+01   6.0000000e+01   9.3914882e-01
   2.8816800e+01   6.0000000e+01   9.3914882e-01
   2.8826800e+01   6.0000000e+01   9.3914882e-01
   2.8836800e+01   6.0000000e+01   9.3914882e-01
   2.8846800e+01   6.0000000e+01   9.3914882e-01
   2.8856800e+01   6.0000000e+01   9.3914882e-01
   2.8866800e+01   6.0000000e+01   9.3914882e-01
   2.8876800e+01   6.0000000e+01   9.3914882e-01
   2.8886800e+01   6.0000000e+01   9.3914882e-01
   2.8896800e+01   6.0000000e+01   9.3914882e-01
   2.8906800e+01   6.0000000e+01   9.3914882e-01
   2.8916800e+01   6.0000000e+01   9.3914882e-01
   2.8926800e+01   6.0000000e+01   9.3914882e-01
   2.8936800e+01   6.0000000e+01   9.3914882e-01
   2.8946800e+01   6.0000000e+01   9.3914882e-01
   2.8956800e+01   6.0000000e+01   9.3914882e-01
   2.8966800e+01   6.0000000e+01   9.3914882e-01
   2.8976800e+01   6.0000000e+01   9.3914882e-01
   2.8986800e+01   6.0000000e+01   9.3914882e-01
   2.8996800e+01   6.0000000e+01   9.3914882e-01
   2.9006800e+01   6.0000000e+01   9.3914882e-01
   2.9016800e+01   6.0000000e+01   9.3914882e-01
   2.9026800e+01   6.0000000e+01   9.3914882e-01
   2.9036800e+01   6.0000000e+01   9.3914882e-01
   2.9046800e+01   6.0000000e+01   9.3914882e-01
   2.9056800e+01   6.0000000e+01   9.3914882e-01
   2.9066800e+01   6.0000000e+01   9.3914882e-01
   2.9076800e+01   6.0000000e+01   9.3914882e-01
   2.9086800e+01   6.0000000e+01   9.3914882e-01
   2.9096800e+01   6.0000000e+01   9.3914882e-01
   2.9106800e+01   6.0000000e+01   9.3914882e-01
   2.9116800e+01   6.0000000e+01   9.3914882e-01
   2.9126800e+01   6.0000000e+01   9.3914882e-01
   2.9136800e+01   6.0000000e+01   9.3914882e-01
   2.9146800e+01   6.0000000e+01   9.3914882e-01
   2.9156800e+01   6.0000000e+01   9.3914882e-01
   2.9166800e+01   6.0000000e+01   9.3914882e-01
   2.9176800e+01   6.0000000e+01   9.3914882e-01
   2.9186800e+01   6.0000000e+01   9.3914882e-01
   2.9196800e+01   6.0000000e+01   9.3914882e-01
   2.9206800e+01   6.0000000e+01   9.3914882e-01
   2.9216800e+01   6.0000000e+01   9.3914882e-01
   2.9226800e+01   6.0000000e+01   9.3914882e-01
   2.9236800e+01   6.0000000e+01   9.3914882e-01
   2.9246800e+01   6.0000000e+01   9.3914882e-01
   2.9256800e+01   6.0000000e+01   9.3914882e-01
   2.9266800e+01   6.0000000e+01   9.3914882e-01
   2.9276800e+01   6.0000000e+01   9.3914882e-01
   2.9286800e+01   6.0000000e+01   9.3914882e-01
   2.9296800e+01   6.0000000e+01   9.3914882e-01
   2.9306800e+01   6.0000000e+01   9.3914882e-01
   2.9316800e+01   6.0000000e+01   9.3914882e-01
   2.9326800e+01   6.0000000e+01   9.3914882e-01
   2.9336800e+01   6.0000000e+01   9.3914882e-01
   2.9346800e+01   6.0000000e+01   9.3914882e-01
   2.9356800e+01   6.0000000e+01   9.3914882e-01
   2.9366800e+01   6.0000000e+01   9.3914882e-01
   2.9376800e+01   6.0000000e+01   9.3914882e-01
   2.9386800e+01   6.0000000e+01   9.3914882e-01
   2.9396800e+01   6.0000000e+01   9.3914882e-01
   2.9406800e+01   6.0000000e+01   9.3914882e-01
   2.9416800e+01   6.0000000e+01   9.3914882e-01
   2.9426800e+01   6.0000000e+01   9.3914882e-01
   2.9436800e+01   6.0000000e+01   9.3914882e-01
   2.9446800e+01   6.0000000e+01   9.3914882e-01
   2.9456800e+01   6.0000000e+01   9.3914882e-01
   2.9466800e+01   6.0000000e+01   9.3914882e-01
   2.9476800e+01   6.0000000e+01   9.3914882e-01
   2.9486800e+01   6.0000000e+01   9.3914882e-01
   2.9496800e+01   6.0000000e+01   9.3914882e-01
   2.9506800e+01   6.0000000e+01   9.3914882e-01
   2.9516800e+01   6.0000000e+01   9.3914882e-01
   2.9526800e+01   6.0000000e+01   9.3914882e-01
   2.9536800e+01   6.0000000e+01   9.3914882e-01
   2.9546800e+01   6.0000000e+01   9.3914882e-01
   2.9556800e+01   6.0000000e+01   9.3914882e-01
   2.9566800e+01   6.0000000e+01   9.3914882e-01
   2.9576800e+01   6.0000000e+01   9.3914882e-01
   2.9586800e+01   6.0000000e+01   9.3914882e-01
   2.9591004e+01   6.0000000e+01   9.3914882e-01
   2.9591004e+01   6.1000000e+01   9.1687937e-01
   2.9591004e+01   6.1000000e+01   9.1687937e-01
   2.9601004e+01   6.1000000e+01   9.1687937e-01
   2.9611004e+01   6.1000000e+01   9.1687937e-01
   2.9621004e+01   6.1000000e+01   9.1687937e-01
   2.9631004e+01   6.1000000e+01   9.1687937e-01
   2.9641004e+01   6.1000000e+01   9.1687937e-01
   2.9651004e+01   6.1000000e+01   9.1687937e-01
   2.9661004e+01   6.1000000e+01   9.1687937e-01
   2.9671004e+01   6.1000000e+01   9.1687937e-01
   2.9681004e+01   6.1000000e+01   9.1687937e-01
   2.9691004e+01   6.1000000e+01   9.1687937e-01
   2.9701004e+01   6.1000000e+01   9.1687937e-01
   2.9711004e+01   6.1000000e+01   9.1687937e-01
   2.9721004e+01   6.1000000e+01   9.1687937e-01
   2.9731004e+01   6.1000000e+01   9.1687937e-01
   2.9741004e+01   6.1000000e+01   9.1687937e-01
   2.9751004e+01   6.1000000e+01   9.1687937e-01
   2.9761004e+01   6.1000000e+01   9.1687937e-01
   2.9771004e+01   6.1000000e+01   9.1687937e-01
   2.9781004e+01   6.1000000e+01   9.1687937e-01
   2.9791004e+01   6.1000000e+01   9.1687937e-01
   2.9801004e+01   6.1000000e+01   9.1687937e-01
   2.9811004e+01   6.1000000e+01   9.1687937e-01
   2.9821004e+01   6.1000000e+01   9.1687937e-01
   2.9831004e+01   6.1000000e+01   9.1687937e-01
   2.9841004e+01   6.1000000e+01   9.1687937e-01
   2.9851004e+01   6.1000000e+01   9.1687937e-01
   2.9861004e+01   6.1000000e+01   9.1687937e-01
   2.9871004e+01   6.1000000e+01   9.1687937e-01
   2.9881004e+01   6.1000000e+01   9.1687937e-01
   2.9891004e+01   6.1000000e+01   9.1687937e-01
   2.9901004e+01   6.1000000e+01   9.1687937e-01
   2.9911004e+01   6.1000000e+01   9.1687937e-01
   2.9921004e+01   6.1000000e+01   9.1687937e-01
   2.9931004e+01   6.1000000e+01   9.1687937e-01
   2.9941004e+01   6.1000000e+01   9.1687937e-01
   2.9951004e+01   6.1000000e+01   9.1687937e-01
   2.9961004e+01   6.1000000e+01   9.1687937e-01
   2.9971004e+01   6.1000000e+01   9.1687937e-01
   2.9981004e+01   6.1000000e+01   9.1687937e-01
   2.9991004e+01   6.1000000e+01   9.1687937e-01
   3.0001004e+01   6.1000000e+01   9.1687937e-01
   3.0011004e+01   6.1000000e+01   9.1687937e-01
   3.0021004e+01   6.1000000e+01   9.1687937e-01
   3.0031004e+01   6.1000000e+01   9.1687937e-01
   3.0041004e+01   6.1000000e+01   9.1687937e-01
   3.0051004e+01   6.1000000e+01   9.1687937e-01
   3.0061004e+01   6.1000000e+01   9.1687937e-01
   3.0071004e+01   6.1000000e+01   9.1687937e-01
   3.0081004e+01   6.1000000e+01   9.1687937e-01
   3.0091004e+01   6.1000000e+01   9.1687937e-01
   3.0101004e+01   6.1000000e+01   9.1687937e-01
   3.0111004e+01   6.1000000e+01   9.1687937e-01
   3.0121004e+01   6.1000000e+01   9.1687937e-01
   3.0131004e+01   6.1000000e+01   9.1687937e-01
   3.0141004e+01   6.1000000e+01   9.1687937e-01
   3.0151004e+01   6.1000000e+01   9.1687937e-01
   3.0161004e+01   6.1000000e+01   9.1687937e-01
   3.0171004e+01   6.1000000e+01   9.1687937e-01
   3.0181004e+01   6.1000000e+01   9.1687937e-01
   3.0191004e+01   6.1000000e+01   9.1687937e-01
   3.0201004e+01   6.1000000e+01   9.1687937e-01
   3.0211004e+01   6.1000000e+01   9.1687937e-01
   3.0221004e+01   6.1000000e+01   9.1687937e-01
   3.0231004e+01   6.1000000e+01   9.1687937e-01
   3.0241004e+01   6.1000000e+01   9.1687937e-01
   3.0251004e+01   6.1000000e+01   9.1687937e-01
   3.0261004e+01   6.1000000e+01   9.1687937e-01
   3.0271004e+01   6.1000000e+01   9.1687937e-01
   3.0281004e+01   6.1000000e+01   9.1687937e-01
   3.0291004e+01   6.1000000e+01   9.1687937e-01
   3.0301004e+01   6.1000000e+01   9.1687937e-01
   3.0311004e+01   6.1000000e+01   9.1687937e-01
   3.0321004e+01   6.1000000e+01   9.1687937e-01
   3.0331004e+01   6.1000000e+01   9.1687937e-01
   3.0341004e+01   6.1000000e+01   9.1687937e-01
   3.0351004e+01   6.1000000e+01   9.1687937e-01
   3.0361004e+01   6.1000000e+01   9.1687937e-01
   3.0371004e+01   6.1000000e+01   9.1687937e-01
   3.0381004e+01   6.1000000e+01   9.1687937e-01
   3.0381677e+01   6.1000000e+01   9.1687937e-01
   3.0381677e+01   6.2000000e+01   8.9393511e-01
   3.0381677e+01   6.2000000e+01   8.9393511e-01
   3.0391677e+01   6.2000000e+01   8.9393511e-01
   3.0401677e+01   6.2000000e+01   8.9393511e-01
   3.0411677e+01   6.2000000e+01   8.9393511e-01
   3.0421677e+01   6.2000000e+01   8.9393511e-01
   3.0431677e+01   6.2000000e+01   8.9393511e-01
   3.0441677e+01   6.2000000e+01   8.9393511e-01
   3.0451677e+01   6.2000000e+01   8.9393511e-01
   3.0461677e+01   6.2000000e+01   8.9393511e-01
   3.0471677e+01   6.2000000e+01   8.9393511e-01
   3.0481677e+01   6.2000000e+01   8.9393511e-01
   3.0491677e+01   6.2000000e+01   8.9393511e-01
   3.0501677e+01   6.2000000e+01   8.9393511e-01
   3.0511677e+01   6.2000000e+01   8.9393511e-01
   3.0521677e+01   6.2000000e+01   8.9393511e-01
   3.0531677e+01   6.2000000e+01   8.9393511e-01
   3.0541677e+01   6.2000000e+01   8.9393511e-01
   3.0551677e+01   6.2000000e+01   8.9393511e-01
   3.0561677e+01   6.2000000e+01   8.9393511e-01
   3.0571677e+01   6.2000000e+01   8.9393511e-01
   3.0581677e+01   6.2000000e+01   8.9393511e-01
   3.0591677e+01   6.2000000e+01   8.9393511e-01
   3.0601677e+01   6.2000000e+01   8.9393511e-01
   3.0611677e+01   6.2000000e+01   8.9393511e-01
   3.0621677e+01   6.2000000e+01   8.9393511e-01
   3.0631677e+01   6.2000000e+01   8.9393511e-01
   3.0641677e+01   6.2000000e+01   8.9393511e-01
   3.0651677e+01   6.2000000e+01   8.9393511e-01
   3.0661677e+01   6.2000000e+01   8.9393511e-01
   3.0671677e+01   6.2000000e+01   8.9393511e-01
   3.0681677e+01   6.2000000e+01   8.9393511e-01
   3.0691677e+01   6.2000000e+01   8.9393511e-01
   3.0701677e+01   6.2000000e+01   8.9393511e-01
   3.0711677e+01   6.2000000e+01   8.9393511e-01
   3.0721677e+01   6.2000000e+01   8.9393511e-01
   3.0731677e+01   6.2000000e+01   8.9393511e-01
   3.0741677e+01   6.2000000e+01   8.9393511e-01
   3.0751677e+01   6.2000000e+01   8.9393511e-01
   3.0761677e+01   6.2000000e+01   8.9393511e-01
   3.0771677e+01   6.2000000e+01   8.9393511e-01
   3.0781677e+01   6.2000000e+01   8.9393511e-01
   3.0791677e+01   6.2000000e+01   8.9393511e-01
   3.0801677e+01   6.2000000e+01   8.9393511e-01
   3.0811677e+01   6.2000000e+01   8.9393511e-01
   3.0821677e+01   6.2000000e+01   8.9393511e-01
   3.0831677e+01   6.2000000e+01   8.9393511e-01
   3.0841677e+01   6.2000000e+01   8.9393511e-01
   3.0851677e+01   6.2000000e+01   8.9393511e-01
   3.0861677e+01   6.2000000e+01   8.9393511e-01
   3.0871677e+01   6.2000000e+01   8.9393511e-01
   3.0881677e+01   6.2000000e+01   8.9393511e-01
   3.0891677e+01   6.2000000e+01   8.9393511e-01
   3.0901677e+01   6.2000000e+01   8.9393511e-01
   3.0911677e+01   6.2000000e+01   8.9393511e-01
   3.0921677e+01   6.2000000e+01   8.9393511e-01
   3.0931677e+01   6.2000000e+01   8.9393511e-01
   3.0941677e+01   6.2000000e+01   8.9393511e-01
   3.0951677e+01   6.2000000e+01   8.9393511e-01
   3.0961677e+01   6.2000000e+01   8.9393511e-01
   3.0971677e+01   6.2000000e+01   8.9393511e-01
   3.0981677e+01   6.2000000e+01   8.9393511e-01
   3.0991677e+01   6.2000000e+01   8.9393511e-01
   3.1001677e+01   6.2000000e+01   8.9393511e-01
   3.1011677e+01   6.2000000e+01   8.9393511e-01
   3.1021677e+01   6.2000000e+01   8.9393511e-01
   3.1031677e+01   6.2000000e+01   8.9393511e-01
   3.1041677e+01   6.2000000e+01   8.9393511e-01
   3.1051677e+01   6.2000000e+01   8.9393511e-01
   3.1061677e+01   6.2000000e+01   8.9393511e-01
   3.1071677e+01   6.2000000e+01   8.9393511e-01
   3.1081677e+01   6.2000000e+01   8.9393511e-01
   3.1091677e+01   6.2000000e+01   8.9393511e-01
   3.1101677e+01   6.2000000e+01   8.9393511e-01
   3.1111677e+01   6.2000000e+01   8.9393511e-01
   3.1121677e+01   6.2000000e+01   8.9393511e-01
   3.1131677e+01   6.2000000e+01   8.9393511e-01
   3.1141677e+01   6.2000000e+01   8.9393511e-01
   3.1151677e+01   6.2000000e+01   8.9393511e-01
   3.1161677e+01   6.2000000e+01   8.9393511e-01
   3.1171677e+01   6.2000000e+01   8.9393511e-01
   3.1178635e+01   6.2000000e+01   8.9393511e-01
   3.1178635e+01   6.3000000e+01   8.7031821e-01
   3.1178635e+01   6.3000000e+01   8.7031821e-01
   3.1188635e+01   6.3000000e+01   8.7031821e-01
   3.1198635e+01   6.3000000e+01   8.7031821e-01
   3.1208635e+01   6.3000000e+01   8.7031821e-01
   3.1218635e+01   6.3000000e+01   8.7031821e-01
   3.1228635e+01   6.3000000e+01   8.7031821e-01
   3.1238635e+01   6.3000000e+01   8.7031821e-01
   3.1248635e+01   6.3000000e+01   8.7031821e-01
   3.1258635e+01   6.3000000e+01   8.7031821e-01
   3.1268635e+01   6.3000000e+01   8.7031821e-01
   3.1278635e+01   6.3000000e+01   8.7031821e-01
   3.1288635e+01   6.3000000e+01   8.7031821e-01
   3.1298635e+01   6.3000000e+01   8.7031821e-01
   3.1308635e+01   6.3000000e+01   8.7031821e-01
   3.1318635e+01   6.3000000e+01   8.7031821e-01
   3.1328635e+01   6.3000000e+01   8.7031821e-01
   3.1338635e+01   6.3000000e+01   8.7031821e-01
   3.1348635e+01   6.3000000e+01   8.7031821e-01
   3.1358635e+01   6.3000000e+01   8.7031821e-01
   3.1368635e+01   6.3000000e+01   8.7031821e-01
   3.1378635e+01   6.3000000e+01   8.7031821e-01
   3.1388635e+01   6.3000000e+01   8.7031821e-01
   3.1398635e+01   6.3000000e+01   8.7031821e-01
   3.1408635e+01   6.3000000e+01   8.7031821e-01
   3.1418635e+01   6.3000000e+01   8.7031821e-01
   3.1428635e+01   6.3000000e+01   8.7031821e-01
   3.1438635e+01   6.3000000e+01   8.7031821e-01
   3.1448635e+01   6.3000000e+01   8.7031821e-01
   3.1458635e+01   6.3000000e+01   8.7031821e-01
   3.1468635e+01   6.3000000e+01   8.7031821e-01
   3.1478635e+01   6.3000000e+01   8.7031821e-01
   3.1488635e+01   6.3000000e+01   8.7031821e-01
   3.1498635e+01   6.3000000e+01   8.7031821e-01
   3.1508635e+01   6.3000000e+01   8.7031821e-01
   3.1518635e+01   6.3000000e+01   8.7031821e-01
   3.1528635e+01   6.3000000e+01   8.7031821e-01
   3.1538635e+01   6.3000000e+01   8.7031821e-01
   3.1548635e+01   6.3000000e+01   8.7031821e-01
   3.1558635e+01   6.3000000e+01   8.7031821e-01
   3.1568635e+01   6.3000000e+01   8.7031821e-01
   3.1578635e+01   6.3000000e+01   8.7031821e-01
   3.1588635e+01   6.3000000e+01   8.7031821e-01
   3.1598635e+01   6.3000000e+01   8.7031821e-01
   3.1608635e+01   6.3000000e+01   8.7031821e-01
   3.1618635e+01   6.3000000e+01   8.7031821e-01
   3.1628635e+01   6.3000000e+01   8.7031821e-01
   3.1638635e+01   6.3000000e+01   8.7031821e-01
   3.1648635e+01   6.3000000e+01   8.7031821e-01
   3.1658635e+01   6.3000000e+01   8.7031821e-01
   3.1668635e+01   6.3000000e+01   8.7031821e-01
   3.1678635e+01   6.3000000e+01   8.7031821e-01
   3.1688635e+01   6.3000000e+01   8.7031821e-01
   3.1698635e+01   6.3000000e+01   8.7031821e-01
   3.1708635e+01   6.3000000e+01   8.7031821e-01
   3.1718635e+01   6.3000000e+01   8.7031821e-01
   3.1728635e+01   6.3000000e+01   8.7031821e-01
   3.1738635e+01   6.3000000e+01   8.7031821e-01
   3.1748635e+01   6.3000000e+01   8.7031821e-01
   3.1758635e+01   6.3000000e+01   8.7031821e-01
   3.1768635e+01   6.3000000e+01   8.7031821e-01
   3.1778635e+01   6.3000000e+01   8.7031821e-01
   3.1788635e+01   6.3000000e+01   8.7031821e-01
   3.1798635e+01   6.3000000e+01   8.7031821e-01
   3.1808635e+01   6.3000000e+01   8.7031821e-01
   3.1818635e+01   6.3000000e+01   8.7031821e-01
   3.1828635e+01   6.3000000e+01   8.7031821e-01
   3.1838635e+01   6.3000000e+01   8.7031821e-01
   3.1848635e+01   6.3000000e+01   8.7031821e-01
   3.1858635e+01   6.3000000e+01   8.7031821e-01
   3.1868635e+01   6.3000000e+01   8.7031821e-01
   3.1878635e+01   6.3000000e+01   8.7031821e-01
   3.1888635e+01   6.3000000e+01   8.7031821e-01
   3.1898635e+01   6.3000000e+01   8.7031821e-01
   3.1908635e+01   6.3000000e+01   8.7031821e-01
   3.1918635e+01   6.3000000e+01   8.7031821e-01
   3.1928635e+01   6.3000000e+01   8.7031821e-01
   3.1938635e+01   6.3000000e+01   8.7031821e-01
   3.1948635e+01   6.3000000e+01   8.7031821e-01
   3.1958635e+01   6.3000000e+01   8.7031821e-01
   3.1968635e+01   6.3000000e+01   8.7031821e-01
   3.1978635e+01   6.3000000e+01   8.7031821e-01
   3.1981694e+01   6.3000000e+01   8.7031821e-01
   3.1981694e+01   6.4000000e+01   8.4603081e-01
   3.1981694e+01   6.4000000e+01   8.4603081e-01
   3.1991694e+01   6.4000000e+01   8.4603081e-01
   3.2001694e+01   6.4000000e+01   8.4603081e-01
   3.2011694e+01   6.4000000e+01   8.4603081e-01
   3.2021694e+01   6.4000000e+01   8.4603081e-01
   3.2031694e+01   6.4000000e+01   8.4603081e-01
   3.2041694e+01   6.4000000e+01   8.4603081e-01
   3.2051694e+01   6.4000000e+01   8.4603081e-01
   3.2061694e+01   6.4000000e+01   8.4603081e-01
   3.2071694e+01   6.4000000e+01   8.4603081e-01
   3.2081694e+01   6.4000000e+01   8.4603081e-01
   3.2091694e+01   6.4000000e+01   8.4603081e-01
   3.2101694e+01   6.4000000e+01   8.4603081e-01
   3.2111694e+01   6.4000000e+01   8.4603081e-01
   3.2121694e+01   6.4000000e+01   8.4603081e-01
   3.2131694e+01   6.4000000e+01   8.4603081e-01
   3.2141694e+01   6.4000000e+01   8.4603081e-01
   3.2151694e+01   6.4000000e+01   8.4603081e-01
   3.2161694e+01   6.4000000e+01   8.4603081e-01
   3.2171694e+01   6.4000000e+01   8.4603081e-01
   3.2181694e+01   6.4000000e+01   8.4603081e-01
   3.2191694e+01   6.4000000e+01   8.4603081e-01
   3.2201694e+01   6.4000000e+01   8.4603081e-01
   3.2211694e+01   6.4000000e+01   8.4603081e-01
   3.2221694e+01   6.4000000e+01   8.4603081e-01
   3.2231694e+01   6.4000000e+01   8.4603081e-01
   3.2241694e+01   6.4000000e+01   8.4603081e-01
   3.2251694e+01   6.4000000e+01   8.4603081e-01
   3.2261694e+01   6.4000000e+01   8.4603081e-01
   3.2271694e+01   6.4000000e+01   8.4603081e-01
   3.2281694e+01   6.4000000e+01   8.4603081e-01
   3.2291694e+01   6.4000000e+01   8.4603081e-01
   3.2301694e+01   6.4000000e+01   8.4603081e-01
   3.2311694e+01   6.4000000e+01   8.4603081e-01
   3.2321694e+01   6.4000000e+01   8.4603081e-01
   3.2331694e+01   6.4000000e+01   8.4603081e-01
   3.2341694e+01   6.4000000e+01   8.4603081e-01
   3.2351694e+01   6.4000000e+01   8.4603081e-01
   3.2361694e+01   6.4000000e+01   8.4603081e-01
   3.2371694e+01   6.4000000e+01   8.4603081e-01
   3.2381694e+01   6.4000000e+01   8.4603081e-01
   3.2391694e+01   6.4000000e+01   8.4603081e-01
   3.2401694e+01   6.4000000e+01   8.4603081e-01
   3.2411694e+01   6.4000000e+01   8.4603081e-01
   3.2421694e+01   6.4000000e+01   8.4603081e-01
   3.2431694e+01   6.4000000e+01   8.4603081e-01
   3.2441694e+01   6.4000000e+01   8.4603081e-01
   3.2451694e+01   6.4000000e+01   8.4603081e-01
   3.2461694e+01   6.4000000e+01   8.4603081e-01
   3.2471694e+01   6.4000000e+01   8.4603081e-01
   3.2481694e+01   6.4000000e+01   8.4603081e-01
   3.2491694e+01   6.4000000e+01   8.4603081e-01
   3.2501694e+01   6.4000000e+01   8.4603081e-01
   3.2511694e+01   6.4000000e+01   8.4603081e-01
   3.2521694e+01   6.4000000e+01   8.4603081e-01
   3.2531694e+01   6.4000000e+01   8.4603081e-01
   3.2541694e+01   6.4000000e+01   8.4603081e-01
   3.2551694e+01   6.4000000e+01   8.4603081e-01
   3.2561694e+01   6.4000000e+01   8.4603081e-01
   3.2571694e+01   6.4000000e+01   8.4603081e-01
   3.2581694e+01   6.4000000e+01   8.4603081e-01
   3.2591694e+01   6.4000000e+01   8.4603081e-01
   3.2601694e+01   6.4000000e+01   8.4603081e-01
   3.2611694e+01   6.4000000e+01   8.4603081e-01
   3.2621694e+01   6.4000000e+01   8.4603081e-01
   3.2631694e+01   6.4000000e+01   8.4603081e-01
   3.2641694e+01   6.4000000e+01   8.4603081e-01
   3.2651694e+01   6.4000000e+01   8.4603081e-01
   3.2661694e+01   6.4000000e+01   8.4603081e-01
   3.2671694e+01   6.4000000e+01   8.4603081e-01
   3.2681694e+01   6.4000000e+01   8.4603081e-01
   3.2691694e+01   6.4000000e+01   8.4603081e-01
   3.2701694e+01   6.4000000e+01   8.4603081e-01
   3.2711694e+01   6.4000000e+01   8.4603081e-01
   3.2721694e+01   6.4000000e+01   8.4603081e-01
   3.2731694e+01   6.4000000e+01   8.4603081e-01
   3.2741694e+01   6.4000000e+01   8.4603081e-01
   3.2751694e+01   6.4000000e+01   8.4603081e-01
   3.2761694e+01   6.4000000e+01   8.4603081e-01
   3.2771694e+01   6.4000000e+01   8.4603081e-01
   3.2781694e+01   6.4000000e+01   8.4603081e-01
   3.2790664e+01   6.4000000e+01   8.4603081e-01
   3.2790664e+01   6.5000000e+01   8.2107510e-01
   3.2790664e+01   6.5000000e+01   8.2107510e-01
   3.2800664e+01   6.5000000e+01   8.2107510e-01
   3.2810664e+01   6.5000000e+01   8.2107510e-01
   3.2820664e+01   6.5000000e+01   8.2107510e-01
   3.2830664e+01   6.5000000e+01   8.2107510e-01
   3.2840664e+01   6.5000000e+01   8.2107510e-01
   3.2850664e+01   6.5000000e+01   8.2107510e-01
   3.2860664e+01   6.5000000e+01   8.2107510e-01
   3.2870664e+01   6.5000000e+01   8.2107510e-01
   3.2880664e+01   6.5000000e+01   8.2107510e-01
   3.2890664e+01   6.5000000e+01   8.2107510e-01
   3.2900664e+01   6.5000000e+01   8.2107510e-01
   3.2910664e+01   6.5000000e+01   8.2107510e-01
   3.2920664e+01   6.5000000e+01   8.2107510e-01
   3.2930664e+01   6.5000000e+01   8.2107510e-01
   3.2940664e+01   6.5000000e+01   8.2107510e-01
   3.2950664e+01   6.5000000e+01   8.2107510e-01
   3.2960664e+01   6.5000000e+01   8.2107510e-01
   3.2970664e+01   6.5000000e+01   8.2107510e-01
   3.2980664e+01   6.5000000e+01   8.2107510e-01
   3.2990664e+01   6.5000000e+01   8.2107510e-01
   3.3000664e+01   6.5000000e+01   8.2107510e-01
   3.3010664e+01   6.5000000e+01   8.2107510e-01
   3.3020664e+01   6.5000000e+01   8.2107510e-01
   3.3030664e+01   6.5000000e+01   8.2107510e-01
   3.3040664e+01   6.5000000e+01   8.2107510e-01
   3.3050664e+01   6.5000000e+01   8.2107510e-01
   3.3060664e+01   6.5000000e+01   8.2107510e-01
   3.3070664e+01   6.5000000e+01   8.2107510e-01
   3.3080664e+01   6.5000000e+01   8.2107510e-01
   3.3090664e+01   6.5000000e+01   8.2107510e-01
   3.3100664e+01   6.5000000e+01   8.2107510e-01
   3.3110664e+01   6.5000000e+01   8.2107510e-01
   3.3120664e+01   6.5000000e+01   8.2107510e-01
   3.3130664e+01   6.5000000e+01   8.2107510e-01
   3.3140664e+01   6.5000000e+01   8.2107510e-01
   3.3150664e+01   6.5000000e+01   8.2107510e-01
   3.3160664e+01   6.5000000e+01   8.2107510e-01
   3.3170664e+01   6.5000000e+01   8.2107510e-01
   3.3180664e+01   6.5000000e+01   8.2107510e-01
   3.3190664e+01   6.5000000e+01   8.2107510e-01
   3.3200664e+01   6.5000000e+01   8.2107510e-01
   3.3210664e+01   6.5000000e+01   8.2107510e-01
   3.3220664e+01   6.5000000e+01   8.2107510e-01
   3.3230664e+01   6.5000000e+01   8.2107510e-01
   3.3240664e+01   6.5000000e+01   8.2107510e-01
   3.3250664e+01   6.5000000e+01   8.2107510e-01
   3.3260664e+01   6.5000000e+01   8.2107510e-01
   3.3270664e+01   6.5000000e+01   8.2107510e-01
   3.3280664e+01   6.5000000e+01   8.2107510e-01
   3.3290664e+01   6.5000000e+01   8.2107510e-01
   3.3300664e+01   6.5000000e+01   8.2107510e-01
   3.3310664e+01   6.5000000e+01   8.2107510e-01
   3.3320664e+01   6.5000000e+01   8.2107510e-01
   3.3330664e+01   6.5000000e+01   8.2107510e-01
   3.3340664e+01   6.5000000e+01   8.2107510e-01
   3.3350664e+01   6.5000000e+01   8.2107510e-01
   3.3360664e+01   6.5000000e+01   8.2107510e-01
   3.3370664e+01   6.5000000e+01   8.2107510e-01
   3.3380664e+01   6.5000000e+01   8.2107510e-01
   3.3390664e+01   6.5000000e+01   8.2107510e-01
   3.3400664e+01   6.5000000e+01   8.2107510e-01
   3.3410664e+01   6.5000000e+01   8.2107510e-01
   3.3420664e+01   6.5000000e+01   8.2107510e-01
   3.3430664e+01   6.5000000e+01   8.2107510e-01
   3.3440664e+01   6.5000000e+01   8.2107510e-01
   3.3450664e+01   6.5000000e+01   8.2107510e-01
   3.3460664e+01   6.5000000e+01   8.2107510e-01
   3.3470664e+01   6.5000000e+01   8.2107510e-01
   3.3480664e+01   6.5000000e+01   8.2107510e-01
   3.3490664e+01   6.5000000e+01   8.2107510e-01
   3.3500664e+01   6.5000000e+01   8.2107510e-01
   3.3510664e+01   6.5000000e+01   8.2107510e-01
   3.3520664e+01   6.5000000e+01   8.2107510e-01
   3.3530664e+01   6.5000000e+01   8.2107510e-01
   3.3540664e+01   6.5000000e+01   8.2107510e-01
   3.3550664e+01   6.5000000e+01   8.2107510e-01
   3.3560664e+01   6.5000000e+01   8.2107510e-01
   3.3570664e+01   6.5000000e+01   8.2107510e-01
   3.3580664e+01   6.5000000e+01   8.2107510e-01
   3.3590664e+01   6.5000000e+01   8.2107510e-01
   3.3600664e+01   6.5000000e+01   8.2107510e-01
   3.3605352e+01   6.5000000e+01   8.2107510e-01
   3.3605352e+01   6.6000000e+01   7.9545336e-01
   3.3605352e+01   6.6000000e+01   7.9545336e-01
   3.3615352e+01   6.6000000e+01   7.9545336e-01
   3.3625352e+01   6.6000000e+01   7.9545336e-01
   3.3635352e+01   6.6000000e+01   7.9545336e-01
   3.3645352e+01   6.6000000e+01   7.9545336e-01
   3.3655352e+01   6.6000000e+01   7.9545336e-01
   3.3665352e+01   6.6000000e+01   7.9545336e-01
   3.3675352e+01   6.6000000e+01   7.9545336e-01
   3.3685352e+01   6.6000000e+01   7.9545336e-01
   3.3695352e+01   6.6000000e+01   7.9545336e-01
   3.3705352e+01   6.6000000e+01   7.9545336e-01
   3.3715352e+01   6.6000000e+01   7.9545336e-01
   3.3725352e+01   6.6000000e+01   7.9545336e-01
   3.3735352e+01   6.6000000e+01   7.9545336e-01
   3.3745352e+01   6.6000000e+01   7.9545336e-01
   3.3755352e+01   6.6000000e+01   7.9545336e-01
   3.3765352e+01   6.6000000e+01   7.9545336e-01
   3.3775352e+01   6.6000000e+01   7.9545336e-01
   3.3785352e+01   6.6000000e+01   7.9545336e-01
   3.3795352e+01   6.6000000e+01   7.9545336e-01
   3.3805352e+01   6.6000000e+01   7.9545336e-01
   3.3815352e+01   6.6000000e+01   7.9545336e-01
   3.3825352e+01   6.6000000e+01   7.9545336e-01
   3.3835352e+01   6.6000000e+01   7.9545336e-01
   3.3845352e+01   6.6000000e+01   7.9545336e-01
   3.3855352e+01   6.6000000e+01   7.9545336e-01
   3.3865352e+01   6.6000000e+01   7.9545336e-01
   3.3875352e+01   6.6000000e+01   7.9545336e-01
   3.3885352e+01   6.6000000e+01   7.9545336e-01
   3.3895352e+01   6.6000000e+01   7.9545336e-01
   3.3905352e+01   6.6000000e+01   7.9545336e-01
   3.3915352e+01   6.6000000e+01   7.9545336e-01
   3.3925352e+01   6.6000000e+01   7.9545336e-01
   3.3935352e+01   6.6000000e+01   7.9545336e-01
   3.3945352e+01   6.6000000e+01   7.9545336e-01
   3.3955352e+01   6.6000000e+01   7.9545336e-01
   3.3965352e+01   6.6000000e+01   7.9545336e-01
   3.3975352e+01   6.6000000e+01   7.9545336e-01
   3.3985352e+01   6.6000000e+01   7.9545336e-01
   3.3995352e+01   6.6000000e+01   7.9545336e-01
   3.4005352e+01   6.6000000e+01   7.9545336e-01
   3.4015352e+01   6.6000000e+01   7.9545336e-01
   3.4025352e+01   6.6000000e+01   7.9545336e-01
   3.4035352e+01   6.6000000e+01   7.9545336e-01
   3.4045352e+01   6.6000000e+01   7.9545336e-01
   3.4055352e+01   6.6000000e+01   7.9545336e-01
   3.4065352e+01   6.6000000e+01   7.9545336e-01
   3.4075352e+01   6.6000000e+01   7.9545336e-01
   3.4085352e+01   6.6000000e+01   7.9545336e-01
   3.4095352e+01   6.6000000e+01   7.9545336e-01
   3.4105352e+01   6.6000000e+01   7.9545336e-01
   3.4115352e+01   6.6000000e+01   7.9545336e-01
   3.4125352e+01   6.6000000e+01   7.9545336e-01
   3.4135352e+01   6.6000000e+01   7.9545336e-01
   3.4145352e+01   6.6000000e+01   7.9545336e-01
   3.4155352e+01   6.6000000e+01   7.9545336e-01
   3.4165352e+01   6.6000000e+01   7.9545336e-01
   3.4175352e+01   6.6000000e+01   7.9545336e-01
   3.4185352e+01   6.6000000e+01   7.9545336e-01
   3.4195352e+01   6.6000000e+01   7.9545336e-01
   3.4205352e+01   6.6000000e+01   7.9545336e-01
   3.4215352e+01   6.6000000e+01   7.9545336e-01
   3.4225352e+01   6.6000000e+01   7.9545336e-01
   3.4235352e+01   6.6000000e+01   7.9545336e-01
   3.4245352e+01   6.6000000e+01   7.9545336e-01
   3.4255352e+01   6.6000000e+01   7.9545336e-01
   3.4265352e+01   6.6000000e+01   7.9545336e-01
   3.4275352e+01   6.6000000e+01   7.9545336e-01
   3.4285352e+01   6.6000000e+01   7.9545336e-01
   3.4295352e+01   6.6000000e+01   7.9545336e-01
   3.4305352e+01   6.6000000e+01   7.9545336e-01
   3.4315352e+01   6.6000000e+01   7.9545336e-01
   3.4325352e+01   6.6000000e+01   7.9545336e-01
   3.4335352e+01   6.6000000e+01   7.9545336e-01
   3.4345352e+01   6.6000000e+01   7.9545336e-01
   3.4355352e+01   6.6000000e+01   7.9545336e-01
   3.4365352e+01   6.6000000e+01   7.9545336e-01
   3.4375352e+01   6.6000000e+01   7.9545336e-01
   3.4385352e+01   6.6000000e+01   7.9545336e-01
   3.4395352e+01   6.6000000e+01   7.9545336e-01
   3.4405352e+01   6.6000000e+01   7.9545336e-01
   3.4415352e+01   6.6000000e+01   7.9545336e-01
   3.4425352e+01   6.6000000e+01   7.9545336e-01
   3.4425563e+01   6.6000000e+01   7.9545336e-01
   3.4425563e+01   6.7000000e+01   7.6916800e-01
   3.4425563e+01   6.7000000e+01   7.6916800e-01
   3.4435563e+01   6.7000000e+01   7.6916800e-01
   3.4445563e+01   6.7000000e+01   7.6916800e-01
   3.4455563e+01   6.7000000e+01   7.6916800e-01
   3.4465563e+01   6.7000000e+01   7.6916800e-01
   3.4475563e+01   6.7000000e+01   7.6916800e-01
   3.4485563e+01   6.7000000e+01   7.6916800e-01
   3.4495563e+01   6.7000000e+01   7.6916800e-01
   3.4505563e+01   6.7000000e+01   7.6916800e-01
   3.4515563e+01   6.7000000e+01   7.6916800e-01
   3.4525563e+01   6.7000000e+01   7.6916800e-01
   3.4535563e+01   6.7000000e+01   7.6916800e-01
   3.4545563e+01   6.7000000e+01   7.6916800e-01
   3.4555563e+01   6.7000000e+01   7.6916800e-01
   3.4565563e+01   6.7000000e+01   7.6916800e-01
   3.4575563e+01   6.7000000e+01   7.6916800e-01
   3.4585563e+01   6.7000000e+01   7.6916800e-01
   3.4595563e+01   6.7000000e+01   7.6916800e-01
   3.4605563e+01   6.7000000e+01   7.6916800e-01
   3.4615563e+01   6.7000000e+01   7.6916800e-01
   3.4625563e+01   6.7000000e+01   7.6916800e-01
   3.4635563e+01   6.7000000e+01   7.6916800e-01
   3.4645563e+01   6.7000000e+01   7.6916800e-01
   3.4655563e+01   6.7000000e+01   7.6916800e-01
   3.4665563e+01   6.7000000e+01   7.6916800e-01
   3.4675563e+01   6.7000000e+01   7.6916800e-01
   3.4685563e+01   6.7000000e+01   7.6916800e-01
   3.4695563e+01   6.7000000e+01   7.6916800e-01
   3.4705563e+01   6.7000000e+01   7.6916800e-01
   3.4715563e+01   6.7000000e+01   7.6916800e-01
   3.4725563e+01   6.7000000e+01   7.6916800e-01
   3.4735563e+01   6.7000000e+01   7.6916800e-01
   3.4745563e+01   6.7000000e+01   7.6916800e-01
   3.4755563e+01   6.7000000e+01   7.6916800e-01
   3.4765563e+01   6.7000000e+01   7.6916800e-01
   3.4775563e+01   6.7000000e+01   7.6916800e-01
   3.4785563e+01   6.7000000e+01   7.6916800e-01
   3.4795563e+01   6.7000000e+01   7.6916800e-01
   3.4805563e+01   6.7000000e+01   7.6916800e-01
   3.4815563e+01   6.7000000e+01   7.6916800e-01
   3.4825563e+01   6.7000000e+01   7.6916800e-01
   3.4835563e+01   6.7000000e+01   7.6916800e-01
   3.4845563e+01   6.7000000e+01   7.6916800e-01
   3.4855563e+01   6.7000000e+01   7.6916800e-01
   3.4865563e+01   6.7000000e+01   7.6916800e-01
   3.4875563e+01   6.7000000e+01   7.6916800e-01
   3.4885563e+01   6.7000000e+01   7.6916800e-01
   3.4895563e+01   6.7000000e+01   7.6916800e-01
   3.4905563e+01   6.7000000e+01   7.6916800e-01
   3.4915563e+01   6.7000000e+01   7.6916800e-01
   3.4925563e+01   6.7000000e+01   7.6916800e-01
   3.4935563e+01   6.7000000e+01   7.6916800e-01
   3.4945563e+01   6.7000000e+01   7.6916800e-01
   3.4955563e+01   6.7000000e+01   7.6916800e-01
   3.4965563e+01   6.7000000e+01   7.6916800e-01
   3.4975563e+01   6.7000000e+01   7.6916800e-01
   3.4985563e+01   6.7000000e+01   7.6916800e-01
   3.4995563e+01   6.7000000e+01   7.6916800e-01
   3.5005563e+01   6.7000000e+01   7.6916800e-01
   3.5015563e+01   6.7000000e+01   7.6916800e-01
   3.5025563e+01   6.7000000e+01   7.6916800e-01
   3.5035563e+01   6.7000000e+01   7.6916800e-01
   3.5045563e+01   6.7000000e+01   7.6916800e-01
   3.5055563e+01   6.7000000e+01   7.6916800e-01
   3.5065563e+01   6.7000000e+01   7.6916800e-01
   3.5075563e+01   6.7000000e+01   7.6916800e-01
   3.5085563e+01   6.7000000e+01   7.6916800e-01
   3.5095563e+01   6.7000000e+01   7.6916800e-01
   3.5105563e+01   6.7000000e+01   7.6916800e-01
   3.5115563e+01   6.7000000e+01   7.6916800e-01
   3.5125563e+01   6.7000000e+01   7.6916800e-01
   3.5135563e+01   6.7000000e+01   7.6916800e-01
   3.5145563e+01   6.7000000e+01   7.6916800e-01
   3.5155563e+01   6.7000000e+01   7.6916800e-01
   3.5165563e+01   6.7000000e+01   7.6916800e-01
   3.5175563e+01   6.7000000e+01   7.6916800e-01
   3.5185563e+01   6.7000000e+01   7.6916800e-01
   3.5195563e+01   6.7000000e+01   7.6916800e-01
   3.5205563e+01   6.7000000e+01   7.6916800e-01
   3.5215563e+01   6.7000000e+01   7.6916800e-01
   3.5225563e+01   6.7000000e+01   7.6916800e-01
   3.5235563e+01   6.7000000e+01   7.6916800e-01
   3.5245563e+01   6.7000000e+01   7.6916800e-01
   3.5251095e+01   6.7000000e+01   7.6916800e-01
   3.5251095e+01   6.8000000e+01   7.4222169e-01
   3.5251095e+01   6.8000000e+01   7.4222169e-01
   3.5261095e+01   6.8000000e+01   7.4222169e-01
   3.5271095e+01   6.8000000e+01   7.4222169e-01
   3.5281095e+01   6.8000000e+01   7.4222169e-01
   3.5291095e+01   6.8000000e+01   7.4222169e-01
   3.5301095e+01   6.8000000e+01   7.4222169e-01
   3.5311095e+01   6.8000000e+01   7.4222169e-01
   3.5321095e+01   6.8000000e+01   7.4222169e-01
   3.5331095e+01   6.8000000e+01   7.4222169e-01
   3.5341095e+01   6.8000000e+01   7.4222169e-01
   3.5351095e+01   6.8000000e+01   7.4222169e-01
   3.5361095e+01   6.8000000e+01   7.4222169e-01
   3.5371095e+01   6.8000000e+01   7.4222169e-01
   3.5381095e+01   6.8000000e+01   7.4222169e-01
   3.5391095e+01   6.8000000e+01   7.4222169e-01
   3.5401095e+01   6.8000000e+01   7.4222169e-01
   3.5411095e+01   6.8000000e+01   7.4222169e-01
   3.5421095e+01   6.8000000e+01   7.4222169e-01
   3.5431095e+01   6.8000000e+01   7.4222169e-01
   3.5441095e+01   6.8000000e+01   7.4222169e-01
   3.5451095e+01   6.8000000e+01   7.4222169e-01
   3.5461095e+01   6.8000000e+01   7.4222169e-01
   3.5471095e+01   6.8000000e+01   7.4222169e-01
   3.5481095e+01   6.8000000e+01   7.4222169e-01
   3.5491095e+01   6.8000000e+01   7.4222169e-01
   3.5501095e+01   6.8000000e+01   7.4222169e-01
   3.5511095e+01   6.8000000e+01   7.4222169e-01
   3.5521095e+01   6.8000000e+01   7.4222169e-01
   3.5531095e+01   6.8000000e+01   7.4222169e-01
   3.5541095e+01   6.8000000e+01   7.4222169e-01
   3.5551095e+01   6.8000000e+01   7.4222169e-01
   3.5561095e+01   6.8000000e+01   7.4222169e-01
   3.5571095e+01   6.8000000e+01   7.4222169e-01
   3.5581095e+01   6.8000000e+01   7.4222169e-01
   3.5591095e+01   6.8000000e+01   7.4222169e-01
   3.5601095e+01   6.8000000e+01   7.4222169e-01
   3.5611095e+01   6.8000000e+01   7.4222169e-01
   3.5621095e+01   6.8000000e+01   7.4222169e-01
   3.5631095e+01   6.8000000e+01   7.4222169e-01
   3.5641095e+01   6.8000000e+01   7.4222169e-01
   3.5651095e+01   6.8000000e+01   7.4222169e-01
   3.5661095e+01   6.8000000e+01   7.4222169e-01
   3.5671095e+01   6.8000000e+01   7.4222169e-01
   3.5681095e+01   6.8000000e+01   7.4222169e-01
   3.5691095e+01   6.8000000e+01   7.4222169e-01
   3.5701095e+01   6.8000000e+01   7.4222169e-01
   3.5711095e+01   6.8000000e+01   7.4222169e-01
   3.5721095e+01   6.8000000e+01   7.4222169e-01
   3.5731095e+01   6.8000000e+01   7.4222169e-01
   3.5741095e+01   6.8000000e+01   7.4222169e-01
   3.5751095e+01   6.8000000e+01   7.4222169e-01
   3.5761095e+01   6.8000000e+01   7.4222169e-01
   3.5771095e+01   6.8000000e+01   7.4222169e-01
   3.5781095e+01   6.8000000e+01   7.4222169e-01
   3.5791095e+01   6.8000000e+01   7.4222169e-01
   3.5801095e+01   6.8000000e+01   7.4222169e-01
   3.5811095e+01   6.8000000e+01   7.4222169e-01
   3.5821095e+01   6.8000000e+01   7.4222169e-01
   3.5831095e+01   6.8000000e+01   7.4222169e-01
   3.5841095e+01   6.8000000e+01   7.4222169e-01
   3.5851095e+01   6.8000000e+01   7.4222169e-01
   3.5861095e+01   6.8000000e+01   7.4222169e-01
   3.5871095e+01   6.8000000e+01   7.4222169e-01
   3.5881095e+01   6.8000000e+01   7.4222169e-01
   3.5891095e+01   6.8000000e+01   7.4222169e-01
   3.5901095e+01   6.8000000e+01   7.4222169e-01
   3.5911095e+01   6.8000000e+01   7.4222169e-01
   3.5921095e+01   6.8000000e+01   7.4222169e-01
   3.5931095e+01   6.8000000e+01   7.4222169e-01
   3.5941095e+01   6.8000000e+01   7.4222169e-01
   3.5951095e+01   6.8000000e+01   7.4222169e-01
   3.5961095e+01   6.8000000e+01   7.4222169e-01
   3.5971095e+01   6.8000000e+01   7.4222169e-01
   3.5981095e+01   6.8000000e+01   7.4222169e-01
   3.5991095e+01   6.8000000e+01   7.4222169e-01
   3.6001095e+01   6.8000000e+01   7.4222169e-01
   3.6011095e+01   6.8000000e+01   7.4222169e-01
   3.6021095e+01   6.8000000e+01   7.4222169e-01
   3.6031095e+01   6.8000000e+01   7.4222169e-01
   3.6041095e+01   6.8000000e+01   7.4222169e-01
   3.6051095e+01   6.8000000e+01   7.4222169e-01
   3.6061095e+01   6.8000000e+01   7.4222169e-01
   3.6071095e+01   6.8000000e+01   7.4222169e-01
   3.6081095e+01   6.8000000e+01   7.4222169e-01
   3.6081746e+01   6.8000000e+01   7.4222169e-01
   3.6081746e+01   6.9000000e+01   7.1461737e-01
   3.6081746e+01   6.9000000e+01   7.1461737e-01
   3.6091746e+01   6.9000000e+01   7.1461737e-01
   3.6101746e+01   6.9000000e+01   7.1461737e-01
   3.6111746e+01   6.9000000e+01   7.1461737e-01
   3.6121746e+01   6.9000000e+01   7.1461737e-01
   3.6131746e+01   6.9000000e+01   7.1461737e-01
   3.6141746e+01   6.9000000e+01   7.1461737e-01
   3.6151746e+01   6.9000000e+01   7.1461737e-01
   3.6161746e+01   6.9000000e+01   7.1461737e-01
   3.6171746e+01   6.9000000e+01   7.1461737e-01
   3.6181746e+01   6.9000000e+01   7.1461737e-01
   3.6191746e+01   6.9000000e+01   7.1461737e-01
   3.6201746e+01   6.9000000e+01   7.1461737e-01
   3.6211746e+01   6.9000000e+01   7.1461737e-01
   3.6221746e+01   6.9000000e+01   7.1461737e-01
   3.6231746e+01   6.9000000e+01   7.1461737e-01
   3.6241746e+01   6.9000000e+01   7.1461737e-01
   3.6251746e+01   6.9000000e+01   7.1461737e-01
   3.6261746e+01   6.9000000e+01   7.1461737e-01
   3.6271746e+01   6.9000000e+01   7.1461737e-01
   3.6281746e+01   6.9000000e+01   7.1461737e-01
   3.6291746e+01   6.9000000e+01   7.1461737e-01
   3.6301746e+01   6.9000000e+01   7.1461737e-01
   3.6311746e+01   6.9000000e+01   7.1461737e-01
   3.6321746e+01   6.9000000e+01   7.1461737e-01
   3.6331746e+01   6.9000000e+01   7.1461737e-01
   3.6341746e+01   6.9000000e+01   7.1461737e-01
   3.6351746e+01   6.9000000e+01   7.1461737e-01
   3.6361746e+01   6.9000000e+01   7.1461737e-01
   3.6371746e+01   6.9000000e+01   7.1461737e-01
   3.6381746e+01   6.9000000e+01   7.1461737e-01
   3.6391746e+01   6.9000000e+01   7.1461737e-01
   3.6401746e+01   6.9000000e+01   7.1461737e-01
   3.6411746e+01   6.9000000e+01   7.1461737e-01
   3.6421746e+01   6.9000000e+01   7.1461737e-01
   3.6431746e+01   6.9000000e+01   7.1461737e-01
   3.6441746e+01   6.9000000e+01   7.1461737e-01
   3.6451746e+01   6.9000000e+01   7.1461737e-01
   3.6461746e+01   6.9000000e+01   7.1461737e-01
   3.6471746e+01   6.9000000e+01   7.1461737e-01
   3.6481746e+01   6.9000000e+01   7.1461737e-01
   3.6491746e+01   6.9000000e+01   7.1461737e-01
   3.6501746e+01   6.9000000e+01   7.1461737e-01
   3.6511746e+01   6.9000000e+01   7.1461737e-01
   3.6521746e+01   6.9000000e+01   7.1461737e-01
   3.6531746e+01   6.9000000e+01   7.1461737e-01
   3.6541746e+01   6.9000000e+01   7.1461737e-01
   3.6551746e+01   6.9000000e+01   7.1461737e-01
   3.6561746e+01   6.9000000e+01   7.1461737e-01
   3.6571746e+01   6.9000000e+01   7.1461737e-01
   3.6581746e+01   6.9000000e+01   7.1461737e-01
   3.6591746e+01   6.9000000e+01   7.1461737e-01
   3.6601746e+01   6.9000000e+01   7.1461737e-01
   3.6611746e+01   6.9000000e+01   7.1461737e-01
   3.6621746e+01   6.9000000e+01   7.1461737e-01
   3.6631746e+01   6.9000000e+01   7.1461737e-01
   3.6641746e+01   6.9000000e+01   7.1461737e-01
   3.6651746e+01   6.9000000e+01   7.1461737e-01
   3.6661746e+01   6.9000000e+01   7.1461737e-01
   3.6671746e+01   6.9000000e+01   7.1461737e-01
   3.6681746e+01   6.9000000e+01   7.1461737e-01
   3.6691746e+01   6.9000000e+01   7.1461737e-01
   3.6701746e+01   6.9000000e+01   7.1461737e-01
   3.6711746e+01   6.9000000e+01   7.1461737e-01
   3.6721746e+01   6.9000000e+01   7.1461737e-01
   3.6731746e+01   6.9000000e+01   7.1461737e-01
   3.6741746e+01   6.9000000e+01   7.1461737e-01
   3.6751746e+01   6.9000000e+01   7.1461737e-01
   3.6761746e+01   6.9000000e+01   7.1461737e-01
   3.6771746e+01   6.9000000e+01   7.1461737e-01
   3.6781746e+01   6.9000000e+01   7.1461737e-01
   3.6791746e+01   6.9000000e+01   7.1461737e-01
   3.6801746e+01   6.9000000e+01   7.1461737e-01
   3.6811746e+01   6.9000000e+01   7.1461737e-01
   3.6821746e+01   6.9000000e+01   7.1461737e-01
   3.6831746e+01   6.9000000e+01   7.1461737e-01
   3.6841746e+01   6.9000000e+01   7.1461737e-01
   3.6851746e+01   6.9000000e+01   7.1461737e-01
   3.6861746e+01   6.9000000e+01   7.1461737e-01
   3.6871746e+01   6.9000000e+01   7.1461737e-01
   3.6881746e+01   6.9000000e+01   7.1461737e-01
   3.6891746e+01   6.9000000e+01   7.1461737e-01
   3.6901746e+01   6.9000000e+01   7.1461737e-01
   3.6911746e+01   6.9000000e+01   7.1461737e-01
   3.6917309e+01   6.9000000e+01   7.1461737e-01
   3.6917309e+01   7.0000000e+01   6.8635837e-01
   3.6917309e+01   7.0000000e+01   6.8635837e-01
   3.6927309e+01   7.0000000e+01   6.8635837e-01
   3.6937309e+01   7.0000000e+01   6.8635837e-01
   3.6947309e+01   7.0000000e+01   6.8635837e-01
   3.6957309e+01   7.0000000e+01   6.8635837e-01
   3.6967309e+01   7.0000000e+01   6.8635837e-01
   3.6977309e+01   7.0000000e+01   6.8635837e-01
   3.6987309e+01   7.0000000e+01   6.8635837e-01
   3.6997309e+01   7.0000000e+01   6.8635837e-01
   3.7007309e+01   7.0000000e+01   6.8635837e-01
   3.7017309e+01   7.0000000e+01   6.8635837e-01
   3.7027309e+01   7.0000000e+01   6.8635837e-01
   3.7037309e+01   7.0000000e+01   6.8635837e-01
   3.7047309e+01   7.0000000e+01   6.8635837e-01
   3.7057309e+01   7.0000000e+01   6.8635837e-01
   3.7067309e+01   7.0000000e+01   6.8635837e-01
   3.7077309e+01   7.0000000e+01   6.8635837e-01
   3.7087309e+01   7.0000000e+01   6.8635837e-01
   3.7097309e+01   7.0000000e+01   6.8635837e-01
   3.7107309e+01   7.0000000e+01   6.8635837e-01
   3.7117309e+01   7.0000000e+01   6.8635837e-01
   3.7127309e+01   7.0000000e+01   6.8635837e-01
   3.7137309e+01   7.0000000e+01   6.8635837e-01
   3.7147309e+01   7.0000000e+01   6.8635837e-01
   3.7157309e+01   7.0000000e+01   6.8635837e-01
   3.7167309e+01   7.0000000e+01   6.8635837e-01
   3.7177309e+01   7.0000000e+01   6.8635837e-01
   3.7187309e+01   7.0000000e+01   6.8635837e-01
   3.7197309e+01   7.0000000e+01   6.8635837e-01
   3.7207309e+01   7.0000000e+01   6.8635837e-01
   3.7217309e+01   7.0000000e+01   6.8635837e-01
   3.7227309e+01   7.0000000e+01   6.8635837e-01
   3.7237309e+01   7.0000000e+01   6.8635837e-01
   3.7247309e+01   7.0000000e+01   6.8635837e-01
   3.7257309e+01   7.0000000e+01   6.8635837e-01
   3.7267309e+01   7.0000000e+01   6.8635837e-01
   3.7277309e+01   7.0000000e+01   6.8635837e-01
   3.7287309e+01   7.0000000e+01   6.8635837e-01
   3.7297309e+01   7.0000000e+01   6.8635837e-01
   3.7307309e+01   7.0000000e+01   6.8635837e-01
   3.7317309e+01   7.0000000e+01   6.8635837e-01
   3.7327309e+01   7.0000000e+01   6.8635837e-01
   3.7337309e+01   7.0000000e+01   6.8635837e-01
   3.7347309e+01   7.0000000e+01   6.8635837e-01
   3.7357309e+01   7.0000000e+01   6.8635837e-01
   3.7367309e+01   7.0000000e+01   6.8635837e-01
   3.7377309e+01   7.0000000e+01   6.8635837e-01
   3.7387309e+01   7.0000000e+01   6.8635837e-01
   3.7397309e+01   7.0000000e+01   6.8635837e-01
   3.7407309e+01   7.0000000e+01   6.8635837e-01
   3.7417309e+01   7.0000000e+01   6.8635837e-01
   3.7427309e+01   7.0000000e+01   6.8635837e-01
   3.7437309e+01   7.0000000e+01   6.8635837e-01
   3.7447309e+01   7.0000000e+01   6.8635837e-01
   3.7457309e+01   7.0000000e+01   6.8635837e-01
   3.7467309e+01   7.0000000e+01   6.8635837e-01
   3.7477309e+01   7.0000000e+01   6.8635837e-01
   3.7487309e+01   7.0000000e+01   6.8635837e-01
   3.7497309e+01   7.0000000e+01   6.8635837e-01
   3.7507309e+01   7.0000000e+01   6.8635837e-01
   3.7517309e+01   7.0000000e+01   6.8635837e-01
   3.7527309e+01   7.0000000e+01   6.8635837e-01
   3.7537309e+01   7.0000000e+01   6.8635837e-01
   3.7547309e+01   7.0000000e+01   6.8635837e-01
   3.7557309e+01   7.0000000e+01   6.8635837e-01
   3.7567309e+01   7.0000000e+01   6.8635837e-01
   3.7577309e+01   7.0000000e+01   6.8635837e-01
   3.7587309e+01   7.0000000e+01   6.8635837e-01
   3.7597309e+01   7.0000000e+01   6.8635837e-01
   3.7607309e+01   7.0000000e+01   6.8635837e-01
   3.7617309e+01   7.0000000e+01   6.8635837e-01
   3.7627309e+01   7.0000000e+01   6.8635837e-01
   3.7637309e+01   7.0000000e+01   6.8635837e-01
   3.7647309e+01   7.0000000e+01   6.8635837e-01
   3.7657309e+01   7.0000000e+01   6.8635837e-01
   3.7667309e+01   7.0000000e+01   6.8635837e-01
   3.7677309e+01   7.0000000e+01   6.8635837e-01
   3.7687309e+01   7.0000000e+01   6.8635837e-01
   3.7697309e+01   7.0000000e+01   6.8635837e-01
   3.7707309e+01   7.0000000e+01   6.8635837e-01
   3.7717309e+01   7.0000000e+01   6.8635837e-01
   3.7727309e+01   7.0000000e+01   6.8635837e-01
   3.7737309e+01   7.0000000e+01   6.8635837e-01
   3.7747309e+01   7.0000000e+01   6.8635837e-01
   3.7757309e+01   7.0000000e+01   6.8635837e-01
   3.7757572e+01   7.0000000e+01   6.8635837e-01
   3.7757572e+01   7.1000000e+01   6.5744854e-01
   3.7757572e+01   7.1000000e+01   6.5744854e-01
   3.7767572e+01   7.1000000e+01   6.5744854e-01
   3.7777572e+01   7.1000000e+01   6.5744854e-01
   3.7787572e+01   7.1000000e+01   6.5744854e-01
   3.7797572e+01   7.1000000e+01   6.5744854e-01
   3.7807572e+01   7.1000000e+01   6.5744854e-01
   3.7817572e+01   7.1000000e+01   6.5744854e-01
   3.7827572e+01   7.1000000e+01   6.5744854e-01
   3.7837572e+01   7.1000000e+01   6.5744854e-01
   3.7847572e+01   7.1000000e+01   6.5744854e-01
   3.7857572e+01   7.1000000e+01   6.5744854e-01
   3.7867572e+01   7.1000000e+01   6.5744854e-01
   3.7877572e+01   7.1000000e+01   6.5744854e-01
   3.7887572e+01   7.1000000e+01   6.5744854e-01
   3.7897572e+01   7.1000000e+01   6.5744854e-01
   3.7907572e+01   7.1000000e+01   6.5744854e-01
   3.7917572e+01   7.1000000e+01   6.5744854e-01
   3.7927572e+01   7.1000000e+01   6.5744854e-01
   3.7937572e+01   7.1000000e+01   6.5744854e-01
   3.7947572e+01   7.1000000e+01   6.5744854e-01
   3.7957572e+01   7.1000000e+01   6.5744854e-01
   3.7967572e+01   7.1000000e+01   6.5744854e-01
   3.7977572e+01   7.1000000e+01   6.5744854e-01
   3.7987572e+01   7.1000000e+01   6.5744854e-01
   3.7997572e+01   7.1000000e+01   6.5744854e-01
   3.8007572e+01   7.1000000e+01   6.5744854e-01
   3.8017572e+01   7.1000000e+01   6.5744854e-01
   3.8027572e+01   7.1000000e+01   6.5744854e-01
   3.8037572e+01   7.1000000e+01   6.5744854e-01
   3.8047572e+01   7.1000000e+01   6.5744854e-01
   3.8057572e+01   7.1000000e+01   6.5744854e-01
   3.8067572e+01   7.1000000e+01   6.5744854e-01
   3.8077572e+01   7.1000000e+01   6.5744854e-01
   3.8087572e+01   7.1000000e+01   6.5744854e-01
   3.8097572e+01   7.1000000e+01   6.5744854e-01
   3.8107572e+01   7.1000000e+01   6.5744854e-01
   3.8117572e+01   7.1000000e+01   6.5744854e-01
   3.8127572e+01   7.1000000e+01   6.5744854e-01
   3.8137572e+01   7.1000000e+01   6.5744854e-01
   3.8147572e+01   7.1000000e+01   6.5744854e-01
   3.8157572e+01   7.1000000e+01   6.5744854e-01
   3.8167572e+01   7.1000000e+01   6.5744854e-01
   3.8177572e+01   7.1000000e+01   6.5744854e-01
   3.8187572e+01   7.1000000e+01   6.5744854e-01
   3.8197572e+01   7.1000000e+01   6.5744854e-01
   3.8207572e+01   7.1000000e+01   6.5744854e-01
   3.8217572e+01   7.1000000e+01   6.5744854e-01
   3.8227572e+01   7.1000000e+01   6.5744854e-01
   3.8237572e+01   7.1000000e+01   6.5744854e-01
   3.8247572e+01   7.1000000e+01   6.5744854e-01
   3.8257572e+01   7.1000000e+01   6.5744854e-01
   3.8267572e+01   7.1000000e+01   6.5744854e-01
   3.8277572e+01   7.1000000e+01   6.5744854e-01
   3.8287572e+01   7.1000000e+01   6.5744854e-01
   3.8297572e+01   7.1000000e+01   6.5744854e-01
   3.8307572e+01   7.1000000e+01   6.5744854e-01
   3.8317572e+01   7.1000000e+01   6.5744854e-01
   3.8327572e+01   7.1000000e+01   6.5744854e-01
   3.8337572e+01   7.1000000e+01   6.5744854e-01
   3.8347572e+01   7.1000000e+01   6.5744854e-01
   3.8357572e+01   7.1000000e+01   6.5744854e-01
   3.8367572e+01   7.1000000e+01   6.5744854e-01
   3.8377572e+01   7.1000000e+01   6.5744854e-01
   3.8387572e+01   7.1000000e+01   6.5744854e-01
   3.8397572e+01   7.1000000e+01   6.5744854e-01
   3.8407572e+01   7.1000000e+01   6.5744854e-01
   3.8417572e+01   7.1000000e+01   6.5744854e-01
   3.8427572e+01   7.1000000e+01   6.5744854e-01
   3.8437572e+01   7.1000000e+01   6.5744854e-01
   3.8447572e+01   7.1000000e+01   6.5744854e-01
   3.8457572e+01   7.1000000e+01   6.5744854e-01
   3.8467572e+01   7.1000000e+01   6.5744854e-01
   3.8477572e+01   7.1000000e+01   6.5744854e-01
   3.8487572e+01   7.1000000e+01   6.5744854e-01
   3.8497572e+01   7.1000000e+01   6.5744854e-01
   3.8507572e+01   7.1000000e+01   6.5744854e-01
   3.8517572e+01   7.1000000e+01   6.5744854e-01
   3.8527572e+01   7.1000000e+01   6.5744854e-01
   3.8537572e+01   7.1000000e+01   6.5744854e-01
   3.8547572e+01   7.1000000e+01   6.5744854e-01
   3.8557572e+01   7.1000000e+01   6.5744854e-01
   3.8567572e+01   7.1000000e+01   6.5744854e-01
   3.8577572e+01   7.1000000e+01   6.5744854e-01
   3.8587572e+01   7.1000000e+01   6.5744854e-01
   3.8597572e+01   7.1000000e+01   6.5744854e-01
   3.8602320e+01   7.1000000e+01   6.5744854e-01
   3.8602320e+01   7.2000000e+01   6.2789234e-01
   3.8602320e+01   7.2000000e+01   6.2789234e-01
   3.8612320e+01   7.2000000e+01   6.2789234e-01
   3.8622320e+01   7.2000000e+01   6.2789234e-01
   3.8632320e+01   7.2000000e+01   6.2789234e-01
   3.8642320e+01   7.2000000e+01   6.2789234e-01
   3.8652320e+01   7.2000000e+01   6.2789234e-01
   3.8662320e+01   7.2000000e+01   6.2789234e-01
   3.8672320e+01   7.2000000e+01   6.2789234e-01
   3.8682320e+01   7.2000000e+01   6.2789234e-01
   3.8692320e+01   7.2000000e+01   6.2789234e-01
   3.8702320e+01   7.2000000e+01   6.2789234e-01
   3.8712320e+01   7.2000000e+01   6.2789234e-01
   3.8722320e+01   7.2000000e+01   6.2789234e-01
   3.8732320e+01   7.2000000e+01   6.2789234e-01
   3.8742320e+01   7.2000000e+01   6.2789234e-01
   3.8752320e+01   7.2000000e+01   6.2789234e-01
   3.8762320e+01   7.2000000e+01   6.2789234e-01
   3.8772320e+01   7.2000000e+01   6.2789234e-01
   3.8782320e+01   7.2000000e+01   6.2789234e-01
   3.8792320e+01   7.2000000e+01   6.2789234e-01
   3.8802320e+01   7.2000000e+01   6.2789234e-01
   3.8812320e+01   7.2000000e+01   6.2789234e-01
   3.8822320e+01   7.2000000e+01   6.2789234e-01
   3.8832320e+01   7.2000000e+01   6.2789234e-01
   3.8842320e+01   7.2000000e+01   6.2789234e-01
   3.8852320e+01   7.2000000e+01   6.2789234e-01
   3.8862320e+01   7.2000000e+01   6.2789234e-01
   3.8872320e+01   7.2000000e+01   6.2789234e-01
   3.8882320e+01   7.2000000e+01   6.2789234e-01
   3.8892320e+01   7.2000000e+01   6.2789234e-01
   3.8902320e+01   7.2000000e+01   6.2789234e-01
   3.8912320e+01   7.2000000e+01   6.2789234e-01
   3.8922320e+01   7.2000000e+01   6.2789234e-01
   3.8932320e+01   7.2000000e+01   6.2789234e-01
   3.8942320e+01   7.2000000e+01   6.2789234e-01
   3.8952320e+01   7.2000000e+01   6.2789234e-01
   3.8962320e+01   7.2000000e+01   6.2789234e-01
   3.8972320e+01   7.2000000e+01   6.2789234e-01
   3.8982320e+01   7.2000000e+01   6.2789234e-01
   3.8992320e+01   7.2000000e+01   6.2789234e-01
   3.9002320e+01   7.2000000e+01   6.2789234e-01
   3.9012320e+01   7.2000000e+01   6.2789234e-01
   3.9022320e+01   7.2000000e+01   6.2789234e-01
   3.9032320e+01   7.2000000e+01   6.2789234e-01
   3.9042320e+01   7.2000000e+01   6.2789234e-01
   3.9052320e+01   7.2000000e+01   6.2789234e-01
   3.9062320e+01   7.2000000e+01   6.2789234e-01
   3.9072320e+01   7.2000000e+01   6.2789234e-01
   3.9082320e+01   7.2000000e+01   6.2789234e-01
   3.9092320e+01   7.2000000e+01   6.2789234e-01
   3.9102320e+01   7.2000000e+01   6.2789234e-01
   3.9112320e+01   7.2000000e+01   6.2789234e-01
   3.9122320e+01   7.2000000e+01   6.2789234e-01
   3.9132320e+01   7.2000000e+01   6.2789234e-01
   3.9142320e+01   7.2000000e+01   6.2789234e-01
   3.9152320e+01   7.2000000e+01   6.2789234e-01
   3.9162320e+01   7.2000000e+01   6.2789234e-01
   3.9172320e+01   7.2000000e+01   6.2789234e-01
   3.9182320e+01   7.2000000e+01   6.2789234e-01
   3.9192320e+01   7.2000000e+01   6.2789234e-01
   3.9202320e+01   7.2000000e+01   6.2789234e-01
   3.9212320e+01   7.2000000e+01   6.2789234e-01
   3.9222320e+01   7.2000000e+01   6.2789234e-01
   3.9232320e+01   7.2000000e+01   6.2789234e-01
   3.9242320e+01   7.2000000e+01   6.2789234e-01
   3.9252320e+01   7.2000000e+01   6.2789234e-01
   3.9262320e+01   7.2000000e+01   6.2789234e-01
   3.9272320e+01   7.2000000e+01   6.2789234e-01
   3.9282320e+01   7.2000000e+01   6.2789234e-01
   3.9292320e+01   7.2000000e+01   6.2789234e-01
   3.9302320e+01   7.2000000e+01   6.2789234e-01
   3.9312320e+01   7.2000000e+01   6.2789234e-01
   3.9322320e+01   7.2000000e+01   6.2789234e-01
   3.9332320e+01   7.2000000e+01   6.2789234e-01
   3.9342320e+01   7.2000000e+01   6.2789234e-01
   3.9352320e+01   7.2000000e+01   6.2789234e-01
   3.9362320e+01   7.2000000e+01   6.2789234e-01
   3.9372320e+01   7.2000000e+01   6.2789234e-01
   3.9382320e+01   7.2000000e+01   6.2789234e-01
   3.9392320e+01   7.2000000e+01   6.2789234e-01
   3.9402320e+01   7.2000000e+01   6.2789234e-01
   3.9412320e+01   7.2000000e+01   6.2789234e-01
   3.9422320e+01   7.2000000e+01   6.2789234e-01
   3.9432320e+01   7.2000000e+01   6.2789234e-01
   3.9442320e+01   7.2000000e+01   6.2789234e-01
   3.9451336e+01   7.2000000e+01   6.2789234e-01
   3.9451336e+01   7.3000000e+01   5.9769497e-01
   3.9451336e+01   7.3000000e+01   5.9769497e-01
   3.9461336e+01   7.3000000e+01   5.9769497e-01
   3.9471336e+01   7.3000000e+01   5.9769497e-01
   3.9481336e+01   7.3000000e+01   5.9769497e-01
   3.9491336e+01   7.3000000e+01   5.9769497e-01
   3.9501336e+01   7.3000000e+01   5.9769497e-01
   3.9511336e+01   7.3000000e+01   5.9769497e-01
   3.9521336e+01   7.3000000e+01   5.9769497e-01
   3.9531336e+01   7.3000000e+01   5.9769497e-01
   3.9541336e+01   7.3000000e+01   5.9769497e-01
   3.9551336e+01   7.3000000e+01   5.9769497e-01
   3.9561336e+01   7.3000000e+01   5.9769497e-01
   3.9571336e+01   7.3000000e+01   5.9769497e-01
   3.9581336e+01   7.3000000e+01   5.9769497e-01
   3.9591336e+01   7.3000000e+01   5.9769497e-01
   3.9601336e+01   7.3000000e+01   5.9769497e-01
   3.9611336e+01   7.3000000e+01   5.9769497e-01
   3.9621336e+01   7.3000000e+01   5.9769497e-01
   3.9631336e+01   7.3000000e+01   5.9769497e-01
   3.9641336e+01   7.3000000e+01   5.9769497e-01
   3.9651336e+01   7.3000000e+01   5.9769497e-01
   3.9661336e+01   7.3000000e+01   5.9769497e-01
   3.9671336e+01   7.3000000e+01   5.9769497e-01
   3.9681336e+01   7.3000000e+01   5.9769497e-01
   3.9691336e+01   7.3000000e+01   5.9769497e-01
   3.9701336e+01   7.3000000e+01   5.9769497e-01
   3.9711336e+01   7.3000000e+01   5.9769497e-01
   3.9721336e+01   7.3000000e+01   5.9769497e-01
   3.9731336e+01   7.3000000e+01   5.9769497e-01
   3.9741336e+01   7.3000000e+01   5.9769497e-01
   3.9751336e+01   7.3000000e+01   5.9769497e-01
   3.9761336e+01   7.3000000e+01   5.9769497e-01
   3.9771336e+01   7.3000000e+01   5.9769497e-01
   3.9781336e+01   7.3000000e+01   5.9769497e-01
   3.9791336e+01   7.3000000e+01   5.9769497e-01
   3.9801336e+01   7.3000000e+01   5.9769497e-01
   3.9811336e+01   7.3000000e+01   5.9769497e-01
   3.9821336e+01   7.3000000e+01   5.9769497e-01
   3.9831336e+01   7.3000000e+01   5.9769497e-01
   3.9841336e+01   7.3000000e+01   5.9769497e-01
   3.9851336e+01   7.3000000e+01   5.9769497e-01
   3.9861336e+01   7.3000000e+01   5.9769497e-01
   3.9871336e+01   7.3000000e+01   5.9769497e-01
   3.9881336e+01   7.3000000e+01   5.9769497e-01
   3.9891336e+01   7.3000000e+01   5.9769497e-01
   3.9901336e+01   7.3000000e+01   5.9769497e-01
   3.9911336e+01   7.3000000e+01   5.9769497e-01
   3.9921336e+01   7.3000000e+01   5.9769497e-01
   3.9931336e+01   7.3000000e+01   5.9769497e-01
   3.9941336e+01   7.3000000e+01   5.9769497e-01
   3.9951336e+01   7.3000000e+01   5.9769497e-01
   3.9961336e+01   7.3000000e+01   5.9769497e-01
   3.9971336e+01   7.3000000e+01   5.9769497e-01
   3.9981336e+01   7.3000000e+01   5.9769497e-01
   3.9991336e+01   7.3000000e+01   5.9769497e-01
   4.0001336e+01   7.3000000e+01   5.9769497e-01
   4.0011336e+01   7.3000000e+01   5.9769497e-01
   4.0021336e+01   7.3000000e+01   5.9769497e-01
   4.0031336e+01   7.3000000e+01   5.9769497e-01
   4.0041336e+01   7.3000000e+01   5.9769497e-01
   4.0051336e+01   7.3000000e+01   5.9769497e-01
   4.0061336e+01   7.3000000e+01   5.9769497e-01
   4.0071336e+01   7.3000000e+01   5.9769497e-01
   4.0081336e+01   7.3000000e+01   5.9769497e-01
   4.0091336e+01   7.3000000e+01   5.9769497e-01
   4.0101336e+01   7.3000000e+01   5.9769497e-01
   4.0111336e+01   7.3000000e+01   5.9769497e-01
   4.0121336e+01   7.3000000e+01   5.9769497e-01
   4.0131336e+01   7.3000000e+01   5.9769497e-01
   4.0141336e+01   7.3000000e+01   5.9769497e-01
   4.0151336e+01   7.3000000e+01   5.9769497e-01
   4.0161336e+01   7.3000000e+01   5.9769497e-01
   4.0171336e+01   7.3000000e+01   5.9769497e-01
   4.0181336e+01   7.3000000e+01   5.9769497e-01
   4.0191336e+01   7.3000000e+01   5.9769497e-01
   4.0201336e+01   7.3000000e+01   5.9769497e-01
   4.0211336e+01   7.3000000e+01   5.9769497e-01
   4.0221336e+01   7.3000000e+01   5.9769497e-01
   4.0231336e+01   7.3000000e+01   5.9769497e-01
   4.0241336e+01   7.3000000e+01   5.9769497e-01
   4.0251336e+01   7.3000000e+01   5.9769497e-01
   4.0261336e+01   7.3000000e+01   5.9769497e-01
   4.0271336e+01   7.3000000e+01   5.9769497e-01
   4.0281336e+01   7.3000000e+01   5.9769497e-01
   4.0291336e+01   7.3000000e+01   5.9769497e-01
   4.0301336e+01   7.3000000e+01   5.9769497e-01
   4.0304397e+01   7.3000000e+01   5.9769497e-01
   4.0304397e+01   7.4000000e+01   5.6686258e-01
   4.0304397e+01   7.4000000e+01   5.6686258e-01
   4.0314397e+01   7.4000000e+01   5.6686258e-01
   4.0324397e+01   7.4000000e+01   5.6686258e-01
   4.0334397e+01   7.4000000e+01   5.6686258e-01
   4.0344397e+01   7.4000000e+01   5.6686258e-01
   4.0354397e+01   7.4000000e+01   5.6686258e-01
   4.0364397e+01   7.4000000e+01   5.6686258e-01
   4.0374397e+01   7.4000000e+01   5.6686258e-01
   4.0384397e+01   7.4000000e+01   5.6686258e-01
   4.0394397e+01   7.4000000e+01   5.6686258e-01
   4.0404397e+01   7.4000000e+01   5.6686258e-01
   4.0414397e+01   7.4000000e+01   5.6686258e-01
   4.0424397e+01   7.4000000e+01   5.6686258e-01
   4.0434397e+01   7.4000000e+01   5.6686258e-01
   4.0444397e+01   7.4000000e+01   5.6686258e-01
   4.0454397e+01   7.4000000e+01   5.6686258e-01
   4.0464397e+01   7.4000000e+01   5.6686258e-01
   4.0474397e+01   7.4000000e+01   5.6686258e-01
   4.0484397e+01   7.4000000e+01   5.6686258e-01
   4.0494397e+01   7.4000000e+01   5.6686258e-01
   4.0504397e+01   7.4000000e+01   5.6686258e-01
   4.0514397e+01   7.4000000e+01   5.6686258e-01
   4.0524397e+01   7.4000000e+01   5.6686258e-01
   4.0534397e+01   7.4000000e+01   5.6686258e-01
   4.0544397e+01   7.4000000e+01   5.6686258e-01
   4.0554397e+01   7.4000000e+01   5.6686258e-01
   4.0564397e+01   7.4000000e+01   5.6686258e-01
   4.0574397e+01   7.4000000e+01   5.6686258e-01
   4.0584397e+01   7.4000000e+01   5.6686258e-01
   4.0594397e+01   7.4000000e+01   5.6686258e-01
   4.0604397e+01   7.4000000e+01   5.6686258e-01
   4.0614397e+01   7.4000000e+01   5.6686258e-01
   4.0624397e+01   7.4000000e+01   5.6686258e-01
   4.0634397e+01   7.4000000e+01   5.6686258e-01
   4.0644397e+01   7.4000000e+01   5.6686258e-01
   4.0654397e+01   7.4000000e+01   5.6686258e-01
   4.0664397e+01   7.4000000e+01   5.6686258e-01
   4.0674397e+01   7.4000000e+01   5.6686258e-01
   4.0684397e+01   7.4000000e+01   5.6686258e-01
   4.0694397e+01   7.4000000e+01   5.6686258e-01
   4.0704397e+01   7.4000000e+01   5.6686258e-01
   4.0714397e+01   7.4000000e+01   5.6686258e-01
   4.0724397e+01   7.4000000e+01   5.6686258e-01
   4.0734397e+01   7.4000000e+01   5.6686258e-01
   4.0744397e+01   7.4000000e+01   5.6686258e-01
   4.0754397e+01   7.4000000e+01   5.6686258e-01
   4.0764397e+01   7.4000000e+01   5.6686258e-01
   4.0774397e+01   7.4000000e+01   5.6686258e-01
   4.0784397e+01   7.4000000e+01   5.6686258e-01
   4.0794397e+01   7.4000000e+01   5.6686258e-01
   4.0804397e+01   7.4000000e+01   5.6686258e-01
   4.0814397e+01   7.4000000e+01   5.6686258e-01
   4.0824397e+01   7.4000000e+01   5.6686258e-01
   4.0834397e+01   7.4000000e+01   5.6686258e-01
   4.0844397e+01   7.4000000e+01   5.6686258e-01
   4.0854397e+01   7.4000000e+01   5.6686258e-01
   4.0864397e+01   7.4000000e+01   5.6686258e-01
   4.0874397e+01   7.4000000e+01   5.6686258e-01
   4.0884397e+01   7.4000000e+01   5.6686258e-01
   4.0894397e+01   7.4000000e+01   5.6686258e-01
   4.0904397e+01   7.4000000e+01   5.6686258e-01
   4.0914397e+01   7.4000000e+01   5.6686258e-01
   4.0924397e+01   7.4000000e+01   5.6686258e-01
   4.0934397e+01   7.4000000e+01   5.6686258e-01
   4.0944397e+01   7.4000000e+01   5.6686258e-01
   4.0954397e+01   7.4000000e+01   5.6686258e-01
   4.0964397e+01   7.4000000e+01   5.6686258e-01
   4.0974397e+01   7.4000000e+01   5.6686258e-01
   4.0984397e+01   7.4000000e+01   5.6686258e-01
   4.0994397e+01   7.4000000e+01   5.6686258e-01
   4.1004397e+01   7.4000000e+01   5.6686258e-01
   4.1014397e+01   7.4000000e+01   5.6686258e-01
   4.1024397e+01   7.4000000e+01   5.6686258e-01
   4.1034397e+01   7.4000000e+01   5.6686258e-01
   4.1044397e+01   7.4000000e+01   5.6686258e-01
   4.1054397e+01   7.4000000e+01   5.6686258e-01
   4.1064397e+01   7.4000000e+01   5.6686258e-01
   4.1074397e+01   7.4000000e+01   5.6686258e-01
   4.1084397e+01   7.4000000e+01   5.6686258e-01
   4.1094397e+01   7.4000000e+01   5.6686258e-01
   4.1104397e+01   7.4000000e+01   5.6686258e-01
   4.1114397e+01   7.4000000e+01   5.6686258e-01
   4.1124397e+01   7.4000000e+01   5.6686258e-01
   4.1134397e+01   7.4000000e+01   5.6686258e-01
   4.1144397e+01   7.4000000e+01   5.6686258e-01
   4.1154397e+01   7.4000000e+01   5.6686258e-01
   4.1161278e+01   7.4000000e+01   5.6686258e-01
   4.1161278e+01   7.5000000e+01   5.3540239e-01
   4.1161278e+01   7.5000000e+01   5.3540239e-01
   4.1171278e+01   7.5000000e+01   5.3540239e-01
   4.1181278e+01   7.5000000e+01   5.3540239e-01
   4.1191278e+01   7.5000000e+01   5.3540239e-01
   4.1201278e+01   7.5000000e+01   5.3540239e-01
   4.1211278e+01   7.5000000e+01   5.3540239e-01
   4.1221278e+01   7.5000000e+01   5.3540239e-01
   4.1231278e+01   7.5000000e+01   5.3540239e-01
   4.1241278e+01   7.5000000e+01   5.3540239e-01
   4.1251278e+01   7.5000000e+01   5.3540239e-01
   4.1261278e+01   7.5000000e+01   5.3540239e-01
   4.1271278e+01   7.5000000e+01   5.3540239e-01
   4.1281278e+01   7.5000000e+01   5.3540239e-01
   4.1291278e+01   7.5000000e+01   5.3540239e-01
   4.1301278e+01   7.5000000e+01   5.3540239e-01
   4.1311278e+01   7.5000000e+01   5.3540239e-01
   4.1321278e+01   7.5000000e+01   5.3540239e-01
   4.1331278e+01   7.5000000e+01   5.3540239e-01
   4.1341278e+01   7.5000000e+01   5.3540239e-01
   4.1351278e+01   7.5000000e+01   5.3540239e-01
   4.1361278e+01   7.5000000e+01   5.3540239e-01
   4.1371278e+01   7.5000000e+01   5.3540239e-01
   4.1381278e+01   7.5000000e+01   5.3540239e-01
   4.1391278e+01   7.5000000e+01   5.3540239e-01
   4.1401278e+01   7.5000000e+01   5.3540239e-01
   4.1411278e+01   7.5000000e+01   5.3540239e-01
   4.1421278e+01   7.5000000e+01   5.3540239e-01
   4.1431278e+01   7.5000000e+01   5.3540239e-01
   4.1441278e+01   7.5000000e+01   5.3540239e-01
   4.1451278e+01   7.5000000e+01   5.3540239e-01
   4.1461278e+01   7.5000000e+01   5.3540239e-01
   4.1471278e+01   7.5000000e+01   5.3540239e-01
   4.1481278e+01   7.5000000e+01   5.3540239e-01
   4.1491278e+01   7.5000000e+01   5.3540239e-01
   4.1501278e+01   7.5000000e+01   5.3540239e-01
   4.1511278e+01   7.5000000e+01   5.3540239e-01
   4.1521278e+01   7.5000000e+01   5.3540239e-01
   4.1531278e+01   7.5000000e+01   5.3540239e-01
   4.1541278e+01   7.5000000e+01   5.3540239e-01
   4.1551278e+01   7.5000000e+01   5.3540239e-01
   4.1561278e+01   7.5000000e+01   5.3540239e-01
   4.1571278e+01   7.5000000e+01   5.3540239e-01
   4.1581278e+01   7.5000000e+01   5.3540239e-01
   4.1591278e+01   7.5000000e+01   5.3540239e-01
   4.1601278e+01   7.5000000e+01   5.3540239e-01
   4.1611278e+01   7.5000000e+01   5.3540239e-01
   4.1621278e+01   7.5000000e+01   5.3540239e-01
   4.1631278e+01   7.5000000e+01   5.3540239e-01
   4.1641278e+01   7.5000000e+01   5.3540239e-01
   4.1651278e+01   7.5000000e+01   5.3540239e-01
   4.1661278e+01   7.5000000e+01   5.3540239e-01
   4.1671278e+01   7.5000000e+01   5.3540239e-01
   4.1681278e+01   7.5000000e+01   5.3540239e-01
   4.1691278e+01   7.5000000e+01   5.3540239e-01
   4.1701278e+01   7.5000000e+01   5.3540239e-01
   4.1711278e+01   7.5000000e+01   5.3540239e-01
   4.1721278e+01   7.5000000e+01   5.3540239e-01
   4.1731278e+01   7.5000000e+01   5.3540239e-01
   4.1741278e+01   7.5000000e+01   5.3540239e-01
   4.1751278e+01   7.5000000e+01   5.3540239e-01
   4.1761278e+01   7.5000000e+01   5.3540239e-01
   4.1771278e+01   7.5000000e+01   5.3540239e-01
   4.1781278e+01   7.5000000e+01   5.3540239e-01
   4.1791278e+01   7.5000000e+01   5.3540239e-01
   4.1801278e+01   7.5000000e+01   5.3540239e-01
   4.1811278e+01   7.5000000e+01   5.3540239e-01
   4.1821278e+01   7.5000000e+01   5.3540239e-01
   4.1831278e+01   7.5000000e+01   5.3540239e-01
   4.1841278e+01   7.5000000e+01   5.3540239e-01
   4.1851278e+01   7.5000000e+01   5.3540239e-01
   4.1861278e+01   7.5000000e+01   5.3540239e-01
   4.1871278e+01   7.5000000e+01   5.3540239e-01
   4.1881278e+01   7.5000000e+01   5.3540239e-01
   4.1891278e+01   7.5000000e+01   5.3540239e-01
   4.1901278e+01   7.5000000e+01   5.3540239e-01
   4.1911278e+01   7.5000000e+01   5.3540239e-01
   4.1921278e+01   7.5000000e+01   5.3540239e-01
   4.1931278e+01   7.5000000e+01   5.3540239e-01
   4.1941278e+01   7.5000000e+01   5.3540239e-01
   4.1951278e+01   7.5000000e+01   5.3540239e-01
   4.1961278e+01   7.5000000e+01   5.3540239e-01
   4.1971278e+01   7.5000000e+01   5.3540239e-01
   4.1981278e+01   7.5000000e+01   5.3540239e-01
   4.1991278e+01   7.5000000e+01   5.3540239e-01
   4.2001278e+01   7.5000000e+01   5.3540239e-01
   4.2011278e+01   7.5000000e+01   5.3540239e-01
   4.2021278e+01   7.5000000e+01   5.3540239e-01
   4.2021749e+01   7.5000000e+01   5.3540239e-01
   4.2021749e+01   7.6000000e+01   5.0332294e-01
   4.2021749e+01   7.6000000e+01   5.0332294e-01
   4.2031749e+01   7.6000000e+01   5.0332294e-01
   4.2041749e+01   7.6000000e+01   5.0332294e-01
   4.2051749e+01   7.6000000e+01   5.0332294e-01
   4.2061749e+01   7.6000000e+01   5.0332294e-01
   4.2071749e+01   7.6000000e+01   5.0332294e-01
   4.2081749e+01   7.6000000e+01   5.0332294e-01
   4.2091749e+01   7.6000000e+01   5.0332294e-01
   4.2101749e+01   7.6000000e+01   5.0332294e-01
   4.2111749e+01   7.6000000e+01   5.0332294e-01
   4.2121749e+01   7.6000000e+01   5.0332294e-01
   4.2131749e+01   7.6000000e+01   5.0332294e-01
   4.2141749e+01   7.6000000e+01   5.0332294e-01
   4.2151749e+01   7.6000000e+01   5.0332294e-01
   4.2161749e+01   7.6000000e+01   5.0332294e-01
   4.2171749e+01   7.6000000e+01   5.0332294e-01
   4.2181749e+01   7.6000000e+01   5.0332294e-01
   4.2191749e+01   7.6000000e+01   5.0332294e-01
   4.2201749e+01   7.6000000e+01   5.0332294e-01
   4.2211749e+01   7.6000000e+01   5.0332294e-01
   4.2221749e+01   7.6000000e+01   5.0332294e-01
   4.2231749e+01   7.6000000e+01   5.0332294e-01
   4.2241749e+01   7.6000000e+01   5.0332294e-01
   4.2251749e+01   7.6000000e+01   5.0332294e-01
   4.2261749e+01   7.6000000e+01   5.0332294e-01
   4.2271749e+01   7.6000000e+01   5.0332294e-01
   4.2281749e+01   7.6000000e+01   5.0332294e-01
   4.2291749e+01   7.6000000e+01   5.0332294e-01
   4.2301749e+01   7.6000000e+01   5.0332294e-01
   4.2311749e+01   7.6000000e+01   5.0332294e-01
   4.2321749e+01   7.6000000e+01   5.0332294e-01
   4.2331749e+01   7.6000000e+01   5.0332294e-01
   4.2341749e+01   7.6000000e+01   5.0332294e-01
   4.2351749e+01   7.6000000e+01   5.0332294e-01
   4.2361749e+01   7.6000000e+01   5.0332294e-01
   4.2371749e+01   7.6000000e+01   5.0332294e-01
   4.2381749e+01   7.6000000e+01   5.0332294e-01
   4.2391749e+01   7.6000000e+01   5.0332294e-01
   4.2401749e+01   7.6000000e+01   5.0332294e-01
   4.2411749e+01   7.6000000e+01   5.0332294e-01
   4.2421749e+01   7.6000000e+01   5.0332294e-01
   4.2431749e+01   7.6000000e+01   5.0332294e-01
   4.2441749e+01   7.6000000e+01   5.0332294e-01
   4.2451749e+01   7.6000000e+01   5.0332294e-01
   4.2461749e+01   7.6000000e+01   5.0332294e-01
   4.2471749e+01   7.6000000e+01   5.0332294e-01
   4.2481749e+01   7.6000000e+01   5.0332294e-01
   4.2491749e+01   7.6000000e+01   5.0332294e-01
   4.2501749e+01   7.6000000e+01   5.0332294e-01
   4.2511749e+01   7.6000000e+01   5.0332294e-01
   4.2521749e+01   7.6000000e+01   5.0332294e-01
   4.2531749e+01   7.6000000e+01   5.0332294e-01
   4.2541749e+01   7.6000000e+01   5.0332294e-01
   4.2551749e+01   7.6000000e+01   5.0332294e-01
   4.2561749e+01   7.6000000e+01   5.0332294e-01
   4.2571749e+01   7.6000000e+01   5.0332294e-01
   4.2581749e+01   7.6000000e+01   5.0332294e-01
   4.2591749e+01   7.6000000e+01   5.0332294e-01
   4.2601749e+01   7.6000000e+01   5.0332294e-01
   4.2611749e+01   7.6000000e+01   5.0332294e-01
   4.2621749e+01   7.6000000e+01   5.0332294e-01
   4.2631749e+01   7.6000000e+01   5.0332294e-01
   4.2641749e+01   7.6000000e+01   5.0332294e-01
   4.2651749e+01   7.6000000e+01   5.0332294e-01
   4.2661749e+01   7.6000000e+01   5.0332294e-01
   4.2671749e+01   7.6000000e+01   5.0332294e-01
   4.2681749e+01   7.6000000e+01   5.0332294e-01
   4.2691749e+01   7.6000000e+01   5.0332294e-01
   4.2701749e+01   7.6000000e+01   5.0332294e-01
   4.2711749e+01   7.6000000e+01   5.0332294e-01
   4.2721749e+01   7.6000000e+01   5.0332294e-01
   4.2731749e+01   7.6000000e+01   5.0332294e-01
   4.2741749e+01   7.6000000e+01   5.0332294e-01
   4.2751749e+01   7.6000000e+01   5.0332294e-01
   4.2761749e+01   7.6000000e+01   5.0332294e-01
   4.2771749e+01   7.6000000e+01   5.0332294e-01
   4.2781749e+01   7.6000000e+01   5.0332294e-01
   4.2791749e+01   7.6000000e+01   5.0332294e-01
   4.2801749e+01   7.6000000e+01   5.0332294e-01
   4.2811749e+01   7.6000000e+01   5.0332294e-01
   4.2821749e+01   7.6000000e+01   5.0332294e-01
   4.2831749e+01   7.6000000e+01   5.0332294e-01
   4.2841749e+01   7.6000000e+01   5.0332294e-01
   4.2851749e+01   7.6000000e+01   5.0332294e-01
   4.2861749e+01   7.6000000e+01   5.0332294e-01
   4.2871749e+01   7.6000000e+01   5.0332294e-01
   4.2881749e+01   7.6000000e+01   5.0332294e-01
   4.2885578e+01   7.6000000e+01   5.0332294e-01
   4.2885578e+01   7.7000000e+01   4.7063428e-01
   4.2885578e+01   7.7000000e+01   4.7063428e-01
   4.2895578e+01   7.7000000e+01   4.7063428e-01
   4.2905578e+01   7.7000000e+01   4.7063428e-01
   4.2915578e+01   7.7000000e+01   4.7063428e-01
   4.2925578e+01   7.7000000e+01   4.7063428e-01
   4.2935578e+01   7.7000000e+01   4.7063428e-01
   4.2945578e+01   7.7000000e+01   4.7063428e-01
   4.2955578e+01   7.7000000e+01   4.7063428e-01
   4.2965578e+01   7.7000000e+01   4.7063428e-01
   4.2975578e+01   7.7000000e+01   4.7063428e-01
   4.2985578e+01   7.7000000e+01   4.7063428e-01
   4.2995578e+01   7.7000000e+01   4.7063428e-01
   4.3005578e+01   7.7000000e+01   4.7063428e-01
   4.3015578e+01   7.7000000e+01   4.7063428e-01
   4.3025578e+01   7.7000000e+01   4.7063428e-01
   4.3035578e+01   7.7000000e+01   4.7063428e-01
   4.3045578e+01   7.7000000e+01   4.7063428e-01
   4.3055578e+01   7.7000000e+01   4.7063428e-01
   4.3065578e+01   7.7000000e+01   4.7063428e-01
   4.3075578e+01   7.7000000e+01   4.7063428e-01
   4.3085578e+01   7.7000000e+01   4.7063428e-01
   4.3095578e+01   7.7000000e+01   4.7063428e-01
   4.3105578e+01   7.7000000e+01   4.7063428e-01
   4.3115578e+01   7.7000000e+01   4.7063428e-01
   4.3125578e+01   7.7000000e+01   4.7063428e-01
   4.3135578e+01   7.7000000e+01   4.7063428e-01
   4.3145578e+01   7.7000000e+01   4.7063428e-01
   4.3155578e+01   7.7000000e+01   4.7063428e-01
   4.3165578e+01   7.7000000e+01   4.7063428e-01
   4.3175578e+01   7.7000000e+01   4.7063428e-01
   4.3185578e+01   7.7000000e+01   4.7063428e-01
   4.3195578e+01   7.7000000e+01   4.7063428e-01
   4.3205578e+01   7.7000000e+01   4.7063428e-01
   4.3215578e+01   7.7000000e+01   4.7063428e-01
   4.3225578e+01   7.7000000e+01   4.7063428e-01
   4.3235578e+01   7.7000000e+01   4.7063428e-01
   4.3245578e+01   7.7000000e+01   4.7063428e-01
   4.3255578e+01   7.7000000e+01   4.7063428e-01
   4.3265578e+01   7.7000000e+01   4.7063428e-01
   4.3275578e+01   7.7000000e+01   4.7063428e-01
   4.3285578e+01   7.7000000e+01   4.7063428e-01
   4.3295578e+01   7.7000000e+01   4.7063428e-01
   4.3305578e+01   7.7000000e+01   4.7063428e-01
   4.3315578e+01   7.7000000e+01   4.7063428e-01
   4.3325578e+01   7.7000000e+01   4.7063428e-01
   4.3335578e+01   7.7000000e+01   4.7063428e-01
   4.3345578e+01   7.7000000e+01   4.7063428e-01
   4.3355578e+01   7.7000000e+01   4.7063428e-01
   4.3365578e+01   7.7000000e+01   4.7063428e-01
   4.3375578e+01   7.7000000e+01   4.7063428e-01
   4.3385578e+01   7.7000000e+01   4.7063428e-01
   4.3395578e+01   7.7000000e+01   4.7063428e-01
   4.3405578e+01   7.7000000e+01   4.7063428e-01
   4.3415578e+01   7.7000000e+01   4.7063428e-01
   4.3425578e+01   7.7000000e+01   4.7063428e-01
   4.3435578e+01   7.7000000e+01   4.7063428e-01
   4.3445578e+01   7.7000000e+01   4.7063428e-01
   4.3455578e+01   7.7000000e+01   4.7063428e-01
   4.3465578e+01   7.7000000e+01   4.7063428e-01
   4.3475578e+01   7.7000000e+01   4.7063428e-01
   4.3485578e+01   7.7000000e+01   4.7063428e-01
   4.3495578e+01   7.7000000e+01   4.7063428e-01
   4.3505578e+01   7.7000000e+01   4.7063428e-01
   4.3515578e+01   7.7000000e+01   4.7063428e-01
   4.3525578e+01   7.7000000e+01   4.7063428e-01
   4.3535578e+01   7.7000000e+01   4.7063428e-01
   4.3545578e+01   7.7000000e+01   4.7063428e-01
   4.3555578e+01   7.7000000e+01   4.7063428e-01
   4.3565578e+01   7.7000000e+01   4.7063428e-01
   4.3575578e+01   7.7000000e+01   4.7063428e-01
   4.3585578e+01   7.7000000e+01   4.7063428e-01
   4.3595578e+01   7.7000000e+01   4.7063428e-01
   4.3605578e+01   7.7000000e+01   4.7063428e-01
   4.3615578e+01   7.7000000e+01   4.7063428e-01
   4.3625578e+01   7.7000000e+01   4.7063428e-01
   4.3635578e+01   7.7000000e+01   4.7063428e-01
   4.3645578e+01   7.7000000e+01   4.7063428e-01
   4.3655578e+01   7.7000000e+01   4.7063428e-01
   4.3665578e+01   7.7000000e+01   4.7063428e-01
   4.3675578e+01   7.7000000e+01   4.7063428e-01
   4.3685578e+01   7.7000000e+01   4.7063428e-01
   4.3695578e+01   7.7000000e+01   4.7063428e-01
   4.3705578e+01   7.7000000e+01   4.7063428e-01
   4.3715578e+01   7.7000000e+01   4.7063428e-01
   4.3725578e+01   7.7000000e+01   4.7063428e-01
   4.3735578e+01   7.7000000e+01   4.7063428e-01
   4.3745578e+01   7.7000000e+01   4.7063428e-01
   4.3752530e+01   7.7000000e+01   4.7063428e-01
   4.3752530e+01   7.8000000e+01   4.3734832e-01
   4.3752530e+01   7.8000000e+01   4.3734832e-01
   4.3762530e+01   7.8000000e+01   4.3734832e-01
   4.3772530e+01   7.8000000e+01   4.3734832e-01
   4.3782530e+01   7.8000000e+01   4.3734832e-01
   4.3792530e+01   7.8000000e+01   4.3734832e-01
   4.3802530e+01   7.8000000e+01   4.3734832e-01
   4.3812530e+01   7.8000000e+01   4.3734832e-01
   4.3822530e+01   7.8000000e+01   4.3734832e-01
   4.3832530e+01   7.8000000e+01   4.3734832e-01
   4.3842530e+01   7.8000000e+01   4.3734832e-01
   4.3852530e+01   7.8000000e+01   4.3734832e-01
   4.3862530e+01   7.8000000e+01   4.3734832e-01
   4.3872530e+01   7.8000000e+01   4.3734832e-01
   4.3882530e+01   7.8000000e+01   4.3734832e-01
   4.3892530e+01   7.8000000e+01   4.3734832e-01
   4.3902530e+01   7.8000000e+01   4.3734832e-01
   4.3912530e+01   7.8000000e+01   4.3734832e-01
   4.3922530e+01   7.8000000e+01   4.3734832e-01
   4.3932530e+01   7.8000000e+01   4.3734832e-01
   4.3942530e+01   7.8000000e+01   4.3734832e-01
   4.3952530e+01   7.8000000e+01   4.3734832e-01
   4.3962530e+01   7.8000000e+01   4.3734832e-01
   4.3972530e+01   7.8000000e+01   4.3734832e-01
   4.3982530e+01   7.8000000e+01   4.3734832e-01
   4.3992530e+01   7.8000000e+01   4.3734832e-01
   4.4002530e+01   7.8000000e+01   4.3734832e-01
   4.4012530e+01   7.8000000e+01   4.3734832e-01
   4.4022530e+01   7.8000000e+01   4.3734832e-01
   4.4032530e+01   7.8000000e+01   4.3734832e-01
   4.4042530e+01   7.8000000e+01   4.3734832e-01
   4.4052530e+01   7.8000000e+01   4.3734832e-01
   4.4062530e+01   7.8000000e+01   4.3734832e-01
   4.4072530e+01   7.8000000e+01   4.3734832e-01
   4.4082530e+01   7.8000000e+01   4.3734832e-01
   4.4092530e+01   7.8000000e+01   4.3734832e-01
   4.4102530e+01   7.8000000e+01   4.3734832e-01
   4.4112530e+01   7.8000000e+01   4.3734832e-01
   4.4122530e+01   7.8000000e+01   4.3734832e-01
   4.4132530e+01   7.8000000e+01   4.3734832e-01
   4.4142530e+01   7.8000000e+01   4.3734832e-01
   4.4152530e+01   7.8000000e+01   4.3734832e-01
   4.4162530e+01   7.8000000e+01   4.3734832e-01
   4.4172530e+01   7.8000000e+01   4.3734832e-01
   4.4182530e+01   7.8000000e+01   4.3734832e-01
   4.4192530e+01   7.8000000e+01   4.3734832e-01
   4.4202530e+01   7.8000000e+01   4.3734832e-01
   4.4212530e+01   7.8000000e+01   4.3734832e-01
   4.4222530e+01   7.8000000e+01   4.3734832e-01
   4.4232530e+01   7.8000000e+01   4.3734832e-01
   4.4242530e+01   7.8000000e+01   4.3734832e-01
   4.4252530e+01   7.8000000e+01   4.3734832e-01
   4.4262530e+01   7.8000000e+01   4.3734832e-01
   4.4272530e+01   7.8000000e+01   4.3734832e-01
   4.4282530e+01   7.8000000e+01   4.3734832e-01
   4.4292530e+01   7.8000000e+01   4.3734832e-01
   4.4302530e+01   7.8000000e+01   4.3734832e-01
   4.4312530e+01   7.8000000e+01   4.3734832e-01
   4.4322530e+01   7.8000000e+01   4.3734832e-01
   4.4332530e+01   7.8000000e+01   4.3734832e-01
   4.4342530e+01   7.8000000e+01   4.3734832e-01
   4.4352530e+01   7.8000000e+01   4.3734832e-01
   4.4362530e+01   7.8000000e+01   4.3734832e-01
   4.4372530e+01   7.8000000e+01   4.3734832e-01
   4.4382530e+01   7.8000000e+01   4.3734832e-01
   4.4392530e+01   7.8000000e+01   4.3734832e-01
   4.4402530e+01   7.8000000e+01   4.3734832e-01
   4.4412530e+01   7.8000000e+01   4.3734832e-01
   4.4422530e+01   7.8000000e+01   4.3734832e-01
   4.4432530e+01   7.8000000e+01   4.3734832e-01
   4.4442530e+01   7.8000000e+01   4.3734832e-01
   4.4452530e+01   7.8000000e+01   4.3734832e-01
   4.4462530e+01   7.8000000e+01   4.3734832e-01
   4.4472530e+01   7.8000000e+01   4.3734832e-01
   4.4482530e+01   7.8000000e+01   4.3734832e-01
   4.4492530e+01   7.8000000e+01   4.3734832e-01
   4.4502530e+01   7.8000000e+01   4.3734832e-01
   4.4512530e+01   7.8000000e+01   4.3734832e-01
   4.4522530e+01   7.8000000e+01   4.3734832e-01
   4.4532530e+01   7.8000000e+01   4.3734832e-01
   4.4542530e+01   7.8000000e+01   4.3734832e-01
   4.4552530e+01   7.8000000e+01   4.3734832e-01
   4.4562530e+01   7.8000000e+01   4.3734832e-01
   4.4572530e+01   7.8000000e+01   4.3734832e-01
   4.4582530e+01   7.8000000e+01   4.3734832e-01
   4.4592530e+01   7.8000000e+01   4.3734832e-01
   4.4602530e+01   7.8000000e+01   4.3734832e-01
   4.4612530e+01   7.8000000e+01   4.3734832e-01
   4.4622366e+01   7.8000000e+01   4.3734832e-01
   4.4622366e+01   7.9000000e+01   4.0347908e-01
   4.4622366e+01   7.9000000e+01   4.0347908e-01
   4.4632366e+01   7.9000000e+01   4.0347908e-01
   4.4642366e+01   7.9000000e+01   4.0347908e-01
   4.4652366e+01   7.9000000e+01   4.0347908e-01
   4.4662366e+01   7.9000000e+01   4.0347908e-01
   4.4672366e+01   7.9000000e+01   4.0347908e-01
   4.4682366e+01   7.9000000e+01   4.0347908e-01
   4.4692366e+01   7.9000000e+01   4.0347908e-01
   4.4702366e+01   7.9000000e+01   4.0347908e-01
   4.4712366e+01   7.9000000e+01   4.0347908e-01
   4.4722366e+01   7.9000000e+01   4.0347908e-01
   4.4732366e+01   7.9000000e+01   4.0347908e-01
   4.4742366e+01   7.9000000e+01   4.0347908e-01
   4.4752366e+01   7.9000000e+01   4.0347908e-01
   4.4762366e+01   7.9000000e+01   4.0347908e-01
   4.4772366e+01   7.9000000e+01   4.0347908e-01
   4.4782366e+01   7.9000000e+01   4.0347908e-01
   4.4792366e+01   7.9000000e+01   4.0347908e-01
   4.4802366e+01   7.9000000e+01   4.0347908e-01
   4.4812366e+01   7.9000000e+01   4.0347908e-01
   4.4822366e+01   7.9000000e+01   4.0347908e-01
   4.4832366e+01   7.9000000e+01   4.0347908e-01
   4.4842366e+01   7.9000000e+01   4.0347908e-01
   4.4852366e+01   7.9000000e+01   4.0347908e-01
   4.4862366e+01   7.9000000e+01   4.0347908e-01
   4.4872366e+01   7.9000000e+01   4.0347908e-01
   4.4882366e+01   7.9000000e+01   4.0347908e-01
   4.4892366e+01   7.9000000e+01   4.0347908e-01
   4.4902366e+01   7.9000000e+01   4.0347908e-01
   4.4912366e+01   7.9000000e+01   4.0347908e-01
   4.4922366e+01   7.9000000e+01   4.0347908e-01
   4.4932366e+01   7.9000000e+01   4.0347908e-01
   4.4942366e+01   7.9000000e+01   4.0347908e-01
   4.4952366e+01   7.9000000e+01   4.0347908e-01
   4.4962366e+01   7.9000000e+01   4.0347908e-01
   4.4972366e+01   7.9000000e+01   4.0347908e-01
   4.4982366e+01   7.9000000e+01   4.0347908e-01
   4.4992366e+01   7.9000000e+01   4.0347908e-01
   4.5002366e+01   7.9000000e+01   4.0347908e-01
   4.5012366e+01   7.9000000e+01   4.0347908e-01
   4.5022366e+01   7.9000000e+01   4.0347908e-01
   4.5032366e+01   7.9000000e+01   4.0347908e-01
   4.5042366e+01   7.9000000e+01   4.0347908e-01
   4.5052366e+01   7.9000000e+01   4.0347908e-01
   4.5062366e+01   7.9000000e+01   4.0347908e-01
   4.5072366e+01   7.9000000e+01   4.0347908e-01
   4.5082366e+01   7.9000000e+01   4.0347908e-01
   4.5092366e+01   7.9000000e+01   4.0347908e-01
   4.5102366e+01   7.9000000e+01   4.0347908e-01
   4.5112366e+01   7.9000000e+01   4.0347908e-01
   4.5122366e+01   7.9000000e+01   4.0347908e-01
   4.5132366e+01   7.9000000e+01   4.0347908e-01
   4.5142366e+01   7.9000000e+01   4.0347908e-01
   4.5152366e+01   7.9000000e+01   4.0347908e-01
   4.5162366e+01   7.9000000e+01   4.0347908e-01
   4.5172366e+01   7.9000000e+01   4.0347908e-01
   4.5182366e+01   7.9000000e+01   4.0347908e-01
   4.5192366e+01   7.9000000e+01   4.0347908e-01
   4.5202366e+01   7.9000000e+01   4.0347908e-01
   4.5212366e+01   7.9000000e+01   4.0347908e-01
   4.5222366e+01   7.9000000e+01   4.0347908e-01
   4.5232366e+01   7.9000000e+01   4.0347908e-01
   4.5242366e+01   7.9000000e+01   4.0347908e-01
   4.5252366e+01   7.9000000e+01   4.0347908e-01
   4.5262366e+01   7.9000000e+01   4.0347908e-01
   4.5272366e+01   7.9000000e+01   4.0347908e-01
   4.5282366e+01   7.9000000e+01   4.0347908e-01
   4.5292366e+01   7.9000000e+01   4.0347908e-01
   4.5302366e+01   7.9000000e+01   4.0347908e-01
   4.5312366e+01   7.9000000e+01   4.0347908e-01
   4.5322366e+01   7.9000000e+01   4.0347908e-01
   4.5332366e+01   7.9000000e+01   4.0347908e-01
   4.5342366e+01   7.9000000e+01   4.0347908e-01
   4.5352366e+01   7.9000000e+01   4.0347908e-01
   4.5362366e+01   7.9000000e+01   4.0347908e-01
   4.5372366e+01   7.9000000e+01   4.0347908e-01
   4.5382366e+01   7.9000000e+01   4.0347908e-01
   4.5392366e+01   7.9000000e+01   4.0347908e-01
   4.5402366e+01   7.9000000e+01   4.0347908e-01
   4.5412366e+01   7.9000000e+01   4.0347908e-01
   4.5422366e+01   7.9000000e+01   4.0347908e-01
   4.5432366e+01   7.9000000e+01   4.0347908e-01
   4.5442366e+01   7.9000000e+01   4.0347908e-01
   4.5452366e+01   7.9000000e+01   4.0347908e-01
   4.5462366e+01   7.9000000e+01   4.0347908e-01
   4.5472366e+01   7.9000000e+01   4.0347908e-01
   4.5482366e+01   7.9000000e+01   4.0347908e-01
   4.5492366e+01   7.9000000e+01   4.0347908e-01
   4.5494844e+01   7.9000000e+01   4.0347908e-01
   4.5494844e+01   8.0000000e+01   3.6904305e-01
   4.5494844e+01   8.0000000e+01   3.6904305e-01
   4.5504844e+01   8.0000000e+01   3.6904305e-01
   4.5514844e+01   8.0000000e+01   3.6904305e-01
   4.5524844e+01   8.0000000e+01   3.6904305e-01
   4.5534844e+01   8.0000000e+01   3.6904305e-01
   4.5544844e+01   8.0000000e+01   3.6904305e-01
   4.5554844e+01   8.0000000e+01   3.6904305e-01
   4.5564844e+01   8.0000000e+01   3.6904305e-01
   4.5574844e+01   8.0000000e+01   3.6904305e-01
   4.5584844e+01   8.0000000e+01   3.6904305e-01
   4.5594844e+01   8.0000000e+01   3.6904305e-01
   4.5604844e+01   8.0000000e+01   3.6904305e-01
   4.5614844e+01   8.0000000e+01   3.6904305e-01
   4.5624844e+01   8.0000000e+01   3.6904305e-01
   4.5634844e+01   8.0000000e+01   3.6904305e-01
   4.5644844e+01   8.0000000e+01   3.6904305e-01
   4.5654844e+01   8.0000000e+01   3.6904305e-01
   4.5664844e+01   8.0000000e+01   3.6904305e-01
   4.5674844e+01   8.0000000e+01   3.6904305e-01
   4.5684844e+01   8.0000000e+01   3.6904305e-01
   4.5694844e+01   8.0000000e+01   3.6904305e-01
   4.5704844e+01   8.0000000e+01   3.6904305e-01
   4.5714844e+01   8.0000000e+01   3.6904305e-01
   4.5724844e+01   8.0000000e+01   3.6904305e-01
   4.5734844e+01   8.0000000e+01   3.6904305e-01
   4.5744844e+01   8.0000000e+01   3.6904305e-01
   4.5754844e+01   8.0000000e+01   3.6904305e-01
   4.5764844e+01   8.0000000e+01   3.6904305e-01
   4.5774844e+01   8.0000000e+01   3.6904305e-01
   4.5784844e+01   8.0000000e+01   3.6904305e-01
   4.5794844e+01   8.0000000e+01   3.6904305e-01
   4.5804844e+01   8.0000000e+01   3.6904305e-01
   4.5814844e+01   8.0000000e+01   3.6904305e-01
   4.5824844e+01   8.0000000e+01   3.6904305e-01
   4.5834844e+01   8.0000000e+01   3.6904305e-01
   4.5844844e+01   8.0000000e+01   3.6904305e-01
   4.5854844e+01   8.0000000e+01   3.6904305e-01
   4.5864844e+01   8.0000000e+01   3.6904305e-01
   4.5874844e+01   8.0000000e+01   3.6904305e-01
   4.5884844e+01   8.0000000e+01   3.6904305e-01
   4.5894844e+01   8.0000000e+01   3.6904305e-01
   4.5904844e+01   8.0000000e+01   3.6904305e-01
   4.5914844e+01   8.0000000e+01   3.6904305e-01
   4.5924844e+01   8.0000000e+01   3.6904305e-01
   4.5934844e+01   8.0000000e+01   3.6904305e-01
   4.5944844e+01   8.0000000e+01   3.6904305e-01
   4.5954844e+01   8.0000000e+01   3.6904305e-01
   4.5964844e+01   8.0000000e+01   3.6904305e-01
   4.5974844e+01   8.0000000e+01   3.6904305e-01
   4.5984844e+01   8.0000000e+01   3.6904305e-01
   4.5994844e+01   8.0000000e+01   3.6904305e-01
   4.6004844e+01   8.0000000e+01   3.6904305e-01
   4.6014844e+01   8.0000000e+01   3.6904305e-01
   4.6024844e+01   8.0000000e+01   3.6904305e-01
   4.6034844e+01   8.0000000e+01   3.6904305e-01
   4.6044844e+01   8.0000000e+01   3.6904305e-01
   4.6054844e+01   8.0000000e+01   3.6904305e-01
   4.6064844e+01   8.0000000e+01   3.6904305e-01
   4.6074844e+01   8.0000000e+01   3.6904305e-01
   4.6084844e+01   8.0000000e+01   3.6904305e-01
   4.6094844e+01   8.0000000e+01   3.6904305e-01
   4.6104844e+01   8.0000000e+01   3.6904305e-01
   4.6114844e+01   8.0000000e+01   3.6904305e-01
   4.6124844e+01   8.0000000e+01   3.6904305e-01
   4.6134844e+01   8.0000000e+01   3.6904305e-01
   4.6144844e+01   8.0000000e+01   3.6904305e-01
   4.6154844e+01   8.0000000e+01   3.6904305e-01
   4.6164844e+01   8.0000000e+01   3.6904305e-01
   4.6174844e+01   8.0000000e+01   3.6904305e-01
   4.6184844e+01   8.0000000e+01   3.6904305e-01
   4.6194844e+01   8.0000000e+01   3.6904305e-01
   4.6204844e+01   8.0000000e+01   3.6904305e-01
   4.6214844e+01   8.0000000e+01   3.6904305e-01
   4.6224844e+01   8.0000000e+01   3.6904305e-01
   4.6234844e+01   8.0000000e+01   3.6904305e-01
   4.6244844e+01   8.0000000e+01   3.6904305e-01
   4.6254844e+01   8.0000000e+01   3.6904305e-01
   4.6264844e+01   8.0000000e+01   3.6904305e-01
   4.6274844e+01   8.0000000e+01   3.6904305e-01
   4.6284844e+01   8.0000000e+01   3.6904305e-01
   4.6294844e+01   8.0000000e+01   3.6904305e-01
   4.6304844e+01   8.0000000e+01   3.6904305e-01
   4.6314844e+01   8.0000000e+01   3.6904305e-01
   4.6324844e+01   8.0000000e+01   3.6904305e-01
   4.6334844e+01   8.0000000e+01   3.6904305e-01
   4.6344844e+01   8.0000000e+01   3.6904305e-01
   4.6354844e+01   8.0000000e+01   3.6904305e-01
   4.6364844e+01   8.0000000e+01   3.6904305e-01
   4.6369720e+01   8.0000000e+01   3.6904305e-01
   4.6369720e+01   8.1000000e+01   3.3405965e-01
   4.6369720e+01   8.1000000e+01   3.3405965e-01
   4.6379720e+01   8.1000000e+01   3.3405965e-01
   4.6389720e+01   8.1000000e+01   3.3405965e-01
   4.6399720e+01   8.1000000e+01   3.3405965e-01
   4.6409720e+01   8.1000000e+01   3.3405965e-01
   4.6419720e+01   8.1000000e+01   3.3405965e-01
   4.6429720e+01   8.1000000e+01   3.3405965e-01
   4.6439720e+01   8.1000000e+01   3.3405965e-01
   4.6449720e+01   8.1000000e+01   3.3405965e-01
   4.6459720e+01   8.1000000e+01   3.3405965e-01
   4.6469720e+01   8.1000000e+01   3.3405965e-01
   4.6479720e+01   8.1000000e+01   3.3405965e-01
   4.6489720e+01   8.1000000e+01   3.3405965e-01
   4.6499720e+01   8.1000000e+01   3.3405965e-01
   4.6509720e+01   8.1000000e+01   3.3405965e-01
   4.6519720e+01   8.1000000e+01   3.3405965e-01
   4.6529720e+01   8.1000000e+01   3.3405965e-01
   4.6539720e+01   8.1000000e+01   3.3405965e-01
   4.6549720e+01   8.1000000e+01   3.3405965e-01
   4.6559720e+01   8.1000000e+01   3.3405965e-01
   4.6569720e+01   8.1000000e+01   3.3405965e-01
   4.6579720e+01   8.1000000e+01   3.3405965e-01
   4.6589720e+01   8.1000000e+01   3.3405965e-01
   4.6599720e+01   8.1000000e+01   3.3405965e-01
   4.6609720e+01   8.1000000e+01   3.3405965e-01
   4.6619720e+01   8.1000000e+01   3.3405965e-01
   4.6629720e+01   8.1000000e+01   3.3405965e-01
   4.6639720e+01   8.1000000e+01   3.3405965e-01
   4.6649720e+01   8.1000000e+01   3.3405965e-01
   4.6659720e+01   8.1000000e+01   3.3405965e-01
   4.6669720e+01   8.1000000e+01   3.3405965e-01
   4.6679720e+01   8.1000000e+01   3.3405965e-01
   4.6689720e+01   8.1000000e+01   3.3405965e-01
   4.6699720e+01   8.1000000e+01   3.3405965e-01
   4.6709720e+01   8.1000000e+01   3.3405965e-01
   4.6719720e+01   8.1000000e+01   3.3405965e-01
   4.6729720e+01   8.1000000e+01   3.3405965e-01
   4.6739720e+01   8.1000000e+01   3.3405965e-01
   4.6749720e+01   8.1000000e+01   3.3405965e-01
   4.6759720e+01   8.1000000e+01   3.3405965e-01
   4.6769720e+01   8.1000000e+01   3.3405965e-01
   4.6779720e+01   8.1000000e+01   3.3405965e-01
   4.6789720e+01   8.1000000e+01   3.3405965e-01
   4.6799720e+01   8.1000000e+01   3.3405965e-01
   4.6809720e+01   8.1000000e+01   3.3405965e-01
   4.6819720e+01   8.1000000e+01   3.3405965e-01
   4.6829720e+01   8.1000000e+01   3.3405965e-01
   4.6839720e+01   8.1000000e+01   3.3405965e-01
   4.6849720e+01   8.1000000e+01   3.3405965e-01
   4.6859720e+01   8.1000000e+01   3.3405965e-01
   4.6869720e+01   8.1000000e+01   3.3405965e-01
   4.6879720e+01   8.1000000e+01   3.3405965e-01
   4.6889720e+01   8.1000000e+01   3.3405965e-01
   4.6899720e+01   8.1000000e+01   3.3405965e-01
   4.6909720e+01   8.1000000e+01   3.3405965e-01
   4.6919720e+01   8.1000000e+01   3.3405965e-01
   4.6929720e+01   8.1000000e+01   3.3405965e-01
   4.6939720e+01   8.1000000e+01   3.3405965e-01
   4.6949720e+01   8.1000000e+01   3.3405965e-01
   4.6959720e+01   8.1000000e+01   3.3405965e-01
   4.6969720e+01   8.1000000e+01   3.3405965e-01
   4.6979720e+01   8.1000000e+01   3.3405965e-01
   4.6989720e+01   8.1000000e+01   3.3405965e-01
   4.6999720e+01   8.1000000e+01   3.3405965e-01
   4.7009720e+01   8.1000000e+01   3.3405965e-01
   4.7019720e+01   8.1000000e+01   3.3405965e-01
   4.7029720e+01   8.1000000e+01   3.3405965e-01
   4.7039720e+01   8.1000000e+01   3.3405965e-01
   4.7049720e+01   8.1000000e+01   3.3405965e-01
   4.7059720e+01   8.1000000e+01   3.3405965e-01
   4.7069720e+01   8.1000000e+01   3.3405965e-01
   4.7079720e+01   8.1000000e+01   3.3405965e-01
   4.7089720e+01   8.1000000e+01   3.3405965e-01
   4.7099720e+01   8.1000000e+01   3.3405965e-01
   4.7109720e+01   8.1000000e+01   3.3405965e-01
   4.7119720e+01   8.1000000e+01   3.3405965e-01
   4.7129720e+01   8.1000000e+01   3.3405965e-01
   4.7139720e+01   8.1000000e+01   3.3405965e-01
   4.7149720e+01   8.1000000e+01   3.3405965e-01
   4.7159720e+01   8.1000000e+01   3.3405965e-01
   4.7169720e+01   8.1000000e+01   3.3405965e-01
   4.7179720e+01   8.1000000e+01   3.3405965e-01
   4.7189720e+01   8.1000000e+01   3.3405965e-01
   4.7199720e+01   8.1000000e+01   3.3405965e-01
   4.7209720e+01   8.1000000e+01   3.3405965e-01
   4.7219720e+01   8.1000000e+01   3.3405965e-01
   4.7229720e+01   8.1000000e+01   3.3405965e-01
   4.7239720e+01   8.1000000e+01   3.3405965e-01
   4.7246746e+01   8.1000000e+01   3.3405965e-01
   4.7246746e+01   8.2000000e+01   2.9855166e-01
   4.7246746e+01   8.2000000e+01   2.9855166e-01
   4.7256746e+01   8.2000000e+01   2.9855166e-01
   4.7266746e+01   8.2000000e+01   2.9855166e-01
   4.7276746e+01   8.2000000e+01   2.9855166e-01
   4.7286746e+01   8.2000000e+01   2.9855166e-01
   4.7296746e+01   8.2000000e+01   2.9855166e-01
   4.7306746e+01   8.2000000e+01   2.9855166e-01
   4.7316746e+01   8.2000000e+01   2.9855166e-01
   4.7326746e+01   8.2000000e+01   2.9855166e-01
   4.7336746e+01   8.2000000e+01   2.9855166e-01
   4.7346746e+01   8.2000000e+01   2.9855166e-01
   4.7356746e+01   8.2000000e+01   2.9855166e-01
   4.7366746e+01   8.2000000e+01   2.9855166e-01
   4.7376746e+01   8.2000000e+01   2.9855166e-01
   4.7386746e+01   8.2000000e+01   2.9855166e-01
   4.7396746e+01   8.2000000e+01   2.9855166e-01
   4.7406746e+01   8.2000000e+01   2.9855166e-01
   4.7416746e+01   8.2000000e+01   2.9855166e-01
   4.7426746e+01   8.2000000e+01   2.9855166e-01
   4.7436746e+01   8.2000000e+01   2.9855166e-01
   4.7446746e+01   8.2000000e+01   2.9855166e-01
   4.7456746e+01   8.2000000e+01   2.9855166e-01
   4.7466746e+01   8.2000000e+01   2.9855166e-01
   4.7476746e+01   8.2000000e+01   2.9855166e-01
   4.7486746e+01   8.2000000e+01   2.9855166e-01
   4.7496746e+01   8.2000000e+01   2.9855166e-01
   4.7506746e+01   8.2000000e+01   2.9855166e-01
   4.7516746e+01   8.2000000e+01   2.9855166e-01
   4.7526746e+01   8.2000000e+01   2.9855166e-01
   4.7536746e+01   8.2000000e+01   2.9855166e-01
   4.7546746e+01   8.2000000e+01   2.9855166e-01
   4.7556746e+01   8.2000000e+01   2.9855166e-01
   4.7566746e+01   8.2000000e+01   2.9855166e-01
   4.7576746e+01   8.2000000e+01   2.9855166e-01
   4.7586746e+01   8.2000000e+01   2.9855166e-01
   4.7596746e+01   8.2000000e+01   2.9855166e-01
   4.7606746e+01   8.2000000e+01   2.9855166e-01
   4.7616746e+01   8.2000000e+01   2.9855166e-01
   4.7626746e+01   8.2000000e+01   2.9855166e-01
   4.7636746e+01   8.2000000e+01   2.9855166e-01
   4.7646746e+01   8.2000000e+01   2.9855166e-01
   4.7656746e+01   8.2000000e+01   2.9855166e-01
   4.7666746e+01   8.2000000e+01   2.9855166e-01
   4.7676746e+01   8.2000000e+01   2.9855166e-01
   4.7686746e+01   8.2000000e+01   2.9855166e-01
   4.7696746e+01   8.2000000e+01   2.9855166e-01
   4.7706746e+01   8.2000000e+01   2.9855166e-01
   4.7716746e+01   8.2000000e+01   2.9855166e-01
   4.7726746e+01   8.2000000e+01   2.9855166e-01
   4.7736746e+01   8.2000000e+01   2.9855166e-01
   4.7746746e+01   8.2000000e+01   2.9855166e-01
   4.7756746e+01   8.2000000e+01   2.9855166e-01
   4.7766746e+01   8.2000000e+01   2.9855166e-01
   4.7776746e+01   8.2000000e+01   2.9855166e-01
   4.7786746e+01   8.2000000e+01   2.9855166e-01
   4.7796746e+01   8.2000000e+01   2.9855166e-01
   4.7806746e+01   8.2000000e+01   2.9855166e-01
   4.7816746e+01   8.2000000e+01   2.9855166e-01
   4.7826746e+01   8.2000000e+01   2.9855166e-01
   4.7836746e+01   8.2000000e+01   2.9855166e-01
   4.7846746e+01   8.2000000e+01   2.9855166e-01
   4.7856746e+01   8.2000000e+01   2.9855166e-01
   4.7866746e+01   8.2000000e+01   2.9855166e-01
   4.7876746e+01   8.2000000e+01   2.9855166e-01
   4.7886746e+01   8.2000000e+01   2.9855166e-01
   4.7896746e+01   8.2000000e+01   2.9855166e-01
   4.7906746e+01   8.2000000e+01   2.9855166e-01
   4.7916746e+01   8.2000000e+01   2.9855166e-01
   4.7926746e+01   8.2000000e+01   2.9855166e-01
   4.7936746e+01   8.2000000e+01   2.9855166e-01
   4.7946746e+01   8.2000000e+01   2.9855166e-01
   4.7956746e+01   8.2000000e+01   2.9855166e-01
   4.7966746e+01   8.2000000e+01   2.9855166e-01
   4.7976746e+01   8.2000000e+01   2.9855166e-01
   4.7986746e+01   8.2000000e+01   2.9855166e-01
   4.7996746e+01   8.2000000e+01   2.9855166e-01
   4.8006746e+01   8.2000000e+01   2.9855166e-01
   4.8016746e+01   8.2000000e+01   2.9855166e-01
   4.8026746e+01   8.2000000e+01   2.9855166e-01
   4.8036746e+01   8.2000000e+01   2.9855166e-01
   4.8046746e+01   8.2000000e+01   2.9855166e-01
   4.8056746e+01   8.2000000e+01   2.9855166e-01
   4.8066746e+01   8.2000000e+01   2.9855166e-01
   4.8076746e+01   8.2000000e+01   2.9855166e-01
   4.8086746e+01   8.2000000e+01   2.9855166e-01
   4.8096746e+01   8.2000000e+01   2.9855166e-01
   4.8106746e+01   8.2000000e+01   2.9855166e-01
   4.8116746e+01   8.2000000e+01   2.9855166e-01
   4.8125675e+01   8.2000000e+01   2.9855166e-01
   4.8125675e+01   8.3000000e+01   2.6254575e-01
   4.8125675e+01   8.3000000e+01   2.6254575e-01
   4.8135675e+01   8.3000000e+01   2.6254575e-01
   4.8145675e+01   8.3000000e+01   2.6254575e-01
   4.8155675e+01   8.3000000e+01   2.6254575e-01
   4.8165675e+01   8.3000000e+01   2.6254575e-01
   4.8175675e+01   8.3000000e+01   2.6254575e-01
   4.8185675e+01   8.3000000e+01   2.6254575e-01
   4.8195675e+01   8.3000000e+01   2.6254575e-01
   4.8205675e+01   8.3000000e+01   2.6254575e-01
   4.8215675e+01   8.3000000e+01   2.6254575e-01
   4.8225675e+01   8.3000000e+01   2.6254575e-01
   4.8235675e+01   8.3000000e+01   2.6254575e-01
   4.8245675e+01   8.3000000e+01   2.6254575e-01
   4.8255675e+01   8.3000000e+01   2.6254575e-01
   4.8265675e+01   8.3000000e+01   2.6254575e-01
   4.8275675e+01   8.3000000e+01   2.6254575e-01
   4.8285675e+01   8.3000000e+01   2.6254575e-01
   4.8295675e+01   8.3000000e+01   2.6254575e-01
   4.8305675e+01   8.3000000e+01   2.6254575e-01
   4.8315675e+01   8.3000000e+01   2.6254575e-01
   4.8325675e+01   8.3000000e+01   2.6254575e-01
   4.8335675e+01   8.3000000e+01   2.6254575e-01
   4.8345675e+01   8.3000000e+01   2.6254575e-01
   4.8355675e+01   8.3000000e+01   2.6254575e-01
   4.8365675e+01   8.3000000e+01   2.6254575e-01
   4.8375675e+01   8.3000000e+01   2.6254575e-01
   4.8385675e+01   8.3000000e+01   2.6254575e-01
   4.8395675e+01   8.3000000e+01   2.6254575e-01
   4.8405675e+01   8.3000000e+01   2.6254575e-01
   4.8415675e+01   8.3000000e+01   2.6254575e-01
   4.8425675e+01   8.3000000e+01   2.6254575e-01
   4.8435675e+01   8.3000000e+01   2.6254575e-01
   4.8445675e+01   8.3000000e+01   2.6254575e-01
   4.8455675e+01   8.3000000e+01   2.6254575e-01
   4.8465675e+01   8.3000000e+01   2.6254575e-01
   4.8475675e+01   8.3000000e+01   2.6254575e-01
   4.8485675e+01   8.3000000e+01   2.6254575e-01
   4.8495675e+01   8.3000000e+01   2.6254575e-01
   4.8505675e+01   8.3000000e+01   2.6254575e-01
   4.8515675e+01   8.3000000e+01   2.6254575e-01
   4.8525675e+01   8.3000000e+01   2.6254575e-01
   4.8535675e+01   8.3000000e+01   2.6254575e-01
   4.8545675e+01   8.3000000e+01   2.6254575e-01
   4.8555675e+01   8.3000000e+01   2.6254575e-01
   4.8565675e+01   8.3000000e+01   2.6254575e-01
   4.8575675e+01   8.3000000e+01   2.6254575e-01
   4.8585675e+01   8.3000000e+01   2.6254575e-01
   4.8595675e+01   8.3000000e+01   2.6254575e-01
   4.8605675e+01   8.3000000e+01   2.6254575e-01
   4.8615675e+01   8.3000000e+01   2.6254575e-01
   4.8625675e+01   8.3000000e+01   2.6254575e-01
   4.8635675e+01   8.3000000e+01   2.6254575e-01
   4.8645675e+01   8.3000000e+01   2.6254575e-01
   4.8655675e+01   8.3000000e+01   2.6254575e-01
   4.8665675e+01   8.3000000e+01   2.6254575e-01
   4.8675675e+01   8.3000000e+01   2.6254575e-01
   4.8685675e+01   8.3000000e+01   2.6254575e-01
   4.8695675e+01   8.3000000e+01   2.6254575e-01
   4.8705675e+01   8.3000000e+01   2.6254575e-01
   4.8715675e+01   8.3000000e+01   2.6254575e-01
   4.8725675e+01   8.3000000e+01   2.6254575e-01
   4.8735675e+01   8.3000000e+01   2.6254575e-01
   4.8745675e+01   8.3000000e+01   2.6254575e-01
   4.8755675e+01   8.3000000e+01   2.6254575e-01
   4.8765675e+01   8.3000000e+01   2.6254575e-01
   4.8775675e+01   8.3000000e+01   2.6254575e-01
   4.8785675e+01   8.3000000e+01   2.6254575e-01
   4.8795675e+01   8.3000000e+01   2.6254575e-01
   4.8805675e+01   8.3000000e+01   2.6254575e-01
   4.8815675e+01   8.3000000e+01   2.6254575e-01
   4.8825675e+01   8.3000000e+01   2.6254575e-01
   4.8835675e+01   8.3000000e+01   2.6254575e-01
   4.8845675e+01   8.3000000e+01   2.6254575e-01
   4.8855675e+01   8.3000000e+01   2.6254575e-01
   4.8865675e+01   8.3000000e+01   2.6254575e-01
   4.8875675e+01   8.3000000e+01   2.6254575e-01
   4.8885675e+01   8.3000000e+01   2.6254575e-01
   4.8895675e+01   8.3000000e+01   2.6254575e-01
   4.8905675e+01   8.3000000e+01   2.6254575e-01
   4.8915675e+01   8.3000000e+01   2.6254575e-01
   4.8925675e+01   8.3000000e+01   2.6254575e-01
   4.8935675e+01   8.3000000e+01   2.6254575e-01
   4.8945675e+01   8.3000000e+01   2.6254575e-01
   4.8955675e+01   8.3000000e+01   2.6254575e-01
   4.8965675e+01   8.3000000e+01   2.6254575e-01
   4.8975675e+01   8.3000000e+01   2.6254575e-01
   4.8985675e+01   8.3000000e+01   2.6254575e-01
   4.8995675e+01   8.3000000e+01   2.6254575e-01
   4.9005675e+01   8.3000000e+01   2.6254575e-01
   4.9006256e+01   8.3000000e+01   2.6254575e-01
   4.9006256e+01   8.4000000e+01   2.2607319e-01
   4.9006256e+01   8.4000000e+01   2.2607319e-01
   4.9016256e+01   8.4000000e+01   2.2607319e-01
   4.9026256e+01   8.4000000e+01   2.2607319e-01
   4.9036256e+01   8.4000000e+01   2.2607319e-01
   4.9046256e+01   8.4000000e+01   2.2607319e-01
   4.9056256e+01   8.4000000e+01   2.2607319e-01
   4.9066256e+01   8.4000000e+01   2.2607319e-01
   4.9076256e+01   8.4000000e+01   2.2607319e-01
   4.9086256e+01   8.4000000e+01   2.2607319e-01
   4.9096256e+01   8.4000000e+01   2.2607319e-01
   4.9106256e+01   8.4000000e+01   2.2607319e-01
   4.9116256e+01   8.4000000e+01   2.2607319e-01
   4.9126256e+01   8.4000000e+01   2.2607319e-01
   4.9136256e+01   8.4000000e+01   2.2607319e-01
   4.9146256e+01   8.4000000e+01   2.2607319e-01
   4.9156256e+01   8.4000000e+01   2.2607319e-01
   4.9166256e+01   8.4000000e+01   2.2607319e-01
   4.9176256e+01   8.4000000e+01   2.2607319e-01
   4.9186256e+01   8.4000000e+01   2.2607319e-01
   4.9196256e+01   8.4000000e+01   2.2607319e-01
   4.9206256e+01   8.4000000e+01   2.2607319e-01
   4.9216256e+01   8.4000000e+01   2.2607319e-01
   4.9226256e+01   8.4000000e+01   2.2607319e-01
   4.9236256e+01   8.4000000e+01   2.2607319e-01
   4.9246256e+01   8.4000000e+01   2.2607319e-01
   4.9256256e+01   8.4000000e+01   2.2607319e-01
   4.9266256e+01   8.4000000e+01   2.2607319e-01
   4.9276256e+01   8.4000000e+01   2.2607319e-01
   4.9286256e+01   8.4000000e+01   2.2607319e-01
   4.9296256e+01   8.4000000e+01   2.2607319e-01
   4.9306256e+01   8.4000000e+01   2.2607319e-01
   4.9316256e+01   8.4000000e+01   2.2607319e-01
   4.9326256e+01   8.4000000e+01   2.2607319e-01
   4.9336256e+01   8.4000000e+01   2.2607319e-01
   4.9346256e+01   8.4000000e+01   2.2607319e-01
   4.9356256e+01   8.4000000e+01   2.2607319e-01
   4.9366256e+01   8.4000000e+01   2.2607319e-01
   4.9376256e+01   8.4000000e+01   2.2607319e-01
   4.9386256e+01   8.4000000e+01   2.2607319e-01
   4.9396256e+01   8.4000000e+01   2.2607319e-01
   4.9406256e+01   8.4000000e+01   2.2607319e-01
   4.9416256e+01   8.4000000e+01   2.2607319e-01
   4.9426256e+01   8.4000000e+01   2.2607319e-01
   4.9436256e+01   8.4000000e+01   2.2607319e-01
   4.9446256e+01   8.4000000e+01   2.2607319e-01
   4.9456256e+01   8.4000000e+01   2.2607319e-01
   4.9466256e+01   8.4000000e+01   2.2607319e-01
   4.9476256e+01   8.4000000e+01   2.2607319e-01
   4.9486256e+01   8.4000000e+01   2.2607319e-01
   4.9496256e+01   8.4000000e+01   2.2607319e-01
   4.9506256e+01   8.4000000e+01   2.2607319e-01
   4.9516256e+01   8.4000000e+01   2.2607319e-01
   4.9526256e+01   8.4000000e+01   2.2607319e-01
   4.9536256e+01   8.4000000e+01   2.2607319e-01
   4.9546256e+01   8.4000000e+01   2.2607319e-01
   4.9556256e+01   8.4000000e+01   2.2607319e-01
   4.9566256e+01   8.4000000e+01   2.2607319e-01
   4.9576256e+01   8.4000000e+01   2.2607319e-01
   4.9586256e+01   8.4000000e+01   2.2607319e-01
   4.9596256e+01   8.4000000e+01   2.2607319e-01
   4.9606256e+01   8.4000000e+01   2.2607319e-01
   4.9616256e+01   8.4000000e+01   2.2607319e-01
   4.9626256e+01   8.4000000e+01   2.2607319e-01
   4.9636256e+01   8.4000000e+01   2.2607319e-01
   4.9646256e+01   8.4000000e+01   2.2607319e-01
   4.9656256e+01   8.4000000e+01   2.2607319e-01
   4.9666256e+01   8.4000000e+01   2.2607319e-01
   4.9676256e+01   8.4000000e+01   2.2607319e-01
   4.9686256e+01   8.4000000e+01   2.2607319e-01
   4.9696256e+01   8.4000000e+01   2.2607319e-01
   4.9706256e+01   8.4000000e+01   2.2607319e-01
   4.9716256e+01   8.4000000e+01   2.2607319e-01
   4.9726256e+01   8.4000000e+01   2.2607319e-01
   4.9736256e+01   8.4000000e+01   2.2607319e-01
   4.9746256e+01   8.4000000e+01   2.2607319e-01
   4.9756256e+01   8.4000000e+01   2.2607319e-01
   4.9766256e+01   8.4000000e+01   2.2607319e-01
   4.9776256e+01   8.4000000e+01   2.2607319e-01
   4.9786256e+01   8.4000000e+01   2.2607319e-01
   4.9796256e+01   8.4000000e+01   2.2607319e-01
   4.9806256e+01   8.4000000e+01   2.2607319e-01
   4.9816256e+01   8.4000000e+01   2.2607319e-01
   4.9826256e+01   8.4000000e+01   2.2607319e-01
   4.9836256e+01   8.4000000e+01   2.2607319e-01
   4.9846256e+01   8.4000000e+01   2.2607319e-01
   4.9856256e+01   8.4000000e+01   2.2607319e-01
   4.9866256e+01   8.4000000e+01   2.2607319e-01
   4.9876256e+01   8.4000000e+01   2.2607319e-01
   4.9886256e+01   8.4000000e+01   2.2607319e-01
   4.9888235e+01   8.4000000e+01   2.2607319e-01
   4.9888235e+01   8.5000000e+01   1.8917050e-01
   4.9888235e+01   8.5000000e+01   1.8917050e-01
   4.9898235e+01   8.5000000e+01   1.8917050e-01
   4.9908235e+01   8.5000000e+01   1.8917050e-01
   4.9918235e+01   8.5000000e+01   1.8917050e-01
   4.9928235e+01   8.5000000e+01   1.8917050e-01
   4.9938235e+01   8.5000000e+01   1.8917050e-01
   4.9948235e+01   8.5000000e+01   1.8917050e-01
   4.9958235e+01   8.5000000e+01   1.8917050e-01
   4.9968235e+01   8.5000000e+01   1.8917050e-01
   4.9978235e+01   8.5000000e+01   1.8917050e-01
   4.9988235e+01   8.5000000e+01   1.8917050e-01
   4.9998235e+01   8.5000000e+01   1.8917050e-01
   5.0008235e+01   8.5000000e+01   1.8917050e-01
   5.0018235e+01   8.5000000e+01   1.8917050e-01
   5.0028235e+01   8.5000000e+01   1.8917050e-01
   5.0038235e+01   8.5000000e+01   1.8917050e-01
   5.0048235e+01   8.5000000e+01   1.8917050e-01
   5.0058235e+01   8.5000000e+01   1.8917050e-01
   5.0068235e+01   8.5000000e+01   1.8917050e-01
   5.0078235e+01   8.5000000e+01   1.8917050e-01
   5.0088235e+01   8.5000000e+01   1.8917050e-01
   5.0098235e+01   8.5000000e+01   1.8917050e-01
   5.0108235e+01   8.5000000e+01   1.8917050e-01
   5.0118235e+01   8.5000000e+01   1.8917050e-01
   5.0128235e+01   8.5000000e+01   1.8917050e-01
   5.0138235e+01   8.5000000e+01   1.8917050e-01
   5.0148235e+01   8.5000000e+01   1.8917050e-01
   5.0158235e+01   8.5000000e+01   1.8917050e-01
   5.0168235e+01   8.5000000e+01   1.8917050e-01
   5.0178235e+01   8.5000000e+01   1.8917050e-01
   5.0188235e+01   8.5000000e+01   1.8917050e-01
   5.0198235e+01   8.5000000e+01   1.8917050e-01
   5.0208235e+01   8.5000000e+01   1.8917050e-01
   5.0218235e+01   8.5000000e+01   1.8917050e-01
   5.0228235e+01   8.5000000e+01   1.8917050e-01
   5.0238235e+01   8.5000000e+01   1.8917050e-01
   5.0248235e+01   8.5000000e+01   1.8917050e-01
   5.0258235e+01   8.5000000e+01   1.8917050e-01
   5.0268235e+01   8.5000000e+01   1.8917050e-01
   5.0278235e+01   8.5000000e+01   1.8917050e-01
   5.0288235e+01   8.5000000e+01   1.8917050e-01
   5.0298235e+01   8.5000000e+01   1.8917050e-01
   5.0308235e+01   8.5000000e+01   1.8917050e-01
   5.0318235e+01   8.5000000e+01   1.8917050e-01
   5.0328235e+01   8.5000000e+01   1.8917050e-01
   5.0338235e+01   8.5000000e+01   1.8917050e-01
   5.0348235e+01   8.5000000e+01   1.8917050e-01
   5.0358235e+01   8.5000000e+01   1.8917050e-01
   5.0368235e+01   8.5000000e+01   1.8917050e-01
   5.0378235e+01   8.5000000e+01   1.8917050e-01
   5.0388235e+01   8.5000000e+01   1.8917050e-01
   5.0398235e+01   8.5000000e+01   1.8917050e-01
   5.0408235e+01   8.5000000e+01   1.8917050e-01
   5.0418235e+01   8.5000000e+01   1.8917050e-01
   5.0428235e+01   8.5000000e+01   1.8917050e-01
   5.0438235e+01   8.5000000e+01   1.8917050e-01
   5.0448235e+01   8.5000000e+01   1.8917050e-01
   5.0458235e+01   8.5000000e+01   1.8917050e-01
   5.0468235e+01   8.5000000e+01   1.8917050e-01
   5.0478235e+01   8.5000000e+01   1.8917050e-01
   5.0488235e+01   8.5000000e+01   1.8917050e-01
   5.0498235e+01   8.5000000e+01   1.8917050e-01
   5.0508235e+01   8.5000000e+01   1.8917050e-01
   5.0518235e+01   8.5000000e+01   1.8917050e-01
   5.0528235e+01   8.5000000e+01   1.8917050e-01
   5.0538235e+01   8.5000000e+01   1.8917050e-01
   5.0548235e+01   8.5000000e+01   1.8917050e-01
   5.0558235e+01   8.5000000e+01   1.8917050e-01
   5.0568235e+01   8.5000000e+01   1.8917050e-01
   5.0578235e+01   8.5000000e+01   1.8917050e-01
   5.0588235e+01   8.5000000e+01   1.8917050e-01
   5.0598235e+01   8.5000000e+01   1.8917050e-01
   5.0608235e+01   8.5000000e+01   1.8917050e-01
   5.0618235e+01   8.5000000e+01   1.8917050e-01
   5.0628235e+01   8.5000000e+01   1.8917050e-01
   5.0638235e+01   8.5000000e+01   1.8917050e-01
   5.0648235e+01   8.5000000e+01   1.8917050e-01
   5.0658235e+01   8.5000000e+01   1.8917050e-01
   5.0668235e+01   8.5000000e+01   1.8917050e-01
   5.0678235e+01   8.5000000e+01   1.8917050e-01
   5.0688235e+01   8.5000000e+01   1.8917050e-01
   5.0698235e+01   8.5000000e+01   1.8917050e-01
   5.0708235e+01   8.5000000e+01   1.8917050e-01
   5.0718235e+01   8.5000000e+01   1.8917050e-01
   5.0728235e+01   8.5000000e+01   1.8917050e-01
   5.0738235e+01   8.5000000e+01   1.8917050e-01
   5.0748235e+01   8.5000000e+01   1.8917050e-01
   5.0758235e+01   8.5000000e+01   1.8917050e-01
   5.0768235e+01   8.5000000e+01   1.8917050e-01
   5.0771361e+01   8.5000000e+01   1.8917050e-01
   5.0771361e+01   8.6000000e+01   1.5188045e-01
   5.0771361e+01   8.6000000e+01   1.5188045e-01
   5.0781361e+01   8.6000000e+01   1.5188045e-01
   5.0791361e+01   8.6000000e+01   1.5188045e-01
   5.0801361e+01   8.6000000e+01   1.5188045e-01
   5.0811361e+01   8.6000000e+01   1.5188045e-01
   5.0821361e+01   8.6000000e+01   1.5188045e-01
   5.0831361e+01   8.6000000e+01   1.5188045e-01
   5.0841361e+01   8.6000000e+01   1.5188045e-01
   5.0851361e+01   8.6000000e+01   1.5188045e-01
   5.0861361e+01   8.6000000e+01   1.5188045e-01
   5.0871361e+01   8.6000000e+01   1.5188045e-01
   5.0881361e+01   8.6000000e+01   1.5188045e-01
   5.0891361e+01   8.6000000e+01   1.5188045e-01
   5.0901361e+01   8.6000000e+01   1.5188045e-01
   5.0911361e+01   8.6000000e+01   1.5188045e-01
   5.0921361e+01   8.6000000e+01   1.5188045e-01
   5.0931361e+01   8.6000000e+01   1.5188045e-01
   5.0941361e+01   8.6000000e+01   1.5188045e-01
   5.0951361e+01   8.6000000e+01   1.5188045e-01
   5.0961361e+01   8.6000000e+01   1.5188045e-01
   5.0971361e+01   8.6000000e+01   1.5188045e-01
   5.0981361e+01   8.6000000e+01   1.5188045e-01
   5.0991361e+01   8.6000000e+01   1.5188045e-01
   5.1001361e+01   8.6000000e+01   1.5188045e-01
   5.1011361e+01   8.6000000e+01   1.5188045e-01
   5.1021361e+01   8.6000000e+01   1.5188045e-01
   5.1031361e+01   8.6000000e+01   1.5188045e-01
   5.1041361e+01   8.6000000e+01   1.5188045e-01
   5.1051361e+01   8.6000000e+01   1.5188045e-01
   5.1061361e+01   8.6000000e+01   1.5188045e-01
   5.1071361e+01   8.6000000e+01   1.5188045e-01
   5.1081361e+01   8.6000000e+01   1.5188045e-01
   5.1091361e+01   8.6000000e+01   1.5188045e-01
   5.1101361e+01   8.6000000e+01   1.5188045e-01
   5.1111361e+01   8.6000000e+01   1.5188045e-01
   5.1121361e+01   8.6000000e+01   1.5188045e-01
   5.1131361e+01   8.6000000e+01   1.5188045e-01
   5.1141361e+01   8.6000000e+01   1.5188045e-01
   5.1151361e+01   8.6000000e+01   1.5188045e-01
   5.1161361e+01   8.6000000e+01   1.5188045e-01
   5.1171361e+01   8.6000000e+01   1.5188045e-01
   5.1181361e+01   8.6000000e+01   1.5188045e-01
   5.1191361e+01   8.6000000e+01   1.5188045e-01
   5.1201361e+01   8.6000000e+01   1.5188045e-01
   5.1211361e+01   8.6000000e+01   1.5188045e-01
   5.1221361e+01   8.6000000e+01   1.5188045e-01
   5.1231361e+01   8.6000000e+01   1.5188045e-01
   5.1241361e+01   8.6000000e+01   1.5188045e-01
   5.1251361e+01   8.6000000e+01   1.5188045e-01
   5.1261361e+01   8.6000000e+01   1.5188045e-01
   5.1271361e+01   8.6000000e+01   1.5188045e-01
   5.1281361e+01   8.6000000e+01   1.5188045e-01
   5.1291361e+01   8.6000000e+01   1.5188045e-01
   5.1301361e+01   8.6000000e+01   1.5188045e-01
   5.1311361e+01   8.6000000e+01   1.5188045e-01
   5.1321361e+01   8.6000000e+01   1.5188045e-01
   5.1331361e+01   8.6000000e+01   1.5188045e-01
   5.1341361e+01   8.6000000e+01   1.5188045e-01
   5.1351361e+01   8.6000000e+01   1.5188045e-01
   5.1361361e+01   8.6000000e+01   1.5188045e-01
   5.1371361e+01   8.6000000e+01   1.5188045e-01
   5.1381361e+01   8.6000000e+01   1.5188045e-01
   5.1391361e+01   8.6000000e+01   1.5188045e-01
   5.1401361e+01   8.6000000e+01   1.5188045e-01
   5.1411361e+01   8.6000000e+01   1.5188045e-01
   5.1421361e+01   8.6000000e+01   1.5188045e-01
   5.1431361e+01   8.6000000e+01   1.5188045e-01
   5.1441361e+01   8.6000000e+01   1.5188045e-01
   5.1451361e+01   8.6000000e+01   1.5188045e-01
   5.1461361e+01   8.6000000e+01   1.5188045e-01
   5.1471361e+01   8.6000000e+01   1.5188045e-01
   5.1481361e+01   8.6000000e+01   1.5188045e-01
   5.1491361e+01   8.6000000e+01   1.5188045e-01
   5.1501361e+01   8.6000000e+01   1.5188045e-01
   5.1511361e+01   8.6000000e+01   1.5188045e-01
   5.1521361e+01   8.6000000e+01   1.5188045e-01
   5.1531361e+01   8.6000000e+01   1.5188045e-01
   5.1541361e+01   8.6000000e+01   1.5188045e-01
   5.1551361e+01   8.6000000e+01   1.5188045e-01
   5.1561361e+01   8.6000000e+01   1.5188045e-01
   5.1571361e+01   8.6000000e+01   1.5188045e-01
   5.1581361e+01   8.6000000e+01   1.5188045e-01
   5.1591361e+01   8.6000000e+01   1.5188045e-01
   5.1601361e+01   8.6000000e+01   1.5188045e-01
   5.1611361e+01   8.6000000e+01   1.5188045e-01
   5.1621361e+01   8.6000000e+01   1.5188045e-01
   5.1631361e+01   8.6000000e+01   1.5188045e-01
   5.1641361e+01   8.6000000e+01   1.5188045e-01
   5.1651361e+01   8.6000000e+01   1.5188045e-01
   5.1655379e+01   8.6000000e+01   1.5188045e-01
   5.1655379e+01   8.7000000e+01   1.1425314e-01
   5.1655379e+01   8.7000000e+01   1.1425314e-01
   5.1665379e+01   8.7000000e+01   1.1425314e-01
   5.1675379e+01   8.7000000e+01   1.1425314e-01
   5.1685379e+01   8.7000000e+01   1.1425314e-01
   5.1695379e+01   8.7000000e+01   1.1425314e-01
   5.1705379e+01   8.7000000e+01   1.1425314e-01
   5.1715379e+01   8.7000000e+01   1.1425314e-01
   5.1725379e+01   8.7000000e+01   1.1425314e-01
   5.1735379e+01   8.7000000e+01   1.1425314e-01
   5.1745379e+01   8.7000000e+01   1.1425314e-01
   5.1755379e+01   8.7000000e+01   1.1425314e-01
   5.1765379e+01   8.7000000e+01   1.1425314e-01
   5.1775379e+01   8.7000000e+01   1.1425314e-01
   5.1785379e+01   8.7000000e+01   1.1425314e-01
   5.1795379e+01   8.7000000e+01   1.1425314e-01
   5.1805379e+01   8.7000000e+01   1.1425314e-01
   5.1815379e+01   8.7000000e+01   1.1425314e-01
   5.1825379e+01   8.7000000e+01   1.1425314e-01
   5.1835379e+01   8.7000000e+01   1.1425314e-01
   5.1845379e+01   8.7000000e+01   1.1425314e-01
   5.1855379e+01   8.7000000e+01   1.1425314e-01
   5.1865379e+01   8.7000000e+01   1.1425314e-01
   5.1875379e+01   8.7000000e+01   1.1425314e-01
   5.1885379e+01   8.7000000e+01   1.1425314e-01
   5.1895379e+01   8.7000000e+01   1.1425314e-01
   5.1905379e+01   8.7000000e+01   1.1425314e-01
   5.1915379e+01   8.7000000e+01   1.1425314e-01
   5.1925379e+01   8.7000000e+01   1.1425314e-01
   5.1935379e+01   8.7000000e+01   1.1425314e-01
   5.1945379e+01   8.7000000e+01   1.1425314e-01
   5.1955379e+01   8.7000000e+01   1.1425314e-01
   5.1965379e+01   8.7000000e+01   1.1425314e-01
   5.1975379e+01   8.7000000e+01   1.1425314e-01
   5.1985379e+01   8.7000000e+01   1.1425314e-01
   5.1995379e+01   8.7000000e+01   1.1425314e-01
   5.2005379e+01   8.7000000e+01   1.1425314e-01
   5.2015379e+01   8.7000000e+01   1.1425314e-01
   5.2025379e+01   8.7000000e+01   1.1425314e-01
   5.2035379e+01   8.7000000e+01   1.1425314e-01
   5.2045379e+01   8.7000000e+01   1.1425314e-01
   5.2055379e+01   8.7000000e+01   1.1425314e-01
   5.2065379e+01   8.7000000e+01   1.1425314e-01
   5.2075379e+01   8.7000000e+01   1.1425314e-01
   5.2085379e+01   8.7000000e+01   1.1425314e-01
   5.2095379e+01   8.7000000e+01   1.1425314e-01
   5.2105379e+01   8.7000000e+01   1.1425314e-01
   5.2115379e+01   8.7000000e+01   1.1425314e-01
   5.2125379e+01   8.7000000e+01   1.1425314e-01
   5.2135379e+01   8.7000000e+01   1.1425314e-01
   5.2145379e+01   8.7000000e+01   1.1425314e-01
   5.2155379e+01   8.7000000e+01   1.1425314e-01
   5.2165379e+01   8.7000000e+01   1.1425314e-01
   5.2175379e+01   8.7000000e+01   1.1425314e-01
   5.2185379e+01   8.7000000e+01   1.1425314e-01
   5.2195379e+01   8.7000000e+01   1.1425314e-01
   5.2205379e+01   8.7000000e+01   1.1425314e-01
   5.2215379e+01   8.7000000e+01   1.1425314e-01
   5.2225379e+01   8.7000000e+01   1.1425314e-01
   5.2235379e+01   8.7000000e+01   1.1425314e-01
   5.2245379e+01   8.7000000e+01   1.1425314e-01
   5.2255379e+01   8.7000000e+01   1.1425314e-01
   5.2265379e+01   8.7000000e+01   1.1425314e-01
   5.2275379e+01   8.7000000e+01   1.1425314e-01
   5.2285379e+01   8.7000000e+01   1.1425314e-01
   5.2295379e+01   8.7000000e+01   1.1425314e-01
   5.2305379e+01   8.7000000e+01   1.1425314e-01
   5.2315379e+01   8.7000000e+01   1.1425314e-01
   5.2325379e+01   8.7000000e+01   1.1425314e-01
   5.2335379e+01   8.7000000e+01   1.1425314e-01
   5.2345379e+01   8.7000000e+01   1.1425314e-01
   5.2355379e+01   8.7000000e+01   1.1425314e-01
   5.2365379e+01   8.7000000e+01   1.1425314e-01
   5.2375379e+01   8.7000000e+01   1.1425314e-01
   5.2385379e+01   8.7000000e+01   1.1425314e-01
   5.2395379e+01   8.7000000e+01   1.1425314e-01
   5.2405379e+01   8.7000000e+01   1.1425314e-01
   5.2415379e+01   8.7000000e+01   1.1425314e-01
   5.2425379e+01   8.7000000e+01   1.1425314e-01
   5.2435379e+01   8.7000000e+01   1.1425314e-01
   5.2445379e+01   8.7000000e+01   1.1425314e-01
   5.2455379e+01   8.7000000e+01   1.1425314e-01
   5.2465379e+01   8.7000000e+01   1.1425314e-01
   5.2475379e+01   8.7000000e+01   1.1425314e-01
   5.2485379e+01   8.7000000e+01   1.1425314e-01
   5.2495379e+01   8.7000000e+01   1.1425314e-01
   5.2505379e+01   8.7000000e+01   1.1425314e-01
   5.2515379e+01   8.7000000e+01   1.1425314e-01
   5.2525379e+01   8.7000000e+01   1.1425314e-01
   5.2535379e+01   8.7000000e+01   1.1425314e-01
   5.2540033e+01   8.7000000e+01   1.1425314e-01
   5.2540033e+01   8.8000000e+01   7.6347577e-02
   5.2540033e+01   8.8000000e+01   7.6347577e-02
   5.2550033e+01   8.8000000e+01   7.6347577e-02
   5.2560033e+01   8.8000000e+01   7.6347577e-02
   5.2570033e+01   8.8000000e+01   7.6347577e-02
   5.2580033e+01   8.8000000e+01   7.6347577e-02
   5.2590033e+01   8.8000000e+01   7.6347577e-02
   5.2600033e+01   8.8000000e+01   7.6347577e-02
   5.2610033e+01   8.8000000e+01   7.6347577e-02
   5.2620033e+01   8.8000000e+01   7.6347577e-02
   5.2630033e+01   8.8000000e+01   7.6347577e-02
   5.2640033e+01   8.8000000e+01   7.6347577e-02
   5.2650033e+01   8.8000000e+01   7.6347577e-02
   5.2660033e+01   8.8000000e+01   7.6347577e-02
   5.2670033e+01   8.8000000e+01   7.6347577e-02
   5.2680033e+01   8.8000000e+01   7.6347577e-02
   5.2690033e+01   8.8000000e+01   7.6347577e-02
   5.2700033e+01   8.8000000e+01   7.6347577e-02
   5.2710033e+01   8.8000000e+01   7.6347577e-02
   5.2720033e+01   8.8000000e+01   7.6347577e-02
   5.2730033e+01   8.8000000e+01   7.6347577e-02
   5.2740033e+01   8.8000000e+01   7.6347577e-02
   5.2750033e+01   8.8000000e+01   7.6347577e-02
   5.2760033e+01   8.8000000e+01   7.6347577e-02
   5.2770033e+01   8.8000000e+01   7.6347577e-02
   5.2780033e+01   8.8000000e+01   7.6347577e-02
   5.2790033e+01   8.8000000e+01   7.6347577e-02
   5.2800033e+01   8.8000000e+01   7.6347577e-02
   5.2810033e+01   8.8000000e+01   7.6347577e-02
   5.2820033e+01   8.8000000e+01   7.6347577e-02
   5.2830033e+01   8.8000000e+01   7.6347577e-02
   5.2840033e+01   8.8000000e+01   7.6347577e-02
   5.2850033e+01   8.8000000e+01   7.6347577e-02
   5.2860033e+01   8.8000000e+01   7.6347577e-02
   5.2870033e+01   8.8000000e+01   7.6347577e-02
   5.2880033e+01   8.8000000e+01   7.6347577e-02
   5.2890033e+01   8.8000000e+01   7.6347577e-02
   5.2900033e+01   8.8000000e+01   7.6347577e-02
   5.2910033e+01   8.8000000e+01   7.6347577e-02
   5.2920033e+01   8.8000000e+01   7.6347577e-02
   5.2930033e+01   8.8000000e+01   7.6347577e-02
   5.2940033e+01   8.8000000e+01   7.6347577e-02
   5.2950033e+01   8.8000000e+01   7.6347577e-02
   5.2960033e+01   8.8000000e+01   7.6347577e-02
   5.2970033e+01   8.8000000e+01   7.6347577e-02
   5.2980033e+01   8.8000000e+01   7.6347577e-02
   5.2990033e+01   8.8000000e+01   7.6347577e-02
   5.3000033e+01   8.8000000e+01   7.6347577e-02
   5.3010033e+01   8.8000000e+01   7.6347577e-02
   5.3020033e+01   8.8000000e+01   7.6347577e-02
   5.3030033e+01   8.8000000e+01   7.6347577e-02
   5.3040033e+01   8.8000000e+01   7.6347577e-02
   5.3050033e+01   8.8000000e+01   7.6347577e-02
   5.3060033e+01   8.8000000e+01   7.6347577e-02
   5.3070033e+01   8.8000000e+01   7.6347577e-02
   5.3080033e+01   8.8000000e+01   7.6347577e-02
   5.3090033e+01   8.8000000e+01   7.6347577e-02
   5.3100033e+01   8.8000000e+01   7.6347577e-02
   5.3110033e+01   8.8000000e+01   7.6347577e-02
   5.3120033e+01   8.8000000e+01   7.6347577e-02
   5.3130033e+01   8.8000000e+01   7.6347577e-02
   5.3140033e+01   8.8000000e+01   7.6347577e-02
   5.3150033e+01   8.8000000e+01   7.6347577e-02
   5.3160033e+01   8.8000000e+01   7.6347577e-02
   5.3170033e+01   8.8000000e+01   7.6347577e-02
   5.3180033e+01   8.8000000e+01   7.6347577e-02
   5.3190033e+01   8.8000000e+01   7.6347577e-02
   5.3200033e+01   8.8000000e+01   7.6347577e-02
   5.3210033e+01   8.8000000e+01   7.6347577e-02
   5.3220033e+01   8.8000000e+01   7.6347577e-02
   5.3230033e+01   8.8000000e+01   7.6347577e-02
   5.3240033e+01   8.8000000e+01   7.6347577e-02
   5.3250033e+01   8.8000000e+01   7.6347577e-02
   5.3260033e+01   8.8000000e+01   7.6347577e-02
   5.3270033e+01   8.8000000e+01   7.6347577e-02
   5.3280033e+01   8.8000000e+01   7.6347577e-02
   5.3290033e+01   8.8000000e+01   7.6347577e-02
   5.3300033e+01   8.8000000e+01   7.6347577e-02
   5.3310033e+01   8.8000000e+01   7.6347577e-02
   5.3320033e+01   8.8000000e+01   7.6347577e-02
   5.3330033e+01   8.8000000e+01   7.6347577e-02
   5.3340033e+01   8.8000000e+01   7.6347577e-02
   5.3350033e+01   8.8000000e+01   7.6347577e-02
   5.3360033e+01   8.8000000e+01   7.6347577e-02
   5.3370033e+01   8.8000000e+01   7.6347577e-02
   5.3380033e+01   8.8000000e+01   7.6347577e-02
   5.3390033e+01   8.8000000e+01   7.6347577e-02
   5.3400033e+01   8.8000000e+01   7.6347577e-02
   5.3410033e+01   8.8000000e+01   7.6347577e-02
   5.3420033e+01   8.8000000e+01   7.6347577e-02
   5.3425071e+01   8.8000000e+01   7.6347577e-02
   5.3425071e+01   8.9000000e+01   3.8234167e-02
   5.3425071e+01   8.9000000e+01   3.8234167e-02
   5.3435071e+01   8.9000000e+01   3.8234167e-02
   5.3445071e+01   8.9000000e+01   3.8234167e-02
   5.3455071e+01   8.9000000e+01   3.8234167e-02
   5.3465071e+01   8.9000000e+01   3.8234167e-02
   5.3475071e+01   8.9000000e+01   3.8234167e-02
   5.3485071e+01   8.9000000e+01   3.8234167e-02
   5.3495071e+01   8.9000000e+01   3.8234167e-02
   5.3505071e+01   8.9000000e+01   3.8234167e-02
   5.3515071e+01   8.9000000e+01   3.8234167e-02
   5.3525071e+01   8.9000000e+01   3.8234167e-02
   5.3535071e+01   8.9000000e+01   3.8234167e-02
   5.3545071e+01   8.9000000e+01   3.8234167e-02
   5.3555071e+01   8.9000000e+01   3.8234167e-02
   5.3565071e+01   8.9000000e+01   3.8234167e-02
   5.3575071e+01   8.9000000e+01   3.8234167e-02
   5.3585071e+01   8.9000000e+01   3.8234167e-02
   5.3595071e+01   8.9000000e+01   3.8234167e-02
   5.3605071e+01   8.9000000e+01   3.8234167e-02
   5.3615071e+01   8.9000000e+01   3.8234167e-02
   5.3625071e+01   8.9000000e+01   3.8234167e-02
   5.3635071e+01   8.9000000e+01   3.8234167e-02
   5.3645071e+01   8.9000000e+01   3.8234167e-02
   5.3655071e+01   8.9000000e+01   3.8234167e-02
   5.3665071e+01   8.9000000e+01   3.8234167e-02
   5.3675071e+01   8.9000000e+01   3.8234167e-02
   5.3685071e+01   8.9000000e+01   3.8234167e-02
   5.3695071e+01   8.9000000e+01   3.8234167e-02
   5.3705071e+01   8.9000000e+01   3.8234167e-02
   5.3715071e+01   8.9000000e+01   3.8234167e-02
   5.3725071e+01   8.9000000e+01   3.8234167e-02
   5.3735071e+01   8.9000000e+01   3.8234167e-02
   5.3745071e+01   8.9000000e+01   3.8234167e-02
   5.3755071e+01   8.9000000e+01   3.8234167e-02
   5.3765071e+01   8.9000000e+01   3.8234167e-02
   5.3775071e+01   8.9000000e+01   3.8234167e-02
   5.3785071e+01   8.9000000e+01   3.8234167e-02
   5.3795071e+01   8.9000000e+01   3.8234167e-02
   5.3805071e+01   8.9000000e+01   3.8234167e-02
   5.3815071e+01   8.9000000e+01   3.8234167e-02
   5.3825071e+01   8.9000000e+01   3.8234167e-02
   5.3835071e+01   8.9000000e+01   3.8234167e-02
   5.3845071e+01   8.9000000e+01   3.8234167e-02
   5.3855071e+01   8.9000000e+01   3.8234167e-02
   5.3865071e+01   8.9000000e+01   3.8234167e-02
   5.3875071e+01   8.9000000e+01   3.8234167e-02
   5.3885071e+01   8.9000000e+01   3.8234167e-02
   5.3895071e+01   8.9000000e+01   3.8234167e-02
   5.3905071e+01   8.9000000e+01   3.8234167e-02
   5.3915071e+01   8.9000000e+01   3.8234167e-02
   5.3925071e+01   8.9000000e+01   3.8234167e-02
   5.3935071e+01   8.9000000e+01   3.8234167e-02
   5.3945071e+01   8.9000000e+01   3.8234167e-02
   5.3955071e+01   8.9000000e+01   3.8234167e-02
   5.3965071e+01   8.9000000e+01   3.8234167e-02
   5.3975071e+01   8.9000000e+01   3.8234167e-02
   5.3985071e+01   8.9000000e+01   3.8234167e-02
   5.3995071e+01   8.9000000e+01   3.8234167e-02
   5.4005071e+01   8.9000000e+01   3.8234167e-02
   5.4015071e+01   8.9000000e+01   3.8234167e-02
   5.4025071e+01   8.9000000e+01   3.8234167e-02
   5.4035071e+01   8.9000000e+01   3.8234167e-02
   5.4045071e+01   8.9000000e+01   3.8234167e-02
   5.4055071e+01   8.9000000e+01   3.8234167e-02
   5.4065071e+01   8.9000000e+01   3.8234167e-02
   5.4075071e+01   8.9000000e+01   3.8234167e-02
   5.4085071e+01   8.9000000e+01   3.8234167e-02
   5.4095071e+01   8.9000000e+01   3.8234167e-02
   5.4105071e+01   8.9000000e+01   3.8234167e-02
   5.4115071e+01   8.9000000e+01   3.8234167e-02
   5.4125071e+01   8.9000000e+01   3.8234167e-02
   5.4135071e+01   8.9000000e+01   3.8234167e-02
   5.4145071e+01   8.9000000e+01   3.8234167e-02
   5.4155071e+01   8.9000000e+01   3.8234167e-02
   5.4165071e+01   8.9000000e+01   3.8234167e-02
   5.4175071e+01   8.9000000e+01   3.8234167e-02
   5.4185071e+01   8.9000000e+01   3.8234167e-02
   5.4195071e+01   8.9000000e+01   3.8234167e-02
   5.4205071e+01   8.9000000e+01   3.8234167e-02
   5.4215071e+01   8.9000000e+01   3.8234167e-02
   5.4225071e+01   8.9000000e+01   3.8234167e-02
   5.4235071e+01   8.9000000e+01   3.8234167e-02
   5.4245071e+01   8.9000000e+01   3.8234167e-02
   5.4255071e+01   8.9000000e+01   3.8234167e-02
   5.4265071e+01   8.9000000e+01   3.8234167e-02
   5.4275071e+01   8.9000000e+01   3.8234167e-02
   5.4285071e+01   8.9000000e+01   3.8234167e-02
   5.4295071e+01   8.9000000e+01   3.8234167e-02
   5.4305071e+01   8.9000000e+01   3.8234167e-02
   5.4310235e+01   8.9000000e+01   3.8234167e-02
   5.4310235e+01   9.0000000e+01   1.3422281e-16
